t,cycle,arm,scenario,seed,route,action,wp_index,dist_to_wp_m,degraded,pos_x,pos_y,pos_z,vel_x,vel_y,vel_z,yaw_deg,has_collided,collision_object,min_obstacle_dist_m,latency_ms_json,slm_invoked,slm_latency_ms,slm_fallback,slm_timeout,slm_adherent,slm_delib_id,slm_frame_paths,field_izquierda_occ,field_izquierda_ttc_s,field_izquierda_conf,field_izquierda_blocked,field_centro_occ,field_centro_ttc_s,field_centro_conf,field_centro_blocked,field_derecha_occ,field_derecha_ttc_s,field_derecha_conf,field_derecha_blocked
0.111,1,slm,TOWNSIM_INI,1,reactive,MANTENER_RUMBO,0,29.63422441482544,False,0.0,0.0,-0.36545848846435547,,,,-60.0,False,,,"{""telemetry"": 1.1, ""graph"": 108.5}",False,,,,,,,0.0,,0.0,False,0.0,,0.0,False,0.0,,0.0,False
0.421,2,slm,TOWNSIM_INI,1,reactive,MANTENER_RUMBO,0,29.63551652431488,False,0.0004435447626747191,-0.0007675883825868368,-0.371649831533432,,,,-59.86,False,,,"{""telemetry"": 1.5, ""graph"": 218.0}",False,,,,,,,0.0,62.58,1.0,False,0.0,46.95,1.0,False,0.001,5.65,1.0,False
0.6,3,slm,TOWNSIM_INI,1,reactive,MANTENER_RUMBO,0,29.54665121351557,False,0.017933137714862823,-0.03101685456931591,-0.5191333293914795,,,,-58.42,False,,,"{""telemetry"": 1.3, ""graph"": 174.7}",False,,,,,,,0.0,,0.0,False,0.0,,0.0,False,0.0,,0.0,False
0.714,4,slm,TOWNSIM_INI,1,reactive,MANTENER_RUMBO,0,29.35890869023808,False,0.05953836441040039,-0.10297634452581406,-0.6986087560653687,,,,-56.15,False,,,"{""telemetry"": 0.9, ""graph"": 88.5}",False,,,,,,,0.0,,0.0,False,0.0,,0.0,False,0.0,,0.0,False
0.927,5,slm,TOWNSIM_INI,1,reactive,MANTENER_RUMBO,0,29.193497603159756,False,0.12424910068511963,-0.2140934318304062,-0.8547976613044739,,,,-52.3,False,,,"{""telemetry"": 1.4, ""graph"": 100.8}",False,,,,,,,0.0,,0.0,False,0.0,,0.0,False,0.0,,0.0,False
1.12,6,slm,TOWNSIM_INI,1,reactive,MANTENER_RUMBO,0,29.06558377481411,False,0.18628807365894318,-0.31887686252593994,-0.9745154976844788,,,,-47.82,False,,,"{""telemetry"": 1.4, ""graph"": 92.9}",False,,,,,,,0.0,,0.0,False,0.0,,0.0,False,0.0,,0.0,False
1.353,7,slm,TOWNSIM_INI,1,reactive,MANTENER_RUMBO,0,28.942643508456317,False,0.25231635570526123,-0.42783620953559875,-1.1200242042541504,,,,-41.62,False,,,"{""telemetry"": 0.8, ""graph"": 126.5}",False,,,,,,,0.0,,0.0,False,0.0,,0.0,False,0.0,,0.0,False
1.543,8,slm,TOWNSIM_INI,1,reactive,MANTENER_RUMBO,0,28.81562057919396,False,0.29719236493110657,-0.4998426139354706,-1.2589105367660522,,,,-35.3,False,,,"{""telemetry"": 1.0, ""graph"": 115.7}",False,,,,,,,0.0,,0.0,False,0.0,,0.0,False,0.0,,0.0,False
1.735,9,slm,TOWNSIM_INI,1,reactive,MANTENER_RUMBO,0,28.670792185058513,False,0.3359706997871399,-0.5603860020637512,-1.3711135387420654,,,,-28.43,False,,,"{""telemetry"": 0.7, ""graph"": 108.2}",False,,,,,,,0.0,,0.0,False,0.0,,0.0,False,0.0,,0.0,False
1.931,10,slm,TOWNSIM_INI,1,reactive,MANTENER_RUMBO,0,28.641022577754228,False,0.3698723614215851,-0.6123087406158447,-1.3537874221801758,,,,-21.08,False,,,"{""telemetry"": 1.4, ""graph"": 101.7}",False,,,,,,,0.0,,0.0,False,0.0,,0.0,False,0.0,,0.0,False
2.153,11,slm,TOWNSIM_INI,1,reactive,MANTENER_RUMBO,0,28.675145974082024,False,0.40000030398368835,-0.655443549156189,-1.3225573301315308,,,,-11.67,False,,,"{""telemetry"": 0.9, ""graph"": 123.9}",False,,,,,,,0.0,,0.0,False,0.0,,0.0,False,0.0,,0.0,False
2.368,12,slm,TOWNSIM_INI,1,reactive,MANTENER_RUMBO,0,28.696604494614935,False,0.41854000091552734,-0.677557647228241,-1.3067232370376587,,,,-2.43,False,,,"{""telemetry"": 1.6, ""graph"": 137.1}",False,,,,,,,0.0,,0.0,False,0.0,,0.0,False,0.0,,0.0,False
2.552,13,slm,TOWNSIM_INI,1,reactive,MANTENER_RUMBO,0,28.708070042198905,False,0.42642179131507874,-0.6832835078239441,-1.3000742197036743,,,,5.5,False,,,"{""telemetry"": 1.2, ""graph"": 121.3}",False,,,,,,,0.0,,0.0,False,0.0,,0.0,False,0.0,,0.0,False
2.747,14,slm,TOWNSIM_INI,1,reactive,MANTENER_RUMBO,0,28.71315621540913,False,0.42667728662490845,-0.6785298585891724,-1.2972086668014526,,,,14.14,False,,,"{""telemetry"": 1.7, ""graph"": 115.9}",False,,,,,,,0.0,,0.0,False,0.0,,0.0,False,0.0,,0.0,False
2.937,15,slm,TOWNSIM_INI,1,reactive,MANTENER_RUMBO,0,28.714110238060623,False,0.4192008078098297,-0.666326105594635,-1.2941207885742188,,,,22.2,False,,,"{""telemetry"": 1.1, ""graph"": 106.1}",False,,,,,,,0.0,,0.0,False,0.0,,0.0,False,0.0,,0.0,False
3.152,16,slm,TOWNSIM_INI,1,reactive,MANTENER_RUMBO,0,28.72155165216637,False,0.40728023648262024,-0.6504310965538025,-1.2850079536437988,,,,30.3,False,,,"{""telemetry"": 1.4, ""graph"": 119.2}",False,,,,,,,0.0,,0.0,False,0.0,,0.0,False,0.0,,0.0,False
3.377,17,slm,TOWNSIM_INI,1,reactive,MANTENER_RUMBO,0,28.7286887619347,False,0.3959366977214813,-0.6357451677322388,-1.2773627042770386,,,,38.15,False,,,"{""telemetry"": 0.8, ""graph"": 144.9}",False,,,,,,,0.0,,0.0,False,0.0,,0.0,False,0.0,,0.0,False
3.522,18,slm,TOWNSIM_INI,1,reactive,MANTENER_RUMBO,0,28.734477435929573,False,0.39005520939826965,-0.6280261874198914,-1.2734053134918213,,,,43.07,False,,,"{""telemetry"": 0.8, ""graph"": 90.7}",False,,,,,,,0.0,,0.0,False,0.0,,0.0,False,0.0,,0.0,False
3.784,19,slm,TOWNSIM_INI,1,reactive,MANTENER_RUMBO,0,28.73917326945874,False,0.3831818699836731,-0.61870938539505,-1.267926573753357,,,,49.9,False,,,"{""telemetry"": 0.9, ""graph"": 152.1}",False,,,,,,,0.0,,0.0,False,0.0,,0.0,False,0.0,,0.0,False
3.944,20,slm,TOWNSIM_INI,1,reactive,MANTENER_RUMBO,0,28.742720187015262,False,0.3796251118183136,-0.6136986017227173,-1.2647926807403564,,,,54.44,False,,,"{""telemetry"": 0.8, ""graph"": 112.1}",False,,,,,,,0.0,,0.0,False,0.0,,0.0,False,0.0,,0.0,False
4.122,21,slm,TOWNSIM_INI,1,reactive,MANTENER_RUMBO,0,28.746055658410924,False,0.3766990303993225,-0.6094117760658264,-1.2618367671966553,,,,59.19,False,,,"{""telemetry"": 0.9, ""graph"": 89.8}",False,,,,,,,0.0,,0.0,False,0.0,,0.0,False,0.0,,0.0,False
4.332,22,slm,TOWNSIM_INI,1,reactive,MANTENER_RUMBO,0,28.748959421825155,False,0.3742518723011017,-0.6056621670722961,-1.258880615234375,,,,63.96,False,,,"{""telemetry"": 0.8, ""graph"": 99.9}",False,,,,,,,0.0,,0.0,False,0.0,,0.0,False,0.0,,0.0,False
4.535,23,slm,TOWNSIM_INI,1,reactive,MANTENER_RUMBO,0,28.751476059864924,False,0.37248846888542175,-0.602840006351471,-1.2563625574111938,,,,68.13,False,,,"{""telemetry"": 0.8, ""graph"": 102.4}",False,,,,,,,0.0,,0.0,False,0.0,,0.0,False,0.0,,0.0,False
4.742,24,slm,TOWNSIM_INI,1,reactive,MANTENER_RUMBO,0,28.753584665216952,False,0.3712328374385834,-0.6007508039474487,-1.2542372941970825,,,,71.85,False,,,"{""telemetry"": 0.9, ""graph"": 108.7}",False,,,,,,,0.0,,0.0,False,0.0,,0.0,False,0.0,,0.0,False
4.97,25,slm,TOWNSIM_INI,1,reactive,MANTENER_RUMBO,0,28.755375004854464,False,0.3702593147754669,-0.5990706086158752,-1.252292513847351,,,,75.78,False,,,"{""telemetry"": 1.0, ""graph"": 136.2}",False,,,,,,,0.0,,0.0,False,0.0,,0.0,False,0.0,,0.0,False
5.163,26,slm,TOWNSIM_INI,1,deliberative,ESCANEO,0,28.756923205696815,False,0.3696909546852112,-0.5980561971664429,-1.2509667873382568,,,,78.98,False,,,"{""telemetry"": 0.8, ""graph"": 128.3}",False,,,,,,,0.0,,0.0,False,0.0,,0.0,False,0.0,,0.0,False
5.362,27,slm,TOWNSIM_INI,1,deliberative,ESCANEO,0,28.75823826894886,False,0.3692440688610077,-0.5972346663475037,-1.2456265687942505,,,,81.92,False,,,"{""telemetry"": 1.5, ""graph"": 126.6}",False,,,,,,,0.0,,0.0,False,0.0,,0.0,False,0.0,,0.0,False
5.625,28,slm,TOWNSIM_INI,1,deliberative,ESCANEO,0,28.77094814875766,False,0.3689115643501282,-0.5966113805770874,-1.22935950756073,,,,83.34,False,,,"{""telemetry"": 0.9, ""graph"": 190.1}",False,,,,,,,0.0,,0.0,False,0.0,,0.0,False,0.0,,0.0,False
5.841,29,slm,TOWNSIM_INI,1,evasive,EVADIR_DERECHA,0,28.786249786904197,False,0.3686707019805908,-0.5961554646492004,-1.2158937454223633,,,,83.97,False,,,"{""telemetry"": 0.9, ""graph"": 206.3}",False,,,,,,,0.008,2.75,1.0,False,0.0,20.11,1.0,False,0.0,27.85,1.0,False
6.003,30,slm,TOWNSIM_INI,1,reactive,MANTENER_RUMBO,0,28.79927031873302,False,0.3685254156589508,-0.5955219268798828,-1.212807059288025,,,,84.34,False,,,"{""telemetry"": 1.0, ""graph"": 158.5}",False,,,,,,,0.0,37.39,0.234,False,0.0,23.03,0.234,False,0.0,45.51,0.234,False
6.221,31,slm,TOWNSIM_INI,1,deliberative,ESCANEO,0,28.7269821601354,False,0.3712502717971802,-0.5668152570724487,-1.3685417175292969,,,,85.96,False,,,"{""telemetry"": 1.0, ""graph"": 175.6}",False,,,,,,,0.0,,0.0,False,0.0,,0.0,False,0.0,,0.0,False
6.349,32,slm,TOWNSIM_INI,1,deliberative,ESCANEO,0,28.519961738760824,False,0.3790377974510193,-0.4829418361186981,-1.5758508443832397,,,,88.76,False,,,"{""telemetry"": 0.9, ""graph"": 103.1}",False,,,,,,,0.0,,0.0,False,0.0,,0.0,False,0.0,,0.0,False
6.563,33,slm,TOWNSIM_INI,1,deliberative,ESCANEO,0,28.328822532997332,False,0.3912888467311859,-0.3497694432735443,-1.716578483581543,,,,103.74,False,,,"{""telemetry"": 1.2, ""graph"": 117.3}",False,,,,,,,0.0,,0.0,False,0.0,,0.0,False,0.0,,0.0,False
6.756,34,slm,TOWNSIM_INI,1,deliberative,ESCANEO,0,28.289156507583662,False,0.40227678418159485,-0.23428063094615936,-1.7033259868621826,,,,125.15,False,,,"{""telemetry"": 0.9, ""graph"": 109.5}",False,,,,,,,0.0,,0.0,False,0.0,,0.0,False,0.0,,0.0,False
6.971,35,slm,TOWNSIM_INI,1,deliberative,ESCANEO,0,28.314928653754812,False,0.4127674400806427,-0.12871156632900238,-1.6763285398483276,,,,152.61,False,,,"{""telemetry"": 1.0, ""graph"": 124.4}",False,,,,,,,0.0,,0.0,False,0.0,,0.0,False,0.0,,0.0,False
7.168,36,slm,TOWNSIM_INI,1,deliberative,ESCANEO,0,28.337372481553768,False,0.4203411042690277,-0.05376802012324333,-1.6553114652633667,,,,173.98,False,,,"{""telemetry"": 0.9, ""graph"": 121.5}",False,,,,,,,0.0,,0.0,False,0.0,,0.0,False,0.0,,0.0,False
7.363,37,slm,TOWNSIM_INI,1,deliberative,ESCANEO,0,28.36141758340083,False,0.42606690526008606,0.003263971535488963,-1.632286548614502,,,,-176.87,False,,,"{""telemetry"": 0.8, ""graph"": 116.0}",False,,,,,,,0.0,,0.0,False,0.0,,0.0,False,0.0,,0.0,False
7.554,38,slm,TOWNSIM_INI,1,deliberative,ESCANEO,0,28.37933023240129,False,0.4303656220436096,0.04661911725997925,-1.6181073188781738,,,,-172.93,False,,,"{""telemetry"": 0.7, ""graph"": 106.7}",False,,,,,,,0.0,,0.0,False,0.0,,0.0,False,0.0,,0.0,False
7.829,39,slm,TOWNSIM_INI,1,evasive,EVADIR_DERECHA,0,28.392470203266665,False,0.433642715215683,0.08000367879867554,-1.6062167882919312,,,,-171.09,False,,,"{""telemetry"": 0.7, ""graph"": 181.5}",False,,,,,,,0.001,1.63,1.0,True,0.0,4.76,1.0,False,0.0,11.38,1.0,False
8.012,40,slm,TOWNSIM_INI,1,reactive,MANTENER_RUMBO,0,28.403612066178805,False,0.4358251094818115,0.10374205559492111,-1.6017569303512573,,,,-170.27,False,,,"{""telemetry"": 0.8, ""graph"": 164.0}",False,,,,,,,0.003,22.66,1.0,False,0.0,5.66,0.999,False,0.001,16.99,1.0,False
8.228,41,slm,TOWNSIM_INI,1,deliberative,FRENAR,0,28.328580707578606,False,0.41360774636268616,0.11812232434749603,-1.7451680898666382,,,,-168.68,False,,,"{""telemetry"": 0.8, ""graph"": 179.8}",False,,,,,,,0.004,0.98,0.165,False,0.026,0.33,0.165,False,0.035,1.15,0.165,False
8.438,42,slm,TOWNSIM_INI,1,deliberative,ESCANEO,0,28.101966776787478,False,0.3028750419616699,0.11034995317459106,-2.017282247543335,,,,-167.49,False,,,"{""telemetry"": 1.6, ""graph"": 188.2}",False,,,,,,,0.0,,0.016,False,0.0,,0.016,False,0.0,,0.016,False
8.612,43,slm,TOWNSIM_INI,1,deliberative,ESCANEO,0,27.901473152371757,False,0.16737833619117737,0.09414222836494446,-2.1312437057495117,,,,-166.0,False,,,"{""telemetry"": 0.8, ""graph"": 163.1}",False,,,,,,,0.0,,0.0,False,0.0,,0.0,False,0.0,,0.0,False
8.75,44,slm,TOWNSIM_INI,1,deliberative,ESCANEO,0,27.847884327405737,False,0.03229432925581932,0.0766424834728241,-2.1459813117980957,,,,-153.19,False,,,"{""telemetry"": 0.9, ""graph"": 100.5}",False,,,,,,,0.0,,0.0,False,0.0,,0.0,False,0.0,,0.0,False
8.969,45,slm,TOWNSIM_INI,1,deliberative,ESCANEO,0,27.869046509861217,False,-0.09149736166000366,0.06023735925555229,-2.1194353103637695,,,,-129.95,False,,,"{""telemetry"": 1.2, ""graph"": 118.7}",False,,,,,,,0.0,,0.0,False,0.0,,0.0,False,0.0,,0.0,False
9.174,46,slm,TOWNSIM_INI,1,deliberative,ESCANEO,0,27.89231838290979,False,-0.18323461711406708,0.04794904962182045,-2.09761905670166,,,,-105.09,False,,,"{""telemetry"": 0.9, ""graph"": 123.6}",False,,,,,,,0.0,,0.0,False,0.0,,0.0,False,0.0,,0.0,False
9.344,47,slm,TOWNSIM_INI,1,deliberative,ESCANEO,0,27.912936009197523,False,-0.24292391538619995,0.03983564302325249,-2.0815255641937256,,,,-91.58,False,,,"{""telemetry"": 0.9, ""graph"": 93.1}",False,,,,,,,0.0,,0.0,False,0.0,,0.0,False,0.0,,0.0,False
9.563,48,slm,TOWNSIM_INI,1,deliberative,ESCANEO,0,27.92931367874445,False,-0.3004128932952881,0.03188607841730118,-2.066026449203491,,,,-83.74,False,,,"{""telemetry"": 1.3, ""graph"": 111.7}",False,,,,,,,0.0,,0.0,False,0.0,,0.0,False,0.0,,0.0,False
9.747,49,slm,TOWNSIM_INI,1,deliberative,ESCANEO,0,27.942750405857947,False,-0.3370001018047333,0.0267542265355587,-2.0550055503845215,,,,-80.79,False,,,"{""telemetry"": 1.8, ""graph"": 95.3}",False,,,,,,,0.0,,0.0,False,0.0,,0.0,False,0.0,,0.0,False
9.944,50,slm,TOWNSIM_INI,1,deliberative,ESCANEO,0,27.954412037924083,False,-0.36719217896461487,0.022480914369225502,-2.040177345275879,,,,-78.55,False,,,"{""telemetry"": 0.8, ""graph"": 93.5}",False,,,,,,,0.0,,0.0,False,0.0,,0.0,False,0.0,,0.0,False
10.16,51,slm,TOWNSIM_INI,1,deliberative,ESCANEO,0,27.980026838208417,False,-0.39187416434288025,0.01895182579755783,-2.0153276920318604,,,,-64.3,False,,,"{""telemetry"": 1.1, ""graph"": 109.2}",False,,,,,,,0.0,,0.0,False,0.0,,0.0,False,0.0,,0.0,False
10.358,52,slm,TOWNSIM_INI,1,deliberative,ESCANEO,0,27.99441469114632,False,-0.4080873131752014,0.016592590138316154,-2.004060983657837,,,,-43.31,False,,,"{""telemetry"": 0.7, ""graph"": 106.5}",False,,,,,,,0.0,,0.0,False,0.0,,0.0,False,0.0,,0.0,False
10.563,53,slm,TOWNSIM_INI,1,deliberative,ESCANEO,0,28.004783171480476,False,-0.4211699366569519,0.014639542438089848,-1.9943263530731201,,,,-17.59,False,,,"{""telemetry"": 1.2, ""graph"": 110.4}",False,,,,,,,0.0,,0.0,False,0.0,,0.0,False,0.0,,0.0,False
10.741,54,slm,TOWNSIM_INI,1,deliberative,ESCANEO,0,28.01352065130811,False,-0.42975473403930664,0.013320321217179298,-1.985696792602539,,,,-2.42,False,,,"{""telemetry"": 1.1, ""graph"": 88.3}",False,,,,,,,0.0,,0.0,False,0.0,,0.0,False,0.0,,0.0,False
10.961,55,slm,TOWNSIM_INI,1,deliberative,ESCANEO,0,28.026951319255456,False,-0.4375166594982147,0.01209836732596159,-1.9729090929031372,,,,0.57,False,,,"{""telemetry"": 1.0, ""graph"": 107.9}",False,,,,,,,0.0,,0.0,False,0.0,,0.0,False,0.0,,0.0,False
11.169,56,slm,TOWNSIM_INI,1,deliberative,ESCANEO,0,28.032965224857485,False,-0.4428887367248535,0.011240330524742603,-1.9688444137573242,,,,-6.06,False,,,"{""telemetry"": 1.5, ""graph"": 115.6}",False,,,,,,,0.0,,0.0,False,0.0,,0.0,False,0.0,,0.0,False
11.357,57,slm,TOWNSIM_INI,1,deliberative,ESCANEO,0,28.036555348438096,False,-0.44663718342781067,0.010640392079949379,-1.9614276885986328,,,,-12.06,False,,,"{""telemetry"": 0.7, ""graph"": 104.1}",False,,,,,,,0.0,,0.0,False,0.0,,0.0,False,0.0,,0.0,False
11.563,58,slm,TOWNSIM_INI,1,deliberative,ESCANEO,0,28.052032330920046,False,-0.44970521330833435,0.010150730609893799,-1.944648027420044,,,,-15.18,False,,,"{""telemetry"": 1.3, ""graph"": 109.3}",False,,,,,,,0.0,,0.0,False,0.0,,0.0,False,0.0,,0.0,False
11.898,59,slm,TOWNSIM_INI,1,deliberative,EVADIR_DERECHA,0,28.066960562909095,False,-0.4519297182559967,0.009797078557312489,-1.9310238361358643,,,,-16.52,False,,,"{""telemetry"": 0.7, ""graph"": 197.8}",True,2132.7,True,False,False,1,photo-20260901T231443542Z.png,0.0,9.94,0.643,False,0.018,0.42,0.643,True,0.007,3.43,0.643,False
12.076,60,slm,TOWNSIM_INI,1,deliberative,FRENAR,0,28.081709907105257,False,-0.4537481963634491,0.009482989087700844,-1.9261387586593628,,,,-17.1,False,,,"{""telemetry"": 1.2, ""graph"": 174.1}",True,2132.7,True,False,False,1,photo-20260901T231443542Z.png,0.0,14.29,0.513,False,0.021,0.81,0.513,True,0.003,3.93,0.513,False
12.302,61,slm,TOWNSIM_INI,1,deliberative,ESCANEO,0,28.005004838200588,False,-0.44909608364105225,0.0075089214369654655,-2.055403709411621,,,,-16.04,False,,,"{""telemetry"": 1.2, ""graph"": 199.8}",True,2132.7,True,False,False,1,photo-20260901T231443542Z.png,0.0,,0.089,False,0.0,,0.089,False,0.0,,0.089,False
12.471,62,slm,TOWNSIM_INI,1,deliberative,ESCANEO,0,27.92849402995821,False,-0.44089579582214355,0.004613914526998997,-2.0737030506134033,,,,-15.35,False,,,"{""telemetry"": 0.8, ""graph"": 166.7}",True,2132.7,True,False,False,1,photo-20260901T231443542Z.png,0.0,,0.0,False,0.0,,0.0,False,0.0,,0.0,False
12.681,63,slm,TOWNSIM_INI,1,deliberative,ESCANEO,0,27.934282350324175,False,-0.43217289447784424,0.0016271468484774232,-2.065840721130371,,,,-15.02,False,,,"{""telemetry"": 1.3, ""graph"": 175.0}",True,2132.7,True,False,False,1,photo-20260901T231443542Z.png,0.0,,0.0,False,0.0,,0.0,False,0.0,,0.0,False
12.887,64,slm,TOWNSIM_INI,1,deliberative,FRENAR,0,27.941496681621253,False,-0.42469462752342224,-0.0009054102119989693,-2.058880567550659,,,,-14.88,False,,,"{""telemetry"": 1.2, ""graph"": 180.5}",True,2132.7,True,False,False,1,photo-20260901T231443542Z.png,0.001,21.95,0.453,False,0.0,15.3,0.453,False,0.002,65.31,0.453,False
13.059,65,slm,TOWNSIM_INI,1,deliberative,ESCANEO,0,27.947531651290994,False,-0.41928619146347046,-0.0027293539606034756,-2.053647518157959,,,,-14.82,False,,,"{""telemetry"": 1.0, ""graph"": 152.3}",True,2132.7,True,False,False,1,photo-20260901T231443542Z.png,0.0,,0.003,False,0.0,,0.002,False,0.0,,0.002,False
13.261,66,slm,TOWNSIM_INI,1,deliberative,ESCANEO,0,27.952429724592456,False,-0.4145936965942383,-0.004308936186134815,-2.0487680435180664,,,,-14.79,False,,,"{""telemetry"": 2.5, ""graph"": 152.7}",True,2132.7,True,False,False,1,photo-20260901T231443542Z.png,0.0,,0.0,False,0.0,,0.0,False,0.0,,0.0,False
13.49,67,slm,TOWNSIM_INI,1,deliberative,ESCANEO,0,27.956491697815718,False,-0.41113927960395813,-0.005470677744597197,-2.044813394546509,,,,-14.77,False,,,"{""telemetry"": 1.0, ""graph"": 183.3}",True,2132.7,True,False,False,1,photo-20260901T231443542Z.png,0.0,,0.001,False,0.0,,0.001,False,0.0,,0.001,False
13.688,68,slm,TOWNSIM_INI,1,deliberative,ESCANEO,0,27.95983396298295,False,-0.4086349308490753,-0.006312566343694925,-2.0416219234466553,,,,-14.77,False,,,"{""telemetry"": 1.0, ""graph"": 180.9}",True,2132.7,True,False,False,1,photo-20260901T231443542Z.png,0.0,,0.003,False,0.0,,0.003,False,0.0,,0.003,False
13.869,69,slm,TOWNSIM_INI,1,deliberative,ESCANEO,0,27.962727237077594,False,-0.4068835973739624,-0.006901118904352188,-2.0391273498535156,,,,-14.76,False,,,"{""telemetry"": 0.9, ""graph"": 161.5}",True,2132.7,True,False,False,1,photo-20260901T231443542Z.png,0.0,,0.0,False,0.0,,0.0,False,0.0,,0.0,False
14.073,70,slm,TOWNSIM_INI,1,deliberative,ESCANEO,0,27.965135682790194,False,-0.40545403957366943,-0.007381502538919449,-2.0368311405181885,,,,-14.76,False,,,"{""telemetry"": 2.2, ""graph"": 163.7}",True,2132.7,True,False,False,1,photo-20260901T231443542Z.png,0.0,,0.005,False,0.0,,0.018,False,0.0,,0.017,False
14.255,71,slm,TOWNSIM_INI,1,deliberative,ESCANEO,0,27.967190736358763,False,-0.40445634722709656,-0.007716716267168522,-2.0350067615509033,,,,-14.76,False,,,"{""telemetry"": 1.0, ""graph"": 147.3}",True,2132.7,True,False,False,1,photo-20260901T231443542Z.png,0.0,,0.001,False,0.0,,0.007,False,0.0,,0.005,False
14.444,72,slm,TOWNSIM_INI,1,deliberative,ESCANEO,0,27.96896170908813,False,-0.4036848843097687,-0.00797590147703886,-2.0333919525146484,,,,-14.76,False,,,"{""telemetry"": 1.2, ""graph"": 135.8}",True,2132.7,True,False,False,1,photo-20260901T231443542Z.png,0.0,,0.001,False,0.0,,0.025,False,0.0,,0.011,False
14.669,73,slm,TOWNSIM_INI,1,deliberative,ESCANEO,0,27.970503510951975,False,-0.40301260352134705,-0.008201761171221733,-2.031742811203003,,,,-14.76,False,,,"{""telemetry"": 0.9, ""graph"": 160.5}",True,2132.7,True,False,False,1,photo-20260901T231443542Z.png,0.0,,0.0,False,0.0,,0.013,False,0.0,,0.009,False
14.848,74,slm,TOWNSIM_INI,1,deliberative,ESCANEO,0,27.97186132668848,False,-0.4026125967502594,-0.008336147293448448,-2.0305821895599365,,,,-14.76,False,,,"{""telemetry"": 1.1, ""graph"": 139.6}",True,2132.7,True,False,False,1,photo-20260901T231443542Z.png,0.0,,0.0,False,0.0,,0.0,False,0.0,,0.0,False
15.074,75,slm,TOWNSIM_INI,1,deliberative,ESCANEO,0,27.973070536427866,False,-0.40223267674446106,-0.008463761769235134,-2.029264211654663,,,,-14.76,False,,,"{""telemetry"": 1.0, ""graph"": 164.7}",True,2132.7,True,False,False,1,photo-20260901T231443542Z.png,0.0,,0.0,False,0.0,,0.001,False,0.0,,0.0,False
15.24,76,slm,TOWNSIM_INI,1,deliberative,ESCANEO,0,27.974176160340317,False,-0.4020002484321594,-0.008541807532310486,-2.0282819271087646,,,,-14.76,False,,,"{""telemetry"": 1.5, ""graph"": 130.2}",True,2132.7,True,False,False,1,photo-20260901T231443542Z.png,0.0,,0.0,False,0.0,,0.0,False,0.0,,0.0,False
15.445,77,slm,TOWNSIM_INI,1,deliberative,ESCANEO,0,27.975168915517276,False,-0.4018059968948364,-0.008607055060565472,-2.0272793769836426,,,,-14.76,False,,,"{""telemetry"": 1.2, ""graph"": 135.3}",True,2132.7,True,False,False,1,photo-20260901T231443542Z.png,0.0,,0.0,False,0.0,,0.0,False,0.0,,0.0,False
15.635,78,slm,TOWNSIM_INI,1,deliberative,ESCANEO,0,27.976084236521263,False,-0.40167322754859924,-0.008651643060147762,-2.0264315605163574,,,,-14.76,False,,,"{""telemetry"": 0.9, ""graph"": 125.1}",True,2132.7,True,False,False,1,photo-20260901T231443542Z.png,0.0,,0.0,False,0.0,,0.0,False,0.0,,0.0,False
15.837,79,slm,TOWNSIM_INI,1,deliberative,ESCANEO,0,27.97695051716762,False,-0.4015669524669647,-0.008687330409884453,-2.0255870819091797,,,,-14.76,False,,,"{""telemetry"": 1.4, ""graph"": 126.1}",True,2132.7,True,False,False,1,photo-20260901T231443542Z.png,0.0,,0.0,False,0.0,,0.0,False,0.0,,0.0,False
16.04,80,slm,TOWNSIM_INI,1,deliberative,ESCANEO,0,27.977753120544346,False,-0.4014876186847687,-0.00871394295245409,-2.024789333343506,,,,-14.76,False,,,"{""telemetry"": 0.9, ""graph"": 129.2}",True,2132.7,True,False,False,1,photo-20260901T231443542Z.png,0.0,,0.0,False,0.0,,0.0,False,0.0,,0.0,False
16.264,81,slm,TOWNSIM_INI,1,deliberative,ESCANEO,0,27.978516468427525,False,-0.4014263153076172,-0.008734545670449734,-2.0239956378936768,,,,-14.76,False,,,"{""telemetry"": 0.9, ""graph"": 153.2}",True,2132.7,True,False,False,1,photo-20260901T231443542Z.png,0.0,,0.0,False,0.0,,0.0,False,0.0,,0.0,False
16.445,82,slm,TOWNSIM_INI,1,deliberative,ESCANEO,0,27.979236198204287,False,-0.40138620138168335,-0.008748005144298077,-2.023332357406616,,,,-14.76,False,,,"{""telemetry"": 1.0, ""graph"": 133.9}",True,2132.7,True,False,False,1,photo-20260901T231443542Z.png,0.0,,0.0,False,0.0,,0.0,False,0.0,,0.0,False
16.616,83,slm,TOWNSIM_INI,1,deliberative,ESCANEO,0,27.979940597150218,False,-0.40135639905929565,-0.008758014999330044,-2.0227088928222656,,,,-14.76,False,,,"{""telemetry"": 0.8, ""graph"": 104.6}",True,2132.7,True,False,False,1,photo-20260901T231443542Z.png,0.0,,0.0,False,0.0,,0.0,False,0.0,,0.0,False
16.817,84,slm,TOWNSIM_INI,1,deliberative,ESCANEO,0,27.98062462838819,False,-0.4013306498527527,-0.008766647428274155,-2.022019386291504,,,,-14.76,False,,,"{""telemetry"": 1.1, ""graph"": 105.4}",True,2132.7,True,False,False,1,photo-20260901T231443542Z.png,0.0,,0.0,False,0.0,,0.0,False,0.0,,0.0,False
17.036,85,slm,TOWNSIM_INI,1,deliberative,ESCANEO,0,27.981301842569717,False,-0.4013105034828186,-0.008773413486778736,-2.0213072299957275,,,,-14.76,False,,,"{""telemetry"": 0.9, ""graph"": 123.7}",True,2132.7,True,False,False,1,photo-20260901T231443542Z.png,0.0,,0.0,False,0.0,,0.0,False,0.0,,0.0,False
17.223,86,slm,TOWNSIM_INI,1,deliberative,ESCANEO,0,27.98195553511222,False,-0.40129753947257996,-0.008777761831879616,-2.0207085609436035,,,,-14.76,False,,,"{""telemetry"": 1.0, ""graph"": 110.4}",True,2132.7,True,False,False,1,photo-20260901T231443542Z.png,0.0,,0.0,False,0.0,,0.0,False,0.0,,0.0,False
17.473,87,slm,TOWNSIM_INI,1,deliberative,ESCANEO,0,27.982610235134747,False,-0.4012858271598816,-0.008781647309660912,-2.0199999809265137,,,,-14.76,False,,,"{""telemetry"": 1.0, ""graph"": 159.7}",True,2132.7,True,False,False,1,photo-20260901T231443542Z.png,0.0,,0.0,False,0.0,,0.0,False,0.0,,0.0,False
17.654,88,slm,TOWNSIM_INI,1,deliberative,ESCANEO,0,27.983203003626738,False,-0.4012783467769623,-0.008784170262515545,-2.0193896293640137,,,,-14.76,False,,,"{""telemetry"": 1.1, ""graph"": 140.5}",True,2132.7,True,False,False,1,photo-20260901T231443542Z.png,0.0,,0.0,False,0.0,,0.0,False,0.0,,0.0,False
17.832,89,slm,TOWNSIM_INI,1,deliberative,ESCANEO,0,27.98383226975428,False,-0.4012729823589325,-0.008785974234342575,-2.01881742477417,,,,-14.76,False,,,"{""telemetry"": 1.1, ""graph"": 117.4}",True,2132.7,True,False,False,1,photo-20260901T231443542Z.png,0.0,,0.0,False,0.0,,0.0,False,0.0,,0.0,False
18.039,90,slm,TOWNSIM_INI,1,deliberative,ESCANEO,0,27.984463703917264,False,-0.4012686014175415,-0.008787521161139011,-2.0181822776794434,,,,-14.76,False,,,"{""telemetry"": 1.2, ""graph"": 124.2}",True,2132.7,True,False,False,1,photo-20260901T231443542Z.png,0.0,,0.0,False,0.0,,0.0,False,0.0,,0.0,False
18.239,91,slm,TOWNSIM_INI,1,deliberative,ESCANEO,0,27.98507727420366,False,-0.40126484632492065,-0.008788657374680042,-2.017559289932251,,,,-14.76,False,,,"{""telemetry"": 0.9, ""graph"": 124.0}",True,2132.7,True,False,False,1,photo-20260901T231443542Z.png,0.0,,0.0,False,0.0,,0.0,False,0.0,,0.0,False
18.612,92,slm,TOWNSIM_INI,1,deliberative,EVADIR_DERECHA,0,27.985690864908488,False,-0.4012628495693207,-0.008789505809545517,-2.0169363021850586,,,,-14.76,False,,,"{""telemetry"": 0.8, ""graph"": 131.7}",True,3923.8,False,False,True,2,photo-20260901T231450138Z-0.png;photo-20260901T231450138Z-1.png;photo-20260901T231450138Z-2.png;photo-20260901T231450138Z-3.png,0.0,,0.0,False,0.0,,0.0,False,0.0,,0.0,False
18.817,93,slm,TOWNSIM_INI,1,deliberative,FRENAR,0,27.992585178852618,False,-0.4009765088558197,-0.008865006268024445,-2.0143089294433594,,,,-14.65,False,,,"{""telemetry"": 0.8, ""graph"": 200.7}",True,3923.8,False,False,True,2,photo-20260901T231450138Z-0.png;photo-20260901T231450138Z-1.png;photo-20260901T231450138Z-2.png;photo-20260901T231450138Z-3.png,0.0,98.2,1.0,False,0.0,36.86,1.0,False,0.001,20.26,1.0,False
18.997,94,slm,TOWNSIM_INI,1,deliberative,FRENAR,0,27.919243405287048,False,-0.3851180374622345,-0.013033641502261162,-2.1373250484466553,,,,-13.35,False,,,"{""telemetry"": 0.8, ""graph"": 176.7}",True,3923.8,False,False,True,2,photo-20260901T231450138Z-0.png;photo-20260901T231450138Z-1.png;photo-20260901T231450138Z-2.png;photo-20260901T231450138Z-3.png,0.0,,0.0,False,0.0,,0.0,False,0.0,,0.0,False
19.208,95,slm,TOWNSIM_INI,1,deliberative,FRENAR,0,27.84424653895933,False,-0.3587254583835602,-0.019980311393737793,-2.154226064682007,,,,-12.51,False,,,"{""telemetry"": 0.8, ""graph"": 187.5}",True,3923.8,False,False,True,2,photo-20260901T231450138Z-0.png;photo-20260901T231450138Z-1.png;photo-20260901T231450138Z-2.png;photo-20260901T231450138Z-3.png,0.0,,0.0,False,0.0,,0.0,False,0.0,,0.0,False
19.407,96,slm,TOWNSIM_INI,1,deliberative,FRENAR,0,27.85573899734917,False,-0.33338662981987,-0.02666514366865158,-2.141113042831421,,,,-12.14,False,,,"{""telemetry"": 1.2, ""graph"": 185.0}",True,3923.8,False,False,True,2,photo-20260901T231450138Z-0.png;photo-20260901T231450138Z-1.png;photo-20260901T231450138Z-2.png;photo-20260901T231450138Z-3.png,0.0,,0.0,False,0.0,,0.0,False,0.0,,0.0,False
19.659,97,slm,TOWNSIM_INI,1,deliberative,FRENAR,0,27.86761722088003,False,-0.3085978925228119,-0.033214397728443146,-2.1283061504364014,,,,-11.95,False,,,"{""telemetry"": 1.1, ""graph"": 236.4}",True,3923.8,False,False,True,2,photo-20260901T231450138Z-0.png;photo-20260901T231450138Z-1.png;photo-20260901T231450138Z-2.png;photo-20260901T231450138Z-3.png,0.004,14.43,0.641,False,0.0,2.08,0.641,True,0.011,15.24,0.641,False
19.859,98,slm,TOWNSIM_INI,1,deliberative,FRENAR,0,27.878846735158717,False,-0.2922617197036743,-0.03753356635570526,-2.119516611099243,,,,-11.89,False,,,"{""telemetry"": 1.4, ""graph"": 196.5}",True,3923.8,False,False,True,2,photo-20260901T231450138Z-0.png;photo-20260901T231450138Z-1.png;photo-20260901T231450138Z-2.png;photo-20260901T231450138Z-3.png,0.0,,0.018,False,0.0,,0.018,False,0.0,,0.018,False
20.067,99,slm,TOWNSIM_INI,1,deliberative,FRENAR,0,27.886606798009847,False,-0.2787916958332062,-0.04109599441289902,-2.111708879470825,,,,-11.86,False,,,"{""telemetry"": 1.1, ""graph"": 204.6}",True,3923.8,False,False,True,2,photo-20260901T231450138Z-0.png;photo-20260901T231450138Z-1.png;photo-20260901T231450138Z-2.png;photo-20260901T231450138Z-3.png,0.0,,0.012,False,0.0,,0.012,False,0.0,,0.012,False
20.271,100,slm,TOWNSIM_INI,1,deliberative,FRENAR,0,27.89316413762748,False,-0.2692144513130188,-0.04362921789288521,-2.105619192123413,,,,-11.84,False,,,"{""telemetry"": 1.3, ""graph"": 199.4}",True,3923.8,False,False,True,2,photo-20260901T231450138Z-0.png;photo-20260901T231450138Z-1.png;photo-20260901T231450138Z-2.png;photo-20260901T231450138Z-3.png,0.0,,0.009,False,0.0,,0.009,False,0.0,,0.009,False
20.486,101,slm,TOWNSIM_INI,1,deliberative,FRENAR,0,27.898404971799486,False,-0.26209911704063416,-0.04551127925515175,-2.1006250381469727,,,,-11.84,False,,,"{""telemetry"": 1.3, ""graph"": 210.7}",True,3923.8,False,False,True,2,photo-20260901T231450138Z-0.png;photo-20260901T231450138Z-1.png;photo-20260901T231450138Z-2.png;photo-20260901T231450138Z-3.png,0.0,,0.01,False,0.0,,0.01,False,0.0,,0.01,False
20.693,102,slm,TOWNSIM_INI,1,deliberative,FRENAR,0,27.902978225652785,False,-0.25695738196372986,-0.046871308237314224,-2.09661865234375,,,,-11.84,False,,,"{""telemetry"": 1.2, ""graph"": 203.7}",True,3923.8,False,False,True,2,photo-20260901T231450138Z-0.png;photo-20260901T231450138Z-1.png;photo-20260901T231450138Z-2.png;photo-20260901T231450138Z-3.png,0.0,,0.008,False,0.0,,0.008,False,0.0,,0.008,False
20.846,103,slm,TOWNSIM_INI,1,deliberative,FRENAR,0,27.906646577368235,False,-0.25336700677871704,-0.04782092571258545,-2.093510150909424,,,,-11.83,False,,,"{""telemetry"": 1.0, ""graph"": 150.1}",True,3923.8,False,False,True,2,photo-20260901T231450138Z-0.png;photo-20260901T231450138Z-1.png;photo-20260901T231450138Z-2.png;photo-20260901T231450138Z-3.png,0.0,,0.0,False,0.0,,0.0,False,0.0,,0.0,False
21.066,104,slm,TOWNSIM_INI,1,deliberative,FRENAR,0,27.909580207747872,False,-0.25017857551574707,-0.04866422340273857,-2.0904061794281006,,,,-11.83,False,,,"{""telemetry"": 1.0, ""graph"": 169.4}",True,3923.8,False,False,True,2,photo-20260901T231450138Z-0.png;photo-20260901T231450138Z-1.png;photo-20260901T231450138Z-2.png;photo-20260901T231450138Z-3.png,0.0,,0.0,False,0.0,,0.0,False,0.0,,0.0,False
21.271,105,slm,TOWNSIM_INI,1,deliberative,FRENAR,0,27.912059403253114,False,-0.24808622896671295,-0.049217551946640015,-2.0880849361419678,,,,-11.83,False,,,"{""telemetry"": 1.2, ""graph"": 174.3}",True,3923.8,False,False,True,2,photo-20260901T231450138Z-0.png;photo-20260901T231450138Z-1.png;photo-20260901T231450138Z-2.png;photo-20260901T231450138Z-3.png,0.0,,0.001,False,0.0,,0.002,False,0.0,,0.002,False
21.482,106,slm,TOWNSIM_INI,1,deliberative,FRENAR,0,27.914173102838266,False,-0.24647775292396545,-0.049642905592918396,-2.0860445499420166,,,,-11.83,False,,,"{""telemetry"": 1.4, ""graph"": 184.2}",True,3923.8,False,False,True,2,photo-20260901T231450138Z-0.png;photo-20260901T231450138Z-1.png;photo-20260901T231450138Z-2.png;photo-20260901T231450138Z-3.png,0.0,,0.002,False,0.0,,0.01,False,0.0,,0.007,False
21.662,107,slm,TOWNSIM_INI,1,deliberative,FRENAR,0,27.915990979283208,False,-0.2453593760728836,-0.0499386228621006,-2.084411382675171,,,,-11.83,False,,,"{""telemetry"": 1.8, ""graph"": 163.8}",True,3923.8,False,False,True,2,photo-20260901T231450138Z-0.png;photo-20260901T231450138Z-1.png;photo-20260901T231450138Z-2.png;photo-20260901T231450138Z-3.png,0.0,,0.001,False,0.0,,0.004,False,0.0,,0.002,False
21.844,108,slm,TOWNSIM_INI,1,deliberative,FRENAR,0,27.917570917200695,False,-0.24455776810646057,-0.05015058442950249,-2.0830631256103516,,,,-11.83,False,,,"{""telemetry"": 1.2, ""graph"": 145.7}",True,3923.8,False,False,True,2,photo-20260901T231450138Z-0.png;photo-20260901T231450138Z-1.png;photo-20260901T231450138Z-2.png;photo-20260901T231450138Z-3.png,0.0,,0.002,False,0.0,,0.015,False,0.0,,0.004,False
22.052,109,slm,TOWNSIM_INI,1,deliberative,FRENAR,0,27.918978855095943,False,-0.24384860694408417,-0.05033809319138527,-2.08166766166687,,,,-11.83,False,,,"{""telemetry"": 1.3, ""graph"": 153.0}",True,3923.8,False,False,True,2,photo-20260901T231450138Z-0.png;photo-20260901T231450138Z-1.png;photo-20260901T231450138Z-2.png;photo-20260901T231450138Z-3.png,0.0,,0.0,False,0.0,,0.0,False,0.0,,0.0,False
22.275,110,slm,TOWNSIM_INI,1,deliberative,FRENAR,0,27.92021037888528,False,-0.24329215288162231,-0.05048521235585213,-2.0803442001342773,,,,-11.83,False,,,"{""telemetry"": 0.9, ""graph"": 176.7}",True,3923.8,False,False,True,2,photo-20260901T231450138Z-0.png;photo-20260901T231450138Z-1.png;photo-20260901T231450138Z-2.png;photo-20260901T231450138Z-3.png,0.0,,0.0,False,0.0,,0.006,False,0.0,,0.001,False
22.423,111,slm,TOWNSIM_INI,1,deliberative,FRENAR,0,27.921318383973066,False,-0.24296100437641144,-0.05057273060083389,-2.079392194747925,,,,-11.83,False,,,"{""telemetry"": 1.9, ""graph"": 123.5}",True,3923.8,False,False,True,2,photo-20260901T231450138Z-0.png;photo-20260901T231450138Z-1.png;photo-20260901T231450138Z-2.png;photo-20260901T231450138Z-3.png,0.0,,0.0,False,0.0,,0.0,False,0.0,,0.0,False
22.639,112,slm,TOWNSIM_INI,1,deliberative,FRENAR,0,27.922326652953004,False,-0.2426537275314331,-0.050653956830501556,-2.078315019607544,,,,-11.83,False,,,"{""telemetry"": 1.6, ""graph"": 139.4}",True,3923.8,False,False,True,2,photo-20260901T231450138Z-0.png;photo-20260901T231450138Z-1.png;photo-20260901T231450138Z-2.png;photo-20260901T231450138Z-3.png,0.0,,0.0,False,0.0,,0.0,False,0.0,,0.0,False
22.853,113,slm,TOWNSIM_INI,1,deliberative,FRENAR,0,27.923267840532038,False,-0.24243836104869843,-0.050710901618003845,-2.0773661136627197,,,,-11.83,False,,,"{""telemetry"": 1.5, ""graph"": 152.5}",True,3923.8,False,False,True,2,photo-20260901T231450138Z-0.png;photo-20260901T231450138Z-1.png;photo-20260901T231450138Z-2.png;photo-20260901T231450138Z-3.png,0.0,,0.0,False,0.0,,0.0,False,0.0,,0.0,False
23.032,114,slm,TOWNSIM_INI,1,deliberative,FRENAR,0,27.924130394266445,False,-0.24229960143566132,-0.0507475845515728,-2.0766048431396484,,,,-11.83,False,,,"{""telemetry"": 1.9, ""graph"": 131.0}",True,3923.8,False,False,True,2,photo-20260901T231450138Z-0.png;photo-20260901T231450138Z-1.png;photo-20260901T231450138Z-2.png;photo-20260901T231450138Z-3.png,0.0,,0.0,False,0.0,,0.0,False,0.0,,0.0,False
23.228,115,slm,TOWNSIM_INI,1,deliberative,FRENAR,0,27.92494133745384,False,-0.24218522012233734,-0.05077781900763512,-2.07582426071167,,,,-11.83,False,,,"{""telemetry"": 1.2, ""graph"": 127.4}",True,3923.8,False,False,True,2,photo-20260901T231450138Z-0.png;photo-20260901T231450138Z-1.png;photo-20260901T231450138Z-2.png;photo-20260901T231450138Z-3.png,0.0,,0.0,False,0.0,,0.0,False,0.0,,0.0,False
23.434,116,slm,TOWNSIM_INI,1,deliberative,FRENAR,0,27.92571059163103,False,-0.2420968860387802,-0.05080116540193558,-2.0750582218170166,,,,-11.83,False,,,"{""telemetry"": 1.1, ""graph"": 132.7}",True,3923.8,False,False,True,2,photo-20260901T231450138Z-0.png;photo-20260901T231450138Z-1.png;photo-20260901T231450138Z-2.png;photo-20260901T231450138Z-3.png,0.0,,0.0,False,0.0,,0.0,False,0.0,,0.0,False
23.694,117,slm,TOWNSIM_INI,1,deliberative,FRENAR,0,27.92645715388331,False,-0.24201717972755432,-0.050822243094444275,-2.074141263961792,,,,-11.83,False,,,"{""telemetry"": 1.3, ""graph"": 192.9}",True,3923.8,False,False,True,2,photo-20260901T231450138Z-0.png;photo-20260901T231450138Z-1.png;photo-20260901T231450138Z-2.png;photo-20260901T231450138Z-3.png,0.0,,0.0,False,0.0,,0.0,False,0.0,,0.0,False
23.83,118,slm,TOWNSIM_INI,1,deliberative,FRENAR,0,27.927166209303753,False,-0.24198508262634277,-0.05083071440458298,-2.0736663341522217,,,,-11.83,False,,,"{""telemetry"": 1.3, ""graph"": 127.8}",True,3923.8,False,False,True,2,photo-20260901T231450138Z-0.png;photo-20260901T231450138Z-1.png;photo-20260901T231450138Z-2.png;photo-20260901T231450138Z-3.png,0.0,,0.0,False,0.0,,0.0,False,0.0,,0.0,False
24.033,119,slm,TOWNSIM_INI,1,deliberative,FRENAR,0,27.927852490074752,False,-0.24194668233394623,-0.05084085091948509,-2.0729548931121826,,,,-11.83,False,,,"{""telemetry"": 1.7, ""graph"": 130.5}",True,3923.8,False,False,True,2,photo-20260901T231450138Z-0.png;photo-20260901T231450138Z-1.png;photo-20260901T231450138Z-2.png;photo-20260901T231450138Z-3.png,0.0,,0.0,False,0.0,,0.0,False,0.0,,0.0,False
24.237,120,slm,TOWNSIM_INI,1,deliberative,FRENAR,0,27.928521928991266,False,-0.2419186383485794,-0.050848253071308136,-2.0722718238830566,,,,-11.83,False,,,"{""telemetry"": 1.1, ""graph"": 135.3}",True,3923.8,False,False,True,2,photo-20260901T231450138Z-0.png;photo-20260901T231450138Z-1.png;photo-20260901T231450138Z-2.png;photo-20260901T231450138Z-3.png,0.0,,0.0,False,0.0,,0.0,False,0.0,,0.0,False
24.424,121,slm,TOWNSIM_INI,1,deliberative,FRENAR,0,27.92917831870953,False,-0.24189996719360352,-0.0508531853556633,-2.071681022644043,,,,-11.83,False,,,"{""telemetry"": 1.3, ""graph"": 120.8}",True,3923.8,False,False,True,2,photo-20260901T231450138Z-0.png;photo-20260901T231450138Z-1.png;photo-20260901T231450138Z-2.png;photo-20260901T231450138Z-3.png,0.0,,0.0,False,0.0,,0.0,False,0.0,,0.0,False
24.656,122,slm,TOWNSIM_INI,1,deliberative,FRENAR,0,27.929833085430936,False,-0.24188199639320374,-0.05085793510079384,-2.070922613143921,,,,-11.83,False,,,"{""telemetry"": 1.9, ""graph"": 152.3}",True,3923.8,False,False,True,2,photo-20260901T231450138Z-0.png;photo-20260901T231450138Z-1.png;photo-20260901T231450138Z-2.png;photo-20260901T231450138Z-3.png,0.0,,0.0,False,0.0,,0.0,False,0.0,,0.0,False
24.823,123,slm,TOWNSIM_INI,1,deliberative,FRENAR,0,27.93046667126928,False,-0.24187283217906952,-0.05086034908890724,-2.0704171657562256,,,,-11.83,False,,,"{""telemetry"": 1.5, ""graph"": 118.6}",True,3923.8,False,False,True,2,photo-20260901T231450138Z-0.png;photo-20260901T231450138Z-1.png;photo-20260901T231450138Z-2.png;photo-20260901T231450138Z-3.png,0.0,,0.0,False,0.0,,0.0,False,0.0,,0.0,False
25.022,124,slm,TOWNSIM_INI,1,deliberative,FRENAR,0,27.931095992322795,False,-0.24186380207538605,-0.05086272954940796,-2.0697686672210693,,,,-11.83,False,,,"{""telemetry"": 0.9, ""graph"": 118.5}",True,3923.8,False,False,True,2,photo-20260901T231450138Z-0.png;photo-20260901T231450138Z-1.png;photo-20260901T231450138Z-2.png;photo-20260901T231450138Z-3.png,0.0,,0.0,False,0.0,,0.0,False,0.0,,0.0,False
25.23,125,slm,TOWNSIM_INI,1,deliberative,FRENAR,0,27.93171985023052,False,-0.24185702204704285,-0.05086451768875122,-2.069122552871704,,,,-11.83,False,,,"{""telemetry"": 1.2, ""graph"": 125.9}",True,3923.8,False,False,True,2,photo-20260901T231450138Z-0.png;photo-20260901T231450138Z-1.png;photo-20260901T231450138Z-2.png;photo-20260901T231450138Z-3.png,0.0,,0.0,False,0.0,,0.0,False,0.0,,0.0,False
25.435,126,slm,TOWNSIM_INI,1,deliberative,FRENAR,0,27.932333471384844,False,-0.24185216426849365,-0.05086582154035568,-2.0684995651245117,,,,-11.83,False,,,"{""telemetry"": 1.1, ""graph"": 130.5}",True,3923.8,False,False,True,2,photo-20260901T231450138Z-0.png;photo-20260901T231450138Z-1.png;photo-20260901T231450138Z-2.png;photo-20260901T231450138Z-3.png,0.0,,0.0,False,0.0,,0.0,False,0.0,,0.0,False
25.616,127,slm,TOWNSIM_INI,1,deliberative,FRENAR,0,27.93294710300788,False,-0.24184885621070862,-0.05086669698357582,-2.067941665649414,,,,-11.83,False,,,"{""telemetry"": 0.9, ""graph"": 112.1}",True,3923.8,False,False,True,2,photo-20260901T231450138Z-0.png;photo-20260901T231450138Z-1.png;photo-20260901T231450138Z-2.png;photo-20260901T231450138Z-3.png,0.0,,0.0,False,0.0,,0.0,False,0.0,,0.0,False
25.815,128,slm,TOWNSIM_INI,1,deliberative,FRENAR,0,27.93357004140205,False,-0.24184595048427582,-0.05086745694279671,-2.0673093795776367,,,,-11.83,False,,,"{""telemetry"": 1.0, ""graph"": 109.9}",True,3923.8,False,False,True,2,photo-20260901T231450138Z-0.png;photo-20260901T231450138Z-1.png;photo-20260901T231450138Z-2.png;photo-20260901T231450138Z-3.png,0.0,,0.0,False,0.0,,0.0,False,0.0,,0.0,False
26.025,129,slm,TOWNSIM_INI,1,deliberative,FRENAR,0,27.934183689056162,False,-0.24184389412403107,-0.05086798965930939,-2.0666677951812744,,,,-11.83,False,,,"{""telemetry"": 1.0, ""graph"": 119.8}",True,3923.8,False,False,True,2,photo-20260901T231450138Z-0.png;photo-20260901T231450138Z-1.png;photo-20260901T231450138Z-2.png;photo-20260901T231450138Z-3.png,0.0,,0.0,False,0.0,,0.0,False,0.0,,0.0,False
26.229,130,slm,TOWNSIM_INI,1,deliberative,FRENAR,0,27.934794477546447,False,-0.24184229969978333,-0.05086842551827431,-2.066045045852661,,,,-11.83,False,,,"{""telemetry"": 1.3, ""graph"": 123.0}",True,3923.8,False,False,True,2,photo-20260901T231450138Z-0.png;photo-20260901T231450138Z-1.png;photo-20260901T231450138Z-2.png;photo-20260901T231450138Z-3.png,0.0,,0.0,False,0.0,,0.0,False,0.0,,0.0,False
26.442,131,slm,TOWNSIM_INI,1,deliberative,FRENAR,0,27.935401459366865,False,-0.24184124171733856,-0.0508686900138855,-2.065401792526245,,,,-11.83,False,,,"{""telemetry"": 1.1, ""graph"": 136.4}",True,3923.8,False,False,True,2,photo-20260901T231450138Z-0.png;photo-20260901T231450138Z-1.png;photo-20260901T231450138Z-2.png;photo-20260901T231450138Z-3.png,0.0,,0.0,False,0.0,,0.0,False,0.0,,0.0,False
26.62,132,slm,TOWNSIM_INI,1,deliberative,FRENAR,0,27.935999381698377,False,-0.24184037744998932,-0.05086890608072281,-2.0648763179779053,,,,-11.83,False,,,"{""telemetry"": 1.6, ""graph"": 113.4}",True,3923.8,False,False,True,2,photo-20260901T231450138Z-0.png;photo-20260901T231450138Z-1.png;photo-20260901T231450138Z-2.png;photo-20260901T231450138Z-3.png,0.0,,0.0,False,0.0,,0.0,False,0.0,,0.0,False
26.822,133,slm,TOWNSIM_INI,1,deliberative,FRENAR,0,27.936606363460573,False,-0.24183937907218933,-0.050869155675172806,-2.0642693042755127,,,,-11.83,False,,,"{""telemetry"": 1.3, ""graph"": 116.0}",True,3923.8,False,False,True,2,photo-20260901T231450138Z-0.png;photo-20260901T231450138Z-1.png;photo-20260901T231450138Z-2.png;photo-20260901T231450138Z-3.png,0.0,,0.0,False,0.0,,0.0,False,0.0,,0.0,False
27.036,134,slm,TOWNSIM_INI,1,deliberative,FRENAR,0,27.937204287824837,False,-0.2418389916419983,-0.05086929351091385,-2.0636351108551025,,,,-11.83,False,,,"{""telemetry"": 0.9, ""graph"": 130.0}",True,3923.8,False,False,True,2,photo-20260901T231450138Z-0.png;photo-20260901T231450138Z-1.png;photo-20260901T231450138Z-2.png;photo-20260901T231450138Z-3.png,0.0,,0.0,False,0.0,,0.0,False,0.0,,0.0,False
27.215,135,slm,TOWNSIM_INI,1,deliberative,FRENAR,0,27.937802218226075,False,-0.2418389916419983,-0.05086929351091385,-2.063091516494751,,,,-11.83,False,,,"{""telemetry"": 1.0, ""graph"": 108.0}",True,3923.8,False,False,True,2,photo-20260901T231450138Z-0.png;photo-20260901T231450138Z-1.png;photo-20260901T231450138Z-2.png;photo-20260901T231450138Z-3.png,0.0,,0.0,False,0.0,,0.0,False,0.0,,0.0,False
27.417,136,slm,TOWNSIM_INI,1,deliberative,FRENAR,0,27.938400148628318,False,-0.2418389916419983,-0.05086929351091385,-2.0624845027923584,,,,-11.83,False,,,"{""telemetry"": 1.5, ""graph"": 109.6}",True,3923.8,False,False,True,2,photo-20260901T231450138Z-0.png;photo-20260901T231450138Z-1.png;photo-20260901T231450138Z-2.png;photo-20260901T231450138Z-3.png,0.0,,0.0,False,0.0,,0.0,False,0.0,,0.0,False
27.624,137,slm,TOWNSIM_INI,1,deliberative,FRENAR,0,27.93899807903156,False,-0.2418389916419983,-0.05086929351091385,-2.061859369277954,,,,-11.83,False,,,"{""telemetry"": 1.0, ""graph"": 116.6}",True,3923.8,False,False,True,2,photo-20260901T231450138Z-0.png;photo-20260901T231450138Z-1.png;photo-20260901T231450138Z-2.png;photo-20260901T231450138Z-3.png,0.0,,0.0,False,0.0,,0.0,False,0.0,,0.0,False
27.827,138,slm,TOWNSIM_INI,1,deliberative,FRENAR,0,27.939605068987394,False,-0.2418389916419983,-0.05086929351091385,-2.0612523555755615,,,,-11.83,False,,,"{""telemetry"": 1.0, ""graph"": 120.2}",True,3923.8,False,False,True,2,photo-20260901T231450138Z-0.png;photo-20260901T231450138Z-1.png;photo-20260901T231450138Z-2.png;photo-20260901T231450138Z-3.png,0.0,,0.0,False,0.0,,0.0,False,0.0,,0.0,False
28.034,139,slm,TOWNSIM_INI,1,deliberative,FRENAR,0,27.940202999392653,False,-0.2418389916419983,-0.05086929351091385,-2.060645341873169,,,,-11.83,False,,,"{""telemetry"": 1.5, ""graph"": 125.4}",True,3923.8,False,False,True,2,photo-20260901T231450138Z-0.png;photo-20260901T231450138Z-1.png;photo-20260901T231450138Z-2.png;photo-20260901T231450138Z-3.png,0.0,,0.0,False,0.0,,0.0,False,0.0,,0.0,False
28.232,140,slm,TOWNSIM_INI,1,deliberative,FRENAR,0,27.940800929798915,False,-0.2418389916419983,-0.05086929351091385,-2.0600292682647705,,,,-11.83,False,,,"{""telemetry"": 1.0, ""graph"": 123.9}",True,3923.8,False,False,True,2,photo-20260901T231450138Z-0.png;photo-20260901T231450138Z-1.png;photo-20260901T231450138Z-2.png;photo-20260901T231450138Z-3.png,0.0,,0.0,False,0.0,,0.0,False,0.0,,0.0,False
28.436,141,slm,TOWNSIM_INI,1,deliberative,FRENAR,0,27.941398860206178,False,-0.2418389916419983,-0.05086929351091385,-2.059431314468384,,,,-11.83,False,,,"{""telemetry"": 1.3, ""graph"": 127.3}",True,3923.8,False,False,True,2,photo-20260901T231450138Z-0.png;photo-20260901T231450138Z-1.png;photo-20260901T231450138Z-2.png;photo-20260901T231450138Z-3.png,0.0,,0.0,False,0.0,,0.0,False,0.0,,0.0,False
28.617,142,slm,TOWNSIM_INI,1,deliberative,FRENAR,0,27.941996790614443,False,-0.2418389916419983,-0.05086929351091385,-2.058896780014038,,,,-11.83,False,,,"{""telemetry"": 1.0, ""graph"": 108.8}",True,3923.8,False,False,True,2,photo-20260901T231450138Z-0.png;photo-20260901T231450138Z-1.png;photo-20260901T231450138Z-2.png;photo-20260901T231450138Z-3.png,0.0,,0.0,False,0.0,,0.0,False,0.0,,0.0,False
28.82,143,slm,TOWNSIM_INI,1,deliberative,FRENAR,0,27.942594721023706,False,-0.2418389916419983,-0.05086929351091385,-2.0582807064056396,,,,-11.83,False,,,"{""telemetry"": 1.0, ""graph"": 111.5}",True,3923.8,False,False,True,2,photo-20260901T231450138Z-0.png;photo-20260901T231450138Z-1.png;photo-20260901T231450138Z-2.png;photo-20260901T231450138Z-3.png,0.0,,0.0,False,0.0,,0.0,False,0.0,,0.0,False
29.022,144,slm,TOWNSIM_INI,1,deliberative,FRENAR,0,27.94320171098565,False,-0.2418389916419983,-0.05086929351091385,-2.057673692703247,,,,-11.83,False,,,"{""telemetry"": 1.2, ""graph"": 112.1}",True,3923.8,False,False,True,2,photo-20260901T231450138Z-0.png;photo-20260901T231450138Z-1.png;photo-20260901T231450138Z-2.png;photo-20260901T231450138Z-3.png,0.0,,0.0,False,0.0,,0.0,False,0.0,,0.0,False
29.239,145,slm,TOWNSIM_INI,1,deliberative,FRENAR,0,27.943799641396932,False,-0.2418389916419983,-0.05086929351091385,-2.057030439376831,,,,-11.83,False,,,"{""telemetry"": 0.9, ""graph"": 129.5}",True,3923.8,False,False,True,2,photo-20260901T231450138Z-0.png;photo-20260901T231450138Z-1.png;photo-20260901T231450138Z-2.png;photo-20260901T231450138Z-3.png,0.0,,0.0,False,0.0,,0.0,False,0.0,,0.0,False
29.414,146,slm,TOWNSIM_INI,1,deliberative,FRENAR,0,27.944388512257508,False,-0.2418389916419983,-0.05086929351091385,-2.056514024734497,,,,-11.83,False,,,"{""telemetry"": 1.3, ""graph"": 103.4}",True,3923.8,False,False,True,2,photo-20260901T231450138Z-0.png;photo-20260901T231450138Z-1.png;photo-20260901T231450138Z-2.png;photo-20260901T231450138Z-3.png,0.0,,0.0,False,0.0,,0.0,False,0.0,,0.0,False
29.64,147,slm,TOWNSIM_INI,1,deliberative,FRENAR,0,27.94498644267078,False,-0.2418389916419983,-0.05086929351091385,-2.0558345317840576,,,,-11.83,False,,,"{""telemetry"": 1.0, ""graph"": 130.1}",True,3923.8,False,False,True,2,photo-20260901T231450138Z-0.png;photo-20260901T231450138Z-1.png;photo-20260901T231450138Z-2.png;photo-20260901T231450138Z-3.png,0.0,,0.0,False,0.0,,0.0,False,0.0,,0.0,False
29.84,148,slm,TOWNSIM_INI,1,deliberative,FRENAR,0,27.945593432636784,False,-0.2418389916419983,-0.05086929351091385,-2.055236577987671,,,,-11.83,False,,,"{""telemetry"": 0.9, ""graph"": 129.9}",True,3923.8,False,False,True,2,photo-20260901T231450138Z-0.png;photo-20260901T231450138Z-1.png;photo-20260901T231450138Z-2.png;photo-20260901T231450138Z-3.png,0.0,,0.0,False,0.0,,0.0,False,0.0,,0.0,False
30.051,149,slm,TOWNSIM_INI,1,deliberative,FRENAR,0,27.94619136305207,False,-0.2418389916419983,-0.05086929351091385,-2.0546114444732666,,,,-11.83,False,,,"{""telemetry"": 1.9, ""graph"": 138.7}",True,3923.8,False,False,True,2,photo-20260901T231450138Z-0.png;photo-20260901T231450138Z-1.png;photo-20260901T231450138Z-2.png;photo-20260901T231450138Z-3.png,0.0,,0.0,False,0.0,,0.0,False,0.0,,0.0,False
30.243,150,slm,TOWNSIM_INI,1,deliberative,FRENAR,0,27.946789293468353,False,-0.2418389916419983,-0.05086929351091385,-2.05401349067688,,,,-11.83,False,,,"{""telemetry"": 0.8, ""graph"": 131.6}",True,3923.8,False,False,True,2,photo-20260901T231450138Z-0.png;photo-20260901T231450138Z-1.png;photo-20260901T231450138Z-2.png;photo-20260901T231450138Z-3.png,0.0,,0.0,False,0.0,,0.0,False,0.0,,0.0,False
30.442,151,slm,TOWNSIM_INI,1,deliberative,FRENAR,0,27.947396283437424,False,-0.2418389916419983,-0.05086929351091385,-2.053424596786499,,,,-11.83,False,,,"{""telemetry"": 1.4, ""graph"": 129.1}",True,3923.8,False,False,True,2,photo-20260901T231450138Z-0.png;photo-20260901T231450138Z-1.png;photo-20260901T231450138Z-2.png;photo-20260901T231450138Z-3.png,0.0,,0.0,False,0.0,,0.0,False,0.0,,0.0,False
30.618,152,slm,TOWNSIM_INI,1,deliberative,FRENAR,0,27.948003273407526,False,-0.2418389916419983,-0.05086929351091385,-2.052899122238159,,,,-11.83,False,,,"{""telemetry"": 1.1, ""graph"": 104.0}",True,3923.8,False,False,True,2,photo-20260901T231450138Z-0.png;photo-20260901T231450138Z-1.png;photo-20260901T231450138Z-2.png;photo-20260901T231450138Z-3.png,0.0,,0.0,False,0.0,,0.0,False,0.0,,0.0,False
30.863,153,slm,TOWNSIM_INI,1,deliberative,FRENAR,0,27.94860120382684,False,-0.2418389916419983,-0.05086929351091385,-2.052192449569702,,,,-11.83,False,,,"{""telemetry"": 3.7, ""graph"": 146.9}",True,3923.8,False,False,True,2,photo-20260901T231450138Z-0.png;photo-20260901T231450138Z-1.png;photo-20260901T231450138Z-2.png;photo-20260901T231450138Z-3.png,0.0,,0.0,False,0.0,,0.0,False,0.0,,0.0,False
31.072,154,slm,TOWNSIM_INI,1,deliberative,FRENAR,0,27.94919913424716,False,-0.2418389916419983,-0.05086929351091385,-2.051558256149292,,,,-11.83,False,,,"{""telemetry"": 1.1, ""graph"": 158.6}",True,3923.8,False,False,True,2,photo-20260901T231450138Z-0.png;photo-20260901T231450138Z-1.png;photo-20260901T231450138Z-2.png;photo-20260901T231450138Z-3.png,0.0,,0.0,False,0.0,,0.0,False,0.0,,0.0,False
31.243,155,slm,TOWNSIM_INI,1,deliberative,FRENAR,0,27.949797064668473,False,-0.2418389916419983,-0.05086929351091385,-2.051041841506958,,,,-11.83,False,,,"{""telemetry"": 1.0, ""graph"": 128.8}",True,3923.8,False,False,True,2,photo-20260901T231450138Z-0.png;photo-20260901T231450138Z-1.png;photo-20260901T231450138Z-2.png;photo-20260901T231450138Z-3.png,0.0,,0.0,False,0.0,,0.0,False,0.0,,0.0,False
31.446,156,slm,TOWNSIM_INI,1,deliberative,FRENAR,0,27.950394995090793,False,-0.2418389916419983,-0.05086929351091385,-2.0504257678985596,,,,-11.83,False,,,"{""telemetry"": 1.1, ""graph"": 131.8}",True,3923.8,False,False,True,2,photo-20260901T231450138Z-0.png;photo-20260901T231450138Z-1.png;photo-20260901T231450138Z-2.png;photo-20260901T231450138Z-3.png,0.0,,0.0,False,0.0,,0.0,False,0.0,,0.0,False
31.648,157,slm,TOWNSIM_INI,1,deliberative,FRENAR,0,27.95099292551411,False,-0.2418389916419983,-0.05086929351091385,-2.0498368740081787,,,,-11.83,False,,,"{""telemetry"": 1.2, ""graph"": 133.8}",True,3923.8,False,False,True,2,photo-20260901T231450138Z-0.png;photo-20260901T231450138Z-1.png;photo-20260901T231450138Z-2.png;photo-20260901T231450138Z-3.png,0.0,,0.0,False,0.0,,0.0,False,0.0,,0.0,False
31.838,158,slm,TOWNSIM_INI,1,deliberative,FRENAR,0,27.951590855938427,False,-0.2418389916419983,-0.05086929351091385,-2.0492570400238037,,,,-11.83,False,,,"{""telemetry"": 1.9, ""graph"": 122.3}",True,3923.8,False,False,True,2,photo-20260901T231450138Z-0.png;photo-20260901T231450138Z-1.png;photo-20260901T231450138Z-2.png;photo-20260901T231450138Z-3.png,0.0,,0.0,False,0.0,,0.0,False,0.0,,0.0,False
32.064,159,slm,TOWNSIM_INI,1,deliberative,FRENAR,0,27.952188786363745,False,-0.2418389916419983,-0.05086929351091385,-2.04858660697937,,,,-11.83,False,,,"{""telemetry"": 0.9, ""graph"": 149.3}",True,3923.8,False,False,True,2,photo-20260901T231450138Z-0.png;photo-20260901T231450138Z-1.png;photo-20260901T231450138Z-2.png;photo-20260901T231450138Z-3.png,0.0,,0.0,False,0.0,,0.0,False,0.0,,0.0,False
32.255,160,slm,TOWNSIM_INI,1,deliberative,FRENAR,0,27.95278671679006,False,-0.2418389916419983,-0.05086929351091385,-2.048006772994995,,,,-11.83,False,,,"{""telemetry"": 0.9, ""graph"": 139.7}",True,3923.8,False,False,True,2,photo-20260901T231450138Z-0.png;photo-20260901T231450138Z-1.png;photo-20260901T231450138Z-2.png;photo-20260901T231450138Z-3.png,0.0,,0.0,False,0.0,,0.0,False,0.0,,0.0,False
32.453,161,slm,TOWNSIM_INI,1,deliberative,FRENAR,0,27.95338464721738,False,-0.2418389916419983,-0.05086929351091385,-2.04742693901062,,,,-11.83,False,,,"{""telemetry"": 1.0, ""graph"": 137.4}",True,3923.8,False,False,True,2,photo-20260901T231450138Z-0.png;photo-20260901T231450138Z-1.png;photo-20260901T231450138Z-2.png;photo-20260901T231450138Z-3.png,0.0,,0.0,False,0.0,,0.0,False,0.0,,0.0,False
32.644,162,slm,TOWNSIM_INI,1,deliberative,FRENAR,0,27.953982577645693,False,-0.2418389916419983,-0.05086929351091385,-2.046856164932251,,,,-11.83,False,,,"{""telemetry"": 0.9, ""graph"": 128.6}",True,3923.8,False,False,True,2,photo-20260901T231450138Z-0.png;photo-20260901T231450138Z-1.png;photo-20260901T231450138Z-2.png;photo-20260901T231450138Z-3.png,0.0,,0.0,False,0.0,,0.0,False,0.0,,0.0,False
32.833,163,slm,TOWNSIM_INI,1,deliberative,FRENAR,0,27.95458050807501,False,-0.2418389916419983,-0.05086929351091385,-2.0462944507598877,,,,-11.83,False,,,"{""telemetry"": 1.4, ""graph"": 116.2}",True,3923.8,False,False,True,2,photo-20260901T231450138Z-0.png;photo-20260901T231450138Z-1.png;photo-20260901T231450138Z-2.png;photo-20260901T231450138Z-3.png,0.0,,0.0,False,0.0,,0.0,False,0.0,,0.0,False
33.059,164,slm,TOWNSIM_INI,1,deliberative,FRENAR,0,27.955178438505325,False,-0.2418389916419983,-0.05086929351091385,-2.0456149578094482,,,,-11.83,False,,,"{""telemetry"": 1.6, ""graph"": 141.9}",True,3923.8,False,False,True,2,photo-20260901T231450138Z-0.png;photo-20260901T231450138Z-1.png;photo-20260901T231450138Z-2.png;photo-20260901T231450138Z-3.png,0.0,,0.0,False,0.0,,0.0,False,0.0,,0.0,False
33.235,165,slm,TOWNSIM_INI,1,deliberative,FRENAR,0,27.955776368936643,False,-0.2418389916419983,-0.05086929351091385,-2.0450894832611084,,,,-11.83,False,,,"{""telemetry"": 1.0, ""graph"": 118.5}",True,3923.8,False,False,True,2,photo-20260901T231450138Z-0.png;photo-20260901T231450138Z-1.png;photo-20260901T231450138Z-2.png;photo-20260901T231450138Z-3.png,0.0,,0.0,False,0.0,,0.0,False,0.0,,0.0,False
33.45,166,slm,TOWNSIM_INI,1,deliberative,FRENAR,0,27.956374299368957,False,-0.2418389916419983,-0.05086929351091385,-2.0444552898406982,,,,-11.83,False,,,"{""telemetry"": 1.1, ""graph"": 132.4}",True,3923.8,False,False,True,2,photo-20260901T231450138Z-0.png;photo-20260901T231450138Z-1.png;photo-20260901T231450138Z-2.png;photo-20260901T231450138Z-3.png,0.0,,0.0,False,0.0,,0.0,False,0.0,,0.0,False
33.641,167,slm,TOWNSIM_INI,1,deliberative,FRENAR,0,27.956972229802272,False,-0.2418389916419983,-0.05086929351091385,-2.0438754558563232,,,,-11.83,False,,,"{""telemetry"": 1.1, ""graph"": 123.7}",True,3923.8,False,False,True,2,photo-20260901T231450138Z-0.png;photo-20260901T231450138Z-1.png;photo-20260901T231450138Z-2.png;photo-20260901T231450138Z-3.png,0.0,,0.0,False,0.0,,0.0,False,0.0,,0.0,False
33.84,168,slm,TOWNSIM_INI,1,deliberative,FRENAR,0,27.957570160236585,False,-0.2418389916419983,-0.05086929351091385,-2.0432684421539307,,,,-11.83,False,,,"{""telemetry"": 1.2, ""graph"": 122.3}",True,3923.8,False,False,True,2,photo-20260901T231450138Z-0.png;photo-20260901T231450138Z-1.png;photo-20260901T231450138Z-2.png;photo-20260901T231450138Z-3.png,0.0,,0.0,False,0.0,,0.0,False,0.0,,0.0,False
34.054,169,slm,TOWNSIM_INI,1,deliberative,FRENAR,0,27.9581680906719,False,-0.2418389916419983,-0.05086929351091385,-2.0426523685455322,,,,-11.83,False,,,"{""telemetry"": 1.1, ""graph"": 136.1}",True,3923.8,False,False,True,2,photo-20260901T231450138Z-0.png;photo-20260901T231450138Z-1.png;photo-20260901T231450138Z-2.png;photo-20260901T231450138Z-3.png,0.0,,0.0,False,0.0,,0.0,False,0.0,,0.0,False
34.242,170,slm,TOWNSIM_INI,1,deliberative,FRENAR,0,27.958775080660285,False,-0.2418389916419983,-0.05086929351091385,-2.0420725345611572,,,,-11.83,False,,,"{""telemetry"": 2.6, ""graph"": 122.6}",True,3923.8,False,False,True,2,photo-20260901T231450138Z-0.png;photo-20260901T231450138Z-1.png;photo-20260901T231450138Z-2.png;photo-20260901T231450138Z-3.png,0.0,,0.0,False,0.0,,0.0,False,0.0,,0.0,False
34.436,171,slm,TOWNSIM_INI,1,deliberative,FRENAR,0,27.95936395154552,False,-0.2418389916419983,-0.05086929351091385,-2.041501760482788,,,,-11.83,False,,,"{""telemetry"": 1.2, ""graph"": 117.6}",True,3923.8,False,False,True,2,photo-20260901T231450138Z-0.png;photo-20260901T231450138Z-1.png;photo-20260901T231450138Z-2.png;photo-20260901T231450138Z-3.png,0.0,,0.0,False,0.0,,0.0,False,0.0,,0.0,False
34.645,172,slm,TOWNSIM_INI,1,deliberative,FRENAR,0,27.95996188198383,False,-0.2418389916419983,-0.05086929351091385,-2.040876626968384,,,,-11.83,False,,,"{""telemetry"": 1.0, ""graph"": 126.4}",True,3923.8,False,False,True,2,photo-20260901T231450138Z-0.png;photo-20260901T231450138Z-1.png;photo-20260901T231450138Z-2.png;photo-20260901T231450138Z-3.png,0.0,,0.0,False,0.0,,0.0,False,0.0,,0.0,False
34.85,173,slm,TOWNSIM_INI,1,deliberative,FRENAR,0,27.960559812423142,False,-0.2418389916419983,-0.05086929351091385,-2.040278673171997,,,,-11.83,False,,,"{""telemetry"": 2.9, ""graph"": 129.0}",True,3923.8,False,False,True,2,photo-20260901T231450138Z-0.png;photo-20260901T231450138Z-1.png;photo-20260901T231450138Z-2.png;photo-20260901T231450138Z-3.png,0.0,,0.0,False,0.0,,0.0,False,0.0,,0.0,False
35.059,174,slm,TOWNSIM_INI,1,deliberative,FRENAR,0,27.961148683311315,False,-0.2418389916419983,-0.05086929351091385,-2.039635419845581,,,,-11.83,False,,,"{""telemetry"": 0.9, ""graph"": 140.4}",True,3923.8,False,False,True,2,photo-20260901T231450138Z-0.png;photo-20260901T231450138Z-1.png;photo-20260901T231450138Z-2.png;photo-20260901T231450138Z-3.png,0.0,,0.0,False,0.0,,0.0,False,0.0,,0.0,False
35.227,175,slm,TOWNSIM_INI,1,deliberative,FRENAR,0,27.961755673304758,False,-0.2418389916419983,-0.05086929351091385,-2.0391461849212646,,,,-11.83,False,,,"{""telemetry"": 0.9, ""graph"": 107.8}",True,3923.8,False,False,True,2,photo-20260901T231450138Z-0.png;photo-20260901T231450138Z-1.png;photo-20260901T231450138Z-2.png;photo-20260901T231450138Z-3.png,0.0,,0.0,False,0.0,,0.0,False,0.0,,0.0,False
35.434,176,slm,TOWNSIM_INI,1,deliberative,FRENAR,0,27.96235360374706,False,-0.2418389916419983,-0.05086929351091385,-2.0385210514068604,,,,-11.83,False,,,"{""telemetry"": 1.0, ""graph"": 114.9}",True,3923.8,False,False,True,2,photo-20260901T231450138Z-0.png;photo-20260901T231450138Z-1.png;photo-20260901T231450138Z-2.png;photo-20260901T231450138Z-3.png,0.0,,0.0,False,0.0,,0.0,False,0.0,,0.0,False
35.657,177,slm,TOWNSIM_INI,1,deliberative,FRENAR,0,27.962951534190367,False,-0.2418389916419983,-0.05086929351091385,-2.0378687381744385,,,,-11.83,False,,,"{""telemetry"": 2.0, ""graph"": 136.1}",True,3923.8,False,False,True,2,photo-20260901T231450138Z-0.png;photo-20260901T231450138Z-1.png;photo-20260901T231450138Z-2.png;photo-20260901T231450138Z-3.png,0.0,,0.0,False,0.0,,0.0,False,0.0,,0.0,False
35.833,178,slm,TOWNSIM_INI,1,deliberative,FRENAR,0,27.963549464634674,False,-0.2418389916419983,-0.05086929351091385,-2.0373342037200928,,,,-11.83,False,,,"{""telemetry"": 1.0, ""graph"": 112.1}",True,3923.8,False,False,True,2,photo-20260901T231450138Z-0.png;photo-20260901T231450138Z-1.png;photo-20260901T231450138Z-2.png;photo-20260901T231450138Z-3.png,0.0,,0.0,False,0.0,,0.0,False,0.0,,0.0,False
36.033,179,slm,TOWNSIM_INI,1,deliberative,FRENAR,0,27.964147395079973,False,-0.2418389916419983,-0.05086929351091385,-2.0367271900177,,,,-11.83,False,,,"{""telemetry"": 1.7, ""graph"": 111.5}",True,3923.8,False,False,True,2,photo-20260901T231450138Z-0.png;photo-20260901T231450138Z-1.png;photo-20260901T231450138Z-2.png;photo-20260901T231450138Z-3.png,0.0,,0.0,False,0.0,,0.0,False,0.0,,0.0,False
36.237,180,slm,TOWNSIM_INI,1,deliberative,FRENAR,0,27.9647543850785,False,-0.2418389916419983,-0.05086929351091385,-2.0361111164093018,,,,-11.83,False,,,"{""telemetry"": 0.9, ""graph"": 115.9}",True,3923.8,False,False,True,2,photo-20260901T231450138Z-0.png;photo-20260901T231450138Z-1.png;photo-20260901T231450138Z-2.png;photo-20260901T231450138Z-3.png,0.0,,0.0,False,0.0,,0.0,False,0.0,,0.0,False
36.437,181,slm,TOWNSIM_INI,1,deliberative,FRENAR,0,27.965352315525813,False,-0.2418389916419983,-0.05086929351091385,-2.035513162612915,,,,-11.83,False,,,"{""telemetry"": 1.0, ""graph"": 115.2}",True,3923.8,False,False,True,2,photo-20260901T231450138Z-0.png;photo-20260901T231450138Z-1.png;photo-20260901T231450138Z-2.png;photo-20260901T231450138Z-3.png,0.0,,0.0,False,0.0,,0.0,False,0.0,,0.0,False
36.66,182,slm,TOWNSIM_INI,1,deliberative,FRENAR,0,27.965950245974128,False,-0.2418389916419983,-0.05086929351091385,-2.034860849380493,,,,-11.83,False,,,"{""telemetry"": 1.0, ""graph"": 138.3}",True,3923.8,False,False,True,2,photo-20260901T231450138Z-0.png;photo-20260901T231450138Z-1.png;photo-20260901T231450138Z-2.png;photo-20260901T231450138Z-3.png,0.0,,0.0,False,0.0,,0.0,False,0.0,,0.0,False
36.843,183,slm,TOWNSIM_INI,1,deliberative,FRENAR,0,27.96654817642344,False,-0.2418389916419983,-0.05086929351091385,-2.034290075302124,,,,-11.83,False,,,"{""telemetry"": 1.1, ""graph"": 121.4}",True,3923.8,False,False,True,2,photo-20260901T231450138Z-0.png;photo-20260901T231450138Z-1.png;photo-20260901T231450138Z-2.png;photo-20260901T231450138Z-3.png,0.0,,0.0,False,0.0,,0.0,False,0.0,,0.0,False
37.071,184,slm,TOWNSIM_INI,1,deliberative,FRENAR,0,27.96714610687375,False,-0.2418389916419983,-0.05086929351091385,-2.0336105823516846,,,,-11.83,False,,,"{""telemetry"": 0.8, ""graph"": 148.8}",True,3923.8,False,False,True,2,photo-20260901T231450138Z-0.png;photo-20260901T231450138Z-1.png;photo-20260901T231450138Z-2.png;photo-20260901T231450138Z-3.png,0.0,,0.0,False,0.0,,0.0,False,0.0,,0.0,False
37.238,185,slm,TOWNSIM_INI,1,deliberative,FRENAR,0,27.967753096877356,False,-0.2418389916419983,-0.05086929351091385,-2.033121347427368,,,,-11.83,False,,,"{""telemetry"": 1.7, ""graph"": 113.0}",True,3923.8,False,False,True,2,photo-20260901T231450138Z-0.png;photo-20260901T231450138Z-1.png;photo-20260901T231450138Z-2.png;photo-20260901T231450138Z-3.png,0.0,,0.0,False,0.0,,0.0,False,0.0,,0.0,False
37.439,186,slm,TOWNSIM_INI,1,deliberative,FRENAR,0,27.96835102732968,False,-0.2418389916419983,-0.05086929351091385,-2.0325233936309814,,,,-11.83,False,,,"{""telemetry"": 1.1, ""graph"": 114.0}",True,3923.8,False,False,True,2,photo-20260901T231450138Z-0.png;photo-20260901T231450138Z-1.png;photo-20260901T231450138Z-2.png;photo-20260901T231450138Z-3.png,0.0,,0.0,False,0.0,,0.0,False,0.0,,0.0,False
37.637,187,slm,TOWNSIM_INI,1,deliberative,FRENAR,0,27.968948957783,False,-0.2418389916419983,-0.05086929351091385,-2.0319254398345947,,,,-11.83,False,,,"{""telemetry"": 1.7, ""graph"": 110.8}",True,3923.8,False,False,True,2,photo-20260901T231450138Z-0.png;photo-20260901T231450138Z-1.png;photo-20260901T231450138Z-2.png;photo-20260901T231450138Z-3.png,0.0,,0.0,False,0.0,,0.0,False,0.0,,0.0,False
37.837,188,slm,TOWNSIM_INI,1,deliberative,FRENAR,0,27.969546888237314,False,-0.2418389916419983,-0.05086929351091385,-2.031318426132202,,,,-11.83,False,,,"{""telemetry"": 1.1, ""graph"": 111.7}",True,3923.8,False,False,True,2,photo-20260901T231450138Z-0.png;photo-20260901T231450138Z-1.png;photo-20260901T231450138Z-2.png;photo-20260901T231450138Z-3.png,0.0,,0.0,False,0.0,,0.0,False,0.0,,0.0,False
38.033,189,slm,TOWNSIM_INI,1,deliberative,FRENAR,0,27.97015387824499,False,-0.2418389916419983,-0.05086929351091385,-2.030738592147827,,,,-11.83,False,,,"{""telemetry"": 1.4, ""graph"": 107.0}",True,3923.8,False,False,True,2,photo-20260901T231450138Z-0.png;photo-20260901T231450138Z-1.png;photo-20260901T231450138Z-2.png;photo-20260901T231450138Z-3.png,0.0,,0.0,False,0.0,,0.0,False,0.0,,0.0,False
38.235,190,slm,TOWNSIM_INI,1,deliberative,FRENAR,0,27.97075180870132,False,-0.2418389916419983,-0.05086929351091385,-2.0301225185394287,,,,-11.83,False,,,"{""telemetry"": 1.7, ""graph"": 108.4}",True,3923.8,False,False,True,2,photo-20260901T231450138Z-0.png;photo-20260901T231450138Z-1.png;photo-20260901T231450138Z-2.png;photo-20260901T231450138Z-3.png,0.0,,0.0,False,0.0,,0.0,False,0.0,,0.0,False
38.452,191,slm,TOWNSIM_INI,1,deliberative,FRENAR,0,27.971358798711037,False,-0.2418389916419983,-0.05086929351091385,-2.0294883251190186,,,,-11.83,False,,,"{""telemetry"": 1.1, ""graph"": 125.2}",True,3923.8,False,False,True,2,photo-20260901T231450138Z-0.png;photo-20260901T231450138Z-1.png;photo-20260901T231450138Z-2.png;photo-20260901T231450138Z-3.png,0.0,,0.0,False,0.0,,0.0,False,0.0,,0.0,False
38.654,192,slm,TOWNSIM_INI,1,deliberative,FRENAR,0,27.97194766961697,False,-0.2418389916419983,-0.05086929351091385,-2.028881311416626,,,,-11.83,False,,,"{""telemetry"": 1.0, ""graph"": 126.5}",True,3923.8,False,False,True,2,photo-20260901T231450138Z-0.png;photo-20260901T231450138Z-1.png;photo-20260901T231450138Z-2.png;photo-20260901T231450138Z-3.png,0.0,,0.0,False,0.0,,0.0,False,0.0,,0.0,False
38.858,193,slm,TOWNSIM_INI,1,deliberative,FRENAR,0,27.972554659628713,False,-0.2418389916419983,-0.05086929351091385,-2.0282833576202393,,,,-11.83,False,,,"{""telemetry"": 1.3, ""graph"": 130.4}",True,3923.8,False,False,True,2,photo-20260901T231450138Z-0.png;photo-20260901T231450138Z-1.png;photo-20260901T231450138Z-2.png;photo-20260901T231450138Z-3.png,0.0,,0.0,False,0.0,,0.0,False,0.0,,0.0,False
39.05,194,slm,TOWNSIM_INI,1,deliberative,FRENAR,0,27.973152590089047,False,-0.2418389916419983,-0.05086929351091385,-2.0277035236358643,,,,-11.83,False,,,"{""telemetry"": 0.8, ""graph"": 122.3}",True,3923.8,False,False,True,2,photo-20260901T231450138Z-0.png;photo-20260901T231450138Z-1.png;photo-20260901T231450138Z-2.png;photo-20260901T231450138Z-3.png,0.0,,0.0,False,0.0,,0.0,False,0.0,,0.0,False
39.267,195,slm,TOWNSIM_INI,1,deliberative,FRENAR,0,27.97374146099793,False,-0.2418389916419983,-0.05086929351091385,-2.0270602703094482,,,,-11.83,False,,,"{""telemetry"": 1.0, ""graph"": 138.8}",True,3923.8,False,False,True,2,photo-20260901T231450138Z-0.png;photo-20260901T231450138Z-1.png;photo-20260901T231450138Z-2.png;photo-20260901T231450138Z-3.png,0.0,,0.0,False,0.0,,0.0,False,0.0,,0.0,False
39.443,196,slm,TOWNSIM_INI,1,deliberative,FRENAR,0,27.97434845101271,False,-0.2418389916419983,-0.05086929351091385,-2.0265166759490967,,,,-11.83,False,,,"{""telemetry"": 0.9, ""graph"": 114.8}",True,3923.8,False,False,True,2,photo-20260901T231450138Z-0.png;photo-20260901T231450138Z-1.png;photo-20260901T231450138Z-2.png;photo-20260901T231450138Z-3.png,0.0,,0.0,False,0.0,,0.0,False,0.0,,0.0,False
39.639,197,slm,TOWNSIM_INI,1,deliberative,FRENAR,0,27.974946381476038,False,-0.2418389916419983,-0.05086929351091385,-2.0259459018707275,,,,-11.83,False,,,"{""telemetry"": 1.1, ""graph"": 109.9}",True,3923.8,False,False,True,2,photo-20260901T231450138Z-0.png;photo-20260901T231450138Z-1.png;photo-20260901T231450138Z-2.png;photo-20260901T231450138Z-3.png,0.0,,0.0,False,0.0,,0.0,False,0.0,,0.0,False
39.843,198,slm,TOWNSIM_INI,1,deliberative,FRENAR,0,27.975544311940364,False,-0.2418389916419983,-0.05086929351091385,-2.025338888168335,,,,-11.83,False,,,"{""telemetry"": 2.1, ""graph"": 112.6}",True,3923.8,False,False,True,2,photo-20260901T231450138Z-0.png;photo-20260901T231450138Z-1.png;photo-20260901T231450138Z-2.png;photo-20260901T231450138Z-3.png,0.0,,0.0,False,0.0,,0.0,False,0.0,,0.0,False
40.051,199,slm,TOWNSIM_INI,1,deliberative,FRENAR,0,27.976142242405686,False,-0.2418389916419983,-0.05086929351091385,-2.0247137546539307,,,,-11.83,False,,,"{""telemetry"": 1.0, ""graph"": 121.1}",True,3923.8,False,False,True,2,photo-20260901T231450138Z-0.png;photo-20260901T231450138Z-1.png;photo-20260901T231450138Z-2.png;photo-20260901T231450138Z-3.png,0.0,,0.0,False,0.0,,0.0,False,0.0,,0.0,False
40.265,200,slm,TOWNSIM_INI,1,deliberative,FRENAR,0,27.976740172872006,False,-0.2418389916419983,-0.05086929351091385,-2.0240705013275146,,,,-11.83,False,,,"{""telemetry"": 1.2, ""graph"": 135.3}",True,3923.8,False,False,True,2,photo-20260901T231450138Z-0.png;photo-20260901T231450138Z-1.png;photo-20260901T231450138Z-2.png;photo-20260901T231450138Z-3.png,0.0,,0.0,False,0.0,,0.0,False,0.0,,0.0,False
40.482,201,slm,TOWNSIM_INI,1,deliberative,FRENAR,0,27.977347162891864,False,-0.2418389916419983,-0.05086929351091385,-2.0234272480010986,,,,-11.83,False,,,"{""telemetry"": 1.1, ""graph"": 151.6}",True,3923.8,False,False,True,2,photo-20260901T231450138Z-0.png;photo-20260901T231450138Z-1.png;photo-20260901T231450138Z-2.png;photo-20260901T231450138Z-3.png,0.0,,0.0,False,0.0,,0.0,False,0.0,,0.0,False
40.639,202,slm,TOWNSIM_INI,1,deliberative,FRENAR,0,27.977945093360194,False,-0.2418389916419983,-0.05086929351091385,-2.0229380130767822,,,,-11.83,False,,,"{""telemetry"": 1.6, ""graph"": 107.6}",True,3923.8,False,False,True,2,photo-20260901T231450138Z-0.png;photo-20260901T231450138Z-1.png;photo-20260901T231450138Z-2.png;photo-20260901T231450138Z-3.png,0.0,,0.0,False,0.0,,0.0,False,0.0,,0.0,False
40.843,203,slm,TOWNSIM_INI,1,deliberative,FRENAR,0,27.97854302382952,False,-0.2418389916419983,-0.05086929351091385,-2.0223400592803955,,,,-11.83,False,,,"{""telemetry"": 2.3, ""graph"": 110.8}",True,3923.8,False,False,True,2,photo-20260901T231450138Z-0.png;photo-20260901T231450138Z-1.png;photo-20260901T231450138Z-2.png;photo-20260901T231450138Z-3.png,0.0,,0.0,False,0.0,,0.0,False,0.0,,0.0,False
41.047,204,slm,TOWNSIM_INI,1,deliberative,FRENAR,0,27.979140954299844,False,-0.2418389916419983,-0.05086929351091385,-2.021733045578003,,,,-11.83,False,,,"{""telemetry"": 1.0, ""graph"": 115.8}",True,3923.8,False,False,True,2,photo-20260901T231450138Z-0.png;photo-20260901T231450138Z-1.png;photo-20260901T231450138Z-2.png;photo-20260901T231450138Z-3.png,0.0,,0.0,False,0.0,,0.0,False,0.0,,0.0,False
41.251,205,slm,TOWNSIM_INI,1,deliberative,FRENAR,0,27.979738884771166,False,-0.2418389916419983,-0.05086929351091385,-2.0211169719696045,,,,-11.83,False,,,"{""telemetry"": 1.1, ""graph"": 119.2}",True,3923.8,False,False,True,2,photo-20260901T231450138Z-0.png;photo-20260901T231450138Z-1.png;photo-20260901T231450138Z-2.png;photo-20260901T231450138Z-3.png,0.0,,0.0,False,0.0,,0.0,False,0.0,,0.0,False
41.467,206,slm,TOWNSIM_INI,1,deliberative,FRENAR,0,27.9803458747961,False,-0.2418389916419983,-0.05086929351091385,-2.0204737186431885,,,,-11.83,False,,,"{""telemetry"": 1.4, ""graph"": 134.6}",True,3923.8,False,False,True,2,photo-20260901T231450138Z-0.png;photo-20260901T231450138Z-1.png;photo-20260901T231450138Z-2.png;photo-20260901T231450138Z-3.png,0.0,,0.0,False,0.0,,0.0,False,0.0,,0.0,False
41.658,207,slm,TOWNSIM_INI,1,deliberative,FRENAR,0,27.98094380526943,False,-0.2418389916419983,-0.05086929351091385,-2.0198938846588135,,,,-11.83,False,,,"{""telemetry"": 1.2, ""graph"": 125.0}",True,3923.8,False,False,True,2,photo-20260901T231450138Z-0.png;photo-20260901T231450138Z-1.png;photo-20260901T231450138Z-2.png;photo-20260901T231450138Z-3.png,0.0,,0.0,False,0.0,,0.0,False,0.0,,0.0,False
41.855,208,slm,TOWNSIM_INI,1,deliberative,FRENAR,0,27.981541735743757,False,-0.2418389916419983,-0.05086929351091385,-2.0192959308624268,,,,-11.83,False,,,"{""telemetry"": 1.7, ""graph"": 121.4}",True,3923.8,False,False,True,2,photo-20260901T231450138Z-0.png;photo-20260901T231450138Z-1.png;photo-20260901T231450138Z-2.png;photo-20260901T231450138Z-3.png,0.0,,0.0,False,0.0,,0.0,False,0.0,,0.0,False
42.06,209,slm,TOWNSIM_INI,1,deliberative,FRENAR,0,27.98213966621908,False,-0.2418389916419983,-0.05086929351091385,-2.018688917160034,,,,-11.83,False,,,"{""telemetry"": 1.4, ""graph"": 126.9}",True,3923.8,False,False,True,2,photo-20260901T231450138Z-0.png;photo-20260901T231450138Z-1.png;photo-20260901T231450138Z-2.png;photo-20260901T231450138Z-3.png,0.0,,0.0,False,0.0,,0.0,False,0.0,,0.0,False
42.309,210,slm,TOWNSIM_INI,1,deliberative,FRENAR,0,27.982746656248075,False,-0.2418389916419983,-0.05086929351091385,-2.018045663833618,,,,-11.83,False,,,"{""telemetry"": 1.4, ""graph"": 175.7}",True,3923.8,False,False,True,2,photo-20260901T231450138Z-0.png;photo-20260901T231450138Z-1.png;photo-20260901T231450138Z-2.png;photo-20260901T231450138Z-3.png,0.0,,0.0,False,0.0,,0.0,False,0.0,,0.0,False
42.466,211,slm,TOWNSIM_INI,1,deliberative,FRENAR,0,27.983317408067325,False,-0.2418389916419983,-0.05086929351091385,-2.0175020694732666,,,,-11.83,False,,,"{""telemetry"": 2.0, ""graph"": 131.7}",True,3923.8,False,False,True,2,photo-20260901T231450138Z-0.png;photo-20260901T231450138Z-1.png;photo-20260901T231450138Z-2.png;photo-20260901T231450138Z-3.png,0.0,,0.0,False,0.0,,0.0,False,0.0,,0.0,False
42.652,212,slm,TOWNSIM_INI,1,deliberative,FRENAR,0,27.983924398098317,False,-0.2418389916419983,-0.05086929351091385,-2.0169403553009033,,,,-11.83,False,,,"{""telemetry"": 1.1, ""graph"": 118.1}",True,3923.8,False,False,True,2,photo-20260901T231450138Z-0.png;photo-20260901T231450138Z-1.png;photo-20260901T231450138Z-2.png;photo-20260901T231450138Z-3.png,0.0,,0.0,False,0.0,,0.0,False,0.0,,0.0,False
42.865,213,slm,TOWNSIM_INI,1,deliberative,FRENAR,0,27.984522328577608,False,-0.2418389916419983,-0.05086929351091385,-2.0162971019744873,,,,-11.83,False,,,"{""telemetry"": 1.0, ""graph"": 130.1}",True,3923.8,False,False,True,2,photo-20260901T231450138Z-0.png;photo-20260901T231450138Z-1.png;photo-20260901T231450138Z-2.png;photo-20260901T231450138Z-3.png,0.0,,0.0,False,0.0,,0.0,False,0.0,,0.0,False
43.079,214,slm,TOWNSIM_INI,1,deliberative,FRENAR,0,27.985120259057897,False,-0.2418389916419983,-0.05086929351091385,-2.015671968460083,,,,-11.83,False,,,"{""telemetry"": 1.1, ""graph"": 144.0}",True,3923.8,False,False,True,2,photo-20260901T231450138Z-0.png;photo-20260901T231450138Z-1.png;photo-20260901T231450138Z-2.png;photo-20260901T231450138Z-3.png,0.0,,0.0,False,0.0,,0.0,False,0.0,,0.0,False
43.263,215,slm,TOWNSIM_INI,1,deliberative,FRENAR,0,27.985718189539185,False,-0.2418389916419983,-0.05086929351091385,-2.0151193141937256,,,,-11.83,False,,,"{""telemetry"": 2.3, ""graph"": 125.9}",True,3923.8,False,False,True,2,photo-20260901T231450138Z-0.png;photo-20260901T231450138Z-1.png;photo-20260901T231450138Z-2.png;photo-20260901T231450138Z-3.png,0.0,,0.0,False,0.0,,0.0,False,0.0,,0.0,False
43.464,216,slm,TOWNSIM_INI,1,deliberative,FRENAR,0,27.986316120021467,False,-0.2418389916419983,-0.05086929351091385,-2.014512300491333,,,,-11.83,False,,,"{""telemetry"": 1.1, ""graph"": 128.9}",True,3923.8,False,False,True,2,photo-20260901T231450138Z-0.png;photo-20260901T231450138Z-1.png;photo-20260901T231450138Z-2.png;photo-20260901T231450138Z-3.png,0.0,,0.0,False,0.0,,0.0,False,0.0,,0.0,False
43.67,217,slm,TOWNSIM_INI,1,deliberative,FRENAR,0,27.986923110057532,False,-0.2418389916419983,-0.05086929351091385,-2.0138962268829346,,,,-11.83,False,,,"{""telemetry"": 1.0, ""graph"": 134.3}",True,3923.8,False,False,True,2,photo-20260901T231450138Z-0.png;photo-20260901T231450138Z-1.png;photo-20260901T231450138Z-2.png;photo-20260901T231450138Z-3.png,0.0,,0.0,False,0.0,,0.0,False,0.0,,0.0,False
43.842,218,slm,TOWNSIM_INI,1,deliberative,FRENAR,0,27.987511980989023,False,-0.2418389916419983,-0.05086929351091385,-2.0133798122406006,,,,-11.83,False,,,"{""telemetry"": 1.0, ""graph"": 106.4}",True,3923.8,False,False,True,2,photo-20260901T231450138Z-0.png;photo-20260901T231450138Z-1.png;photo-20260901T231450138Z-2.png;photo-20260901T231450138Z-3.png,0.0,,0.0,False,0.0,,0.0,False,0.0,,0.0,False
44.063,219,slm,TOWNSIM_INI,1,deliberative,FRENAR,0,27.988109911474293,False,-0.2418389916419983,-0.05086929351091385,-2.012709379196167,,,,-11.83,False,,,"{""telemetry"": 1.0, ""graph"": 126.7}",True,3923.8,False,False,True,2,photo-20260901T231450138Z-0.png;photo-20260901T231450138Z-1.png;photo-20260901T231450138Z-2.png;photo-20260901T231450138Z-3.png,0.0,,0.0,False,0.0,,0.0,False,0.0,,0.0,False
44.284,220,slm,TOWNSIM_INI,1,deliberative,FRENAR,0,27.988716901513392,False,-0.2418389916419983,-0.05086929351091385,-2.012057065963745,,,,-11.83,False,,,"{""telemetry"": 1.1, ""graph"": 147.5}",True,3923.8,False,False,True,2,photo-20260901T231450138Z-0.png;photo-20260901T231450138Z-1.png;photo-20260901T231450138Z-2.png;photo-20260901T231450138Z-3.png,0.0,,0.0,False,0.0,,0.0,False,0.0,,0.0,False
44.454,221,slm,TOWNSIM_INI,1,deliberative,FRENAR,0,27.98931483200067,False,-0.2418389916419983,-0.05086929351091385,-2.0115678310394287,,,,-11.83,False,,,"{""telemetry"": 0.9, ""graph"": 117.8}",True,3923.8,False,False,True,2,photo-20260901T231450138Z-0.png;photo-20260901T231450138Z-1.png;photo-20260901T231450138Z-2.png;photo-20260901T231450138Z-3.png,0.0,,0.0,False,0.0,,0.0,False,0.0,,0.0,False
44.653,222,slm,TOWNSIM_INI,1,deliberative,FRENAR,0,27.989912762488945,False,-0.2418389916419983,-0.05086929351091385,-2.0109517574310303,,,,-11.83,False,,,"{""telemetry"": 1.2, ""graph"": 116.7}",True,3923.8,False,False,True,2,photo-20260901T231450138Z-0.png;photo-20260901T231450138Z-1.png;photo-20260901T231450138Z-2.png;photo-20260901T231450138Z-3.png,0.0,,0.0,False,0.0,,0.0,False,0.0,,0.0,False
44.854,223,slm,TOWNSIM_INI,1,deliberative,FRENAR,0,27.990510692978212,False,-0.2418389916419983,-0.05086929351091385,-2.0103538036346436,,,,-11.83,False,,,"{""telemetry"": 1.3, ""graph"": 116.8}",True,3923.8,False,False,True,2,photo-20260901T231450138Z-0.png;photo-20260901T231450138Z-1.png;photo-20260901T231450138Z-2.png;photo-20260901T231450138Z-3.png,0.0,,0.0,False,0.0,,0.0,False,0.0,,0.0,False
45.057,224,slm,TOWNSIM_INI,1,deliberative,FRENAR,0,27.991117683021372,False,-0.2418389916419983,-0.05086929351091385,-2.009737730026245,,,,-11.83,False,,,"{""telemetry"": 1.1, ""graph"": 118.9}",True,3923.8,False,False,True,2,photo-20260901T231450138Z-0.png;photo-20260901T231450138Z-1.png;photo-20260901T231450138Z-2.png;photo-20260901T231450138Z-3.png,0.0,,0.0,False,0.0,,0.0,False,0.0,,0.0,False
45.257,225,slm,TOWNSIM_INI,1,deliberative,FRENAR,0,27.991715613512646,False,-0.2418389916419983,-0.05086929351091385,-2.0091397762298584,,,,-11.83,False,,,"{""telemetry"": 0.8, ""graph"": 119.3}",True,3923.8,False,False,True,2,photo-20260901T231450138Z-0.png;photo-20260901T231450138Z-1.png;photo-20260901T231450138Z-2.png;photo-20260901T231450138Z-3.png,0.0,,0.0,False,0.0,,0.0,False,0.0,,0.0,False
45.468,226,slm,TOWNSIM_INI,1,deliberative,FRENAR,0,27.992313544004922,False,-0.2418389916419983,-0.05086929351091385,-2.0085055828094482,,,,-11.83,False,,,"{""telemetry"": 1.0, ""graph"": 129.9}",True,3923.8,False,False,True,2,photo-20260901T231450138Z-0.png;photo-20260901T231450138Z-1.png;photo-20260901T231450138Z-2.png;photo-20260901T231450138Z-3.png,0.0,,0.0,False,0.0,,0.0,False,0.0,,0.0,False
45.686,227,slm,TOWNSIM_INI,1,deliberative,FRENAR,0,27.992911474498186,False,-0.2418389916419983,-0.05086929351091385,-2.007871389389038,,,,-11.83,False,,,"{""telemetry"": 0.9, ""graph"": 147.4}",True,3923.8,False,False,True,2,photo-20260901T231450138Z-0.png;photo-20260901T231450138Z-1.png;photo-20260901T231450138Z-2.png;photo-20260901T231450138Z-3.png,0.0,,0.0,False,0.0,,0.0,False,0.0,,0.0,False
45.879,228,slm,TOWNSIM_INI,1,deliberative,FRENAR,0,27.993518464545403,False,-0.2418389916419983,-0.05086929351091385,-2.007291555404663,,,,-11.83,False,,,"{""telemetry"": 1.4, ""graph"": 139.6}",True,3923.8,False,False,True,2,photo-20260901T231450138Z-0.png;photo-20260901T231450138Z-1.png;photo-20260901T231450138Z-2.png;photo-20260901T231450138Z-3.png,0.0,,0.0,False,0.0,,0.0,False,0.0,,0.0,False
46.056,229,slm,TOWNSIM_INI,1,deliberative,FRENAR,0,27.99410733548771,False,-0.2418389916419983,-0.05086929351091385,-2.0067570209503174,,,,-11.83,False,,,"{""telemetry"": 1.1, ""graph"": 116.4}",True,3923.8,False,False,True,2,photo-20260901T231450138Z-0.png;photo-20260901T231450138Z-1.png;photo-20260901T231450138Z-2.png;photo-20260901T231450138Z-3.png,0.0,,0.0,False,0.0,,0.0,False,0.0,,0.0,False
46.253,230,slm,TOWNSIM_INI,1,deliberative,FRENAR,0,27.994705265983963,False,-0.2418389916419983,-0.05086929351091385,-2.0061681270599365,,,,-11.83,False,,,"{""telemetry"": 1.0, ""graph"": 113.6}",True,3923.8,False,False,True,2,photo-20260901T231450138Z-0.png;photo-20260901T231450138Z-1.png;photo-20260901T231450138Z-2.png;photo-20260901T231450138Z-3.png,0.0,,0.0,False,0.0,,0.0,False,0.0,,0.0,False
46.465,231,slm,TOWNSIM_INI,1,deliberative,FRENAR,0,27.995303196481213,False,-0.2418389916419983,-0.05086929351091385,-2.005561113357544,,,,-11.83,False,,,"{""telemetry"": 0.9, ""graph"": 125.2}",True,3923.8,False,False,True,2,photo-20260901T231450138Z-0.png;photo-20260901T231450138Z-1.png;photo-20260901T231450138Z-2.png;photo-20260901T231450138Z-3.png,0.0,,0.0,False,0.0,,0.0,False,0.0,,0.0,False
46.653,232,slm,TOWNSIM_INI,1,deliberative,FRENAR,0,27.995892067426446,False,-0.2418389916419983,-0.05086929351091385,-2.004981279373169,,,,-11.83,False,,,"{""telemetry"": 1.7, ""graph"": 111.7}",True,3923.8,False,False,True,2,photo-20260901T231450138Z-0.png;photo-20260901T231450138Z-1.png;photo-20260901T231450138Z-2.png;photo-20260901T231450138Z-3.png,0.0,,0.0,False,0.0,,0.0,False,0.0,,0.0,False
46.851,233,slm,TOWNSIM_INI,1,deliberative,FRENAR,0,27.99648999792567,False,-0.2418389916419983,-0.05086929351091385,-2.0043833255767822,,,,-11.83,False,,,"{""telemetry"": 1.7, ""graph"": 109.8}",True,3923.8,False,False,True,2,photo-20260901T231450138Z-0.png;photo-20260901T231450138Z-1.png;photo-20260901T231450138Z-2.png;photo-20260901T231450138Z-3.png,0.0,,0.0,False,0.0,,0.0,False,0.0,,0.0,False
47.05,234,slm,TOWNSIM_INI,1,deliberative,FRENAR,0,27.997096987978935,False,-0.2418389916419983,-0.05086929351091385,-2.0037853717803955,,,,-11.83,False,,,"{""telemetry"": 1.8, ""graph"": 107.8}",True,3923.8,False,False,True,2,photo-20260901T231450138Z-0.png;photo-20260901T231450138Z-1.png;photo-20260901T231450138Z-2.png;photo-20260901T231450138Z-3.png,0.0,,0.0,False,0.0,,0.0,False,0.0,,0.0,False
47.244,235,slm,TOWNSIM_INI,1,deliberative,FRENAR,0,27.997694918480164,False,-0.2418389916419983,-0.05086929351091385,-2.0032055377960205,,,,-11.83,False,,,"{""telemetry"": 1.0, ""graph"": 102.9}",True,3923.8,False,False,True,2,photo-20260901T231450138Z-0.png;photo-20260901T231450138Z-1.png;photo-20260901T231450138Z-2.png;photo-20260901T231450138Z-3.png,0.0,,0.0,False,0.0,,0.0,False,0.0,,0.0,False
47.467,236,slm,TOWNSIM_INI,1,deliberative,FRENAR,0,27.99830190853546,False,-0.2418389916419983,-0.05086929351091385,-2.002535104751587,,,,-11.83,False,,,"{""telemetry"": 1.0, ""graph"": 124.8}",True,3923.8,False,False,True,2,photo-20260901T231450138Z-0.png;photo-20260901T231450138Z-1.png;photo-20260901T231450138Z-2.png;photo-20260901T231450138Z-3.png,0.0,,0.0,False,0.0,,0.0,False,0.0,,0.0,False
47.669,237,slm,TOWNSIM_INI,1,deliberative,FRENAR,0,27.998899839038696,False,-0.2418389916419983,-0.05086929351091385,-2.0019280910491943,,,,-11.83,False,,,"{""telemetry"": 1.2, ""graph"": 126.4}",True,3923.8,False,False,True,2,photo-20260901T231450138Z-0.png;photo-20260901T231450138Z-1.png;photo-20260901T231450138Z-2.png;photo-20260901T231450138Z-3.png,0.0,,0.0,False,0.0,,0.0,False,0.0,,0.0,False
47.879,238,slm,TOWNSIM_INI,1,deliberative,FRENAR,0,27.999488709989823,False,-0.2418389916419983,-0.05086929351091385,-2.001312017440796,,,,-11.83,False,,,"{""telemetry"": 0.9, ""graph"": 136.4}",True,3923.8,False,False,True,2,photo-20260901T231450138Z-0.png;photo-20260901T231450138Z-1.png;photo-20260901T231450138Z-2.png;photo-20260901T231450138Z-3.png,0.0,,0.0,False,0.0,,0.0,False,0.0,,0.0,False
48.071,239,slm,TOWNSIM_INI,1,deliberative,FRENAR,0,28.00009570004815,False,-0.2418389916419983,-0.05086929351091385,-2.0007503032684326,,,,-11.83,False,,,"{""telemetry"": 1.6, ""graph"": 126.7}",True,3923.8,False,False,True,2,photo-20260901T231450138Z-0.png;photo-20260901T231450138Z-1.png;photo-20260901T231450138Z-2.png;photo-20260901T231450138Z-3.png,0.0,,0.0,False,0.0,,0.0,False,0.0,,0.0,False
48.266,240,slm,TOWNSIM_INI,1,deliberative,FRENAR,0,28.00069363055437,False,-0.2418389916419983,-0.05086929351091385,-2.00014328956604,,,,-11.83,False,,,"{""telemetry"": 1.1, ""graph"": 122.4}",True,3923.8,False,False,True,2,photo-20260901T231450138Z-0.png;photo-20260901T231450138Z-1.png;photo-20260901T231450138Z-2.png;photo-20260901T231450138Z-3.png,0.0,,0.0,False,0.0,,0.0,False,0.0,,0.0,False
48.482,241,slm,TOWNSIM_INI,1,deliberative,FRENAR,0,28.00129156106158,False,-0.2418389916419983,-0.05086929351091385,-1.9995362758636475,,,,-11.83,False,,,"{""telemetry"": 1.3, ""graph"": 137.7}",True,3923.8,False,False,True,2,photo-20260901T231450138Z-0.png;photo-20260901T231450138Z-1.png;photo-20260901T231450138Z-2.png;photo-20260901T231450138Z-3.png,0.0,,0.0,False,0.0,,0.0,False,0.0,,0.0,False
48.705,242,slm,TOWNSIM_INI,1,deliberative,FRENAR,0,28.00188043201663,False,-0.2418389916419983,-0.05086929351091385,-1.9988477230072021,,,,-11.83,False,,,"{""telemetry"": 0.9, ""graph"": 161.1}",True,3923.8,False,False,True,2,photo-20260901T231450138Z-0.png;photo-20260901T231450138Z-1.png;photo-20260901T231450138Z-2.png;photo-20260901T231450138Z-3.png,0.0,,0.0,False,0.0,,0.0,False,0.0,,0.0,False
48.863,243,slm,TOWNSIM_INI,1,deliberative,FRENAR,0,28.002487422078996,False,-0.2418389916419983,-0.05086929351091385,-1.9983766078948975,,,,-11.83,False,,,"{""telemetry"": 0.9, ""graph"": 118.2}",True,3923.8,False,False,True,2,photo-20260901T231450138Z-0.png;photo-20260901T231450138Z-1.png;photo-20260901T231450138Z-2.png;photo-20260901T231450138Z-3.png,0.0,,0.0,False,0.0,,0.0,False,0.0,,0.0,False
49.09,244,slm,TOWNSIM_INI,1,deliberative,FRENAR,0,28.003085352589192,False,-0.2418389916419983,-0.05086929351091385,-1.9976789951324463,,,,-11.83,False,,,"{""telemetry"": 0.9, ""graph"": 145.6}",True,3923.8,False,False,True,2,photo-20260901T231450138Z-0.png;photo-20260901T231450138Z-1.png;photo-20260901T231450138Z-2.png;photo-20260901T231450138Z-3.png,0.0,,0.0,False,0.0,,0.0,False,0.0,,0.0,False
49.26,245,slm,TOWNSIM_INI,1,deliberative,FRENAR,0,28.003692342653594,False,-0.2418389916419983,-0.05086929351091385,-1.997180700302124,,,,-11.83,False,,,"{""telemetry"": 0.9, ""graph"": 115.1}",True,3923.8,False,False,True,2,photo-20260901T231450138Z-0.png;photo-20260901T231450138Z-1.png;photo-20260901T231450138Z-2.png;photo-20260901T231450138Z-3.png,0.0,,0.0,False,0.0,,0.0,False,0.0,,0.0,False
49.467,246,slm,TOWNSIM_INI,1,deliberative,FRENAR,0,28.004290273165793,False,-0.2418389916419983,-0.05086929351091385,-1.9965465068817139,,,,-11.83,False,,,"{""telemetry"": 2.0, ""graph"": 121.5}",True,3923.8,False,False,True,2,photo-20260901T231450138Z-0.png;photo-20260901T231450138Z-1.png;photo-20260901T231450138Z-2.png;photo-20260901T231450138Z-3.png,0.0,,0.0,False,0.0,,0.0,False,0.0,,0.0,False
49.656,247,slm,TOWNSIM_INI,1,deliberative,FRENAR,0,28.00489726323223,False,-0.2418389916419983,-0.05086929351091385,-1.9959847927093506,,,,-11.83,False,,,"{""telemetry"": 1.2, ""graph"": 110.2}",True,3923.8,False,False,True,2,photo-20260901T231450138Z-0.png;photo-20260901T231450138Z-1.png;photo-20260901T231450138Z-2.png;photo-20260901T231450138Z-3.png,0.0,,0.0,False,0.0,,0.0,False,0.0,,0.0,False
49.858,248,slm,TOWNSIM_INI,1,deliberative,FRENAR,0,28.005495193746434,False,-0.2418389916419983,-0.05086929351091385,-1.9953868389129639,,,,-11.83,False,,,"{""telemetry"": 1.8, ""graph"": 111.2}",True,3923.8,False,False,True,2,photo-20260901T231450138Z-0.png;photo-20260901T231450138Z-1.png;photo-20260901T231450138Z-2.png;photo-20260901T231450138Z-3.png,0.0,,0.0,False,0.0,,0.0,False,0.0,,0.0,False
50.07,249,slm,TOWNSIM_INI,1,deliberative,FRENAR,0,28.006093124261632,False,-0.2418389916419983,-0.05086929351091385,-1.9947617053985596,,,,-11.83,False,,,"{""telemetry"": 1.2, ""graph"": 122.7}",True,3923.8,False,False,True,2,photo-20260901T231450138Z-0.png;photo-20260901T231450138Z-1.png;photo-20260901T231450138Z-2.png;photo-20260901T231450138Z-3.png,0.0,,0.0,False,0.0,,0.0,False,0.0,,0.0,False
50.269,250,slm,TOWNSIM_INI,1,deliberative,FRENAR,0,28.00669105477783,False,-0.2418389916419983,-0.05086929351091385,-1.9941637516021729,,,,-11.83,False,,,"{""telemetry"": 1.4, ""graph"": 120.8}",True,3923.8,False,False,True,2,photo-20260901T231450138Z-0.png;photo-20260901T231450138Z-1.png;photo-20260901T231450138Z-2.png;photo-20260901T231450138Z-3.png,0.0,,0.0,False,0.0,,0.0,False,0.0,,0.0,False
50.467,251,slm,TOWNSIM_INI,1,deliberative,FRENAR,0,28.007288985295016,False,-0.2418389916419983,-0.05086929351091385,-1.9935657978057861,,,,-11.83,False,,,"{""telemetry"": 1.3, ""graph"": 118.9}",True,3923.8,False,False,True,2,photo-20260901T231450138Z-0.png;photo-20260901T231450138Z-1.png;photo-20260901T231450138Z-2.png;photo-20260901T231450138Z-3.png,0.0,,0.0,False,0.0,,0.0,False,0.0,,0.0,False
50.683,252,slm,TOWNSIM_INI,1,deliberative,FRENAR,0,28.00789597536651,False,-0.2418389916419983,-0.05086929351091385,-1.9929225444793701,,,,-11.83,False,,,"{""telemetry"": 1.7, ""graph"": 134.4}",True,3923.8,False,False,True,2,photo-20260901T231450138Z-0.png;photo-20260901T231450138Z-1.png;photo-20260901T231450138Z-2.png;photo-20260901T231450138Z-3.png,0.0,,0.0,False,0.0,,0.0,False,0.0,,0.0,False
50.891,253,slm,TOWNSIM_INI,1,deliberative,FRENAR,0,28.0084939058857,False,-0.2418389916419983,-0.05086929351091385,-1.9922974109649658,,,,-11.83,False,,,"{""telemetry"": 1.1, ""graph"": 142.3}",True,3923.8,False,False,True,2,photo-20260901T231450138Z-0.png;photo-20260901T231450138Z-1.png;photo-20260901T231450138Z-2.png;photo-20260901T231450138Z-3.png,0.0,,0.0,False,0.0,,0.0,False,0.0,,0.0,False
51.06,254,slm,TOWNSIM_INI,1,deliberative,FRENAR,0,28.009091836405887,False,-0.2418389916419983,-0.05086929351091385,-1.9917900562286377,,,,-11.83,False,,,"{""telemetry"": 1.2, ""graph"": 110.9}",True,3923.8,False,False,True,2,photo-20260901T231450138Z-0.png;photo-20260901T231450138Z-1.png;photo-20260901T231450138Z-2.png;photo-20260901T231450138Z-3.png,0.0,,0.0,False,0.0,,0.0,False,0.0,,0.0,False
51.265,255,slm,TOWNSIM_INI,1,deliberative,FRENAR,0,28.009698826480424,False,-0.2418389916419983,-0.05086929351091385,-1.9911739826202393,,,,-11.83,False,,,"{""telemetry"": 1.1, ""graph"": 115.4}",True,3923.8,False,False,True,2,photo-20260901T231450138Z-0.png;photo-20260901T231450138Z-1.png;photo-20260901T231450138Z-2.png;photo-20260901T231450138Z-3.png,0.0,,0.0,False,0.0,,0.0,False,0.0,,0.0,False
51.472,256,slm,TOWNSIM_INI,1,deliberative,FRENAR,0,28.01029675700261,False,-0.2418389916419983,-0.05086929351091385,-1.990548849105835,,,,-11.83,False,,,"{""telemetry"": 1.0, ""graph"": 122.3}",True,3923.8,False,False,True,2,photo-20260901T231450138Z-0.png;photo-20260901T231450138Z-1.png;photo-20260901T231450138Z-2.png;photo-20260901T231450138Z-3.png,0.0,,0.0,False,0.0,,0.0,False,0.0,,0.0,False
51.685,257,slm,TOWNSIM_INI,1,deliberative,FRENAR,0,28.01089468752579,False,-0.2418389916419983,-0.05086929351091385,-1.9899146556854248,,,,-11.83,False,,,"{""telemetry"": 0.9, ""graph"": 135.5}",True,3923.8,False,False,True,2,photo-20260901T231450138Z-0.png;photo-20260901T231450138Z-1.png;photo-20260901T231450138Z-2.png;photo-20260901T231450138Z-3.png,0.0,,0.0,False,0.0,,0.0,False,0.0,,0.0,False
51.867,258,slm,TOWNSIM_INI,1,deliberative,FRENAR,0,28.01150167760337,False,-0.2418389916419983,-0.05086929351091385,-1.9893620014190674,,,,-11.83,False,,,"{""telemetry"": 1.6, ""graph"": 116.8}",True,3923.8,False,False,True,2,photo-20260901T231450138Z-0.png;photo-20260901T231450138Z-1.png;photo-20260901T231450138Z-2.png;photo-20260901T231450138Z-3.png,0.0,,0.0,False,0.0,,0.0,False,0.0,,0.0,False
52.069,259,slm,TOWNSIM_INI,1,deliberative,FRENAR,0,28.012099608128555,False,-0.2418389916419983,-0.05086929351091385,-1.9887549877166748,,,,-11.83,False,,,"{""telemetry"": 1.0, ""graph"": 118.9}",True,3923.8,False,False,True,2,photo-20260901T231450138Z-0.png;photo-20260901T231450138Z-1.png;photo-20260901T231450138Z-2.png;photo-20260901T231450138Z-3.png,0.0,,0.0,False,0.0,,0.0,False,0.0,,0.0,False
52.287,260,slm,TOWNSIM_INI,1,deliberative,FRENAR,0,28.01269753865473,False,-0.2418389916419983,-0.05086929351091385,-1.988093614578247,,,,-11.83,False,,,"{""telemetry"": 0.7, ""graph"": 136.7}",True,3923.8,False,False,True,2,photo-20260901T231450138Z-0.png;photo-20260901T231450138Z-1.png;photo-20260901T231450138Z-2.png;photo-20260901T231450138Z-3.png,0.0,,0.0,False,0.0,,0.0,False,0.0,,0.0,False
52.47,261,slm,TOWNSIM_INI,1,deliberative,FRENAR,0,28.013295469181898,False,-0.2418389916419983,-0.05086929351091385,-1.9875590801239014,,,,-11.83,False,,,"{""telemetry"": 1.0, ""graph"": 118.9}",True,3923.8,False,False,True,2,photo-20260901T231450138Z-0.png;photo-20260901T231450138Z-1.png;photo-20260901T231450138Z-2.png;photo-20260901T231450138Z-3.png,0.0,,0.0,False,0.0,,0.0,False,0.0,,0.0,False
52.674,262,slm,TOWNSIM_INI,1,deliberative,FRENAR,0,28.013902459263527,False,-0.2418389916419983,-0.05086929351091385,-1.986943006515503,,,,-11.83,False,,,"{""telemetry"": 1.0, ""graph"": 122.0}",True,3923.8,False,False,True,2,photo-20260901T231450138Z-0.png;photo-20260901T231450138Z-1.png;photo-20260901T231450138Z-2.png;photo-20260901T231450138Z-3.png,0.0,,0.0,False,0.0,,0.0,False,0.0,,0.0,False
52.876,263,slm,TOWNSIM_INI,1,deliberative,FRENAR,0,28.014500389792698,False,-0.2418389916419983,-0.05086929351091385,-1.9863359928131104,,,,-11.83,False,,,"{""telemetry"": 1.5, ""graph"": 123.3}",True,3923.8,False,False,True,2,photo-20260901T231450138Z-0.png;photo-20260901T231450138Z-1.png;photo-20260901T231450138Z-2.png;photo-20260901T231450138Z-3.png,0.0,,0.0,False,0.0,,0.0,False,0.0,,0.0,False
53.059,264,slm,TOWNSIM_INI,1,deliberative,FRENAR,0,28.01510737987636,False,-0.2418389916419983,-0.05086929351091385,-1.985783338546753,,,,-11.83,False,,,"{""telemetry"": 2.5, ""graph"": 105.9}",True,3923.8,False,False,True,2,photo-20260901T231450138Z-0.png;photo-20260901T231450138Z-1.png;photo-20260901T231450138Z-2.png;photo-20260901T231450138Z-3.png,0.0,,0.0,False,0.0,,0.0,False,0.0,,0.0,False
53.272,265,slm,TOWNSIM_INI,1,deliberative,FRENAR,0,28.01570531040753,False,-0.2418389916419983,-0.05086929351091385,-1.9851491451263428,,,,-11.83,False,,,"{""telemetry"": 0.9, ""graph"": 119.6}",True,3923.8,False,False,True,2,photo-20260901T231450138Z-0.png;photo-20260901T231450138Z-1.png;photo-20260901T231450138Z-2.png;photo-20260901T231450138Z-3.png,0.0,,0.0,False,0.0,,0.0,False,0.0,,0.0,False
53.456,266,slm,TOWNSIM_INI,1,deliberative,FRENAR,0,28.016303240939695,False,-0.2418389916419983,-0.05086929351091385,-1.9845964908599854,,,,-11.83,False,,,"{""telemetry"": 0.9, ""graph"": 104.2}",True,3923.8,False,False,True,2,photo-20260901T231450138Z-0.png;photo-20260901T231450138Z-1.png;photo-20260901T231450138Z-2.png;photo-20260901T231450138Z-3.png,0.0,,0.0,False,0.0,,0.0,False,0.0,,0.0,False
53.686,267,slm,TOWNSIM_INI,1,deliberative,FRENAR,0,28.016910231026394,False,-0.2418389916419983,-0.05086929351091385,-1.98390793800354,,,,-11.83,False,,,"{""telemetry"": 1.7, ""graph"": 133.1}",True,3923.8,False,False,True,2,photo-20260901T231450138Z-0.png;photo-20260901T231450138Z-1.png;photo-20260901T231450138Z-2.png;photo-20260901T231450138Z-3.png,0.0,,0.0,False,0.0,,0.0,False,0.0,,0.0,False
53.872,268,slm,TOWNSIM_INI,1,deliberative,FRENAR,0,28.017508161560563,False,-0.2418389916419983,-0.05086929351091385,-1.9833462238311768,,,,-11.83,False,,,"{""telemetry"": 0.9, ""graph"": 119.6}",True,3923.8,False,False,True,2,photo-20260901T231450138Z-0.png;photo-20260901T231450138Z-1.png;photo-20260901T231450138Z-2.png;photo-20260901T231450138Z-3.png,0.0,,0.0,False,0.0,,0.0,False,0.0,,0.0,False
54.064,269,slm,TOWNSIM_INI,1,deliberative,FRENAR,0,28.018106092095724,False,-0.2418389916419983,-0.05086929351091385,-1.9827845096588135,,,,-11.83,False,,,"{""telemetry"": 1.0, ""graph"": 111.3}",True,3923.8,False,False,True,2,photo-20260901T231450138Z-0.png;photo-20260901T231450138Z-1.png;photo-20260901T231450138Z-2.png;photo-20260901T231450138Z-3.png,0.0,,0.0,False,0.0,,0.0,False,0.0,,0.0,False
54.296,270,slm,TOWNSIM_INI,1,deliberative,FRENAR,0,28.01871308218546,False,-0.2418389916419983,-0.05086929351091385,-1.9821503162384033,,,,-11.83,False,,,"{""telemetry"": 0.9, ""graph"": 143.1}",True,3923.8,False,False,True,2,photo-20260901T231450138Z-0.png;photo-20260901T231450138Z-1.png;photo-20260901T231450138Z-2.png;photo-20260901T231450138Z-3.png,0.0,,0.001,False,0.0,,0.0,False,0.0,,0.002,False
54.471,271,slm,TOWNSIM_INI,1,deliberative,FRENAR,0,28.01931101272262,False,-0.2418389916419983,-0.05086929351091385,-1.9815523624420166,,,,-11.83,False,,,"{""telemetry"": 1.0, ""graph"": 117.0}",True,3923.8,False,False,True,2,photo-20260901T231450138Z-0.png;photo-20260901T231450138Z-1.png;photo-20260901T231450138Z-2.png;photo-20260901T231450138Z-3.png,0.0,,0.0,False,0.0,,0.0,False,0.0,,0.0,False
54.734,272,slm,TOWNSIM_INI,1,deliberative,FRENAR,0,28.01991800281439,False,-0.2418389916419983,-0.05086929351091385,-1.9809181690216064,,,,-11.83,False,,,"{""telemetry"": 1.0, ""graph"": 180.2}",True,3923.8,False,False,True,2,photo-20260901T231450138Z-0.png;photo-20260901T231450138Z-1.png;photo-20260901T231450138Z-2.png;photo-20260901T231450138Z-3.png,0.0,,0.0,False,0.0,,0.0,False,0.0,,0.0,False
54.872,273,slm,TOWNSIM_INI,1,deliberative,FRENAR,0,28.02051593335355,False,-0.2418389916419983,-0.05086929351091385,-1.980365514755249,,,,-11.83,False,,,"{""telemetry"": 1.0, ""graph"": 117.5}",True,3923.8,False,False,True,2,photo-20260901T231450138Z-0.png;photo-20260901T231450138Z-1.png;photo-20260901T231450138Z-2.png;photo-20260901T231450138Z-3.png,0.0,,0.0,False,0.0,,0.0,False,0.0,,0.0,False
55.087,274,slm,TOWNSIM_INI,1,deliberative,FRENAR,0,28.021113863893703,False,-0.2418389916419983,-0.05086929351091385,-1.9797132015228271,,,,-11.83,False,,,"{""telemetry"": 1.2, ""graph"": 131.7}",True,3923.8,False,False,True,2,photo-20260901T231450138Z-0.png;photo-20260901T231450138Z-1.png;photo-20260901T231450138Z-2.png;photo-20260901T231450138Z-3.png,0.0,,0.0,False,0.0,,0.0,False,0.0,,0.0,False
55.278,275,slm,TOWNSIM_INI,1,deliberative,FRENAR,0,28.02171179443485,False,-0.2418389916419983,-0.05086929351091385,-1.9791333675384521,,,,-11.83,False,,,"{""telemetry"": 1.5, ""graph"": 121.9}",True,3923.8,False,False,True,2,photo-20260901T231450138Z-0.png;photo-20260901T231450138Z-1.png;photo-20260901T231450138Z-2.png;photo-20260901T231450138Z-3.png,0.0,,0.0,False,0.0,,0.0,False,0.0,,0.0,False
55.475,276,slm,TOWNSIM_INI,1,deliberative,FRENAR,0,28.02232784408434,False,-0.2418389916419983,-0.05086929351091385,-1.9785444736480713,,,,-11.83,False,,,"{""telemetry"": 4.9, ""graph"": 115.2}",True,3923.8,False,False,True,2,photo-20260901T231450138Z-0.png;photo-20260901T231450138Z-1.png;photo-20260901T231450138Z-2.png;photo-20260901T231450138Z-3.png,0.0,,0.0,False,0.0,,0.0,False,0.0,,0.0,False
55.663,277,slm,TOWNSIM_INI,1,deliberative,FRENAR,0,28.022916715073812,False,-0.2418389916419983,-0.05086929351091385,-1.9779736995697021,,,,-11.83,False,,,"{""telemetry"": 1.0, ""graph"": 106.6}",True,3923.8,False,False,True,2,photo-20260901T231450138Z-0.png;photo-20260901T231450138Z-1.png;photo-20260901T231450138Z-2.png;photo-20260901T231450138Z-3.png,0.0,,0.0,False,0.0,,0.0,False,0.0,,0.0,False
55.88,278,slm,TOWNSIM_INI,1,deliberative,FRENAR,0,28.023514645617947,False,-0.2418389916419983,-0.05086929351091385,-1.977339506149292,,,,-11.83,False,,,"{""telemetry"": 1.0, ""graph"": 122.7}",True,3923.8,False,False,True,2,photo-20260901T231450138Z-0.png;photo-20260901T231450138Z-1.png;photo-20260901T231450138Z-2.png;photo-20260901T231450138Z-3.png,0.0,,0.0,False,0.0,,0.0,False,0.0,,0.0,False
56.071,279,slm,TOWNSIM_INI,1,deliberative,FRENAR,0,28.024121635716803,False,-0.2418389916419983,-0.05086929351091385,-1.976759672164917,,,,-11.83,False,,,"{""telemetry"": 1.0, ""graph"": 114.1}",True,3923.8,False,False,True,2,photo-20260901T231450138Z-0.png;photo-20260901T231450138Z-1.png;photo-20260901T231450138Z-2.png;photo-20260901T231450138Z-3.png,0.0,,0.0,False,0.0,,0.0,False,0.0,,0.0,False
56.284,280,slm,TOWNSIM_INI,1,deliberative,FRENAR,0,28.024719566262938,False,-0.2418389916419983,-0.05086929351091385,-1.9761254787445068,,,,-11.83,False,,,"{""telemetry"": 1.5, ""graph"": 125.7}",True,3923.8,False,False,True,2,photo-20260901T231450138Z-0.png;photo-20260901T231450138Z-1.png;photo-20260901T231450138Z-2.png;photo-20260901T231450138Z-3.png,0.0,,0.0,False,0.0,,0.0,False,0.0,,0.0,False
56.47,281,slm,TOWNSIM_INI,1,deliberative,FRENAR,0,28.025317496810068,False,-0.2418389916419983,-0.05086929351091385,-1.9755637645721436,,,,-11.83,False,,,"{""telemetry"": 1.1, ""graph"": 111.4}",True,3923.8,False,False,True,2,photo-20260901T231450138Z-0.png;photo-20260901T231450138Z-1.png;photo-20260901T231450138Z-2.png;photo-20260901T231450138Z-3.png,0.0,,0.0,False,0.0,,0.0,False,0.0,,0.0,False
56.69,282,slm,TOWNSIM_INI,1,deliberative,FRENAR,0,28.025924486911954,False,-0.2418389916419983,-0.05086929351091385,-1.9749023914337158,,,,-11.83,False,,,"{""telemetry"": 1.1, ""graph"": 130.8}",True,3923.8,False,False,True,2,photo-20260901T231450138Z-0.png;photo-20260901T231450138Z-1.png;photo-20260901T231450138Z-2.png;photo-20260901T231450138Z-3.png,0.0,,0.0,False,0.0,,0.0,False,0.0,,0.0,False
56.892,283,slm,TOWNSIM_INI,1,deliberative,FRENAR,0,28.026522417461084,False,-0.2418389916419983,-0.05086929351091385,-1.974304437637329,,,,-11.83,False,,,"{""telemetry"": 1.1, ""graph"": 132.2}",True,3923.8,False,False,True,2,photo-20260901T231450138Z-0.png;photo-20260901T231450138Z-1.png;photo-20260901T231450138Z-2.png;photo-20260901T231450138Z-3.png,0.0,,0.0,False,0.0,,0.0,False,0.0,,0.0,False
57.089,284,slm,TOWNSIM_INI,1,deliberative,FRENAR,0,28.027129407565003,False,-0.2418389916419983,-0.05086929351091385,-1.9737064838409424,,,,-11.83,False,,,"{""telemetry"": 1.7, ""graph"": 128.0}",True,3923.8,False,False,True,2,photo-20260901T231450138Z-0.png;photo-20260901T231450138Z-1.png;photo-20260901T231450138Z-2.png;photo-20260901T231450138Z-3.png,0.0,,0.0,False,0.0,,0.0,False,0.0,,0.0,False
57.289,285,slm,TOWNSIM_INI,1,deliberative,FRENAR,0,28.027736397669944,False,-0.2418389916419983,-0.05086929351091385,-1.9730994701385498,,,,-11.83,False,,,"{""telemetry"": 1.2, ""graph"": 128.3}",True,3923.8,False,False,True,2,photo-20260901T231450138Z-0.png;photo-20260901T231450138Z-1.png;photo-20260901T231450138Z-2.png;photo-20260901T231450138Z-3.png,0.0,,0.0,False,0.0,,0.0,False,0.0,,0.0,False
57.505,286,slm,TOWNSIM_INI,1,deliberative,FRENAR,0,28.028334328222076,False,-0.2418389916419983,-0.05086929351091385,-1.9725196361541748,,,,-11.83,False,,,"{""telemetry"": 1.1, ""graph"": 143.7}",True,3923.8,False,False,True,2,photo-20260901T231450138Z-0.png;photo-20260901T231450138Z-1.png;photo-20260901T231450138Z-2.png;photo-20260901T231450138Z-3.png,0.0,,0.0,False,0.0,,0.0,False,0.0,,0.0,False
57.676,287,slm,TOWNSIM_INI,1,deliberative,FRENAR,0,28.028941318329046,False,-0.2418389916419983,-0.05086929351091385,-1.9719398021697998,,,,-11.83,False,,,"{""telemetry"": 2.1, ""graph"": 112.6}",True,3923.8,False,False,True,2,photo-20260901T231450138Z-0.png;photo-20260901T231450138Z-1.png;photo-20260901T231450138Z-2.png;photo-20260901T231450138Z-3.png,0.0,,0.0,False,0.0,,0.0,False,0.0,,0.0,False
57.889,288,slm,TOWNSIM_INI,1,deliberative,FRENAR,0,28.02953924888318,False,-0.2418389916419983,-0.05086929351091385,-1.9712965488433838,,,,-11.83,False,,,"{""telemetry"": 1.0, ""graph"": 126.6}",True,3923.8,False,False,True,2,photo-20260901T231450138Z-0.png;photo-20260901T231450138Z-1.png;photo-20260901T231450138Z-2.png;photo-20260901T231450138Z-3.png,0.0,,0.0,False,0.0,,0.0,False,0.0,,0.0,False
58.081,289,slm,TOWNSIM_INI,1,deliberative,FRENAR,0,28.030137179438302,False,-0.2418389916419983,-0.05086929351091385,-1.9707257747650146,,,,-11.83,False,,,"{""telemetry"": 1.0, ""graph"": 118.1}",True,3923.8,False,False,True,2,photo-20260901T231450138Z-0.png;photo-20260901T231450138Z-1.png;photo-20260901T231450138Z-2.png;photo-20260901T231450138Z-3.png,0.0,,0.0,False,0.0,,0.0,False,0.0,,0.0,False
58.272,290,slm,TOWNSIM_INI,1,deliberative,FRENAR,0,28.030744169548306,False,-0.2418389916419983,-0.05086929351091385,-1.9701459407806396,,,,-11.83,False,,,"{""telemetry"": 2.6, ""graph"": 107.6}",True,3923.8,False,False,True,2,photo-20260901T231450138Z-0.png;photo-20260901T231450138Z-1.png;photo-20260901T231450138Z-2.png;photo-20260901T231450138Z-3.png,0.0,,0.0,False,0.0,,0.0,False,0.0,,0.0,False
58.488,291,slm,TOWNSIM_INI,1,deliberative,FRENAR,0,28.03134210010543,False,-0.2418389916419983,-0.05086929351091385,-1.9695117473602295,,,,-11.83,False,,,"{""telemetry"": 2.2, ""graph"": 123.7}",True,3923.8,False,False,True,2,photo-20260901T231450138Z-0.png;photo-20260901T231450138Z-1.png;photo-20260901T231450138Z-2.png;photo-20260901T231450138Z-3.png,0.0,,0.0,False,0.0,,0.0,False,0.0,,0.0,False
58.68,292,slm,TOWNSIM_INI,1,deliberative,FRENAR,0,28.031940030663545,False,-0.2418389916419983,-0.05086929351091385,-1.9689228534698486,,,,-11.83,False,,,"{""telemetry"": 1.1, ""graph"": 117.1}",True,3923.8,False,False,True,2,photo-20260901T231450138Z-0.png;photo-20260901T231450138Z-1.png;photo-20260901T231450138Z-2.png;photo-20260901T231450138Z-3.png,0.0,,0.0,False,0.0,,0.0,False,0.0,,0.0,False
58.871,293,slm,TOWNSIM_INI,1,deliberative,FRENAR,0,28.03253796122265,False,-0.2418389916419983,-0.05086929351091385,-1.9683520793914795,,,,-11.83,False,,,"{""telemetry"": 1.1, ""graph"": 107.6}",True,3923.8,False,False,True,2,photo-20260901T231450138Z-0.png;photo-20260901T231450138Z-1.png;photo-20260901T231450138Z-2.png;photo-20260901T231450138Z-3.png,0.0,,0.0,False,0.0,,0.0,False,0.0,,0.0,False
59.083,294,slm,TOWNSIM_INI,1,deliberative,FRENAR,0,28.03313589178275,False,-0.2418389916419983,-0.05086929351091385,-1.9677269458770752,,,,-11.83,False,,,"{""telemetry"": 1.0, ""graph"": 119.4}",True,3923.8,False,False,True,2,photo-20260901T231450138Z-0.png;photo-20260901T231450138Z-1.png;photo-20260901T231450138Z-2.png;photo-20260901T231450138Z-3.png,0.0,,0.0,False,0.0,,0.0,False,0.0,,0.0,False
59.281,295,slm,TOWNSIM_INI,1,deliberative,FRENAR,0,28.033742881897798,False,-0.2418389916419983,-0.05086929351091385,-1.967156171798706,,,,-11.83,False,,,"{""telemetry"": 1.1, ""graph"": 116.5}",True,3923.8,False,False,True,2,photo-20260901T231450138Z-0.png;photo-20260901T231450138Z-1.png;photo-20260901T231450138Z-2.png;photo-20260901T231450138Z-3.png,0.0,,0.0,False,0.0,,0.0,False,0.0,,0.0,False
59.492,296,slm,TOWNSIM_INI,1,deliberative,FRENAR,0,28.034313633797957,False,-0.2418389916419983,-0.05086929351091385,-1.96651291847229,,,,-11.83,False,,,"{""telemetry"": 1.8, ""graph"": 125.6}",True,3923.8,False,False,True,2,photo-20260901T231450138Z-0.png;photo-20260901T231450138Z-1.png;photo-20260901T231450138Z-2.png;photo-20260901T231450138Z-3.png,0.0,,0.0,False,0.0,,0.0,False,0.0,,0.0,False
59.69,297,slm,TOWNSIM_INI,1,deliberative,FRENAR,0,28.034911564360996,False,-0.2418389916419983,-0.05086929351091385,-1.9659149646759033,,,,-11.83,False,,,"{""telemetry"": 2.4, ""graph"": 123.3}",True,3923.8,False,False,True,2,photo-20260901T231450138Z-0.png;photo-20260901T231450138Z-1.png;photo-20260901T231450138Z-2.png;photo-20260901T231450138Z-3.png,0.0,,0.0,False,0.0,,0.0,False,0.0,,0.0,False
59.876,298,slm,TOWNSIM_INI,1,deliberative,FRENAR,0,28.035509494925027,False,-0.2418389916419983,-0.05086929351091385,-1.9653713703155518,,,,-11.83,False,,,"{""telemetry"": 1.0, ""graph"": 110.6}",True,3923.8,False,False,True,2,photo-20260901T231450138Z-0.png;photo-20260901T231450138Z-1.png;photo-20260901T231450138Z-2.png;photo-20260901T231450138Z-3.png,0.0,,0.0,False,0.0,,0.0,False,0.0,,0.0,False
60.079,299,slm,TOWNSIM_INI,1,deliberative,FRENAR,0,28.03610742549005,False,-0.2418389916419983,-0.05086929351091385,-1.9647643566131592,,,,-11.83,False,,,"{""telemetry"": 1.1, ""graph"": 112.7}",True,3923.8,False,False,True,2,photo-20260901T231450138Z-0.png;photo-20260901T231450138Z-1.png;photo-20260901T231450138Z-2.png;photo-20260901T231450138Z-3.png,0.0,,0.0,False,0.0,,0.0,False,0.0,,0.0,False
60.279,300,slm,TOWNSIM_INI,1,deliberative,FRENAR,0,28.036696296502026,False,-0.2418389916419983,-0.05086929351091385,-1.9641573429107666,,,,-11.83,False,,,"{""telemetry"": 1.0, ""graph"": 112.9}",True,3923.8,False,False,True,2,photo-20260901T231450138Z-0.png;photo-20260901T231450138Z-1.png;photo-20260901T231450138Z-2.png;photo-20260901T231450138Z-3.png,0.0,,0.0,False,0.0,,0.0,False,0.0,,0.0,False
60.484,301,slm,TOWNSIM_INI,1,deliberative,FRENAR,0,28.037303286623068,False,-0.2418389916419983,-0.05086929351091385,-1.9635412693023682,,,,-11.83,False,,,"{""telemetry"": 1.0, ""graph"": 117.8}",True,3923.8,False,False,True,2,photo-20260901T231450138Z-0.png;photo-20260901T231450138Z-1.png;photo-20260901T231450138Z-2.png;photo-20260901T231450138Z-3.png,0.0,,0.0,False,0.0,,0.0,False,0.0,,0.0,False
60.687,302,slm,TOWNSIM_INI,1,deliberative,FRENAR,0,28.037901217191063,False,-0.2418389916419983,-0.05086929351091385,-1.9629433155059814,,,,-11.83,False,,,"{""telemetry"": 1.0, ""graph"": 120.1}",True,3923.8,False,False,True,2,photo-20260901T231450138Z-0.png;photo-20260901T231450138Z-1.png;photo-20260901T231450138Z-2.png;photo-20260901T231450138Z-3.png,0.0,,0.0,False,0.0,,0.0,False,0.0,,0.0,False
60.906,303,slm,TOWNSIM_INI,1,deliberative,FRENAR,0,28.038499147760046,False,-0.2418389916419983,-0.05086929351091385,-1.9623000621795654,,,,-11.83,False,,,"{""telemetry"": 1.4, ""graph"": 138.8}",True,3923.8,False,False,True,2,photo-20260901T231450138Z-0.png;photo-20260901T231450138Z-1.png;photo-20260901T231450138Z-2.png;photo-20260901T231450138Z-3.png,0.0,,0.0,False,0.0,,0.0,False,0.0,,0.0,False
61.076,304,slm,TOWNSIM_INI,1,deliberative,FRENAR,0,28.039097078330023,False,-0.2418389916419983,-0.05086929351091385,-1.9617836475372314,,,,-11.83,False,,,"{""telemetry"": 0.9, ""graph"": 108.5}",True,3923.8,False,False,True,2,photo-20260901T231450138Z-0.png;photo-20260901T231450138Z-1.png;photo-20260901T231450138Z-2.png;photo-20260901T231450138Z-3.png,0.0,,0.0,False,0.0,,0.0,False,0.0,,0.0,False
61.284,305,slm,TOWNSIM_INI,1,deliberative,FRENAR,0,28.03969500890099,False,-0.2418389916419983,-0.05086929351091385,-1.9611585140228271,,,,-11.83,False,,,"{""telemetry"": 0.8, ""graph"": 116.9}",True,3923.8,False,False,True,2,photo-20260901T231450138Z-0.png;photo-20260901T231450138Z-1.png;photo-20260901T231450138Z-2.png;photo-20260901T231450138Z-3.png,0.0,,0.0,False,0.0,,0.0,False,0.0,,0.0,False
61.487,306,slm,TOWNSIM_INI,1,deliberative,FRENAR,0,28.040301999027076,False,-0.2418389916419983,-0.05086929351091385,-1.9605515003204346,,,,-11.83,False,,,"{""telemetry"": 0.9, ""graph"": 119.0}",True,3923.8,False,False,True,2,photo-20260901T231450138Z-0.png;photo-20260901T231450138Z-1.png;photo-20260901T231450138Z-2.png;photo-20260901T231450138Z-3.png,0.0,,0.0,False,0.0,,0.0,False,0.0,,0.0,False
61.69,307,slm,TOWNSIM_INI,1,deliberative,FRENAR,0,28.040899929600037,False,-0.2418389916419983,-0.05086929351091385,-1.9599354267120361,,,,-11.83,False,,,"{""telemetry"": 1.5, ""graph"": 119.9}",True,3923.8,False,False,True,2,photo-20260901T231450138Z-0.png;photo-20260901T231450138Z-1.png;photo-20260901T231450138Z-2.png;photo-20260901T231450138Z-3.png,0.0,,0.0,False,0.0,,0.0,False,0.0,,0.0,False
61.902,308,slm,TOWNSIM_INI,1,deliberative,FRENAR,0,28.04150691972815,False,-0.2418389916419983,-0.05086929351091385,-1.9593102931976318,,,,-11.83,False,,,"{""telemetry"": 1.3, ""graph"": 132.0}",True,3923.8,False,False,True,2,photo-20260901T231450138Z-0.png;photo-20260901T231450138Z-1.png;photo-20260901T231450138Z-2.png;photo-20260901T231450138Z-3.png,0.0,,0.0,False,0.0,,0.0,False,0.0,,0.0,False
62.095,309,slm,TOWNSIM_INI,1,deliberative,FRENAR,0,28.042104850303108,False,-0.2418389916419983,-0.05086929351091385,-1.9587485790252686,,,,-11.83,False,,,"{""telemetry"": 1.7, ""graph"": 124.3}",True,3923.8,False,False,True,2,photo-20260901T231450138Z-0.png;photo-20260901T231450138Z-1.png;photo-20260901T231450138Z-2.png;photo-20260901T231450138Z-3.png,0.0,,0.0,False,0.0,,0.0,False,0.0,,0.0,False
62.288,310,slm,TOWNSIM_INI,1,deliberative,FRENAR,0,28.042702780879058,False,-0.2418389916419983,-0.05086929351091385,-1.9581596851348877,,,,-11.83,False,,,"{""telemetry"": 1.2, ""graph"": 117.9}",True,3923.8,False,False,True,2,photo-20260901T231450138Z-0.png;photo-20260901T231450138Z-1.png;photo-20260901T231450138Z-2.png;photo-20260901T231450138Z-3.png,0.0,,0.0,False,0.0,,0.0,False,0.0,,0.0,False
62.503,311,slm,TOWNSIM_INI,1,deliberative,FRENAR,0,28.043300711455995,False,-0.2418389916419983,-0.05086929351091385,-1.9575073719024658,,,,-11.83,False,,,"{""telemetry"": 0.9, ""graph"": 132.1}",True,3923.8,False,False,True,2,photo-20260901T231450138Z-0.png;photo-20260901T231450138Z-1.png;photo-20260901T231450138Z-2.png;photo-20260901T231450138Z-3.png,0.0,,0.0,False,0.0,,0.0,False,0.0,,0.0,False
62.692,312,slm,TOWNSIM_INI,1,deliberative,FRENAR,0,28.043898642033923,False,-0.2418389916419983,-0.05086929351091385,-1.9569365978240967,,,,-11.83,False,,,"{""telemetry"": 1.3, ""graph"": 120.6}",True,3923.8,False,False,True,2,photo-20260901T231450138Z-0.png;photo-20260901T231450138Z-1.png;photo-20260901T231450138Z-2.png;photo-20260901T231450138Z-3.png,0.0,,0.0,False,0.0,,0.0,False,0.0,,0.0,False
62.898,313,slm,TOWNSIM_INI,1,deliberative,FRENAR,0,28.044505632167077,False,-0.2418389916419983,-0.05086929351091385,-1.956329584121704,,,,-11.83,False,,,"{""telemetry"": 1.1, ""graph"": 126.7}",True,3923.8,False,False,True,2,photo-20260901T231450138Z-0.png;photo-20260901T231450138Z-1.png;photo-20260901T231450138Z-2.png;photo-20260901T231450138Z-3.png,0.0,,0.0,False,0.0,,0.0,False,0.0,,0.0,False
63.122,314,slm,TOWNSIM_INI,1,deliberative,FRENAR,0,28.045094503192754,False,-0.2418389916419983,-0.05086929351091385,-1.9557135105133057,,,,-11.83,False,,,"{""telemetry"": 0.9, ""graph"": 151.2}",True,3923.8,False,False,True,2,photo-20260901T231450138Z-0.png;photo-20260901T231450138Z-1.png;photo-20260901T231450138Z-2.png;photo-20260901T231450138Z-3.png,0.0,,0.001,False,0.0,,0.0,False,0.0,,0.002,False
63.296,315,slm,TOWNSIM_INI,1,deliberative,FRENAR,0,28.04570149332792,False,-0.2418389916419983,-0.05086929351091385,-1.9551427364349365,,,,-11.83,False,,,"{""telemetry"": 2.5, ""graph"": 122.8}",True,3923.8,False,False,True,2,photo-20260901T231450138Z-0.png;photo-20260901T231450138Z-1.png;photo-20260901T231450138Z-2.png;photo-20260901T231450138Z-3.png,0.0,,0.0,False,0.0,,0.0,False,0.0,,0.0,False
63.486,316,slm,TOWNSIM_INI,1,deliberative,FRENAR,0,28.046290364355542,False,-0.2418389916419983,-0.05086929351091385,-1.9545719623565674,,,,-11.83,False,,,"{""telemetry"": 0.8, ""graph"": 113.7}",True,3923.8,False,False,True,2,photo-20260901T231450138Z-0.png;photo-20260901T231450138Z-1.png;photo-20260901T231450138Z-2.png;photo-20260901T231450138Z-3.png,0.0,,0.0,False,0.0,,0.0,False,0.0,,0.0,False
63.695,317,slm,TOWNSIM_INI,1,deliberative,FRENAR,0,28.046897354492714,False,-0.2418389916419983,-0.05086929351091385,-1.953955888748169,,,,-11.83,False,,,"{""telemetry"": 0.9, ""graph"": 122.8}",True,3923.8,False,False,True,2,photo-20260901T231450138Z-0.png;photo-20260901T231450138Z-1.png;photo-20260901T231450138Z-2.png;photo-20260901T231450138Z-3.png,0.0,,0.0,False,0.0,,0.0,False,0.0,,0.0,False
63.899,318,slm,TOWNSIM_INI,1,deliberative,FRENAR,0,28.04748622552229,False,-0.2418389916419983,-0.05086929351091385,-1.9533488750457764,,,,-11.83,False,,,"{""telemetry"": 1.1, ""graph"": 125.9}",True,3923.8,False,False,True,2,photo-20260901T231450138Z-0.png;photo-20260901T231450138Z-1.png;photo-20260901T231450138Z-2.png;photo-20260901T231450138Z-3.png,0.0,,0.0,False,0.0,,0.0,False,0.0,,0.0,False
64.096,319,slm,TOWNSIM_INI,1,deliberative,FRENAR,0,28.04809321566147,False,-0.2418389916419983,-0.05086929351091385,-1.9527418613433838,,,,-11.83,False,,,"{""telemetry"": 1.1, ""graph"": 122.4}",True,3923.8,False,False,True,2,photo-20260901T231450138Z-0.png;photo-20260901T231450138Z-1.png;photo-20260901T231450138Z-2.png;photo-20260901T231450138Z-3.png,0.0,,0.0,False,0.0,,0.0,False,0.0,,0.0,False
64.278,320,slm,TOWNSIM_INI,1,deliberative,FRENAR,0,28.048691146247332,False,-0.2418389916419983,-0.05086929351091385,-1.9521982669830322,,,,-11.83,False,,,"{""telemetry"": 0.9, ""graph"": 103.8}",True,3923.8,False,False,True,2,photo-20260901T231450138Z-0.png;photo-20260901T231450138Z-1.png;photo-20260901T231450138Z-2.png;photo-20260901T231450138Z-3.png,0.0,,0.0,False,0.0,,0.0,False,0.0,,0.0,False
64.481,321,slm,TOWNSIM_INI,1,deliberative,FRENAR,0,28.049289076834185,False,-0.2418389916419983,-0.05086929351091385,-1.9515912532806396,,,,-11.83,False,,,"{""telemetry"": 1.1, ""graph"": 106.2}",True,3923.8,False,False,True,2,photo-20260901T231450138Z-0.png;photo-20260901T231450138Z-1.png;photo-20260901T231450138Z-2.png;photo-20260901T231450138Z-3.png,0.0,,0.0,False,0.0,,0.0,False,0.0,,0.0,False
64.688,322,slm,TOWNSIM_INI,1,deliberative,FRENAR,0,28.049896066976398,False,-0.2418389916419983,-0.05086929351091385,-1.9509751796722412,,,,-11.83,False,,,"{""telemetry"": 1.2, ""graph"": 112.8}",True,3923.8,False,False,True,2,photo-20260901T231450138Z-0.png;photo-20260901T231450138Z-1.png;photo-20260901T231450138Z-2.png;photo-20260901T231450138Z-3.png,0.0,,0.0,False,0.0,,0.0,False,0.0,,0.0,False
64.887,323,slm,TOWNSIM_INI,1,deliberative,FRENAR,0,28.050493997565244,False,-0.2418389916419983,-0.05086929351091385,-1.9503681659698486,,,,-11.83,False,,,"{""telemetry"": 0.8, ""graph"": 112.2}",True,3923.8,False,False,True,2,photo-20260901T231450138Z-0.png;photo-20260901T231450138Z-1.png;photo-20260901T231450138Z-2.png;photo-20260901T231450138Z-3.png,0.0,,0.0,False,0.0,,0.0,False,0.0,,0.0,False
65.089,324,slm,TOWNSIM_INI,1,deliberative,FRENAR,0,28.05109192815508,False,-0.2418389916419983,-0.05086929351091385,-1.949770212173462,,,,-11.83,False,,,"{""telemetry"": 0.9, ""graph"": 113.3}",True,3923.8,False,False,True,2,photo-20260901T231450138Z-0.png;photo-20260901T231450138Z-1.png;photo-20260901T231450138Z-2.png;photo-20260901T231450138Z-3.png,0.0,,0.0,False,0.0,,0.0,False,0.0,,0.0,False
65.293,325,slm,TOWNSIM_INI,1,deliberative,FRENAR,0,28.051689858745906,False,-0.2418389916419983,-0.05086929351091385,-1.9491631984710693,,,,-11.83,False,,,"{""telemetry"": 0.9, ""graph"": 117.4}",True,3923.8,False,False,True,2,photo-20260901T231450138Z-0.png;photo-20260901T231450138Z-1.png;photo-20260901T231450138Z-2.png;photo-20260901T231450138Z-3.png,0.0,,0.0,False,0.0,,0.0,False,0.0,,0.0,False
65.491,326,slm,TOWNSIM_INI,1,deliberative,FRENAR,0,28.05228778933772,False,-0.2418389916419983,-0.05086929351091385,-1.9485652446746826,,,,-11.83,False,,,"{""telemetry"": 0.9, ""graph"": 115.5}",True,3923.8,False,False,True,2,photo-20260901T231450138Z-0.png;photo-20260901T231450138Z-1.png;photo-20260901T231450138Z-2.png;photo-20260901T231450138Z-3.png,0.0,,0.0,False,0.0,,0.0,False,0.0,,0.0,False
65.694,327,slm,TOWNSIM_INI,1,deliberative,FRENAR,0,28.052885719930522,False,-0.2418389916419983,-0.05086929351091385,-1.94795823097229,,,,-11.83,False,,,"{""telemetry"": 1.0, ""graph"": 117.7}",True,3923.8,False,False,True,2,photo-20260901T231450138Z-0.png;photo-20260901T231450138Z-1.png;photo-20260901T231450138Z-2.png;photo-20260901T231450138Z-3.png,0.0,,0.0,False,0.0,,0.0,False,0.0,,0.0,False
65.898,328,slm,TOWNSIM_INI,1,deliberative,FRENAR,0,28.053492710078775,False,-0.2418389916419983,-0.05086929351091385,-1.9473421573638916,,,,-11.83,False,,,"{""telemetry"": 1.5, ""graph"": 121.1}",True,3923.8,False,False,True,2,photo-20260901T231450138Z-0.png;photo-20260901T231450138Z-1.png;photo-20260901T231450138Z-2.png;photo-20260901T231450138Z-3.png,0.0,,0.0,False,0.0,,0.0,False,0.0,,0.0,False
66.136,329,slm,TOWNSIM_INI,1,deliberative,FRENAR,0,28.05409064067357,False,-0.2418389916419983,-0.05086929351091385,-1.9467079639434814,,,,-11.83,False,,,"{""telemetry"": 1.3, ""graph"": 159.2}",True,3923.8,False,False,True,2,photo-20260901T231450138Z-0.png;photo-20260901T231450138Z-1.png;photo-20260901T231450138Z-2.png;photo-20260901T231450138Z-3.png,0.0,,0.0,False,0.0,,0.0,False,0.0,,0.0,False
66.301,330,slm,TOWNSIM_INI,1,deliberative,FRENAR,0,28.05467045216038,False,-0.2418389916419983,-0.05086929351091385,-1.9461734294891357,,,,-11.83,False,,,"{""telemetry"": 0.9, ""graph"": 123.2}",True,3923.8,False,False,True,2,photo-20260901T231450138Z-0.png;photo-20260901T231450138Z-1.png;photo-20260901T231450138Z-2.png;photo-20260901T231450138Z-3.png,0.0,,0.0,False,0.0,,0.0,False,0.0,,0.0,False
66.518,331,slm,TOWNSIM_INI,1,deliberative,FRENAR,0,28.055268382757127,False,-0.2418389916419983,-0.05086929351091385,-1.9455301761627197,,,,-11.83,False,,,"{""telemetry"": 1.2, ""graph"": 140.2}",True,3923.8,False,False,True,2,photo-20260901T231450138Z-0.png;photo-20260901T231450138Z-1.png;photo-20260901T231450138Z-2.png;photo-20260901T231450138Z-3.png,0.0,,0.0,False,0.0,,0.0,False,0.0,,0.0,False
66.734,332,slm,TOWNSIM_INI,1,deliberative,FRENAR,0,28.05586631335486,False,-0.2418389916419983,-0.05086929351091385,-1.9448778629302979,,,,-11.83,False,,,"{""telemetry"": 1.4, ""graph"": 154.2}",True,3923.8,False,False,True,2,photo-20260901T231450138Z-0.png;photo-20260901T231450138Z-1.png;photo-20260901T231450138Z-2.png;photo-20260901T231450138Z-3.png,0.0,,0.0,False,0.0,,0.0,False,0.0,,0.0,False
66.893,333,slm,TOWNSIM_INI,1,deliberative,FRENAR,0,28.05646424395358,False,-0.2418389916419983,-0.05086929351091385,-1.944415807723999,,,,-11.83,False,,,"{""telemetry"": 1.0, ""graph"": 114.2}",True,3923.8,False,False,True,2,photo-20260901T231450138Z-0.png;photo-20260901T231450138Z-1.png;photo-20260901T231450138Z-2.png;photo-20260901T231450138Z-3.png,0.0,,0.0,False,0.0,,0.0,False,0.0,,0.0,False
67.114,334,slm,TOWNSIM_INI,1,deliberative,FRENAR,0,28.057062174553295,False,-0.2418389916419983,-0.05086929351091385,-1.9437544345855713,,,,-11.83,False,,,"{""telemetry"": 1.3, ""graph"": 134.4}",True,3923.8,False,False,True,2,photo-20260901T231450138Z-0.png;photo-20260901T231450138Z-1.png;photo-20260901T231450138Z-2.png;photo-20260901T231450138Z-3.png,0.0,,0.0,False,0.0,,0.0,False,0.0,,0.0,False
67.306,335,slm,TOWNSIM_INI,1,deliberative,FRENAR,0,28.057660105153992,False,-0.2418389916419983,-0.05086929351091385,-1.943192720413208,,,,-11.83,False,,,"{""telemetry"": 1.2, ""graph"": 126.1}",True,3923.8,False,False,True,2,photo-20260901T231450138Z-0.png;photo-20260901T231450138Z-1.png;photo-20260901T231450138Z-2.png;photo-20260901T231450138Z-3.png,0.0,,0.0,False,0.0,,0.0,False,0.0,,0.0,False
67.514,336,slm,TOWNSIM_INI,1,deliberative,FRENAR,0,28.05825803575568,False,-0.2418389916419983,-0.05086929351091385,-1.9425585269927979,,,,-11.83,False,,,"{""telemetry"": 1.4, ""graph"": 133.5}",True,3923.8,False,False,True,2,photo-20260901T231450138Z-0.png;photo-20260901T231450138Z-1.png;photo-20260901T231450138Z-2.png;photo-20260901T231450138Z-3.png,0.0,,0.0,False,0.0,,0.0,False,0.0,,0.0,False
67.702,337,slm,TOWNSIM_INI,1,deliberative,FRENAR,0,28.058855966358358,False,-0.2418389916419983,-0.05086929351091385,-1.9420058727264404,,,,-11.83,False,,,"{""telemetry"": 1.0, ""graph"": 121.6}",True,3923.8,False,False,True,2,photo-20260901T231450138Z-0.png;photo-20260901T231450138Z-1.png;photo-20260901T231450138Z-2.png;photo-20260901T231450138Z-3.png,0.0,,0.0,False,0.0,,0.0,False,0.0,,0.0,False
67.899,338,slm,TOWNSIM_INI,1,deliberative,FRENAR,0,28.059453896962026,False,-0.2418389916419983,-0.05086929351091385,-1.9413988590240479,,,,-11.83,False,,,"{""telemetry"": 1.0, ""graph"": 118.2}",True,3923.8,False,False,True,2,photo-20260901T231450138Z-0.png;photo-20260901T231450138Z-1.png;photo-20260901T231450138Z-2.png;photo-20260901T231450138Z-3.png,0.0,,0.0,False,0.0,,0.0,False,0.0,,0.0,False
68.111,339,slm,TOWNSIM_INI,1,deliberative,FRENAR,0,28.06005182756668,False,-0.2418389916419983,-0.05086929351091385,-1.9407827854156494,,,,-11.83,False,,,"{""telemetry"": 1.2, ""graph"": 129.9}",True,3923.8,False,False,True,2,photo-20260901T231450138Z-0.png;photo-20260901T231450138Z-1.png;photo-20260901T231450138Z-2.png;photo-20260901T231450138Z-3.png,0.0,,0.0,False,0.0,,0.0,False,0.0,,0.0,False
68.297,340,slm,TOWNSIM_INI,1,deliberative,FRENAR,0,28.06064975817232,False,-0.2418389916419983,-0.05086929351091385,-1.9402210712432861,,,,-11.83,False,,,"{""telemetry"": 1.2, ""graph"": 116.6}",True,3923.8,False,False,True,2,photo-20260901T231450138Z-0.png;photo-20260901T231450138Z-1.png;photo-20260901T231450138Z-2.png;photo-20260901T231450138Z-3.png,0.0,,0.0,False,0.0,,0.0,False,0.0,,0.0,False
68.51,341,slm,TOWNSIM_INI,1,deliberative,FRENAR,0,28.061247688778955,False,-0.2418389916419983,-0.05086929351091385,-1.9395778179168701,,,,-11.83,False,,,"{""telemetry"": 1.0, ""graph"": 129.1}",True,3923.8,False,False,True,2,photo-20260901T231450138Z-0.png;photo-20260901T231450138Z-1.png;photo-20260901T231450138Z-2.png;photo-20260901T231450138Z-3.png,0.0,,0.0,False,0.0,,0.0,False,0.0,,0.0,False
68.696,342,slm,TOWNSIM_INI,1,deliberative,FRENAR,0,28.061845619386574,False,-0.2418389916419983,-0.05086929351091385,-1.9390161037445068,,,,-11.83,False,,,"{""telemetry"": 1.1, ""graph"": 114.8}",True,3923.8,False,False,True,2,photo-20260901T231450138Z-0.png;photo-20260901T231450138Z-1.png;photo-20260901T231450138Z-2.png;photo-20260901T231450138Z-3.png,0.0,,0.0,False,0.0,,0.0,False,0.0,,0.0,False
68.903,343,slm,TOWNSIM_INI,1,deliberative,FRENAR,0,28.062443549995184,False,-0.2418389916419983,-0.05086929351091385,-1.9384000301361084,,,,-11.83,False,,,"{""telemetry"": 1.0, ""graph"": 121.0}",True,3923.8,False,False,True,2,photo-20260901T231450138Z-0.png;photo-20260901T231450138Z-1.png;photo-20260901T231450138Z-2.png;photo-20260901T231450138Z-3.png,0.0,,0.0,False,0.0,,0.0,False,0.0,,0.0,False
69.104,344,slm,TOWNSIM_INI,1,deliberative,FRENAR,0,28.063050540159473,False,-0.2418389916419983,-0.05086929351091385,-1.9377930164337158,,,,-11.83,False,,,"{""telemetry"": 1.1, ""graph"": 122.3}",True,3923.8,False,False,True,2,photo-20260901T231450138Z-0.png;photo-20260901T231450138Z-1.png;photo-20260901T231450138Z-2.png;photo-20260901T231450138Z-3.png,0.0,,0.0,False,0.0,,0.0,False,0.0,,0.0,False
69.343,345,slm,TOWNSIM_INI,1,deliberative,FRENAR,0,28.063648470770072,False,-0.2418389916419983,-0.05086929351091385,-1.9370863437652588,,,,-11.83,False,,,"{""telemetry"": 1.7, ""graph"": 160.0}",True,3923.8,False,False,True,2,photo-20260901T231450138Z-0.png;photo-20260901T231450138Z-1.png;photo-20260901T231450138Z-2.png;photo-20260901T231450138Z-3.png,0.0,,0.0,False,0.0,,0.0,False,0.0,,0.0,False
69.519,346,slm,TOWNSIM_INI,1,deliberative,FRENAR,0,28.06424640138166,False,-0.2418389916419983,-0.05086929351091385,-1.9365699291229248,,,,-11.83,False,,,"{""telemetry"": 1.8, ""graph"": 135.5}",True,3923.8,False,False,True,2,photo-20260901T231450138Z-0.png;photo-20260901T231450138Z-1.png;photo-20260901T231450138Z-2.png;photo-20260901T231450138Z-3.png,0.0,,0.0,False,0.0,,0.0,False,0.0,,0.0,False
69.693,347,slm,TOWNSIM_INI,1,deliberative,FRENAR,0,28.064844331994234,False,-0.2418389916419983,-0.05086929351091385,-1.936035394668579,,,,-11.83,False,,,"{""telemetry"": 1.0, ""graph"": 109.5}",True,3923.8,False,False,True,2,photo-20260901T231450138Z-0.png;photo-20260901T231450138Z-1.png;photo-20260901T231450138Z-2.png;photo-20260901T231450138Z-3.png,0.0,,0.0,False,0.0,,0.0,False,0.0,,0.0,False
69.896,348,slm,TOWNSIM_INI,1,deliberative,FRENAR,0,28.065451322162556,False,-0.2418389916419983,-0.05086929351091385,-1.9354283809661865,,,,-11.83,False,,,"{""telemetry"": 1.8, ""graph"": 111.2}",True,3923.8,False,False,True,2,photo-20260901T231450138Z-0.png;photo-20260901T231450138Z-1.png;photo-20260901T231450138Z-2.png;photo-20260901T231450138Z-3.png,0.0,,0.0,False,0.0,,0.0,False,0.0,,0.0,False
70.109,349,slm,TOWNSIM_INI,1,deliberative,FRENAR,0,28.06604925277712,False,-0.2418389916419983,-0.05086929351091385,-1.9347851276397705,,,,-11.83,False,,,"{""telemetry"": 1.1, ""graph"": 124.6}",True,3923.8,False,False,True,2,photo-20260901T231450138Z-0.png;photo-20260901T231450138Z-1.png;photo-20260901T231450138Z-2.png;photo-20260901T231450138Z-3.png,0.0,,0.0,False,0.0,,0.0,False,0.0,,0.0,False
70.324,350,slm,TOWNSIM_INI,1,deliberative,FRENAR,0,28.066638123837883,False,-0.2418389916419983,-0.05086929351091385,-1.9341509342193604,,,,-11.83,False,,,"{""telemetry"": 1.0, ""graph"": 139.9}",True,3923.8,False,False,True,2,photo-20260901T231450138Z-0.png;photo-20260901T231450138Z-1.png;photo-20260901T231450138Z-2.png;photo-20260901T231450138Z-3.png,0.0,,0.0,False,0.0,,0.0,False,0.0,,0.0,False
70.525,351,slm,TOWNSIM_INI,1,deliberative,FRENAR,0,28.067236054454412,False,-0.2418389916419983,-0.05086929351091385,-1.9335801601409912,,,,-11.83,False,,,"{""telemetry"": 1.3, ""graph"": 139.8}",True,3923.8,False,False,True,2,photo-20260901T231450138Z-0.png;photo-20260901T231450138Z-1.png;photo-20260901T231450138Z-2.png;photo-20260901T231450138Z-3.png,0.0,,0.0,False,0.0,,0.0,False,0.0,,0.0,False
70.697,352,slm,TOWNSIM_INI,1,deliberative,FRENAR,0,28.067824925517105,False,-0.2418389916419983,-0.05086929351091385,-1.9330456256866455,,,,-11.83,False,,,"{""telemetry"": 2.0, ""graph"": 110.6}",True,3923.8,False,False,True,2,photo-20260901T231450138Z-0.png;photo-20260901T231450138Z-1.png;photo-20260901T231450138Z-2.png;photo-20260901T231450138Z-3.png,0.0,,0.0,False,0.0,,0.0,False,0.0,,0.0,False
70.906,353,slm,TOWNSIM_INI,1,deliberative,FRENAR,0,28.068431915690425,False,-0.2418389916419983,-0.05086929351091385,-1.932429552078247,,,,-11.83,False,,,"{""telemetry"": 1.2, ""graph"": 119.6}",True,3923.8,False,False,True,2,photo-20260901T231450138Z-0.png;photo-20260901T231450138Z-1.png;photo-20260901T231450138Z-2.png;photo-20260901T231450138Z-3.png,0.0,,0.0,False,0.0,,0.0,False,0.0,,0.0,False
71.128,354,slm,TOWNSIM_INI,1,deliberative,FRENAR,0,28.069020786755065,False,-0.2418389916419983,-0.05086929351091385,-1.9317591190338135,,,,-11.83,False,,,"{""telemetry"": 1.2, ""graph"": 141.5}",True,3923.8,False,False,True,2,photo-20260901T231450138Z-0.png;photo-20260901T231450138Z-1.png;photo-20260901T231450138Z-2.png;photo-20260901T231450138Z-3.png,0.0,,0.0,False,0.0,,0.0,False,0.0,,0.0,False
71.336,355,slm,TOWNSIM_INI,1,deliberative,FRENAR,0,28.06962777693039,False,-0.2418389916419983,-0.05086929351091385,-1.9311702251434326,,,,-11.83,False,,,"{""telemetry"": 1.4, ""graph"": 149.1}",True,3923.8,False,False,True,2,photo-20260901T231450138Z-0.png;photo-20260901T231450138Z-1.png;photo-20260901T231450138Z-2.png;photo-20260901T231450138Z-3.png,0.0,,0.0,False,0.0,,0.0,False,0.0,,0.0,False
71.526,356,slm,TOWNSIM_INI,1,deliberative,FRENAR,0,28.070216647996972,False,-0.2418389916419983,-0.05086929351091385,-1.9306085109710693,,,,-11.83,False,,,"{""telemetry"": 1.0, ""graph"": 138.7}",True,3923.8,False,False,True,2,photo-20260901T231450138Z-0.png;photo-20260901T231450138Z-1.png;photo-20260901T231450138Z-2.png;photo-20260901T231450138Z-3.png,0.0,,0.0,False,0.0,,0.0,False,0.0,,0.0,False
71.726,357,slm,TOWNSIM_INI,1,deliberative,FRENAR,0,28.070796459509623,False,-0.2418389916419983,-0.05086929351091385,-1.9300105571746826,,,,-11.83,False,,,"{""telemetry"": 1.0, ""graph"": 138.2}",True,3923.8,False,False,True,2,photo-20260901T231450138Z-0.png;photo-20260901T231450138Z-1.png;photo-20260901T231450138Z-2.png;photo-20260901T231450138Z-3.png,0.0,,0.0,False,0.0,,0.0,False,0.0,,0.0,False
71.922,358,slm,TOWNSIM_INI,1,deliberative,FRENAR,0,28.071394390133015,False,-0.2418389916419983,-0.05086929351091385,-1.9294307231903076,,,,-11.83,False,,,"{""telemetry"": 1.1, ""graph"": 133.6}",True,3923.8,False,False,True,2,photo-20260901T231450138Z-0.png;photo-20260901T231450138Z-1.png;photo-20260901T231450138Z-2.png;photo-20260901T231450138Z-3.png,0.0,,0.0,False,0.0,,0.0,False,0.0,,0.0,False
72.15,359,slm,TOWNSIM_INI,1,deliberative,FRENAR,0,28.071992320757396,False,-0.2418389916419983,-0.05086929351091385,-1.9287784099578857,,,,-11.83,False,,,"{""telemetry"": 1.0, ""graph"": 161.8}",True,3923.8,False,False,True,2,photo-20260901T231450138Z-0.png;photo-20260901T231450138Z-1.png;photo-20260901T231450138Z-2.png;photo-20260901T231450138Z-3.png,0.0,,0.0,False,0.0,,0.0,False,0.0,,0.0,False
72.329,360,slm,TOWNSIM_INI,1,deliberative,FRENAR,0,28.0725993109377,False,-0.2418389916419983,-0.05086929351091385,-1.9282257556915283,,,,-11.83,False,,,"{""telemetry"": 2.9, ""graph"": 139.0}",True,3923.8,False,False,True,2,photo-20260901T231450138Z-0.png;photo-20260901T231450138Z-1.png;photo-20260901T231450138Z-2.png;photo-20260901T231450138Z-3.png,0.0,,0.0,False,0.0,,0.0,False,0.0,,0.0,False
72.517,361,slm,TOWNSIM_INI,1,deliberative,FRENAR,0,28.07318818200912,False,-0.2418389916419983,-0.05086929351091385,-1.927664041519165,,,,-11.83,False,,,"{""telemetry"": 1.5, ""graph"": 127.9}",True,3923.8,False,False,True,2,photo-20260901T231450138Z-0.png;photo-20260901T231450138Z-1.png;photo-20260901T231450138Z-2.png;photo-20260901T231450138Z-3.png,0.0,,0.0,False,0.0,,0.0,False,0.0,,0.0,False
72.741,362,slm,TOWNSIM_INI,1,deliberative,FRENAR,0,28.073795172191428,False,-0.2418389916419983,-0.05086929351091385,-1.9270117282867432,,,,-11.83,False,,,"{""telemetry"": 1.6, ""graph"": 150.8}",True,3923.8,False,False,True,2,photo-20260901T231450138Z-0.png;photo-20260901T231450138Z-1.png;photo-20260901T231450138Z-2.png;photo-20260901T231450138Z-3.png,0.0,,0.0,False,0.0,,0.0,False,0.0,,0.0,False
72.921,363,slm,TOWNSIM_INI,1,deliberative,FRENAR,0,28.07439310281977,False,-0.2418389916419983,-0.05086929351091385,-1.9264681339263916,,,,-11.83,False,,,"{""telemetry"": 1.3, ""graph"": 130.6}",True,3923.8,False,False,True,2,photo-20260901T231450138Z-0.png;photo-20260901T231450138Z-1.png;photo-20260901T231450138Z-2.png;photo-20260901T231450138Z-3.png,0.0,,0.0,False,0.0,,0.0,False,0.0,,0.0,False
73.12,364,slm,TOWNSIM_INI,1,deliberative,FRENAR,0,28.0749910334491,False,-0.2418389916419983,-0.05086929351091385,-1.9258520603179932,,,,-11.83,False,,,"{""telemetry"": 1.0, ""graph"": 129.7}",True,3923.8,False,False,True,2,photo-20260901T231450138Z-0.png;photo-20260901T231450138Z-1.png;photo-20260901T231450138Z-2.png;photo-20260901T231450138Z-3.png,0.0,,0.0,False,0.0,,0.0,False,0.0,,0.0,False
73.342,365,slm,TOWNSIM_INI,1,deliberative,FRENAR,0,28.075588964079415,False,-0.2418389916419983,-0.05086929351091385,-1.9251816272735596,,,,-11.83,False,,,"{""telemetry"": 1.7, ""graph"": 151.3}",True,3923.8,False,False,True,2,photo-20260901T231450138Z-0.png;photo-20260901T231450138Z-1.png;photo-20260901T231450138Z-2.png;photo-20260901T231450138Z-3.png,0.0,,0.0,False,0.0,,0.0,False,0.0,,0.0,False
73.526,366,slm,TOWNSIM_INI,1,deliberative,FRENAR,0,28.07618689471072,False,-0.2418389916419983,-0.05086929351091385,-1.924638032913208,,,,-11.83,False,,,"{""telemetry"": 1.3, ""graph"": 134.8}",True,3923.8,False,False,True,2,photo-20260901T231450138Z-0.png;photo-20260901T231450138Z-1.png;photo-20260901T231450138Z-2.png;photo-20260901T231450138Z-3.png,0.0,,0.0,False,0.0,,0.0,False,0.0,,0.0,False
73.743,367,slm,TOWNSIM_INI,1,deliberative,FRENAR,0,28.076784825343008,False,-0.2418389916419983,-0.05086929351091385,-1.923994779586792,,,,-11.83,False,,,"{""telemetry"": 1.4, ""graph"": 151.7}",True,3923.8,False,False,True,2,photo-20260901T231450138Z-0.png;photo-20260901T231450138Z-1.png;photo-20260901T231450138Z-2.png;photo-20260901T231450138Z-3.png,0.0,,0.0,False,0.0,,0.0,False,0.0,,0.0,False
73.912,368,slm,TOWNSIM_INI,1,deliberative,FRENAR,0,28.077382755976288,False,-0.2418389916419983,-0.05086929351091385,-1.9234874248504639,,,,-11.83,False,,,"{""telemetry"": 1.6, ""graph"": 120.2}",True,3923.8,False,False,True,2,photo-20260901T231450138Z-0.png;photo-20260901T231450138Z-1.png;photo-20260901T231450138Z-2.png;photo-20260901T231450138Z-3.png,0.0,,0.0,False,0.0,,0.0,False,0.0,,0.0,False
74.115,369,slm,TOWNSIM_INI,1,deliberative,FRENAR,0,28.07798068661055,False,-0.2418389916419983,-0.05086929351091385,-1.9228713512420654,,,,-11.83,False,,,"{""telemetry"": 0.9, ""graph"": 123.2}",True,3923.8,False,False,True,2,photo-20260901T231450138Z-0.png;photo-20260901T231450138Z-1.png;photo-20260901T231450138Z-2.png;photo-20260901T231450138Z-3.png,0.0,,0.0,False,0.0,,0.0,False,0.0,,0.0,False
74.328,370,slm,TOWNSIM_INI,1,deliberative,FRENAR,0,28.078587676800886,False,-0.2418389916419983,-0.05086929351091385,-1.9222371578216553,,,,-11.83,False,,,"{""telemetry"": 1.1, ""graph"": 135.9}",True,3923.8,False,False,True,2,photo-20260901T231450138Z-0.png;photo-20260901T231450138Z-1.png;photo-20260901T231450138Z-2.png;photo-20260901T231450138Z-3.png,0.0,,0.0,False,0.0,,0.0,False,0.0,,0.0,False
74.572,371,slm,TOWNSIM_INI,1,deliberative,FRENAR,0,28.07918560743714,False,-0.2418389916419983,-0.05086929351091385,-1.9215033054351807,,,,-11.83,False,,,"{""telemetry"": 1.0, ""graph"": 179.7}",True,3923.8,False,False,True,2,photo-20260901T231450138Z-0.png;photo-20260901T231450138Z-1.png;photo-20260901T231450138Z-2.png;photo-20260901T231450138Z-3.png,0.0,,0.0,False,0.0,,0.0,False,0.0,,0.0,False
74.706,372,slm,TOWNSIM_INI,1,deliberative,FRENAR,0,28.079792597629492,False,-0.2418389916419983,-0.05086929351091385,-1.9210865497589111,,,,-11.83,False,,,"{""telemetry"": 1.4, ""graph"": 113.0}",True,3923.8,False,False,True,2,photo-20260901T231450138Z-0.png;photo-20260901T231450138Z-1.png;photo-20260901T231450138Z-2.png;photo-20260901T231450138Z-3.png,0.0,,0.0,False,0.0,,0.0,False,0.0,,0.0,False
74.914,373,slm,TOWNSIM_INI,1,deliberative,FRENAR,0,28.08039052826773,False,-0.2418389916419983,-0.05086929351091385,-1.9204795360565186,,,,-11.83,False,,,"{""telemetry"": 1.8, ""graph"": 120.6}",True,3923.8,False,False,True,2,photo-20260901T231450138Z-0.png;photo-20260901T231450138Z-1.png;photo-20260901T231450138Z-2.png;photo-20260901T231450138Z-3.png,0.0,,0.0,False,0.0,,0.0,False,0.0,,0.0,False
75.13,374,slm,TOWNSIM_INI,1,deliberative,FRENAR,0,28.08098845890696,False,-0.2418389916419983,-0.05086929351091385,-1.9198453426361084,,,,-11.83,False,,,"{""telemetry"": 0.9, ""graph"": 137.0}",True,3923.8,False,False,True,2,photo-20260901T231450138Z-0.png;photo-20260901T231450138Z-1.png;photo-20260901T231450138Z-2.png;photo-20260901T231450138Z-3.png,0.0,,0.0,False,0.0,,0.0,False,0.0,,0.0,False
75.323,375,slm,TOWNSIM_INI,1,deliberative,FRENAR,0,28.08158638954717,False,-0.2418389916419983,-0.05086929351091385,-1.9192564487457275,,,,-11.83,False,,,"{""telemetry"": 1.0, ""graph"": 129.7}",True,3923.8,False,False,True,2,photo-20260901T231450138Z-0.png;photo-20260901T231450138Z-1.png;photo-20260901T231450138Z-2.png;photo-20260901T231450138Z-3.png,0.0,,0.0,False,0.0,,0.0,False,0.0,,0.0,False
75.531,376,slm,TOWNSIM_INI,1,deliberative,FRENAR,0,28.082184320188365,False,-0.2418389916419983,-0.05086929351091385,-1.9186131954193115,,,,-11.83,False,,,"{""telemetry"": 1.2, ""graph"": 136.4}",True,3923.8,False,False,True,2,photo-20260901T231450138Z-0.png;photo-20260901T231450138Z-1.png;photo-20260901T231450138Z-2.png;photo-20260901T231450138Z-3.png,0.0,,0.0,False,0.0,,0.0,False,0.0,,0.0,False
75.711,377,slm,TOWNSIM_INI,1,deliberative,FRENAR,0,28.08278225083055,False,-0.2418389916419983,-0.05086929351091385,-1.9180786609649658,,,,-11.83,False,,,"{""telemetry"": 0.9, ""graph"": 116.5}",True,3923.8,False,False,True,2,photo-20260901T231450138Z-0.png;photo-20260901T231450138Z-1.png;photo-20260901T231450138Z-2.png;photo-20260901T231450138Z-3.png,0.0,,0.0,False,0.0,,0.0,False,0.0,,0.0,False
75.903,378,slm,TOWNSIM_INI,1,deliberative,FRENAR,0,28.08338018147372,False,-0.2418389916419983,-0.05086929351091385,-1.917489767074585,,,,-11.83,False,,,"{""telemetry"": 1.0, ""graph"": 108.2}",True,3923.8,False,False,True,2,photo-20260901T231450138Z-0.png;photo-20260901T231450138Z-1.png;photo-20260901T231450138Z-2.png;photo-20260901T231450138Z-3.png,0.0,,0.0,False,0.0,,0.0,False,0.0,,0.0,False
76.113,379,slm,TOWNSIM_INI,1,deliberative,FRENAR,0,28.083987171673098,False,-0.2418389916419983,-0.05086929351091385,-1.9168736934661865,,,,-11.83,False,,,"{""telemetry"": 1.3, ""graph"": 117.2}",True,3923.8,False,False,True,2,photo-20260901T231450138Z-0.png;photo-20260901T231450138Z-1.png;photo-20260901T231450138Z-2.png;photo-20260901T231450138Z-3.png,0.0,,0.0,False,0.0,,0.0,False,0.0,,0.0,False
76.323,380,slm,TOWNSIM_INI,1,deliberative,FRENAR,0,28.084585102318254,False,-0.2418389916419983,-0.05086929351091385,-1.9162395000457764,,,,-11.83,False,,,"{""telemetry"": 2.3, ""graph"": 126.3}",True,3923.8,False,False,True,2,photo-20260901T231450138Z-0.png;photo-20260901T231450138Z-1.png;photo-20260901T231450138Z-2.png;photo-20260901T231450138Z-3.png,0.0,,0.0,False,0.0,,0.0,False,0.0,,0.0,False
76.514,381,slm,TOWNSIM_INI,1,deliberative,FRENAR,0,28.085183032964395,False,-0.2418389916419983,-0.05086929351091385,-1.915686845779419,,,,-11.83,False,,,"{""telemetry"": 1.1, ""graph"": 117.5}",True,3923.8,False,False,True,2,photo-20260901T231450138Z-0.png;photo-20260901T231450138Z-1.png;photo-20260901T231450138Z-2.png;photo-20260901T231450138Z-3.png,0.0,,0.0,False,0.0,,0.0,False,0.0,,0.0,False
76.706,382,slm,TOWNSIM_INI,1,deliberative,FRENAR,0,28.085780963611523,False,-0.2418389916419983,-0.05086929351091385,-1.915097951889038,,,,-11.83,False,,,"{""telemetry"": 1.8, ""graph"": 108.4}",True,3923.8,False,False,True,2,photo-20260901T231450138Z-0.png;photo-20260901T231450138Z-1.png;photo-20260901T231450138Z-2.png;photo-20260901T231450138Z-3.png,0.0,,0.0,False,0.0,,0.0,False,0.0,,0.0,False
76.904,383,slm,TOWNSIM_INI,1,deliberative,FRENAR,0,28.086378894259635,False,-0.2418389916419983,-0.05086929351091385,-1.9145090579986572,,,,-11.83,False,,,"{""telemetry"": 1.6, ""graph"": 106.8}",True,3923.8,False,False,True,2,photo-20260901T231450138Z-0.png;photo-20260901T231450138Z-1.png;photo-20260901T231450138Z-2.png;photo-20260901T231450138Z-3.png,0.0,,0.0,False,0.0,,0.0,False,0.0,,0.0,False
77.125,384,slm,TOWNSIM_INI,1,deliberative,FRENAR,0,28.086976824908735,False,-0.2418389916419983,-0.05086929351091385,-1.913883924484253,,,,-11.83,False,,,"{""telemetry"": 3.1, ""graph"": 125.6}",True,3923.8,False,False,True,2,photo-20260901T231450138Z-0.png;photo-20260901T231450138Z-1.png;photo-20260901T231450138Z-2.png;photo-20260901T231450138Z-3.png,0.0,,0.0,False,0.0,,0.0,False,0.0,,0.0,False
77.312,385,slm,TOWNSIM_INI,1,deliberative,FRENAR,0,28.087565696003505,False,-0.2418389916419983,-0.05086929351091385,-1.913295030593872,,,,-11.83,False,,,"{""telemetry"": 1.0, ""graph"": 114.8}",True,3923.8,False,False,True,2,photo-20260901T231450138Z-0.png;photo-20260901T231450138Z-1.png;photo-20260901T231450138Z-2.png;photo-20260901T231450138Z-3.png,0.0,,0.0,False,0.0,,0.0,False,0.0,,0.0,False
77.504,386,slm,TOWNSIM_INI,1,deliberative,FRENAR,0,28.088172686209887,False,-0.2418389916419983,-0.05086929351091385,-1.912715196609497,,,,-11.83,False,,,"{""telemetry"": 1.1, ""graph"": 106.0}",True,3923.8,False,False,True,2,photo-20260901T231450138Z-0.png;photo-20260901T231450138Z-1.png;photo-20260901T231450138Z-2.png;photo-20260901T231450138Z-3.png,0.0,,0.0,False,0.0,,0.0,False,0.0,,0.0,False
77.711,387,slm,TOWNSIM_INI,1,deliberative,FRENAR,0,28.088779676417285,False,-0.2418389916419983,-0.05086929351091385,-1.9121081829071045,,,,-11.83,False,,,"{""telemetry"": 3.0, ""graph"": 110.3}",True,3923.8,False,False,True,2,photo-20260901T231450138Z-0.png;photo-20260901T231450138Z-1.png;photo-20260901T231450138Z-2.png;photo-20260901T231450138Z-3.png,0.0,,0.0,False,0.0,,0.0,False,0.0,,0.0,False
77.908,388,slm,TOWNSIM_INI,1,deliberative,FRENAR,0,28.08937760707034,False,-0.2418389916419983,-0.05086929351091385,-1.911501169204712,,,,-11.83,False,,,"{""telemetry"": 1.8, ""graph"": 108.0}",True,3923.8,False,False,True,2,photo-20260901T231450138Z-0.png;photo-20260901T231450138Z-1.png;photo-20260901T231450138Z-2.png;photo-20260901T231450138Z-3.png,0.0,,0.0,False,0.0,,0.0,False,0.0,,0.0,False
78.112,389,slm,TOWNSIM_INI,1,deliberative,FRENAR,0,28.08996647816901,False,-0.2418389916419983,-0.05086929351091385,-1.910912275314331,,,,-11.83,False,,,"{""telemetry"": 1.2, ""graph"": 110.2}",True,3923.8,False,False,True,2,photo-20260901T231450138Z-0.png;photo-20260901T231450138Z-1.png;photo-20260901T231450138Z-2.png;photo-20260901T231450138Z-3.png,0.0,,0.0,False,0.0,,0.0,False,0.0,,0.0,False
78.313,390,slm,TOWNSIM_INI,1,deliberative,FRENAR,0,28.090573468379407,False,-0.2418389916419983,-0.05086929351091385,-1.9103052616119385,,,,-11.83,False,,,"{""telemetry"": 1.4, ""graph"": 109.9}",True,3923.8,False,False,True,2,photo-20260901T231450138Z-0.png;photo-20260901T231450138Z-1.png;photo-20260901T231450138Z-2.png;photo-20260901T231450138Z-3.png,0.0,,0.0,False,0.0,,0.0,False,0.0,,0.0,False
78.527,391,slm,TOWNSIM_INI,1,deliberative,FRENAR,0,28.091171399035417,False,-0.2418389916419983,-0.05086929351091385,-1.9096710681915283,,,,-11.83,False,,,"{""telemetry"": 1.1, ""graph"": 124.5}",True,3923.8,False,False,True,2,photo-20260901T231450138Z-0.png;photo-20260901T231450138Z-1.png;photo-20260901T231450138Z-2.png;photo-20260901T231450138Z-3.png,0.0,,0.0,False,0.0,,0.0,False,0.0,,0.0,False
78.714,392,slm,TOWNSIM_INI,1,deliberative,FRENAR,0,28.091769329692415,False,-0.2418389916419983,-0.05086929351091385,-1.9091002941131592,,,,-11.83,False,,,"{""telemetry"": 1.0, ""graph"": 110.7}",True,3923.8,False,False,True,2,photo-20260901T231450138Z-0.png;photo-20260901T231450138Z-1.png;photo-20260901T231450138Z-2.png;photo-20260901T231450138Z-3.png,0.0,,0.0,False,0.0,,0.0,False,0.0,,0.0,False
78.932,393,slm,TOWNSIM_INI,1,deliberative,FRENAR,0,28.092367260350397,False,-0.2418389916419983,-0.05086929351091385,-1.9084479808807373,,,,-11.83,False,,,"{""telemetry"": 0.8, ""graph"": 128.7}",True,3923.8,False,False,True,2,photo-20260901T231450138Z-0.png;photo-20260901T231450138Z-1.png;photo-20260901T231450138Z-2.png;photo-20260901T231450138Z-3.png,0.0,,0.0,False,0.0,,0.0,False,0.0,,0.0,False
79.126,394,slm,TOWNSIM_INI,1,deliberative,FRENAR,0,28.092974250564808,False,-0.2418389916419983,-0.05086929351091385,-1.9078772068023682,,,,-11.83,False,,,"{""telemetry"": 1.0, ""graph"": 122.0}",True,3923.8,False,False,True,2,photo-20260901T231450138Z-0.png;photo-20260901T231450138Z-1.png;photo-20260901T231450138Z-2.png;photo-20260901T231450138Z-3.png,0.0,,0.0,False,0.0,,0.0,False,0.0,,0.0,False
79.329,395,slm,TOWNSIM_INI,1,deliberative,FRENAR,0,28.093572181224776,False,-0.2418389916419983,-0.05086929351091385,-1.9072701930999756,,,,-11.83,False,,,"{""telemetry"": 1.5, ""graph"": 124.2}",True,3923.8,False,False,True,2,photo-20260901T231450138Z-0.png;photo-20260901T231450138Z-1.png;photo-20260901T231450138Z-2.png;photo-20260901T231450138Z-3.png,0.0,,0.0,False,0.0,,0.0,False,0.0,,0.0,False
79.541,396,slm,TOWNSIM_INI,1,deliberative,FRENAR,0,28.094170111885727,False,-0.2418389916419983,-0.05086929351091385,-1.906663179397583,,,,-11.83,False,,,"{""telemetry"": 1.0, ""graph"": 136.5}",True,3923.8,False,False,True,2,photo-20260901T231450138Z-0.png;photo-20260901T231450138Z-1.png;photo-20260901T231450138Z-2.png;photo-20260901T231450138Z-3.png,0.0,,0.0,False,0.0,,0.0,False,0.0,,0.0,False
79.724,397,slm,TOWNSIM_INI,1,deliberative,FRENAR,0,28.09474086388119,False,-0.2418389916419983,-0.05086929351091385,-1.9061105251312256,,,,-11.83,False,,,"{""telemetry"": 0.8, ""graph"": 120.0}",True,3923.8,False,False,True,2,photo-20260901T231450138Z-0.png;photo-20260901T231450138Z-1.png;photo-20260901T231450138Z-2.png;photo-20260901T231450138Z-3.png,0.0,,0.0,False,0.0,,0.0,False,0.0,,0.0,False
79.919,398,slm,TOWNSIM_INI,1,deliberative,FRENAR,0,28.095338794544066,False,-0.2418389916419983,-0.05086929351091385,-1.9055216312408447,,,,-11.83,False,,,"{""telemetry"": 0.8, ""graph"": 114.6}",True,3923.8,False,False,True,2,photo-20260901T231450138Z-0.png;photo-20260901T231450138Z-1.png;photo-20260901T231450138Z-2.png;photo-20260901T231450138Z-3.png,0.0,,0.0,False,0.0,,0.0,False,0.0,,0.0,False
80.127,399,slm,TOWNSIM_INI,1,deliberative,FRENAR,0,28.095936725207924,False,-0.2418389916419983,-0.05086929351091385,-1.9049146175384521,,,,-11.83,False,,,"{""telemetry"": 0.9, ""graph"": 121.4}",True,3923.8,False,False,True,2,photo-20260901T231450138Z-0.png;photo-20260901T231450138Z-1.png;photo-20260901T231450138Z-2.png;photo-20260901T231450138Z-3.png,0.0,,0.0,False,0.0,,0.0,False,0.0,,0.0,False
80.338,400,slm,TOWNSIM_INI,1,deliberative,FRENAR,0,28.096534655872773,False,-0.2418389916419983,-0.05086929351091385,-1.9042894840240479,,,,-11.83,False,,,"{""telemetry"": 2.2, ""graph"": 129.4}",True,3923.8,False,False,True,2,photo-20260901T231450138Z-0.png;photo-20260901T231450138Z-1.png;photo-20260901T231450138Z-2.png;photo-20260901T231450138Z-3.png,0.0,,0.0,False,0.0,,0.0,False,0.0,,0.0,False
80.518,401,slm,TOWNSIM_INI,1,deliberative,FRENAR,0,28.097132586538603,False,-0.2418389916419983,-0.05086929351091385,-1.903764009475708,,,,-11.83,False,,,"{""telemetry"": 1.0, ""graph"": 111.0}",True,3923.8,False,False,True,2,photo-20260901T231450138Z-0.png;photo-20260901T231450138Z-1.png;photo-20260901T231450138Z-2.png;photo-20260901T231450138Z-3.png,0.0,,0.0,False,0.0,,0.0,False,0.0,,0.0,False
80.733,402,slm,TOWNSIM_INI,1,deliberative,FRENAR,0,28.097730517205413,False,-0.2418389916419983,-0.05086929351091385,-1.903120756149292,,,,-11.83,False,,,"{""telemetry"": 1.7, ""graph"": 124.9}",True,3923.8,False,False,True,2,photo-20260901T231450138Z-0.png;photo-20260901T231450138Z-1.png;photo-20260901T231450138Z-2.png;photo-20260901T231450138Z-3.png,0.0,,0.0,False,0.0,,0.0,False,0.0,,0.0,False
80.916,403,slm,TOWNSIM_INI,1,deliberative,FRENAR,0,28.098310328762054,False,-0.2418389916419983,-0.05086929351091385,-1.9025771617889404,,,,-11.83,False,,,"{""telemetry"": 1.0, ""graph"": 108.1}",True,3923.8,False,False,True,2,photo-20260901T231450138Z-0.png;photo-20260901T231450138Z-1.png;photo-20260901T231450138Z-2.png;photo-20260901T231450138Z-3.png,0.0,,0.0,False,0.0,,0.0,False,0.0,,0.0,False
81.129,404,slm,TOWNSIM_INI,1,deliberative,FRENAR,0,28.098899199875213,False,-0.2418389916419983,-0.05086929351091385,-1.901961088180542,,,,-11.83,False,,,"{""telemetry"": 1.0, ""graph"": 120.3}",True,3923.8,False,False,True,2,photo-20260901T231450138Z-0.png;photo-20260901T231450138Z-1.png;photo-20260901T231450138Z-2.png;photo-20260901T231450138Z-3.png,0.0,,0.0,False,0.0,,0.0,False,0.0,,0.0,False
81.336,405,slm,TOWNSIM_INI,1,deliberative,FRENAR,0,28.099506190100545,False,-0.2418389916419983,-0.05086929351091385,-1.9013359546661377,,,,-11.83,False,,,"{""telemetry"": 1.1, ""graph"": 126.5}",True,3923.8,False,False,True,2,photo-20260901T231450138Z-0.png;photo-20260901T231450138Z-1.png;photo-20260901T231450138Z-2.png;photo-20260901T231450138Z-3.png,0.0,,0.0,False,0.0,,0.0,False,0.0,,0.0,False
81.541,406,slm,TOWNSIM_INI,1,deliberative,FRENAR,0,28.100104120771267,False,-0.2418389916419983,-0.05086929351091385,-1.9007108211517334,,,,-11.83,False,,,"{""telemetry"": 1.0, ""graph"": 131.1}",True,3923.8,False,False,True,2,photo-20260901T231450138Z-0.png;photo-20260901T231450138Z-1.png;photo-20260901T231450138Z-2.png;photo-20260901T231450138Z-3.png,0.0,,0.0,False,0.0,,0.0,False,0.0,,0.0,False
81.723,407,slm,TOWNSIM_INI,1,deliberative,FRENAR,0,28.10071111099861,False,-0.2418389916419983,-0.05086929351091385,-1.9001762866973877,,,,-11.83,False,,,"{""telemetry"": 2.2, ""graph"": 112.2}",True,3923.8,False,False,True,2,photo-20260901T231450138Z-0.png;photo-20260901T231450138Z-1.png;photo-20260901T231450138Z-2.png;photo-20260901T231450138Z-3.png,0.0,,0.0,False,0.0,,0.0,False,0.0,,0.0,False
81.943,408,slm,TOWNSIM_INI,1,deliberative,FRENAR,0,28.101299982115663,False,-0.2418389916419983,-0.05086929351091385,-1.8995239734649658,,,,-11.83,False,,,"{""telemetry"": 0.9, ""graph"": 132.3}",True,3923.8,False,False,True,2,photo-20260901T231450138Z-0.png;photo-20260901T231450138Z-1.png;photo-20260901T231450138Z-2.png;photo-20260901T231450138Z-3.png,0.0,,0.0,False,0.0,,0.0,False,0.0,,0.0,False
82.134,409,slm,TOWNSIM_INI,1,deliberative,FRENAR,0,28.101897912789333,False,-0.2418389916419983,-0.05086929351091385,-1.898935079574585,,,,-11.83,False,,,"{""telemetry"": 1.5, ""graph"": 122.6}",True,3923.8,False,False,True,2,photo-20260901T231450138Z-0.png;photo-20260901T231450138Z-1.png;photo-20260901T231450138Z-2.png;photo-20260901T231450138Z-3.png,0.0,,0.0,False,0.0,,0.0,False,0.0,,0.0,False
82.337,410,slm,TOWNSIM_INI,1,deliberative,FRENAR,0,28.102504903019675,False,-0.2418389916419983,-0.05086929351091385,-1.8983280658721924,,,,-11.83,False,,,"{""telemetry"": 1.9, ""graph"": 124.9}",True,3923.8,False,False,True,2,photo-20260901T231450138Z-0.png;photo-20260901T231450138Z-1.png;photo-20260901T231450138Z-2.png;photo-20260901T231450138Z-3.png,0.0,,0.0,False,0.0,,0.0,False,0.0,,0.0,False
82.537,411,slm,TOWNSIM_INI,1,deliberative,FRENAR,0,28.10310283369533,False,-0.2418389916419983,-0.05086929351091385,-1.8977301120758057,,,,-11.83,False,,,"{""telemetry"": 1.5, ""graph"": 124.0}",True,3923.8,False,False,True,2,photo-20260901T231450138Z-0.png;photo-20260901T231450138Z-1.png;photo-20260901T231450138Z-2.png;photo-20260901T231450138Z-3.png,0.0,,0.0,False,0.0,,0.0,False,0.0,,0.0,False
82.757,412,slm,TOWNSIM_INI,1,deliberative,FRENAR,0,28.103709823927687,False,-0.2418389916419983,-0.05086929351091385,-1.897068738937378,,,,-11.83,False,,,"{""telemetry"": 0.9, ""graph"": 144.5}",True,3923.8,False,False,True,2,photo-20260901T231450138Z-0.png;photo-20260901T231450138Z-1.png;photo-20260901T231450138Z-2.png;photo-20260901T231450138Z-3.png,0.0,,0.0,False,0.0,,0.0,False,0.0,,0.0,False
82.941,413,slm,TOWNSIM_INI,1,deliberative,FRENAR,0,28.104307754605326,False,-0.2418389916419983,-0.05086929351091385,-1.8965251445770264,,,,-11.83,False,,,"{""telemetry"": 1.4, ""graph"": 128.1}",True,3923.8,False,False,True,2,photo-20260901T231450138Z-0.png;photo-20260901T231450138Z-1.png;photo-20260901T231450138Z-2.png;photo-20260901T231450138Z-3.png,0.0,,0.0,False,0.0,,0.0,False,0.0,,0.0,False
83.15,414,slm,TOWNSIM_INI,1,deliberative,FRENAR,0,28.104914744839693,False,-0.2418389916419983,-0.05086929351091385,-1.8958818912506104,,,,-11.83,False,,,"{""telemetry"": 1.2, ""graph"": 137.2}",True,3923.8,False,False,True,2,photo-20260901T231450138Z-0.png;photo-20260901T231450138Z-1.png;photo-20260901T231450138Z-2.png;photo-20260901T231450138Z-3.png,0.0,,0.0,False,0.0,,0.0,False,0.0,,0.0,False
83.341,415,slm,TOWNSIM_INI,1,deliberative,FRENAR,0,28.105512675519318,False,-0.2418389916419983,-0.05086929351091385,-1.8953020572662354,,,,-11.83,False,,,"{""telemetry"": 1.1, ""graph"": 127.8}",True,3923.8,False,False,True,2,photo-20260901T231450138Z-0.png;photo-20260901T231450138Z-1.png;photo-20260901T231450138Z-2.png;photo-20260901T231450138Z-3.png,0.0,,0.0,False,0.0,,0.0,False,0.0,,0.0,False
83.544,416,slm,TOWNSIM_INI,1,deliberative,FRENAR,0,28.106119665755692,False,-0.2418389916419983,-0.05086929351091385,-1.8946950435638428,,,,-11.83,False,,,"{""telemetry"": 1.1, ""graph"": 130.5}",True,3923.8,False,False,True,2,photo-20260901T231450138Z-0.png;photo-20260901T231450138Z-1.png;photo-20260901T231450138Z-2.png;photo-20260901T231450138Z-3.png,0.0,,0.0,False,0.0,,0.0,False,0.0,,0.0,False
83.731,417,slm,TOWNSIM_INI,1,deliberative,FRENAR,0,28.106717596437296,False,-0.2418389916419983,-0.05086929351091385,-1.8941423892974854,,,,-11.83,False,,,"{""telemetry"": 0.9, ""graph"": 116.7}",True,3923.8,False,False,True,2,photo-20260901T231450138Z-0.png;photo-20260901T231450138Z-1.png;photo-20260901T231450138Z-2.png;photo-20260901T231450138Z-3.png,0.0,,0.0,False,0.0,,0.0,False,0.0,,0.0,False
83.94,418,slm,TOWNSIM_INI,1,deliberative,FRENAR,0,28.107324586675688,False,-0.2418389916419983,-0.05086929351091385,-1.893517255783081,,,,-11.83,False,,,"{""telemetry"": 2.0, ""graph"": 123.3}",True,3923.8,False,False,True,2,photo-20260901T231450138Z-0.png;photo-20260901T231450138Z-1.png;photo-20260901T231450138Z-2.png;photo-20260901T231450138Z-3.png,0.0,,0.0,False,0.0,,0.0,False,0.0,,0.0,False
84.142,419,slm,TOWNSIM_INI,1,deliberative,FRENAR,0,28.107913457803456,False,-0.2418389916419983,-0.05086929351091385,-1.8929283618927002,,,,-11.83,False,,,"{""telemetry"": 1.0, ""graph"": 126.3}",True,3923.8,False,False,True,2,photo-20260901T231450138Z-0.png;photo-20260901T231450138Z-1.png;photo-20260901T231450138Z-2.png;photo-20260901T231450138Z-3.png,0.0,,0.0,False,0.0,,0.0,False,0.0,,0.0,False
84.349,420,slm,TOWNSIM_INI,1,deliberative,FRENAR,0,28.10852044804384,False,-0.2418389916419983,-0.05086929351091385,-1.892303228378296,,,,-11.83,False,,,"{""telemetry"": 1.5, ""graph"": 132.1}",True,3923.8,False,False,True,2,photo-20260901T231450138Z-0.png;photo-20260901T231450138Z-1.png;photo-20260901T231450138Z-2.png;photo-20260901T231450138Z-3.png,0.0,,0.0,False,0.0,,0.0,False,0.0,,0.0,False
84.521,421,slm,TOWNSIM_INI,1,deliberative,FRENAR,0,28.109118378729395,False,-0.2418389916419983,-0.05086929351091385,-1.891777753829956,,,,-11.83,False,,,"{""telemetry"": 1.2, ""graph"": 104.8}",True,3923.8,False,False,True,2,photo-20260901T231450138Z-0.png;photo-20260901T231450138Z-1.png;photo-20260901T231450138Z-2.png;photo-20260901T231450138Z-3.png,0.0,,0.0,False,0.0,,0.0,False,0.0,,0.0,False
84.756,422,slm,TOWNSIM_INI,1,deliberative,FRENAR,0,28.10971630941593,False,-0.2418389916419983,-0.05086929351091385,-1.8910892009735107,,,,-11.83,False,,,"{""telemetry"": 1.2, ""graph"": 139.2}",True,3923.8,False,False,True,2,photo-20260901T231450138Z-0.png;photo-20260901T231450138Z-1.png;photo-20260901T231450138Z-2.png;photo-20260901T231450138Z-3.png,0.0,,0.0,False,0.0,,0.0,False,0.0,,0.0,False
84.932,423,slm,TOWNSIM_INI,1,deliberative,FRENAR,0,28.110323299659324,False,-0.2418389916419983,-0.05086929351091385,-1.890563726425171,,,,-11.83,False,,,"{""telemetry"": 3.2, ""graph"": 112.7}",True,3923.8,False,False,True,2,photo-20260901T231450138Z-0.png;photo-20260901T231450138Z-1.png;photo-20260901T231450138Z-2.png;photo-20260901T231450138Z-3.png,0.0,,0.0,False,0.0,,0.0,False,0.0,,0.0,False
85.133,424,slm,TOWNSIM_INI,1,deliberative,FRENAR,0,28.11092123034784,False,-0.2418389916419983,-0.05086929351091385,-1.8899567127227783,,,,-11.83,False,,,"{""telemetry"": 1.2, ""graph"": 116.2}",True,3923.8,False,False,True,2,photo-20260901T231450138Z-0.png;photo-20260901T231450138Z-1.png;photo-20260901T231450138Z-2.png;photo-20260901T231450138Z-3.png,0.0,,0.0,False,0.0,,0.0,False,0.0,,0.0,False
85.382,425,slm,TOWNSIM_INI,1,deliberative,FRENAR,0,28.111519161037343,False,-0.2418389916419983,-0.05086929351091385,-1.889268159866333,,,,-11.83,False,,,"{""telemetry"": 1.4, ""graph"": 163.7}",True,3923.8,False,False,True,2,photo-20260901T231450138Z-0.png;photo-20260901T231450138Z-1.png;photo-20260901T231450138Z-2.png;photo-20260901T231450138Z-3.png,0.0,,0.001,False,0.0,,0.0,False,0.0,,0.0,False
85.577,426,slm,TOWNSIM_INI,1,deliberative,FRENAR,0,28.112117091727825,False,-0.2418389916419983,-0.05086929351091385,-1.8886792659759521,,,,-11.83,False,,,"{""telemetry"": 1.0, ""graph"": 159.3}",True,3923.8,False,False,True,2,photo-20260901T231450138Z-0.png;photo-20260901T231450138Z-1.png;photo-20260901T231450138Z-2.png;photo-20260901T231450138Z-3.png,0.0,,0.003,False,0.0,,0.0,False,0.0,,0.001,False
85.77,427,slm,TOWNSIM_INI,1,deliberative,FRENAR,0,28.112724081975227,False,-0.2418389916419983,-0.05086929351091385,-1.8880903720855713,,,,-11.83,False,,,"{""telemetry"": 0.9, ""graph"": 151.2}",True,3923.8,False,False,True,2,photo-20260901T231450138Z-0.png;photo-20260901T231450138Z-1.png;photo-20260901T231450138Z-2.png;photo-20260901T231450138Z-3.png,0.0,,0.001,False,0.0,,0.0,False,0.0,,0.0,False
85.986,428,slm,TOWNSIM_INI,1,deliberative,FRENAR,0,28.11332201266769,False,-0.2418389916419983,-0.05086929351091385,-1.887465238571167,,,,-11.83,False,,,"{""telemetry"": 1.0, ""graph"": 167.0}",True,3923.8,False,False,True,2,photo-20260901T231450138Z-0.png;photo-20260901T231450138Z-1.png;photo-20260901T231450138Z-2.png;photo-20260901T231450138Z-3.png,0.0,,0.004,False,0.0,,0.0,False,0.0,,0.001,False
86.153,429,slm,TOWNSIM_INI,1,deliberative,FRENAR,0,28.113919943361136,False,-0.2418389916419983,-0.05086929351091385,-1.886948823928833,,,,-11.83,False,,,"{""telemetry"": 1.4, ""graph"": 132.7}",True,3923.8,False,False,True,2,photo-20260901T231450138Z-0.png;photo-20260901T231450138Z-1.png;photo-20260901T231450138Z-2.png;photo-20260901T231450138Z-3.png,0.0,,0.001,False,0.0,,0.0,False,0.0,,0.0,False
86.358,430,slm,TOWNSIM_INI,1,deliberative,FRENAR,0,28.114517874055565,False,-0.2418389916419983,-0.05086929351091385,-1.8863418102264404,,,,-11.83,False,,,"{""telemetry"": 1.0, ""graph"": 138.3}",True,3923.8,False,False,True,2,photo-20260901T231450138Z-0.png;photo-20260901T231450138Z-1.png;photo-20260901T231450138Z-2.png;photo-20260901T231450138Z-3.png,0.0,,0.001,False,0.0,,0.0,False,0.0,,0.0,False
86.565,431,slm,TOWNSIM_INI,1,deliberative,FRENAR,0,28.115124864306974,False,-0.2418389916419983,-0.05086929351091385,-1.8857166767120361,,,,-11.83,False,,,"{""telemetry"": 1.6, ""graph"": 143.5}",True,3923.8,False,False,True,2,photo-20260901T231450138Z-0.png;photo-20260901T231450138Z-1.png;photo-20260901T231450138Z-2.png;photo-20260901T231450138Z-3.png,0.0,,0.001,False,0.0,,0.0,False,0.0,,0.0,False
86.798,432,slm,TOWNSIM_INI,1,deliberative,FRENAR,0,28.115722795003386,False,-0.2418389916419983,-0.05086929351091385,-1.8850281238555908,,,,-11.83,False,,,"{""telemetry"": 1.2, ""graph"": 176.5}",True,3923.8,False,False,True,2,photo-20260901T231450138Z-0.png;photo-20260901T231450138Z-1.png;photo-20260901T231450138Z-2.png;photo-20260901T231450138Z-3.png,0.0,,0.001,False,0.0,,0.0,False,0.0,,0.0,False
86.963,433,slm,TOWNSIM_INI,1,deliberative,FRENAR,0,28.116320725700774,False,-0.2418389916419983,-0.05086929351091385,-1.8845117092132568,,,,-11.83,False,,,"{""telemetry"": 1.2, ""graph"": 142.1}",True,3923.8,False,False,True,2,photo-20260901T231450138Z-0.png;photo-20260901T231450138Z-1.png;photo-20260901T231450138Z-2.png;photo-20260901T231450138Z-3.png,0.0,,0.001,False,0.0,,0.0,False,0.0,,0.0,False
87.165,434,slm,TOWNSIM_INI,1,deliberative,FRENAR,0,28.116936775511235,False,-0.2418389916419983,-0.05086929351091385,-1.8839409351348877,,,,-11.83,False,,,"{""telemetry"": 2.3, ""graph"": 142.1}",True,3923.8,False,False,True,2,photo-20260901T231450138Z-0.png;photo-20260901T231450138Z-1.png;photo-20260901T231450138Z-2.png;photo-20260901T231450138Z-3.png,0.0,,0.0,False,0.0,,0.0,False,0.0,,0.0,False
87.361,435,slm,TOWNSIM_INI,1,deliberative,FRENAR,0,28.11752564665456,False,-0.2418389916419983,-0.05086929351091385,-1.8833067417144775,,,,-11.83,False,,,"{""telemetry"": 1.3, ""graph"": 137.9}",True,3923.8,False,False,True,2,photo-20260901T231450138Z-0.png;photo-20260901T231450138Z-1.png;photo-20260901T231450138Z-2.png;photo-20260901T231450138Z-3.png,0.0,,0.0,False,0.0,,0.0,False,0.0,,0.0,False
87.555,436,slm,TOWNSIM_INI,1,deliberative,FRENAR,0,28.118123577354915,False,-0.2418389916419983,-0.05086929351091385,-1.8827540874481201,,,,-11.83,False,,,"{""telemetry"": 1.7, ""graph"": 131.7}",True,3923.8,False,False,True,2,photo-20260901T231450138Z-0.png;photo-20260901T231450138Z-1.png;photo-20260901T231450138Z-2.png;photo-20260901T231450138Z-3.png,0.0,,0.001,False,0.0,,0.0,False,0.0,,0.0,False
87.787,437,slm,TOWNSIM_INI,1,deliberative,FRENAR,0,28.118712448500162,False,-0.2418389916419983,-0.05086929351091385,-1.8820927143096924,,,,-11.83,False,,,"{""telemetry"": 1.0, ""graph"": 163.5}",True,3923.8,False,False,True,2,photo-20260901T231450138Z-0.png;photo-20260901T231450138Z-1.png;photo-20260901T231450138Z-2.png;photo-20260901T231450138Z-3.png,0.0,,0.003,False,0.0,,0.0,False,0.0,,0.001,False
87.983,438,slm,TOWNSIM_INI,1,deliberative,FRENAR,0,28.119310379202464,False,-0.2418389916419983,-0.05086929351091385,-1.8814947605133057,,,,-11.83,False,,,"{""telemetry"": 1.0, ""graph"": 159.6}",True,3923.8,False,False,True,2,photo-20260901T231450138Z-0.png;photo-20260901T231450138Z-1.png;photo-20260901T231450138Z-2.png;photo-20260901T231450138Z-3.png,0.0,,0.003,False,0.0,,0.0,False,0.0,,0.001,False
88.165,439,slm,TOWNSIM_INI,1,deliberative,FRENAR,0,28.11990830990575,False,-0.2418389916419983,-0.05086929351091385,-1.8809058666229248,,,,-11.83,False,,,"{""telemetry"": 1.0, ""graph"": 141.9}",True,3923.8,False,False,True,2,photo-20260901T231450138Z-0.png;photo-20260901T231450138Z-1.png;photo-20260901T231450138Z-2.png;photo-20260901T231450138Z-3.png,0.0,,0.0,False,0.0,,0.0,False,0.0,,0.0,False
88.394,440,slm,TOWNSIM_INI,1,deliberative,FRENAR,0,28.120506240610016,False,-0.2418389916419983,-0.05086929351091385,-1.8802716732025146,,,,-11.83,False,,,"{""telemetry"": 1.1, ""graph"": 170.0}",True,3923.8,False,False,True,2,photo-20260901T231450138Z-0.png;photo-20260901T231450138Z-1.png;photo-20260901T231450138Z-2.png;photo-20260901T231450138Z-3.png,0.0,,0.0,False,0.0,,0.0,False,0.0,,0.0,False
88.547,441,slm,TOWNSIM_INI,1,deliberative,FRENAR,0,28.121104171315267,False,-0.2418389916419983,-0.05086929351091385,-1.8797643184661865,,,,-11.83,False,,,"{""telemetry"": 1.1, ""graph"": 122.3}",True,3923.8,False,False,True,2,photo-20260901T231450138Z-0.png;photo-20260901T231450138Z-1.png;photo-20260901T231450138Z-2.png;photo-20260901T231450138Z-3.png,0.0,,0.0,False,0.0,,0.0,False,0.0,,0.0,False
88.758,442,slm,TOWNSIM_INI,1,deliberative,FRENAR,0,28.121702102021494,False,-0.2418389916419983,-0.05086929351091385,-1.8791301250457764,,,,-11.83,False,,,"{""telemetry"": 0.9, ""graph"": 134.0}",True,3923.8,False,False,True,2,photo-20260901T231450138Z-0.png;photo-20260901T231450138Z-1.png;photo-20260901T231450138Z-2.png;photo-20260901T231450138Z-3.png,0.0,,0.0,False,0.0,,0.0,False,0.0,,0.0,False
88.955,443,slm,TOWNSIM_INI,1,deliberative,FRENAR,0,28.12230003272871,False,-0.2418389916419983,-0.05086929351091385,-1.8785412311553955,,,,-11.83,False,,,"{""telemetry"": 1.4, ""graph"": 130.3}",True,3923.8,False,False,True,2,photo-20260901T231450138Z-0.png;photo-20260901T231450138Z-1.png;photo-20260901T231450138Z-2.png;photo-20260901T231450138Z-3.png,0.0,,0.0,False,0.0,,0.0,False,0.0,,0.0,False
89.205,444,slm,TOWNSIM_INI,1,deliberative,FRENAR,0,28.122897963436902,False,-0.2418389916419983,-0.05086929351091385,-1.8778345584869385,,,,-11.83,False,,,"{""telemetry"": 1.6, ""graph"": 178.8}",True,3923.8,False,False,True,2,photo-20260901T231450138Z-0.png;photo-20260901T231450138Z-1.png;photo-20260901T231450138Z-2.png;photo-20260901T231450138Z-3.png,0.0,,0.005,False,0.0,,0.001,False,0.0,,0.0,False
89.381,445,slm,TOWNSIM_INI,1,deliberative,FRENAR,0,28.123495894146078,False,-0.2418389916419983,-0.05086929351091385,-1.8773090839385986,,,,-11.83,False,,,"{""telemetry"": 1.0, ""graph"": 155.5}",True,3923.8,False,False,True,2,photo-20260901T231450138Z-0.png;photo-20260901T231450138Z-1.png;photo-20260901T231450138Z-2.png;photo-20260901T231450138Z-3.png,0.0,,0.001,False,0.0,,0.0,False,0.0,,0.0,False
89.558,446,slm,TOWNSIM_INI,1,deliberative,FRENAR,0,28.12410288441246,False,-0.2418389916419983,-0.05086929351091385,-1.876774549484253,,,,-11.83,False,,,"{""telemetry"": 1.7, ""graph"": 131.0}",True,3923.8,False,False,True,2,photo-20260901T231450138Z-0.png;photo-20260901T231450138Z-1.png;photo-20260901T231450138Z-2.png;photo-20260901T231450138Z-3.png,0.0,,0.007,False,0.0,,0.001,False,0.0,,0.0,False
89.764,447,slm,TOWNSIM_INI,1,deliberative,FRENAR,0,28.124700815123614,False,-0.2418389916419983,-0.05086929351091385,-1.8761675357818604,,,,-11.83,False,,,"{""telemetry"": 1.2, ""graph"": 136.8}",True,3923.8,False,False,True,2,photo-20260901T231450138Z-0.png;photo-20260901T231450138Z-1.png;photo-20260901T231450138Z-2.png;photo-20260901T231450138Z-3.png,0.0,,0.001,False,0.0,,0.0,False,0.0,,0.0,False
89.979,448,slm,TOWNSIM_INI,1,deliberative,FRENAR,0,28.12529874583575,False,-0.2418389916419983,-0.05086929351091385,-1.8755242824554443,,,,-11.83,False,,,"{""telemetry"": 1.3, ""graph"": 151.5}",True,3923.8,False,False,True,2,photo-20260901T231450138Z-0.png;photo-20260901T231450138Z-1.png;photo-20260901T231450138Z-2.png;photo-20260901T231450138Z-3.png,0.0,,0.008,False,0.0,,0.001,False,0.0,,0.0,False
90.144,449,slm,TOWNSIM_INI,1,deliberative,FRENAR,0,28.125896676548866,False,-0.2418389916419983,-0.05086929351091385,-1.8749806880950928,,,,-11.83,False,,,"{""telemetry"": 0.8, ""graph"": 116.9}",True,3923.8,False,False,True,2,photo-20260901T231450138Z-0.png;photo-20260901T231450138Z-1.png;photo-20260901T231450138Z-2.png;photo-20260901T231450138Z-3.png,0.0,,0.0,False,0.0,,0.0,False,0.0,,0.0,False
90.385,450,slm,TOWNSIM_INI,1,deliberative,FRENAR,0,28.126503666819247,False,-0.2418389916419983,-0.05086929351091385,-1.8743464946746826,,,,-11.83,False,,,"{""telemetry"": 1.2, ""graph"": 156.6}",True,3923.8,False,False,True,2,photo-20260901T231450138Z-0.png;photo-20260901T231450138Z-1.png;photo-20260901T231450138Z-2.png;photo-20260901T231450138Z-3.png,0.0,,0.001,False,0.0,,0.0,False,0.0,,0.0,False
90.578,451,slm,TOWNSIM_INI,1,deliberative,FRENAR,0,28.127092537978047,False,-0.2418389916419983,-0.05086929351091385,-1.8737304210662842,,,,-11.83,False,,,"{""telemetry"": 1.6, ""graph"": 148.8}",True,3923.8,False,False,True,2,photo-20260901T231450138Z-0.png;photo-20260901T231450138Z-1.png;photo-20260901T231450138Z-2.png;photo-20260901T231450138Z-3.png,0.0,,0.001,False,0.0,,0.0,False,0.0,,0.0,False
90.77,452,slm,TOWNSIM_INI,1,deliberative,FRENAR,0,28.12769046869411,False,-0.2418389916419983,-0.05086929351091385,-1.873168706893921,,,,-11.83,False,,,"{""telemetry"": 1.0, ""graph"": 141.8}",True,3923.8,False,False,True,2,photo-20260901T231450138Z-0.png;photo-20260901T231450138Z-1.png;photo-20260901T231450138Z-2.png;photo-20260901T231450138Z-3.png,0.0,,0.003,False,0.0,,0.0,False,0.0,,0.0,False
90.965,453,slm,TOWNSIM_INI,1,deliberative,FRENAR,0,28.12828839941115,False,-0.2418389916419983,-0.05086929351091385,-1.872588872909546,,,,-11.83,False,,,"{""telemetry"": 1.0, ""graph"": 136.1}",True,3923.8,False,False,True,2,photo-20260901T231450138Z-0.png;photo-20260901T231450138Z-1.png;photo-20260901T231450138Z-2.png;photo-20260901T231450138Z-3.png,0.0,,0.001,False,0.0,,0.0,False,0.0,,0.0,False
91.166,454,slm,TOWNSIM_INI,1,deliberative,FRENAR,0,28.128886330129173,False,-0.2418389916419983,-0.05086929351091385,-1.8719456195831299,,,,-11.83,False,,,"{""telemetry"": 1.0, ""graph"": 136.9}",True,3923.8,False,False,True,2,photo-20260901T231450138Z-0.png;photo-20260901T231450138Z-1.png;photo-20260901T231450138Z-2.png;photo-20260901T231450138Z-3.png,0.0,,0.0,False,0.0,,0.0,False,0.0,,0.0,False
91.361,455,slm,TOWNSIM_INI,1,deliberative,FRENAR,0,28.12948426084818,False,-0.2418389916419983,-0.05086929351091385,-1.8713929653167725,,,,-11.83,False,,,"{""telemetry"": 1.1, ""graph"": 131.3}",True,3923.8,False,False,True,2,photo-20260901T231450138Z-0.png;photo-20260901T231450138Z-1.png;photo-20260901T231450138Z-2.png;photo-20260901T231450138Z-3.png,0.0,,0.001,False,0.0,,0.0,False,0.0,,0.0,False
91.576,456,slm,TOWNSIM_INI,1,deliberative,FRENAR,0,28.130082191568167,False,-0.2418389916419983,-0.05086929351091385,-1.870776891708374,,,,-11.83,False,,,"{""telemetry"": 1.0, ""graph"": 145.2}",True,3923.8,False,False,True,2,photo-20260901T231450138Z-0.png;photo-20260901T231450138Z-1.png;photo-20260901T231450138Z-2.png;photo-20260901T231450138Z-3.png,0.0,,0.001,False,0.0,,0.0,False,0.0,,0.0,False
91.796,457,slm,TOWNSIM_INI,1,deliberative,FRENAR,0,28.130680122289135,False,-0.2418389916419983,-0.05086929351091385,-1.8701155185699463,,,,-11.83,False,,,"{""telemetry"": 1.2, ""graph"": 164.8}",True,3923.8,False,False,True,2,photo-20260901T231450138Z-0.png;photo-20260901T231450138Z-1.png;photo-20260901T231450138Z-2.png;photo-20260901T231450138Z-3.png,0.0,,0.005,False,0.0,,0.001,False,0.0,,0.0,False
91.996,458,slm,TOWNSIM_INI,1,deliberative,FRENAR,0,28.131278053011084,False,-0.2418389916419983,-0.05086929351091385,-1.8695175647735596,,,,-11.83,False,,,"{""telemetry"": 1.1, ""graph"": 164.7}",True,3923.8,False,False,True,2,photo-20260901T231450138Z-0.png;photo-20260901T231450138Z-1.png;photo-20260901T231450138Z-2.png;photo-20260901T231450138Z-3.png,0.0,,0.001,False,0.0,,0.0,False,0.0,,0.0,False
92.182,459,slm,TOWNSIM_INI,1,deliberative,FRENAR,0,28.131875983734012,False,-0.2418389916419983,-0.05086929351091385,-1.8689558506011963,,,,-11.83,False,,,"{""telemetry"": 1.8, ""graph"": 149.6}",True,3923.8,False,False,True,2,photo-20260901T231450138Z-0.png;photo-20260901T231450138Z-1.png;photo-20260901T231450138Z-2.png;photo-20260901T231450138Z-3.png,0.0,,0.001,False,0.0,,0.0,False,0.0,,0.0,False
92.376,460,slm,TOWNSIM_INI,1,deliberative,FRENAR,0,28.132473914457922,False,-0.2418389916419983,-0.05086929351091385,-1.8683760166168213,,,,-11.83,False,,,"{""telemetry"": 0.8, ""graph"": 144.5}",True,3923.8,False,False,True,2,photo-20260901T231450138Z-0.png;photo-20260901T231450138Z-1.png;photo-20260901T231450138Z-2.png;photo-20260901T231450138Z-3.png,0.0,,0.002,False,0.0,,0.001,False,0.0,,0.0,False
92.58,461,slm,TOWNSIM_INI,1,deliberative,FRENAR,0,28.13308090473926,False,-0.2418389916419983,-0.05086929351091385,-1.8677599430084229,,,,-11.83,False,,,"{""telemetry"": 1.2, ""graph"": 147.1}",True,3923.8,False,False,True,2,photo-20260901T231450138Z-0.png;photo-20260901T231450138Z-1.png;photo-20260901T231450138Z-2.png;photo-20260901T231450138Z-3.png,0.0,,0.002,False,0.0,,0.0,False,0.0,,0.0,False
92.792,462,slm,TOWNSIM_INI,1,deliberative,FRENAR,0,28.133678835465144,False,-0.2418389916419983,-0.05086929351091385,-1.8671348094940186,,,,-11.83,False,,,"{""telemetry"": 1.1, ""graph"": 159.8}",True,3923.8,False,False,True,2,photo-20260901T231450138Z-0.png;photo-20260901T231450138Z-1.png;photo-20260901T231450138Z-2.png;photo-20260901T231450138Z-3.png,0.0,,0.002,False,0.0,,0.001,False,0.0,,0.0,False
92.97,463,slm,TOWNSIM_INI,1,deliberative,FRENAR,0,28.134276766192013,False,-0.2418389916419983,-0.05086929351091385,-1.866591215133667,,,,-11.83,False,,,"{""telemetry"": 1.9, ""graph"": 136.5}",True,3923.8,False,False,True,2,photo-20260901T231450138Z-0.png;photo-20260901T231450138Z-1.png;photo-20260901T231450138Z-2.png;photo-20260901T231450138Z-3.png,0.0,,0.015,False,0.0,,0.004,False,0.0,,0.0,False
93.175,464,slm,TOWNSIM_INI,1,deliberative,FRENAR,0,28.134874696919862,False,-0.2418389916419983,-0.05086929351091385,-1.8659842014312744,,,,-11.83,False,,,"{""telemetry"": 1.1, ""graph"": 141.7}",True,3923.8,False,False,True,2,photo-20260901T231450138Z-0.png;photo-20260901T231450138Z-1.png;photo-20260901T231450138Z-2.png;photo-20260901T231450138Z-3.png,0.0,,0.002,False,0.0,,0.001,False,0.0,,0.0,False
93.379,465,slm,TOWNSIM_INI,1,deliberative,FRENAR,0,28.13547262764869,False,-0.2418389916419983,-0.05086929351091385,-1.8653862476348877,,,,-11.83,False,,,"{""telemetry"": 1.0, ""graph"": 145.6}",True,3923.8,False,False,True,2,photo-20260901T231450138Z-0.png;photo-20260901T231450138Z-1.png;photo-20260901T231450138Z-2.png;photo-20260901T231450138Z-3.png,0.0,,0.016,False,0.0,,0.005,False,0.0,,0.0,False
93.593,466,slm,TOWNSIM_INI,1,deliberative,FRENAR,0,28.1360705583785,False,-0.2418389916419983,-0.05086929351091385,-1.8647429943084717,,,,-11.83,False,,,"{""telemetry"": 0.9, ""graph"": 159.0}",True,3923.8,False,False,True,2,photo-20260901T231450138Z-0.png;photo-20260901T231450138Z-1.png;photo-20260901T231450138Z-2.png;photo-20260901T231450138Z-3.png,0.0,,0.001,False,0.0,,0.0,False,0.0,,0.0,False
93.786,467,slm,TOWNSIM_INI,1,deliberative,FRENAR,0,28.136677548665823,False,-0.2418389916419983,-0.05086929351091385,-1.8641541004180908,,,,-11.83,False,,,"{""telemetry"": 1.7, ""graph"": 151.3}",True,3923.8,False,False,True,2,photo-20260901T231450138Z-0.png;photo-20260901T231450138Z-1.png;photo-20260901T231450138Z-2.png;photo-20260901T231450138Z-3.png,0.0,,0.018,False,0.0,,0.006,False,0.0,,0.0,False
93.969,468,slm,TOWNSIM_INI,1,deliberative,FRENAR,0,28.137275479397605,False,-0.2418389916419983,-0.05086929351091385,-1.8635470867156982,,,,-11.83,False,,,"{""telemetry"": 1.1, ""graph"": 134.3}",True,3923.8,False,False,True,2,photo-20260901T231450138Z-0.png;photo-20260901T231450138Z-1.png;photo-20260901T231450138Z-2.png;photo-20260901T231450138Z-3.png,0.0,,0.0,False,0.0,,0.0,False,0.0,,0.0,False
94.187,469,slm,TOWNSIM_INI,1,deliberative,FRENAR,0,28.137882469686936,False,-0.2418389916419983,-0.05086929351091385,-1.8629491329193115,,,,-11.83,False,,,"{""telemetry"": 1.4, ""graph"": 151.3}",True,3923.8,False,False,True,2,photo-20260901T231450138Z-0.png;photo-20260901T231450138Z-1.png;photo-20260901T231450138Z-2.png;photo-20260901T231450138Z-3.png,0.0,,0.001,False,0.0,,0.0,False,0.0,,0.0,False
94.372,470,slm,TOWNSIM_INI,1,deliberative,FRENAR,0,28.138480400420693,False,-0.2418389916419983,-0.05086929351091385,-1.862342119216919,,,,-11.83,False,,,"{""telemetry"": 1.0, ""graph"": 135.8}",True,3923.8,False,False,True,2,photo-20260901T231450138Z-0.png;photo-20260901T231450138Z-1.png;photo-20260901T231450138Z-2.png;photo-20260901T231450138Z-3.png,0.0,,0.0,False,0.0,,0.0,False,0.0,,0.0,False
94.591,471,slm,TOWNSIM_INI,1,deliberative,FRENAR,0,28.139078331155435,False,-0.2418389916419983,-0.05086929351091385,-1.8617441654205322,,,,-11.83,False,,,"{""telemetry"": 0.9, ""graph"": 155.2}",True,3923.8,False,False,True,2,photo-20260901T231450138Z-0.png;photo-20260901T231450138Z-1.png;photo-20260901T231450138Z-2.png;photo-20260901T231450138Z-3.png,0.0,,0.001,False,0.0,,0.0,False,0.0,,0.0,False
94.776,472,slm,TOWNSIM_INI,1,deliberative,FRENAR,0,28.139676261891154,False,-0.2418389916419983,-0.05086929351091385,-1.8611371517181396,,,,-11.83,False,,,"{""telemetry"": 0.9, ""graph"": 139.2}",True,3923.8,False,False,True,2,photo-20260901T231450138Z-0.png;photo-20260901T231450138Z-1.png;photo-20260901T231450138Z-2.png;photo-20260901T231450138Z-3.png,0.0,,0.0,False,0.0,,0.0,False,0.0,,0.0,False
94.955,473,slm,TOWNSIM_INI,1,deliberative,FRENAR,0,28.140274192627853,False,-0.2418389916419983,-0.05086929351091385,-1.8606116771697998,,,,-11.83,False,,,"{""telemetry"": 0.8, ""graph"": 117.9}",True,3923.8,False,False,True,2,photo-20260901T231450138Z-0.png;photo-20260901T231450138Z-1.png;photo-20260901T231450138Z-2.png;photo-20260901T231450138Z-3.png,0.0,,0.0,False,0.0,,0.0,False,0.0,,0.0,False
95.175,474,slm,TOWNSIM_INI,1,deliberative,FRENAR,0,28.140872123365533,False,-0.2418389916419983,-0.05086929351091385,-1.8600046634674072,,,,-11.83,False,,,"{""telemetry"": 1.7, ""graph"": 136.0}",True,3923.8,False,False,True,2,photo-20260901T231450138Z-0.png;photo-20260901T231450138Z-1.png;photo-20260901T231450138Z-2.png;photo-20260901T231450138Z-3.png,0.0,,0.007,False,0.0,,0.002,False,0.0,,0.001,False
95.382,475,slm,TOWNSIM_INI,1,deliberative,FRENAR,0,28.141470054104193,False,-0.2418389916419983,-0.05086929351091385,-1.8593885898590088,,,,-11.83,False,,,"{""telemetry"": 1.2, ""graph"": 143.4}",True,3923.8,False,False,True,2,photo-20260901T231450138Z-0.png;photo-20260901T231450138Z-1.png;photo-20260901T231450138Z-2.png;photo-20260901T231450138Z-3.png,0.0,,0.006,False,0.0,,0.002,False,0.0,,0.001,False
95.59,476,slm,TOWNSIM_INI,1,deliberative,FRENAR,0,28.1420770444005,False,-0.2418389916419983,-0.05086929351091385,-1.8587815761566162,,,,-11.83,False,,,"{""telemetry"": 1.0, ""graph"": 151.7}",True,3923.8,False,False,True,2,photo-20260901T231450138Z-0.png;photo-20260901T231450138Z-1.png;photo-20260901T231450138Z-2.png;photo-20260901T231450138Z-3.png,0.0,,0.004,False,0.0,,0.001,False,0.0,,0.0,False
95.8,477,slm,TOWNSIM_INI,1,deliberative,FRENAR,0,28.142674975141134,False,-0.2418389916419983,-0.05086929351091385,-1.858156442642212,,,,-11.83,False,,,"{""telemetry"": 1.4, ""graph"": 160.5}",True,3923.8,False,False,True,2,photo-20260901T231450138Z-0.png;photo-20260901T231450138Z-1.png;photo-20260901T231450138Z-2.png;photo-20260901T231450138Z-3.png,0.0,,0.01,False,0.0,,0.004,False,0.0,,0.002,False
96.001,478,slm,TOWNSIM_INI,1,deliberative,FRENAR,0,28.14327290588275,False,-0.2418389916419983,-0.05086929351091385,-1.8575403690338135,,,,-11.83,False,,,"{""telemetry"": 1.0, ""graph"": 161.5}",True,3923.8,False,False,True,2,photo-20260901T231450138Z-0.png;photo-20260901T231450138Z-1.png;photo-20260901T231450138Z-2.png;photo-20260901T231450138Z-3.png,0.0,,0.002,False,0.0,,0.001,False,0.0,,0.0,False
96.183,479,slm,TOWNSIM_INI,1,deliberative,FRENAR,0,28.143870836625343,False,-0.2418389916419983,-0.05086929351091385,-1.856996774673462,,,,-11.83,False,,,"{""telemetry"": 1.5, ""graph"": 142.8}",True,3923.8,False,False,True,2,photo-20260901T231450138Z-0.png;photo-20260901T231450138Z-1.png;photo-20260901T231450138Z-2.png;photo-20260901T231450138Z-3.png,0.0,,0.001,False,0.0,,0.0,False,0.0,,0.0,False
96.393,480,slm,TOWNSIM_INI,1,deliberative,FRENAR,0,28.144468767368917,False,-0.2418389916419983,-0.05086929351091385,-1.8563807010650635,,,,-11.83,False,,,"{""telemetry"": 1.1, ""graph"": 152.4}",True,3923.8,False,False,True,2,photo-20260901T231450138Z-0.png;photo-20260901T231450138Z-1.png;photo-20260901T231450138Z-2.png;photo-20260901T231450138Z-3.png,0.0,,0.009,False,0.0,,0.004,False,0.0,,0.001,False
96.63,481,slm,TOWNSIM_INI,1,deliberative,FRENAR,0,28.145075757670213,False,-0.2418389916419983,-0.05086929351091385,-1.8557283878326416,,,,-11.83,False,,,"{""telemetry"": 1.4, ""graph"": 189.2}",True,3923.8,False,False,True,2,photo-20260901T231450138Z-0.png;photo-20260901T231450138Z-1.png;photo-20260901T231450138Z-2.png;photo-20260901T231450138Z-3.png,0.0,,0.01,False,0.0,,0.004,False,0.0,,0.002,False
96.8,482,slm,TOWNSIM_INI,1,deliberative,FRENAR,0,28.145664628859,False,-0.2418389916419983,-0.05086929351091385,-1.8551757335662842,,,,-11.83,False,,,"{""telemetry"": 1.6, ""graph"": 158.9}",True,3923.8,False,False,True,2,photo-20260901T231450138Z-0.png;photo-20260901T231450138Z-1.png;photo-20260901T231450138Z-2.png;photo-20260901T231450138Z-3.png,0.0,,0.002,False,0.0,,0.001,False,0.0,,0.0,False
97.011,483,slm,TOWNSIM_INI,1,deliberative,FRENAR,0,28.146271619162285,False,-0.2418389916419983,-0.05086929351091385,-1.8545687198638916,,,,-11.83,False,,,"{""telemetry"": 1.7, ""graph"": 168.3}",True,3923.8,False,False,True,2,photo-20260901T231450138Z-0.png;photo-20260901T231450138Z-1.png;photo-20260901T231450138Z-2.png;photo-20260901T231450138Z-3.png,0.0,,0.003,False,0.0,,0.001,False,0.0,,0.0,False
97.218,484,slm,TOWNSIM_INI,1,deliberative,FRENAR,0,28.14686954990979,False,-0.2418389916419983,-0.05086929351091385,-1.8539345264434814,,,,-11.83,False,,,"{""telemetry"": 1.1, ""graph"": 175.1}",True,3923.8,False,False,True,2,photo-20260901T231450138Z-0.png;photo-20260901T231450138Z-1.png;photo-20260901T231450138Z-2.png;photo-20260901T231450138Z-3.png,0.0,,0.004,False,0.0,,0.002,False,0.0,,0.0,False
97.396,485,slm,TOWNSIM_INI,1,deliberative,FRENAR,0,28.147467480658275,False,-0.2418389916419983,-0.05086929351091385,-1.8533909320831299,,,,-11.83,False,,,"{""telemetry"": 0.8, ""graph"": 153.3}",True,3923.8,False,False,True,2,photo-20260901T231450138Z-0.png;photo-20260901T231450138Z-1.png;photo-20260901T231450138Z-2.png;photo-20260901T231450138Z-3.png,0.0,,0.0,False,0.0,,0.0,False,0.0,,0.0,False
97.612,486,slm,TOWNSIM_INI,1,deliberative,FRENAR,0,28.14806541140774,False,-0.2418389916419983,-0.05086929351091385,-1.8527476787567139,,,,-11.83,False,,,"{""telemetry"": 1.1, ""graph"": 168.4}",True,3923.8,False,False,True,2,photo-20260901T231450138Z-0.png;photo-20260901T231450138Z-1.png;photo-20260901T231450138Z-2.png;photo-20260901T231450138Z-3.png,0.0,,0.003,False,0.0,,0.001,False,0.0,,0.0,False
97.801,487,slm,TOWNSIM_INI,1,deliberative,FRENAR,0,28.148663342158184,False,-0.2418389916419983,-0.05086929351091385,-1.8521769046783447,,,,-11.83,False,,,"{""telemetry"": 1.1, ""graph"": 157.5}",True,3923.8,False,False,True,2,photo-20260901T231450138Z-0.png;photo-20260901T231450138Z-1.png;photo-20260901T231450138Z-2.png;photo-20260901T231450138Z-3.png,0.0,,0.004,False,0.0,,0.002,False,0.0,,0.0,False
98.011,488,slm,TOWNSIM_INI,1,deliberative,FRENAR,0,28.149261272909605,False,-0.2418389916419983,-0.05086929351091385,-1.8515517711639404,,,,-11.83,False,,,"{""telemetry"": 1.1, ""graph"": 167.5}",True,3923.8,False,False,True,2,photo-20260901T231450138Z-0.png;photo-20260901T231450138Z-1.png;photo-20260901T231450138Z-2.png;photo-20260901T231450138Z-3.png,0.0,,0.004,False,0.0,,0.002,False,0.0,,0.0,False
98.188,489,slm,TOWNSIM_INI,1,deliberative,FRENAR,0,28.149859203662004,False,-0.2418389916419983,-0.05086929351091385,-1.8510172367095947,,,,-11.83,False,,,"{""telemetry"": 1.0, ""graph"": 143.7}",True,3923.8,False,False,True,2,photo-20260901T231450138Z-0.png;photo-20260901T231450138Z-1.png;photo-20260901T231450138Z-2.png;photo-20260901T231450138Z-3.png,0.0,,0.002,False,0.0,,0.001,False,0.0,,0.0,False
98.405,490,slm,TOWNSIM_INI,1,deliberative,FRENAR,0,28.150466193972264,False,-0.2418389916419983,-0.05086929351091385,-1.8503921031951904,,,,-11.83,False,,,"{""telemetry"": 1.5, ""graph"": 160.2}",True,3923.8,False,False,True,2,photo-20260901T231450138Z-0.png;photo-20260901T231450138Z-1.png;photo-20260901T231450138Z-2.png;photo-20260901T231450138Z-3.png,0.0,,0.002,False,0.0,,0.001,False,0.0,,0.0,False
98.618,491,slm,TOWNSIM_INI,1,deliberative,FRENAR,0,28.151064124726638,False,-0.2418389916419983,-0.05086929351091385,-1.8497307300567627,,,,-11.83,False,,,"{""telemetry"": 1.8, ""graph"": 172.0}",True,3923.8,False,False,True,2,photo-20260901T231450138Z-0.png;photo-20260901T231450138Z-1.png;photo-20260901T231450138Z-2.png;photo-20260901T231450138Z-3.png,0.0,,0.005,False,0.0,,0.002,False,0.0,,0.0,False
98.824,492,slm,TOWNSIM_INI,1,deliberative,FRENAR,0,28.15166205548199,False,-0.2418389916419983,-0.05086929351091385,-1.8491237163543701,,,,-11.83,False,,,"{""telemetry"": 1.3, ""graph"": 179.1}",True,3923.8,False,False,True,2,photo-20260901T231450138Z-0.png;photo-20260901T231450138Z-1.png;photo-20260901T231450138Z-2.png;photo-20260901T231450138Z-3.png,0.0,,0.002,False,0.0,,0.001,False,0.0,,0.0,False
99.005,493,slm,TOWNSIM_INI,1,deliberative,FRENAR,0,28.15225998623832,False,-0.2418389916419983,-0.05086929351091385,-1.8485891819000244,,,,-11.83,False,,,"{""telemetry"": 1.1, ""graph"": 159.7}",True,3923.8,False,False,True,2,photo-20260901T231450138Z-0.png;photo-20260901T231450138Z-1.png;photo-20260901T231450138Z-2.png;photo-20260901T231450138Z-3.png,0.0,,0.045,False,0.0,,0.023,False,0.0,,0.0,False
99.179,494,slm,TOWNSIM_INI,1,deliberative,FRENAR,0,28.152857916995632,False,-0.2418389916419983,-0.05086929351091385,-1.8480002880096436,,,,-11.83,False,,,"{""telemetry"": 1.1, ""graph"": 133.2}",True,3923.8,False,False,True,2,photo-20260901T231450138Z-0.png;photo-20260901T231450138Z-1.png;photo-20260901T231450138Z-2.png;photo-20260901T231450138Z-3.png,0.0,,0.0,False,0.0,,0.0,False,0.0,,0.0,False
99.411,495,slm,TOWNSIM_INI,1,deliberative,FRENAR,0,28.15345584775392,False,-0.2418389916419983,-0.05086929351091385,-1.8473842144012451,,,,-11.83,False,,,"{""telemetry"": 1.1, ""graph"": 164.4}",True,3923.8,False,False,True,2,photo-20260901T231450138Z-0.png;photo-20260901T231450138Z-1.png;photo-20260901T231450138Z-2.png;photo-20260901T231450138Z-3.png,0.0,,0.0,False,0.0,,0.0,False,0.0,,0.0,False
99.598,496,slm,TOWNSIM_INI,1,deliberative,FRENAR,0,28.15403565939926,False,-0.2418389916419983,-0.05086929351091385,-1.8467772006988525,,,,-11.83,False,,,"{""telemetry"": 1.3, ""graph"": 151.2}",True,3923.8,False,False,True,2,photo-20260901T231450138Z-0.png;photo-20260901T231450138Z-1.png;photo-20260901T231450138Z-2.png;photo-20260901T231450138Z-3.png,0.0,,0.0,False,0.0,,0.0,False,0.0,,0.0,False
99.807,497,slm,TOWNSIM_INI,1,deliberative,FRENAR,0,28.154633590159474,False,-0.2418389916419983,-0.05086929351091385,-1.8462064266204834,,,,-11.83,False,,,"{""telemetry"": 1.5, ""graph"": 159.1}",True,3923.8,False,False,True,2,photo-20260901T231450138Z-0.png;photo-20260901T231450138Z-1.png;photo-20260901T231450138Z-2.png;photo-20260901T231450138Z-3.png,0.0,,0.002,False,0.0,,0.001,False,0.0,,0.0,False
100.012,498,slm,TOWNSIM_INI,1,deliberative,FRENAR,0,28.15522246136367,False,-0.2418389916419983,-0.05086929351091385,-1.8455994129180908,,,,-11.83,False,,,"{""telemetry"": 1.8, ""graph"": 163.5}",True,3923.8,False,False,True,2,photo-20260901T231450138Z-0.png;photo-20260901T231450138Z-1.png;photo-20260901T231450138Z-2.png;photo-20260901T231450138Z-3.png,0.0,,0.001,False,0.0,,0.0,False,0.0,,0.0,False
100.174,499,slm,TOWNSIM_INI,1,deliberative,FRENAR,0,28.15582945168284,False,-0.2418389916419983,-0.05086929351091385,-1.8450648784637451,,,,-11.83,False,,,"{""telemetry"": 1.0, ""graph"": 126.6}",True,3923.8,False,False,True,2,photo-20260901T231450138Z-0.png;photo-20260901T231450138Z-1.png;photo-20260901T231450138Z-2.png;photo-20260901T231450138Z-3.png,0.0,,0.0,False,0.0,,0.0,False,0.0,,0.0,False
100.398,500,slm,TOWNSIM_INI,1,deliberative,FRENAR,0,28.156418322888968,False,-0.2418389916419983,-0.05086929351091385,-1.8444397449493408,,,,-11.83,False,,,"{""telemetry"": 1.0, ""graph"": 150.8}",True,3923.8,False,False,True,2,photo-20260901T231450138Z-0.png;photo-20260901T231450138Z-1.png;photo-20260901T231450138Z-2.png;photo-20260901T231450138Z-3.png,0.0,,0.003,False,0.0,,0.002,False,0.0,,0.0,False
100.619,501,slm,TOWNSIM_INI,1,deliberative,FRENAR,0,28.157016253653083,False,-0.2418389916419983,-0.05086929351091385,-1.8438236713409424,,,,-11.83,False,,,"{""telemetry"": 1.0, ""graph"": 170.4}",True,3923.8,False,False,True,2,photo-20260901T231450138Z-0.png;photo-20260901T231450138Z-1.png;photo-20260901T231450138Z-2.png;photo-20260901T231450138Z-3.png,0.0,,0.004,False,0.0,,0.002,False,0.0,,0.0,False
100.792,502,slm,TOWNSIM_INI,1,deliberative,FRENAR,0,28.157614184418176,False,-0.2418389916419983,-0.05086929351091385,-1.8432528972625732,,,,-11.83,False,,,"{""telemetry"": 1.2, ""graph"": 142.8}",True,3923.8,False,False,True,2,photo-20260901T231450138Z-0.png;photo-20260901T231450138Z-1.png;photo-20260901T231450138Z-2.png;photo-20260901T231450138Z-3.png,0.0,,0.0,False,0.0,,0.0,False,0.0,,0.0,False
100.988,503,slm,TOWNSIM_INI,1,deliberative,FRENAR,0,28.158212115184245,False,-0.2418389916419983,-0.05086929351091385,-1.8426368236541748,,,,-11.83,False,,,"{""telemetry"": 1.0, ""graph"": 139.3}",True,3923.8,False,False,True,2,photo-20260901T231450138Z-0.png;photo-20260901T231450138Z-1.png;photo-20260901T231450138Z-2.png;photo-20260901T231450138Z-3.png,0.0,,0.0,False,0.0,,0.0,False,0.0,,0.0,False
101.205,504,slm,TOWNSIM_INI,1,deliberative,FRENAR,0,28.1588100459513,False,-0.2418389916419983,-0.05086929351091385,-1.8420026302337646,,,,-11.83,False,,,"{""telemetry"": 1.6, ""graph"": 155.0}",True,3923.8,False,False,True,2,photo-20260901T231450138Z-0.png;photo-20260901T231450138Z-1.png;photo-20260901T231450138Z-2.png;photo-20260901T231450138Z-3.png,0.0,,0.0,False,0.0,,0.0,False,0.0,,0.0,False
101.422,505,slm,TOWNSIM_INI,1,deliberative,FRENAR,0,28.159407976719322,False,-0.2418389916419983,-0.05086929351091385,-1.841395616531372,,,,-11.83,False,,,"{""telemetry"": 1.1, ""graph"": 172.1}",True,3923.8,False,False,True,2,photo-20260901T231450138Z-0.png;photo-20260901T231450138Z-1.png;photo-20260901T231450138Z-2.png;photo-20260901T231450138Z-3.png,0.0,,0.003,False,0.0,,0.002,False,0.0,,0.0,False
101.633,506,slm,TOWNSIM_INI,1,deliberative,FRENAR,0,28.16000590748833,False,-0.2418389916419983,-0.05086929351091385,-1.8408339023590088,,,,-11.83,False,,,"{""telemetry"": 1.1, ""graph"": 183.4}",True,3923.8,False,False,True,2,photo-20260901T231450138Z-0.png;photo-20260901T231450138Z-1.png;photo-20260901T231450138Z-2.png;photo-20260901T231450138Z-3.png,0.0,,0.005,False,0.0,,0.003,False,0.0,,0.0,False
101.796,507,slm,TOWNSIM_INI,1,deliberative,FRENAR,0,28.160585719144056,False,-0.2418389916419983,-0.05086929351091385,-1.8402631282806396,,,,-11.83,False,,,"{""telemetry"": 1.6, ""graph"": 145.3}",True,3923.8,False,False,True,2,photo-20260901T231450138Z-0.png;photo-20260901T231450138Z-1.png;photo-20260901T231450138Z-2.png;photo-20260901T231450138Z-3.png,0.0,,0.003,False,0.0,,0.002,False,0.0,,0.0,False
101.997,508,slm,TOWNSIM_INI,1,deliberative,FRENAR,0,28.16118364991499,False,-0.2418389916419983,-0.05086929351091385,-1.8396289348602295,,,,-11.83,False,,,"{""telemetry"": 1.2, ""graph"": 146.2}",True,3923.8,False,False,True,2,photo-20260901T231450138Z-0.png;photo-20260901T231450138Z-1.png;photo-20260901T231450138Z-2.png;photo-20260901T231450138Z-3.png,0.0,,0.0,False,0.0,,0.0,False,0.0,,0.0,False
102.247,509,slm,TOWNSIM_INI,1,deliberative,FRENAR,0,28.161781580686895,False,-0.2418389916419983,-0.05086929351091385,-1.8389313220977783,,,,-11.83,False,,,"{""telemetry"": 1.3, ""graph"": 196.5}",True,3923.8,False,False,True,2,photo-20260901T231450138Z-0.png;photo-20260901T231450138Z-1.png;photo-20260901T231450138Z-2.png;photo-20260901T231450138Z-3.png,0.0,,0.002,False,0.0,,0.001,False,0.0,,0.0,False
102.418,510,slm,TOWNSIM_INI,1,deliberative,FRENAR,0,28.162379511459786,False,-0.2418389916419983,-0.05086929351091385,-1.8384239673614502,,,,-11.83,False,,,"{""telemetry"": 1.2, ""graph"": 167.3}",True,3923.8,False,False,True,2,photo-20260901T231450138Z-0.png;photo-20260901T231450138Z-1.png;photo-20260901T231450138Z-2.png;photo-20260901T231450138Z-3.png,0.0,,0.008,False,0.0,,0.005,False,0.0,,0.0,False
102.584,511,slm,TOWNSIM_INI,1,deliberative,FRENAR,0,28.16297744223365,False,-0.2418389916419983,-0.05086929351091385,-1.8378713130950928,,,,-11.83,False,,,"{""telemetry"": 1.1, ""graph"": 133.0}",True,3923.8,False,False,True,2,photo-20260901T231450138Z-0.png;photo-20260901T231450138Z-1.png;photo-20260901T231450138Z-2.png;photo-20260901T231450138Z-3.png,0.0,,0.0,False,0.0,,0.0,False,0.0,,0.0,False
102.797,512,slm,TOWNSIM_INI,1,deliberative,FRENAR,0,28.16357537300849,False,-0.2418389916419983,-0.05086929351091385,-1.8372371196746826,,,,-11.83,False,,,"{""telemetry"": 1.2, ""graph"": 145.0}",True,3923.8,False,False,True,2,photo-20260901T231450138Z-0.png;photo-20260901T231450138Z-1.png;photo-20260901T231450138Z-2.png;photo-20260901T231450138Z-3.png,0.0,,0.0,False,0.0,,0.0,False,0.0,,0.0,False
102.976,513,slm,TOWNSIM_INI,1,deliberative,FRENAR,0,28.16417330378431,False,-0.2418389916419983,-0.05086929351091385,-1.836702585220337,,,,-11.83,False,,,"{""telemetry"": 2.0, ""graph"": 122.7}",True,3923.8,False,False,True,2,photo-20260901T231450138Z-0.png;photo-20260901T231450138Z-1.png;photo-20260901T231450138Z-2.png;photo-20260901T231450138Z-3.png,0.0,,0.0,False,0.0,,0.0,False,0.0,,0.0,False
103.205,514,slm,TOWNSIM_INI,1,deliberative,FRENAR,0,28.16497388255187,False,-0.2418389916419983,-0.05086929351091385,-1.8311434984207153,,,,-11.83,False,,,"{""telemetry"": 1.0, ""graph"": 153.0}",True,3923.8,False,False,True,2,photo-20260901T231450138Z-0.png;photo-20260901T231450138Z-1.png;photo-20260901T231450138Z-2.png;photo-20260901T231450138Z-3.png,0.0,,0.006,False,0.0,,0.004,False,0.0,,0.0,False
103.412,515,slm,TOWNSIM_INI,1,deliberative,FRENAR,0,28.17978101392646,False,-0.2418389916419983,-0.05086929351091385,-1.813663125038147,,,,-11.83,False,,,"{""telemetry"": 1.1, ""graph"": 159.2}",True,3923.8,False,False,True,2,photo-20260901T231450138Z-0.png;photo-20260901T231450138Z-1.png;photo-20260901T231450138Z-2.png;photo-20260901T231450138Z-3.png,0.0,,0.0,False,0.0,,0.0,False,0.0,,0.0,False
103.621,516,slm,TOWNSIM_INI,1,deliberative,FRENAR,0,28.194776370136807,False,-0.2418389916419983,-0.05086929351091385,-1.8002488613128662,,,,-11.83,False,,,"{""telemetry"": 0.9, ""graph"": 167.4}",True,3923.8,False,False,True,2,photo-20260901T231450138Z-0.png;photo-20260901T231450138Z-1.png;photo-20260901T231450138Z-2.png;photo-20260901T231450138Z-3.png,0.0,,0.029,False,0.0,,0.029,False,0.0,,0.029,False
103.819,517,slm,TOWNSIM_INI,1,deliberative,FRENAR,0,28.207000574959704,False,-0.2418389916419983,-0.05086929351091385,-1.7893072366714478,,,,-11.83,False,,,"{""telemetry"": 0.9, ""graph"": 165.6}",True,3923.8,False,False,True,2,photo-20260901T231450138Z-0.png;photo-20260901T231450138Z-1.png;photo-20260901T231450138Z-2.png;photo-20260901T231450138Z-3.png,0.0,,0.007,False,0.0,,0.007,False,0.0,,0.007,False
103.999,518,slm,TOWNSIM_INI,1,deliberative,FRENAR,0,28.21708243300165,False,-0.2418389916419983,-0.05086929351091385,-1.7811199426651,,,,-11.83,False,,,"{""telemetry"": 1.5, ""graph"": 143.7}",True,3923.8,False,False,True,2,photo-20260901T231450138Z-0.png;photo-20260901T231450138Z-1.png;photo-20260901T231450138Z-2.png;photo-20260901T231450138Z-3.png,0.0,,0.017,False,0.0,,0.017,False,0.0,,0.015,False
104.215,519,slm,TOWNSIM_INI,1,deliberative,FRENAR,0,28.22517094998609,False,-0.2418389916419983,-0.05086929351091385,-1.7729411125183105,,,,-11.83,False,,,"{""telemetry"": 1.0, ""graph"": 160.4}",True,3923.8,False,False,True,2,photo-20260901T231450138Z-0.png;photo-20260901T231450138Z-1.png;photo-20260901T231450138Z-2.png;photo-20260901T231450138Z-3.png,0.0,,0.009,False,0.0,,0.009,False,0.0,,0.008,False
104.439,520,slm,TOWNSIM_INI,1,deliberative,FRENAR,0,28.231790984172797,False,-0.2418389916419983,-0.05086929351091385,-1.7662750482559204,,,,-11.83,False,,,"{""telemetry"": 1.9, ""graph"": 183.2}",True,3923.8,False,False,True,2,photo-20260901T231450138Z-0.png;photo-20260901T231450138Z-1.png;photo-20260901T231450138Z-2.png;photo-20260901T231450138Z-3.png,0.0,,0.026,False,0.0,,0.026,False,0.0,,0.024,False
104.604,521,slm,TOWNSIM_INI,1,deliberative,FRENAR,0,28.23722993807179,False,-0.2418389916419983,-0.05086929351091385,-1.762189269065857,,,,-11.83,False,,,"{""telemetry"": 1.1, ""graph"": 148.6}",True,3923.8,False,False,True,2,photo-20260901T231450138Z-0.png;photo-20260901T231450138Z-1.png;photo-20260901T231450138Z-2.png;photo-20260901T231450138Z-3.png,0.0,,0.018,False,0.0,,0.018,False,0.0,,0.016,False
104.813,522,slm,TOWNSIM_INI,1,deliberative,FRENAR,0,28.241719903230983,False,-0.2418389916419983,-0.05086929351091385,-1.7577534914016724,,,,-11.83,False,,,"{""telemetry"": 0.8, ""graph"": 158.4}",True,3923.8,False,False,True,2,photo-20260901T231450138Z-0.png;photo-20260901T231450138Z-1.png;photo-20260901T231450138Z-2.png;photo-20260901T231450138Z-3.png,0.0,,0.008,False,0.0,,0.009,False,0.0,,0.009,False
105.025,523,slm,TOWNSIM_INI,1,deliberative,FRENAR,0,28.245447315808033,False,-0.2418389916419983,-0.05086929351091385,-1.754150152206421,,,,-11.83,False,,,"{""telemetry"": 1.1, ""graph"": 169.6}",True,3923.8,False,False,True,2,photo-20260901T231450138Z-0.png;photo-20260901T231450138Z-1.png;photo-20260901T231450138Z-2.png;photo-20260901T231450138Z-3.png,0.0,,0.002,False,0.0,,0.002,False,0.0,,0.003,False
105.208,524,slm,TOWNSIM_INI,1,deliberative,FRENAR,0,28.24856058566563,False,-0.2418389916419983,-0.05086929351091385,-1.7514349222183228,,,,-11.83,False,,,"{""telemetry"": 0.9, ""graph"": 152.5}",True,3923.8,False,False,True,2,photo-20260901T231450138Z-0.png;photo-20260901T231450138Z-1.png;photo-20260901T231450138Z-2.png;photo-20260901T231450138Z-3.png,0.018,3.58,0.167,False,0.029,3.71,0.234,False,0.0,5.36,0.28,False
105.416,525,slm,TOWNSIM_INI,1,deliberative,FRENAR,0,28.2512176590534,False,-0.2418389916419983,-0.05086929351091385,-1.7488787174224854,,,,-11.83,False,,,"{""telemetry"": 1.6, ""graph"": 159.3}",True,3923.8,False,False,True,2,photo-20260901T231450138Z-0.png;photo-20260901T231450138Z-1.png;photo-20260901T231450138Z-2.png;photo-20260901T231450138Z-3.png,0.0,,0.001,False,0.0,,0.001,False,0.0,,0.002,False
105.586,526,slm,TOWNSIM_INI,1,deliberative,FRENAR,0,28.253436535875586,False,-0.2418389916419983,-0.05086929351091385,-1.746978759765625,,,,-11.83,False,,,"{""telemetry"": 1.1, ""graph"": 128.9}",True,3923.8,False,False,True,2,photo-20260901T231450138Z-0.png;photo-20260901T231450138Z-1.png;photo-20260901T231450138Z-2.png;photo-20260901T231450138Z-3.png,0.0,,0.0,False,0.0,,0.0,False,0.0,,0.0,False
105.805,527,slm,TOWNSIM_INI,1,deliberative,FRENAR,0,28.255337255287166,False,-0.2418389916419983,-0.05086929351091385,-1.7449920177459717,,,,-11.83,False,,,"{""telemetry"": 1.1, ""graph"": 148.1}",True,3923.8,False,False,True,2,photo-20260901T231450138Z-0.png;photo-20260901T231450138Z-1.png;photo-20260901T231450138Z-2.png;photo-20260901T231450138Z-3.png,0.0,,0.0,False,0.0,,0.0,False,0.0,,0.0,False
106.028,528,slm,TOWNSIM_INI,1,deliberative,FRENAR,0,28.257006359917433,False,-0.2418389916419983,-0.05086929351091385,-1.7434639930725098,,,,-11.83,False,,,"{""telemetry"": 1.3, ""graph"": 170.3}",True,3923.8,False,False,True,2,photo-20260901T231450138Z-0.png;photo-20260901T231450138Z-1.png;photo-20260901T231450138Z-2.png;photo-20260901T231450138Z-3.png,0.0,8.92,0.177,False,0.012,7.38,0.194,False,0.0,9.6,0.285,False
106.234,529,slm,TOWNSIM_INI,1,deliberative,FRENAR,0,28.25844420737743,False,-0.2418389916419983,-0.05086929351091385,-1.742039442062378,,,,-11.83,False,,,"{""telemetry"": 1.0, ""graph"": 175.9}",True,3923.8,False,False,True,2,photo-20260901T231450138Z-0.png;photo-20260901T231450138Z-1.png;photo-20260901T231450138Z-2.png;photo-20260901T231450138Z-3.png,0.0,,0.001,False,0.0,,0.001,False,0.0,,0.002,False
106.413,530,slm,TOWNSIM_INI,1,deliberative,FRENAR,0,28.25971731390447,False,-0.2418389916419983,-0.05086929351091385,-1.7409172058105469,,,,-11.83,False,,,"{""telemetry"": 1.3, ""graph"": 154.8}",True,3923.8,False,False,True,2,photo-20260901T231450138Z-0.png;photo-20260901T231450138Z-1.png;photo-20260901T231450138Z-2.png;photo-20260901T231450138Z-3.png,0.001,12.12,0.185,False,0.008,6.84,0.18,False,0.0,11.39,0.285,False
106.639,531,slm,TOWNSIM_INI,1,deliberative,FRENAR,0,28.26085810318383,False,-0.2418389916419983,-0.05086929351091385,-1.7397247552871704,,,,-11.83,False,,,"{""telemetry"": 1.0, ""graph"": 180.2}",True,3923.8,False,False,True,2,photo-20260901T231450138Z-0.png;photo-20260901T231450138Z-1.png;photo-20260901T231450138Z-2.png;photo-20260901T231450138Z-3.png,0.0,,0.004,False,0.0,,0.004,False,0.0,,0.007,False
106.814,532,slm,TOWNSIM_INI,1,deliberative,FRENAR,0,28.261907462437325,False,-0.2418389916419983,-0.05086929351091385,-1.7388341426849365,,,,-11.83,False,,,"{""telemetry"": 1.1, ""graph"": 155.0}",True,3923.8,False,False,True,2,photo-20260901T231450138Z-0.png;photo-20260901T231450138Z-1.png;photo-20260901T231450138Z-2.png;photo-20260901T231450138Z-3.png,0.0,,0.004,False,0.0,,0.003,False,0.0,,0.006,False
107.03,533,slm,TOWNSIM_INI,1,deliberative,FRENAR,0,28.26284119310354,False,-0.2418389916419983,-0.05086929351091385,-1.7378315925598145,,,,-11.83,False,,,"{""telemetry"": 0.9, ""graph"": 171.0}",True,3923.8,False,False,True,2,photo-20260901T231450138Z-0.png;photo-20260901T231450138Z-1.png;photo-20260901T231450138Z-2.png;photo-20260901T231450138Z-3.png,0.0,,0.002,False,0.0,,0.002,False,0.0,,0.004,False
107.224,534,slm,TOWNSIM_INI,1,deliberative,FRENAR,0,28.263734155753596,False,-0.2418389916419983,-0.05086929351091385,-1.7369904518127441,,,,-11.83,False,,,"{""telemetry"": 1.0, ""graph"": 164.8}",True,3923.8,False,False,True,2,photo-20260901T231450138Z-0.png;photo-20260901T231450138Z-1.png;photo-20260901T231450138Z-2.png;photo-20260901T231450138Z-3.png,0.0,,0.002,False,0.0,,0.002,False,0.0,,0.004,False
107.415,535,slm,TOWNSIM_INI,1,deliberative,FRENAR,0,28.264558456479733,False,-0.2418389916419983,-0.05086929351091385,-1.736257553100586,,,,-11.83,False,,,"{""telemetry"": 0.9, ""graph"": 154.9}",True,3923.8,False,False,True,2,photo-20260901T231450138Z-0.png;photo-20260901T231450138Z-1.png;photo-20260901T231450138Z-2.png;photo-20260901T231450138Z-3.png,0.0,,0.003,False,0.0,,0.002,False,0.0,,0.004,False
107.627,536,slm,TOWNSIM_INI,1,deliberative,FRENAR,0,28.265338532251754,False,-0.2418389916419983,-0.05086929351091385,-1.7354449033737183,,,,-11.83,False,,,"{""telemetry"": 0.9, ""graph"": 167.1}",True,3923.8,False,False,True,2,photo-20260901T231450138Z-0.png;photo-20260901T231450138Z-1.png;photo-20260901T231450138Z-2.png;photo-20260901T231450138Z-3.png,0.0,,0.004,False,0.0,,0.004,False,0.0,,0.006,False
107.837,537,slm,TOWNSIM_INI,1,deliberative,FRENAR,0,28.26609393264564,False,-0.2418389916419983,-0.05086929351091385,-1.7346690893173218,,,,-11.83,False,,,"{""telemetry"": 2.0, ""graph"": 176.1}",True,3923.8,False,False,True,2,photo-20260901T231450138Z-0.png;photo-20260901T231450138Z-1.png;photo-20260901T231450138Z-2.png;photo-20260901T231450138Z-3.png,0.0,,0.004,False,0.0,,0.003,False,0.0,,0.006,False
108.022,538,slm,TOWNSIM_INI,1,deliberative,FRENAR,0,28.266809161045877,False,-0.2418389916419983,-0.05086929351091385,-1.734017014503479,,,,-11.83,False,,,"{""telemetry"": 2.4, ""graph"": 160.0}",True,3923.8,False,False,True,2,photo-20260901T231450138Z-0.png;photo-20260901T231450138Z-1.png;photo-20260901T231450138Z-2.png;photo-20260901T231450138Z-3.png,0.0,,0.004,False,0.0,,0.003,False,0.0,,0.005,False
108.209,539,slm,TOWNSIM_INI,1,deliberative,FRENAR,0,28.267501382933894,False,-0.2418389916419983,-0.05086929351091385,-1.7333012819290161,,,,-11.83,False,,,"{""telemetry"": 1.0, ""graph"": 148.0}",True,3923.8,False,False,True,2,photo-20260901T231450138Z-0.png;photo-20260901T231450138Z-1.png;photo-20260901T231450138Z-2.png;photo-20260901T231450138Z-3.png,0.0,,0.0,False,0.0,,0.0,False,0.0,,0.0,False
108.432,540,slm,TOWNSIM_INI,1,deliberative,FRENAR,0,28.268175366498916,False,-0.2418389916419983,-0.05086929351091385,-1.732603907585144,,,,-11.83,False,,,"{""telemetry"": 1.0, ""graph"": 170.1}",True,3923.8,False,False,True,2,photo-20260901T231450138Z-0.png;photo-20260901T231450138Z-1.png;photo-20260901T231450138Z-2.png;photo-20260901T231450138Z-3.png,0.0,,0.002,False,0.0,,0.001,False,0.0,,0.002,False
108.659,541,slm,TOWNSIM_INI,1,deliberative,FRENAR,0,28.268834091859194,False,-0.2418389916419983,-0.05086929351091385,-1.7318819761276245,,,,-11.83,False,,,"{""telemetry"": 1.1, ""graph"": 197.5}",True,3923.8,False,False,True,2,photo-20260901T231450138Z-0.png;photo-20260901T231450138Z-1.png;photo-20260901T231450138Z-2.png;photo-20260901T231450138Z-3.png,0.0,,0.002,False,0.0,,0.002,False,0.0,,0.003,False
108.829,542,slm,TOWNSIM_INI,1,deliberative,FRENAR,0,28.26948173118035,False,-0.2418389916419983,-0.05086929351091385,-1.7313467264175415,,,,-11.83,False,,,"{""telemetry"": 1.0, ""graph"": 167.2}",True,3923.8,False,False,True,2,photo-20260901T231450138Z-0.png;photo-20260901T231450138Z-1.png;photo-20260901T231450138Z-2.png;photo-20260901T231450138Z-3.png,0.0,,0.003,False,0.0,,0.002,False,0.0,,0.004,False
109.028,543,slm,TOWNSIM_INI,1,deliberative,FRENAR,0,28.27012937050264,False,-0.2418389916419983,-0.05086929351091385,-1.7306933403015137,,,,-11.83,False,,,"{""telemetry"": 0.9, ""graph"": 165.8}",True,3923.8,False,False,True,2,photo-20260901T231450138Z-0.png;photo-20260901T231450138Z-1.png;photo-20260901T231450138Z-2.png;photo-20260901T231450138Z-3.png,0.002,20.32,0.212,False,0.0,25.7,0.157,False,0.0,28.85,0.273,False
109.211,544,slm,TOWNSIM_INI,1,deliberative,FRENAR,0,28.270758771501644,False,-0.2418389916419983,-0.05086929351091385,-1.7300565242767334,,,,-11.83,False,,,"{""telemetry"": 2.0, ""graph"": 146.6}",True,3923.8,False,False,True,2,photo-20260901T231450138Z-0.png;photo-20260901T231450138Z-1.png;photo-20260901T231450138Z-2.png;photo-20260901T231450138Z-3.png,0.0,,0.0,False,0.0,,0.0,False,0.0,,0.0,False
109.42,545,slm,TOWNSIM_INI,1,deliberative,FRENAR,0,28.271390914210624,False,-0.2418389916419983,-0.05086929351091385,-1.7293972969055176,,,,-11.83,False,,,"{""telemetry"": 1.2, ""graph"": 156.0}",True,3923.8,False,False,True,2,photo-20260901T231450138Z-0.png;photo-20260901T231450138Z-1.png;photo-20260901T231450138Z-2.png;photo-20260901T231450138Z-3.png,0.0,,0.0,False,0.0,,0.0,False,0.0,,0.0,False
109.595,546,slm,TOWNSIM_INI,1,deliberative,FRENAR,0,28.27201006360455,False,-0.2418389916419983,-0.05086929351091385,-1.7288562059402466,,,,-11.83,False,,,"{""telemetry"": 1.5, ""graph"": 130.4}",True,3923.8,False,False,True,2,photo-20260901T231450138Z-0.png;photo-20260901T231450138Z-1.png;photo-20260901T231450138Z-2.png;photo-20260901T231450138Z-3.png,0.0,,0.0,False,0.0,,0.0,False,0.0,,0.0,False
109.822,547,slm,TOWNSIM_INI,1,deliberative,FRENAR,0,28.27262372958169,False,-0.2418389916419983,-0.05086929351091385,-1.7282239198684692,,,,-11.83,False,,,"{""telemetry"": 1.5, ""graph"": 157.0}",True,3923.8,False,False,True,2,photo-20260901T231450138Z-0.png;photo-20260901T231450138Z-1.png;photo-20260901T231450138Z-2.png;photo-20260901T231450138Z-3.png,0.0,,0.0,False,0.0,,0.0,False,0.0,,0.0,False
110.051,548,slm,TOWNSIM_INI,1,deliberative,FRENAR,0,28.273246693529217,False,-0.2418389916419983,-0.05086929351091385,-1.727538824081421,,,,-11.83,False,,,"{""telemetry"": 0.9, ""graph"": 185.9}",True,3923.8,False,False,True,2,photo-20260901T231450138Z-0.png;photo-20260901T231450138Z-1.png;photo-20260901T231450138Z-2.png;photo-20260901T231450138Z-3.png,0.002,20.15,0.22,False,0.0,22.23,0.17,False,0.0,33.25,0.268,False
110.22,549,slm,TOWNSIM_INI,1,deliberative,FRENAR,0,28.27384414766434,False,-0.2418389916419983,-0.05086929351091385,-1.727024793624878,,,,-11.83,False,,,"{""telemetry"": 1.2, ""graph"": 154.8}",True,3923.8,False,False,True,2,photo-20260901T231450138Z-0.png;photo-20260901T231450138Z-1.png;photo-20260901T231450138Z-2.png;photo-20260901T231450138Z-3.png,0.002,21.27,0.223,False,0.0,24.8,0.17,False,0.001,34.94,0.264,False
110.407,550,slm,TOWNSIM_INI,1,deliberative,FRENAR,0,28.274449946131945,False,-0.2418389916419983,-0.05086929351091385,-1.72640061378479,,,,-11.83,False,,,"{""telemetry"": 1.0, ""graph"": 142.0}",True,3923.8,False,False,True,2,photo-20260901T231450138Z-0.png;photo-20260901T231450138Z-1.png;photo-20260901T231450138Z-2.png;photo-20260901T231450138Z-3.png,0.0,,0.0,False,0.0,,0.0,False,0.0,,0.0,False
110.632,551,slm,TOWNSIM_INI,1,deliberative,FRENAR,0,28.275055744600543,False,-0.2418389916419983,-0.05086929351091385,-1.7257672548294067,,,,-11.83,False,,,"{""telemetry"": 1.2, ""graph"": 166.1}",True,3923.8,False,False,True,2,photo-20260901T231450138Z-0.png;photo-20260901T231450138Z-1.png;photo-20260901T231450138Z-2.png;photo-20260901T231450138Z-3.png,0.0,,0.004,False,0.0,,0.003,False,0.0,,0.004,False
110.84,552,slm,TOWNSIM_INI,1,deliberative,FRENAR,0,28.27567072183483,False,-0.2418389916419983,-0.05086929351091385,-1.7251430749893188,,,,-11.83,False,,,"{""telemetry"": 1.0, ""graph"": 174.1}",True,3923.8,False,False,True,2,photo-20260901T231450138Z-0.png;photo-20260901T231450138Z-1.png;photo-20260901T231450138Z-2.png;photo-20260901T231450138Z-3.png,0.0,,0.001,False,0.0,,0.0,False,0.0,,0.001,False
111.045,553,slm,TOWNSIM_INI,1,deliberative,FRENAR,0,28.276276520305426,False,-0.2418389916419983,-0.05086929351091385,-1.7245477437973022,,,,-11.83,False,,,"{""telemetry"": 1.0, ""graph"": 179.2}",True,3923.8,False,False,True,2,photo-20260901T231450138Z-0.png;photo-20260901T231450138Z-1.png;photo-20260901T231450138Z-2.png;photo-20260901T231450138Z-3.png,0.002,23.9,0.234,False,0.0,24.06,0.176,False,0.0,37.17,0.259,False
111.235,554,slm,TOWNSIM_INI,1,deliberative,FRENAR,0,28.276876477744914,False,-0.2418389916419983,-0.05086929351091385,-1.7239407300949097,,,,-11.83,False,,,"{""telemetry"": 1.2, ""graph"": 168.1}",True,3923.8,False,False,True,2,photo-20260901T231450138Z-0.png;photo-20260901T231450138Z-1.png;photo-20260901T231450138Z-2.png;photo-20260901T231450138Z-3.png,0.0,,0.001,False,0.0,,0.001,False,0.0,,0.001,False
111.427,555,slm,TOWNSIM_INI,1,deliberative,FRENAR,0,28.277474408704844,False,-0.2418389916419983,-0.05086929351091385,-1.7233880758285522,,,,-11.83,False,,,"{""telemetry"": 0.9, ""graph"": 160.0}",True,3923.8,False,False,True,2,photo-20260901T231450138Z-0.png;photo-20260901T231450138Z-1.png;photo-20260901T231450138Z-2.png;photo-20260901T231450138Z-3.png,0.002,20.94,0.234,False,0.0,24.29,0.179,False,0.0,37.4,0.257,False
111.612,556,slm,TOWNSIM_INI,1,deliberative,FRENAR,0,28.278081399225762,False,-0.2418389916419983,-0.05086929351091385,-1.7227448225021362,,,,-11.83,False,,,"{""telemetry"": 1.9, ""graph"": 143.4}",True,3923.8,False,False,True,2,photo-20260901T231450138Z-0.png;photo-20260901T231450138Z-1.png;photo-20260901T231450138Z-2.png;photo-20260901T231450138Z-3.png,0.0,,0.0,False,0.0,,0.0,False,0.0,,0.0,False
111.809,557,slm,TOWNSIM_INI,1,deliberative,FRENAR,0,28.27867933018764,False,-0.2418389916419983,-0.05086929351091385,-1.7221921682357788,,,,-11.83,False,,,"{""telemetry"": 1.1, ""graph"": 140.9}",True,3923.8,False,False,True,2,photo-20260901T231450138Z-0.png;photo-20260901T231450138Z-1.png;photo-20260901T231450138Z-2.png;photo-20260901T231450138Z-3.png,0.002,15.56,0.237,False,0.0,15.73,0.183,False,0.0,30.76,0.252,False
112.01,558,slm,TOWNSIM_INI,1,deliberative,FRENAR,0,28.279277261150483,False,-0.2418389916419983,-0.05086929351091385,-1.7215851545333862,,,,-11.83,False,,,"{""telemetry"": 3.1, ""graph"": 139.9}",True,3923.8,False,False,True,2,photo-20260901T231450138Z-0.png;photo-20260901T231450138Z-1.png;photo-20260901T231450138Z-2.png;photo-20260901T231450138Z-3.png,0.002,15.83,0.235,False,0.0,16.38,0.185,False,0.0,30.91,0.253,False
112.195,559,slm,TOWNSIM_INI,1,deliberative,FRENAR,0,28.27987519211429,False,-0.2418389916419983,-0.05086929351091385,-1.7209690809249878,,,,-11.83,False,,,"{""telemetry"": 1.3, ""graph"": 126.3}",True,3923.8,False,False,True,2,photo-20260901T231450138Z-0.png;photo-20260901T231450138Z-1.png;photo-20260901T231450138Z-2.png;photo-20260901T231450138Z-3.png,0.0,,0.0,False,0.0,,0.0,False,0.0,,0.0,False
112.405,560,slm,TOWNSIM_INI,1,deliberative,FRENAR,0,28.280482182639144,False,-0.2418389916419983,-0.05086929351091385,-1.7203530073165894,,,,-11.83,False,,,"{""telemetry"": 1.3, ""graph"": 135.4}",True,3923.8,False,False,True,2,photo-20260901T231450138Z-0.png;photo-20260901T231450138Z-1.png;photo-20260901T231450138Z-2.png;photo-20260901T231450138Z-3.png,0.0,,0.0,False,0.0,,0.0,False,0.0,,0.0,False
112.608,561,slm,TOWNSIM_INI,1,deliberative,FRENAR,0,28.2810801136049,False,-0.2418389916419983,-0.05086929351091385,-1.7197550535202026,,,,-11.83,False,,,"{""telemetry"": 1.3, ""graph"": 138.6}",True,3923.8,False,False,True,2,photo-20260901T231450138Z-0.png;photo-20260901T231450138Z-1.png;photo-20260901T231450138Z-2.png;photo-20260901T231450138Z-3.png,0.0,,0.0,False,0.0,,0.0,False,0.0,,0.0,False
112.823,562,slm,TOWNSIM_INI,1,deliberative,FRENAR,0,28.28166898501151,False,-0.2418389916419983,-0.05086929351091385,-1.7191389799118042,,,,-11.83,False,,,"{""telemetry"": 1.0, ""graph"": 153.1}",True,3923.8,False,False,True,2,photo-20260901T231450138Z-0.png;photo-20260901T231450138Z-1.png;photo-20260901T231450138Z-2.png;photo-20260901T231450138Z-3.png,0.0,,0.014,False,0.0,,0.011,False,0.0,,0.014,False
113.001,563,slm,TOWNSIM_INI,1,deliberative,FRENAR,0,28.28226691597918,False,-0.2418389916419983,-0.05086929351091385,-1.7186135053634644,,,,-11.83,False,,,"{""telemetry"": 1.1, ""graph"": 130.6}",True,3923.8,False,False,True,2,photo-20260901T231450138Z-0.png;photo-20260901T231450138Z-1.png;photo-20260901T231450138Z-2.png;photo-20260901T231450138Z-3.png,0.0,,0.008,False,0.0,,0.007,False,0.0,,0.008,False
113.204,564,slm,TOWNSIM_INI,1,deliberative,FRENAR,0,28.282864846947817,False,-0.2418389916419983,-0.05086929351091385,-1.7180064916610718,,,,-11.83,False,,,"{""telemetry"": 2.5, ""graph"": 132.3}",True,3923.8,False,False,True,2,photo-20260901T231450138Z-0.png;photo-20260901T231450138Z-1.png;photo-20260901T231450138Z-2.png;photo-20260901T231450138Z-3.png,0.0,,0.011,False,0.0,,0.009,False,0.0,,0.011,False
113.407,565,slm,TOWNSIM_INI,1,deliberative,FRENAR,0,28.283453718357265,False,-0.2418389916419983,-0.05086929351091385,-1.717408537864685,,,,-11.83,False,,,"{""telemetry"": 1.2, ""graph"": 136.3}",True,3923.8,False,False,True,2,photo-20260901T231450138Z-0.png;photo-20260901T231450138Z-1.png;photo-20260901T231450138Z-2.png;photo-20260901T231450138Z-3.png,0.0,,0.003,False,0.0,,0.003,False,0.0,,0.003,False
113.615,566,slm,TOWNSIM_INI,1,deliberative,FRENAR,0,28.284051649327814,False,-0.2418389916419983,-0.05086929351091385,-1.7167834043502808,,,,-11.83,False,,,"{""telemetry"": 0.8, ""graph"": 144.4}",True,3923.8,False,False,True,2,photo-20260901T231450138Z-0.png;photo-20260901T231450138Z-1.png;photo-20260901T231450138Z-2.png;photo-20260901T231450138Z-3.png,0.0,,0.014,False,0.0,,0.012,False,0.0,,0.014,False
113.808,567,slm,TOWNSIM_INI,1,deliberative,FRENAR,0,28.28464958029933,False,-0.2418389916419983,-0.05086929351091385,-1.7161945104599,,,,-11.83,False,,,"{""telemetry"": 1.4, ""graph"": 136.3}",True,3923.8,False,False,True,2,photo-20260901T231450138Z-0.png;photo-20260901T231450138Z-1.png;photo-20260901T231450138Z-2.png;photo-20260901T231450138Z-3.png,0.0,,0.005,False,0.0,,0.004,False,0.0,,0.005,False
114.014,568,slm,TOWNSIM_INI,1,deliberative,FRENAR,0,28.285247511271812,False,-0.2418389916419983,-0.05086929351091385,-1.7155784368515015,,,,-11.83,False,,,"{""telemetry"": 1.3, ""graph"": 142.5}",True,3923.8,False,False,True,2,photo-20260901T231450138Z-0.png;photo-20260901T231450138Z-1.png;photo-20260901T231450138Z-2.png;photo-20260901T231450138Z-3.png,0.0,,0.004,False,0.0,,0.003,False,0.0,,0.004,False
114.238,569,slm,TOWNSIM_INI,1,deliberative,FRENAR,0,28.28585450180547,False,-0.2418389916419983,-0.05086929351091385,-1.7149261236190796,,,,-11.83,False,,,"{""telemetry"": 1.0, ""graph"": 166.3}",True,3923.8,False,False,True,2,photo-20260901T231450138Z-0.png;photo-20260901T231450138Z-1.png;photo-20260901T231450138Z-2.png;photo-20260901T231450138Z-3.png,0.0,,0.015,False,0.0,,0.012,False,0.0,,0.014,False
114.406,570,slm,TOWNSIM_INI,1,deliberative,FRENAR,0,28.286452432779896,False,-0.2418389916419983,-0.05086929351091385,-1.7144187688827515,,,,-11.83,False,,,"{""telemetry"": 1.6, ""graph"": 132.8}",True,3923.8,False,False,True,2,photo-20260901T231450138Z-0.png;photo-20260901T231450138Z-1.png;photo-20260901T231450138Z-2.png;photo-20260901T231450138Z-3.png,0.002,31.4,0.242,False,0.0,12.94,0.209,False,0.0,23.63,0.233,False
114.595,571,slm,TOWNSIM_INI,1,deliberative,FRENAR,0,28.28705942331553,False,-0.2418389916419983,-0.05086929351091385,-1.713802695274353,,,,-11.83,False,,,"{""telemetry"": 0.9, ""graph"": 122.4}",True,3923.8,False,False,True,2,photo-20260901T231450138Z-0.png;photo-20260901T231450138Z-1.png;photo-20260901T231450138Z-2.png;photo-20260901T231450138Z-3.png,0.0,,0.0,False,0.0,,0.0,False,0.0,,0.0,False
114.814,572,slm,TOWNSIM_INI,1,deliberative,FRENAR,0,28.287859883145558,False,-0.2418389916419983,-0.05086929351091385,-1.711496114730835,,,,-11.83,False,,,"{""telemetry"": 0.9, ""graph"": 141.3}",True,3923.8,False,False,True,2,photo-20260901T231450138Z-0.png;photo-20260901T231450138Z-1.png;photo-20260901T231450138Z-2.png;photo-20260901T231450138Z-3.png,0.0,,0.002,False,0.0,,0.001,False,0.0,,0.001,False
115.027,573,slm,TOWNSIM_INI,1,deliberative,FRENAR,0,28.287729830773948,False,-0.2418389916419983,-0.05086929351091385,-1.715826392173767,,,,-11.83,False,,,"{""telemetry"": 1.1, ""graph"": 153.5}",True,3923.8,False,False,True,2,photo-20260901T231450138Z-0.png;photo-20260901T231450138Z-1.png;photo-20260901T231450138Z-2.png;photo-20260901T231450138Z-3.png,0.0,28.96,0.239,False,0.001,8.4,0.198,False,0.003,17.49,0.212,False
115.208,574,slm,TOWNSIM_INI,1,deliberative,FRENAR,0,28.280981531286514,False,-0.2418389916419983,-0.05086929351091385,-1.7208071947097778,,,,-11.83,False,,,"{""telemetry"": 0.8, ""graph"": 134.1}",True,3923.8,False,False,True,2,photo-20260901T231450138Z-0.png;photo-20260901T231450138Z-1.png;photo-20260901T231450138Z-2.png;photo-20260901T231450138Z-3.png,0.0,3.45,0.534,False,0.027,1.56,0.539,True,0.051,1.81,0.576,True
115.423,575,slm,TOWNSIM_INI,1,deliberative,FRENAR,0,28.286516684134664,False,-0.2418389916419983,-0.05086929351091385,-1.7103289365768433,,,,-11.83,False,,,"{""telemetry"": 0.7, ""graph"": 149.7}",True,3923.8,False,False,True,2,photo-20260901T231450138Z-0.png;photo-20260901T231450138Z-1.png;photo-20260901T231450138Z-2.png;photo-20260901T231450138Z-3.png,0.0,,0.023,False,0.0,,0.023,False,0.0,,0.025,False
115.656,576,slm,TOWNSIM_INI,1,deliberative,FRENAR,0,28.296753510514076,False,-0.2418389916419983,-0.05086929351091385,-1.7052139043807983,,,,-11.83,False,,,"{""telemetry"": 1.4, ""graph"": 181.3}",True,3923.8,False,False,True,2,photo-20260901T231450138Z-0.png;photo-20260901T231450138Z-1.png;photo-20260901T231450138Z-2.png;photo-20260901T231450138Z-3.png,0.024,3.06,0.205,False,0.019,0.68,0.205,False,0.0,1.57,0.205,False
115.817,577,slm,TOWNSIM_INI,1,deliberative,FRENAR,0,28.290052892758737,False,-0.2418389916419983,-0.05086929351091385,-1.7161139249801636,,,,-11.83,False,,,"{""telemetry"": 0.7, ""graph"": 142.6}",True,3923.8,False,False,True,2,photo-20260901T231450138Z-0.png;photo-20260901T231450138Z-1.png;photo-20260901T231450138Z-2.png;photo-20260901T231450138Z-3.png,0.0,2.59,0.691,False,0.003,1.02,0.691,True,0.044,1.61,0.696,True
116.016,578,slm,TOWNSIM_INI,1,deliberative,FRENAR,0,28.2746800112724,False,-0.2418389916419983,-0.05086929351091385,-1.727217674255371,,,,-11.83,False,,,"{""telemetry"": 0.7, ""graph"": 141.2}",True,3923.8,False,False,True,2,photo-20260901T231450138Z-0.png;photo-20260901T231450138Z-1.png;photo-20260901T231450138Z-2.png;photo-20260901T231450138Z-3.png,0.0,,0.0,False,0.0,,0.0,False,0.0,,0.0,False
116.233,579,slm,TOWNSIM_INI,1,deliberative,FRENAR,0,28.28303626336205,False,-0.2418389916419983,-0.05086929351091385,-1.7106752395629883,,,,-11.83,False,,,"{""telemetry"": 0.8, ""graph"": 158.0}",True,3923.8,False,False,True,2,photo-20260901T231450138Z-0.png;photo-20260901T231450138Z-1.png;photo-20260901T231450138Z-2.png;photo-20260901T231450138Z-3.png,0.0,,0.001,False,0.0,,0.001,False,0.0,,0.001,False
116.416,580,slm,TOWNSIM_INI,1,deliberative,FRENAR,0,28.29904069192749,False,-0.2418389916419983,-0.05086929351091385,-1.6994786262512207,,,,-11.83,False,,,"{""telemetry"": 1.0, ""graph"": 140.1}",True,3923.8,False,False,True,2,photo-20260901T231450138Z-0.png;photo-20260901T231450138Z-1.png;photo-20260901T231450138Z-2.png;photo-20260901T231450138Z-3.png,0.0,,0.14,False,0.0,,0.14,False,0.0,,0.14,False
116.624,581,slm,TOWNSIM_INI,1,deliberative,FRENAR,0,28.297055694538024,False,-0.2418389916419983,-0.05086929351091385,-1.7085347175598145,,,,-11.83,False,,,"{""telemetry"": 1.4, ""graph"": 147.4}",True,3923.8,False,False,True,2,photo-20260901T231450138Z-0.png;photo-20260901T231450138Z-1.png;photo-20260901T231450138Z-2.png;photo-20260901T231450138Z-3.png,0.0,12.08,0.186,False,0.0,2.05,0.176,False,0.0,,0.144,False
116.831,582,slm,TOWNSIM_INI,1,deliberative,FRENAR,0,28.285538490040867,False,-0.2418389916419983,-0.05086929351091385,-1.7203712463378906,,,,-11.83,False,,,"{""telemetry"": 0.8, ""graph"": 154.5}",True,3923.8,False,False,True,2,photo-20260901T231450138Z-0.png;photo-20260901T231450138Z-1.png;photo-20260901T231450138Z-2.png;photo-20260901T231450138Z-3.png,0.0,2.44,0.536,True,0.025,1.17,0.536,True,0.065,1.72,0.536,True
117.045,583,slm,TOWNSIM_INI,1,deliberative,FRENAR,0,28.272080871217245,False,-0.2418389916419983,-0.05086929351091385,-1.731245517730713,,,,-11.83,False,,,"{""telemetry"": 1.7, ""graph"": 167.5}",True,3923.8,False,False,True,2,photo-20260901T231450138Z-0.png;photo-20260901T231450138Z-1.png;photo-20260901T231450138Z-2.png;photo-20260901T231450138Z-3.png,0.027,1.68,1.0,True,0.042,1.37,1.0,True,0.112,1.18,1.0,True
117.232,584,slm,TOWNSIM_INI,1,deliberative,FRENAR,0,28.272769874587272,False,-0.2418389916419983,-0.05086929351091385,-1.7256642580032349,,,,-11.83,False,,,"{""telemetry"": 0.8, ""graph"": 155.0}",True,3923.8,False,False,True,2,photo-20260901T231450138Z-0.png;photo-20260901T231450138Z-1.png;photo-20260901T231450138Z-2.png;photo-20260901T231450138Z-3.png,0.003,7.3,0.226,False,0.0,9.05,0.169,False,0.001,9.13,0.276,False
117.431,585,slm,TOWNSIM_INI,1,deliberative,FRENAR,0,28.27899915649799,False,-0.2418389916419983,-0.05086929351091385,-1.7197391986846924,,,,-11.83,False,,,"{""telemetry"": 1.6, ""graph"": 152.9}",True,3923.8,False,False,True,2,photo-20260901T231450138Z-0.png;photo-20260901T231450138Z-1.png;photo-20260901T231450138Z-2.png;photo-20260901T231450138Z-3.png,0.0,,0.016,False,0.0,,0.018,False,0.0,,0.019,False
117.62,586,slm,TOWNSIM_INI,1,deliberative,FRENAR,0,28.284300668027758,False,-0.2418389916419983,-0.05086929351091385,-1.7149829864501953,,,,-11.83,False,,,"{""telemetry"": 0.8, ""graph"": 143.2}",True,3923.8,False,False,True,2,photo-20260901T231450138Z-0.png;photo-20260901T231450138Z-1.png;photo-20260901T231450138Z-2.png;photo-20260901T231450138Z-3.png,0.0,,0.033,False,0.0,,0.033,False,0.0,,0.036,False
117.839,587,slm,TOWNSIM_INI,1,deliberative,FRENAR,0,28.288612541876365,False,-0.2418389916419983,-0.05086929351091385,-1.7107024192810059,,,,-11.83,False,,,"{""telemetry"": 1.0, ""graph"": 161.1}",True,3923.8,False,False,True,2,photo-20260901T231450138Z-0.png;photo-20260901T231450138Z-1.png;photo-20260901T231450138Z-2.png;photo-20260901T231450138Z-3.png,0.0,,0.009,False,0.0,,0.007,False,0.0,,0.009,False
118.04,588,slm,TOWNSIM_INI,1,deliberative,FRENAR,0,28.292196074802874,False,-0.2418389916419983,-0.05086929351091385,-1.7112866640090942,,,,-11.83,False,,,"{""telemetry"": 0.9, ""graph"": 162.3}",True,3923.8,False,False,True,2,photo-20260901T231450138Z-0.png;photo-20260901T231450138Z-1.png;photo-20260901T231450138Z-2.png;photo-20260901T231450138Z-3.png,0.0,,0.035,False,0.0,,0.028,False,0.0,,0.032,False
118.205,589,slm,TOWNSIM_INI,1,deliberative,FRENAR,0,28.279773987292,False,-0.2418389916419983,-0.05086929351091385,-1.7277336120605469,,,,-11.83,False,,,"{""telemetry"": 1.1, ""graph"": 126.3}",True,3923.8,False,False,True,2,photo-20260901T231450138Z-0.png;photo-20260901T231450138Z-1.png;photo-20260901T231450138Z-2.png;photo-20260901T231450138Z-3.png,0.0,,0.0,False,0.0,,0.0,False,0.0,,0.0,False
118.468,590,slm,TOWNSIM_INI,1,deliberative,FRENAR,0,28.26045912494748,False,-0.2418389916419983,-0.05086929351091385,-1.7365713119506836,,,,-11.83,False,,,"{""telemetry"": 0.9, ""graph"": 189.5}",True,3923.8,False,False,True,2,photo-20260901T231450138Z-0.png;photo-20260901T231450138Z-1.png;photo-20260901T231450138Z-2.png;photo-20260901T231450138Z-3.png,0.038,1.32,1.0,True,0.062,0.89,1.0,True,0.12,1.0,1.0,True
118.654,591,slm,TOWNSIM_INI,1,deliberative,FRENAR,0,28.271325947630075,False,-0.2418389916419983,-0.05086929351091385,-1.7211271524429321,,,,-11.83,False,,,"{""telemetry"": 1.3, ""graph"": 174.5}",True,3923.8,False,False,True,2,photo-20260901T231450138Z-0.png;photo-20260901T231450138Z-1.png;photo-20260901T231450138Z-2.png;photo-20260901T231450138Z-3.png,0.035,2.2,0.422,False,0.022,1.26,0.422,True,0.0,1.82,0.422,True
118.862,592,slm,TOWNSIM_INI,1,deliberative,FRENAR,0,28.287136787191802,False,-0.2418389916419983,-0.05086929351091385,-1.7072466611862183,,,,-11.83,False,,,"{""telemetry"": 0.8, ""graph"": 182.2}",True,3923.8,False,False,True,2,photo-20260901T231450138Z-0.png;photo-20260901T231450138Z-1.png;photo-20260901T231450138Z-2.png;photo-20260901T231450138Z-3.png,0.0,,0.1,False,0.0,,0.1,False,0.0,,0.1,False
119.04,593,slm,TOWNSIM_INI,1,deliberative,FRENAR,0,28.29969524517661,False,-0.2418389916419983,-0.05086929351091385,-1.700190782546997,,,,-11.83,False,,,"{""telemetry"": 0.7, ""graph"": 159.9}",True,3923.8,False,False,True,2,photo-20260901T231450138Z-0.png;photo-20260901T231450138Z-1.png;photo-20260901T231450138Z-2.png;photo-20260901T231450138Z-3.png,0.018,2.05,0.16,False,0.043,4.96,0.16,False,0.0,1.97,0.16,False
119.232,594,slm,TOWNSIM_INI,1,deliberative,FRENAR,0,28.29477804951625,False,-0.2418389916419983,-0.05086929351091385,-1.711297869682312,,,,-11.83,False,,,"{""telemetry"": 0.9, ""graph"": 151.9}",True,3923.8,False,False,True,2,photo-20260901T231450138Z-0.png;photo-20260901T231450138Z-1.png;photo-20260901T231450138Z-2.png;photo-20260901T231450138Z-3.png,0.0,4.7,0.189,False,0.0,0.94,0.17,False,0.009,2.41,0.193,False
119.435,595,slm,TOWNSIM_INI,1,deliberative,FRENAR,0,28.280977359120683,False,-0.2418389916419983,-0.05086929351091385,-1.7271194458007812,,,,-11.83,False,,,"{""telemetry"": 0.9, ""graph"": 154.4}",True,3923.8,False,False,True,2,photo-20260901T231450138Z-0.png;photo-20260901T231450138Z-1.png;photo-20260901T231450138Z-2.png;photo-20260901T231450138Z-3.png,0.0,,0.0,False,0.0,,0.0,False,0.0,,0.0,False
119.652,596,slm,TOWNSIM_INI,1,deliberative,FRENAR,0,28.2654822931598,False,-0.2418389916419983,-0.05086929351091385,-1.738842248916626,,,,-11.83,False,,,"{""telemetry"": 1.3, ""graph"": 170.2}",True,3923.8,False,False,True,2,photo-20260901T231450138Z-0.png;photo-20260901T231450138Z-1.png;photo-20260901T231450138Z-2.png;photo-20260901T231450138Z-3.png,0.029,1.68,1.0,True,0.052,1.18,1.0,True,0.116,1.16,1.0,True
119.862,597,slm,TOWNSIM_INI,1,deliberative,FRENAR,0,28.264452245062856,False,-0.2418389916419983,-0.05086929351091385,-1.734246850013733,,,,-11.83,False,,,"{""telemetry"": 1.1, ""graph"": 179.5}",True,3923.8,False,False,True,2,photo-20260901T231450138Z-0.png;photo-20260901T231450138Z-1.png;photo-20260901T231450138Z-2.png;photo-20260901T231450138Z-3.png,0.0,,0.0,False,0.0,,0.0,False,0.0,,0.002,False
