t,cycle,arm,scenario,seed,route,action,wp_index,dist_to_wp_m,degraded,pos_x,pos_y,pos_z,vel_x,vel_y,vel_z,yaw_deg,has_collided,collision_object,min_obstacle_dist_m,latency_ms_json,slm_invoked,slm_latency_ms,slm_fallback,slm_timeout,slm_adherent,field_izquierda_occ,field_izquierda_ttc_s,field_izquierda_conf,field_izquierda_blocked,field_centro_occ,field_centro_ttc_s,field_centro_conf,field_centro_blocked,field_derecha_occ,field_derecha_ttc_s,field_derecha_conf,field_derecha_blocked
0.067,1,slm,TOWNSIM_CALIB_CRUCE_FRONTAL,1,reactive,MANTENER_RUMBO,0,152.8994650721832,False,0.0,0.0,-0.367286741733551,,,,-60.0,False,,,"{""telemetry"": 0.8, ""graph"": 65.0}",False,,,,,0.0,,0.0,False,0.0,,0.0,False,0.0,,0.0,False
0.42,2,slm,TOWNSIM_CALIB_CRUCE_FRONTAL,1,evasive,EVADIR_DERECHA,0,152.90014628101787,False,0.0,0.0,-0.35734134912490845,,,,-60.38,False,,,"{""telemetry"": 1.7, ""graph"": 217.0}",False,,,,,0.003,3.16,1.0,False,0.0,23.56,1.0,False,0.0,33.44,1.0,False
0.524,3,slm,TOWNSIM_CALIB_CRUCE_FRONTAL,1,reactive,MANTENER_RUMBO,0,152.90326593207723,False,0.00016342727758456022,-0.0003253743052482605,-0.3501534163951874,,,,-64.49,False,,,"{""telemetry"": 0.9, ""graph"": 100.5}",False,,,,,0.0,,0.0,False,0.0,,0.0,False,0.0,,0.0,False
0.722,4,slm,TOWNSIM_CALIB_CRUCE_FRONTAL,1,reactive,MANTENER_RUMBO,0,152.89797121474544,False,0.007865292020142078,-0.015533052384853363,-0.4057559072971344,,,,-66.67,False,,,"{""telemetry"": 1.8, ""graph"": 97.8}",False,,,,,0.0,,0.0,False,0.0,,0.0,False,0.0,,0.0,False
0.938,5,slm,TOWNSIM_CALIB_CRUCE_FRONTAL,1,reactive,MANTENER_RUMBO,0,152.90959558352932,False,0.0210653655230999,-0.041282955557107925,-0.3834148943424225,,,,-71.62,False,,,"{""telemetry"": 0.9, ""graph"": 113.9}",False,,,,,0.0,,0.0,False,0.0,,0.0,False,0.0,,0.0,False
1.159,6,slm,TOWNSIM_CALIB_CRUCE_FRONTAL,1,reactive,MANTENER_RUMBO,0,152.9263720098638,False,0.034970834851264954,-0.06725431233644485,-0.3632955551147461,,,,-78.55,False,,,"{""telemetry"": 0.8, ""graph"": 134.7}",False,,,,,0.0,,0.0,False,0.0,,0.0,False,0.0,,0.0,False
1.312,7,slm,TOWNSIM_CALIB_CRUCE_FRONTAL,1,reactive,MANTENER_RUMBO,0,152.9406693714282,False,0.043050188571214676,-0.0817570611834526,-0.3526473045349121,,,,-83.61,False,,,"{""telemetry"": 0.8, ""graph"": 87.0}",False,,,,,0.0,,0.0,False,0.0,,0.0,False,0.0,,0.0,False
1.51,8,slm,TOWNSIM_CALIB_CRUCE_FRONTAL,1,reactive,MANTENER_RUMBO,0,152.95243148326526,False,0.051504846662282944,-0.09657180309295654,-0.3406376242637634,,,,-89.88,False,,,"{""telemetry"": 0.8, ""graph"": 84.9}",False,,,,,0.0,,0.0,False,0.0,,0.0,False,0.0,,0.0,False
1.712,9,slm,TOWNSIM_CALIB_CRUCE_FRONTAL,1,reactive,MANTENER_RUMBO,0,152.96162408213485,False,0.0583391934633255,-0.10836714506149292,-0.330313503742218,,,,-95.78,False,,,"{""telemetry"": 1.0, ""graph"": 86.4}",False,,,,,0.0,,0.0,False,0.0,,0.0,False,0.0,,0.0,False
1.919,10,slm,TOWNSIM_CALIB_CRUCE_FRONTAL,1,reactive,MANTENER_RUMBO,0,152.96884575353383,False,0.06348200887441635,-0.11721164733171463,-0.3219190835952759,,,,-101.21,False,,,"{""telemetry"": 0.7, ""graph"": 93.6}",False,,,,,0.0,,0.0,False,0.0,,0.0,False,0.0,,0.0,False
2.122,11,slm,TOWNSIM_CALIB_CRUCE_FRONTAL,1,reactive,MANTENER_RUMBO,0,152.97437090830175,False,0.06729952991008759,-0.1238226443529129,-0.3150744140148163,,,,-106.24,False,,,"{""telemetry"": 1.2, ""graph"": 96.2}",False,,,,,0.0,,0.0,False,0.0,,0.0,False,0.0,,0.0,False
2.314,12,slm,TOWNSIM_CALIB_CRUCE_FRONTAL,1,reactive,MANTENER_RUMBO,0,152.9785189044951,False,0.06996209919452667,-0.12850596010684967,-0.3097854554653168,,,,-110.68,False,,,"{""telemetry"": 0.9, ""graph"": 88.1}",False,,,,,0.0,,0.0,False,0.0,,0.0,False,0.0,,0.0,False
2.507,13,slm,TOWNSIM_CALIB_CRUCE_FRONTAL,1,reactive,MANTENER_RUMBO,0,152.98171785596904,False,0.07196415215730667,-0.1321086436510086,-0.30532875657081604,,,,-114.92,False,,,"{""telemetry"": 0.8, ""graph"": 81.0}",False,,,,,0.0,,0.0,False,0.0,,0.0,False,0.0,,0.0,False
2.716,14,slm,TOWNSIM_CALIB_CRUCE_FRONTAL,1,reactive,MANTENER_RUMBO,0,152.9841176465825,False,0.07350868731737137,-0.13497264683246613,-0.30135220289230347,,,,-118.91,False,,,"{""telemetry"": 0.8, ""graph"": 89.9}",False,,,,,0.0,,0.0,False,0.0,,0.0,False,0.0,,0.0,False
2.923,15,slm,TOWNSIM_CALIB_CRUCE_FRONTAL,1,reactive,MANTENER_RUMBO,0,152.98596242108349,False,0.07458589971065521,-0.1370421200990677,-0.29819735884666443,,,,-122.55,False,,,"{""telemetry"": 1.0, ""graph"": 96.3}",False,,,,,0.0,,0.0,False,0.0,,0.0,False,0.0,,0.0,False
3.126,16,slm,TOWNSIM_CALIB_CRUCE_FRONTAL,1,reactive,MANTENER_RUMBO,0,152.98734516669046,False,0.07537638396024704,-0.1386263370513916,-0.29547953605651855,,,,-126.16,False,,,"{""telemetry"": 0.8, ""graph"": 99.1}",False,,,,,0.0,,0.0,False,0.0,,0.0,False,0.0,,0.0,False
3.338,17,slm,TOWNSIM_CALIB_CRUCE_FRONTAL,1,reactive,MANTENER_RUMBO,0,152.98841810735985,False,0.07593213766813278,-0.13979601860046387,-0.29319748282432556,,,,-129.58,False,,,"{""telemetry"": 1.2, ""graph"": 109.9}",False,,,,,0.0,,0.0,False,0.0,,0.0,False,0.0,,0.0,False
3.547,18,slm,TOWNSIM_CALIB_CRUCE_FRONTAL,1,reactive,MANTENER_RUMBO,0,152.98922757285342,False,0.07631935924291611,-0.14065752923488617,-0.29129934310913086,,,,-132.98,False,,,"{""telemetry"": 0.7, ""graph"": 119.5}",False,,,,,0.0,,0.0,False,0.0,,0.0,False,0.0,,0.0,False
3.716,19,slm,TOWNSIM_CALIB_CRUCE_FRONTAL,1,reactive,MANTENER_RUMBO,0,152.98985276251562,False,0.0765460729598999,-0.14119355380535126,-0.2899487614631653,,,,-135.77,False,,,"{""telemetry"": 0.8, ""graph"": 88.0}",False,,,,,0.0,,0.0,False,0.0,,0.0,False,0.0,,0.0,False
3.929,20,slm,TOWNSIM_CALIB_CRUCE_FRONTAL,1,reactive,MANTENER_RUMBO,0,152.99035285340028,False,0.07674399018287659,-0.1416940987110138,-0.28843384981155396,,,,-138.89,False,,,"{""telemetry"": 0.9, ""graph"": 100.5}",False,,,,,0.0,,0.0,False,0.0,,0.0,False,0.0,,0.0,False
4.12,21,slm,TOWNSIM_CALIB_CRUCE_FRONTAL,1,reactive,MANTENER_RUMBO,0,152.99075339607094,False,0.07670553773641586,-0.1421538144350052,-0.2943522036075592,,,,-141.37,False,,,"{""telemetry"": 0.8, ""graph"": 91.0}",False,,,,,0.0,,0.0,False,0.0,,0.0,False,0.0,,0.0,False
4.319,22,slm,TOWNSIM_CALIB_CRUCE_FRONTAL,1,reactive,MANTENER_RUMBO,0,152.9691920401056,False,0.0637790709733963,-0.15298683941364288,-0.40402504801750183,,,,-143.73,False,,,"{""telemetry"": 0.9, ""graph"": 90.6}",False,,,,,0.0,,0.0,False,0.0,,0.0,False,0.0,,0.0,False
4.539,23,slm,TOWNSIM_CALIB_CRUCE_FRONTAL,1,reactive,MANTENER_RUMBO,0,152.91179560314913,False,0.018280459567904472,-0.18902647495269775,-0.5609161257743835,,,,-146.11,False,,,"{""telemetry"": 0.7, ""graph"": 109.8}",False,,,,,0.0,,0.0,False,0.0,,0.0,False,0.0,,0.0,False
4.733,24,slm,TOWNSIM_CALIB_CRUCE_FRONTAL,1,reactive,MANTENER_RUMBO,0,152.81805032513788,False,-0.06396862864494324,-0.2508595287799835,-0.7279952764511108,,,,-148.31,False,,,"{""telemetry"": 0.8, ""graph"": 103.7}",False,,,,,0.0,,0.0,False,0.0,,0.0,False,0.0,,0.0,False
4.927,25,slm,TOWNSIM_CALIB_CRUCE_FRONTAL,1,reactive,MANTENER_RUMBO,0,152.6808043382955,False,-0.18564923107624054,-0.33798059821128845,-0.88670414686203,,,,-150.35,False,,,"{""telemetry"": 1.3, ""graph"": 97.0}",False,,,,,0.0,,0.0,False,0.0,,0.0,False,0.0,,0.0,False
5.159,26,slm,TOWNSIM_CALIB_CRUCE_FRONTAL,1,deliberative,GANAR_ALTURA,0,152.5038874741432,False,-0.3770221173763275,-0.46693259477615356,-1.0855518579483032,,,,-152.78,False,,,"{""telemetry"": 0.8, ""graph"": 128.9}",False,,,,,0.0,,0.0,False,0.0,,0.0,False,0.0,,0.0,False
5.337,27,slm,TOWNSIM_CALIB_CRUCE_FRONTAL,1,evasive,GANAR_ALTURA,0,152.27852527806095,False,-0.5721502900123596,-0.5923764109611511,-1.228293776512146,,,,-154.78,False,,,"{""telemetry"": 1.3, ""graph"": 106.3}",False,,,,,0.0,,0.0,False,0.0,,0.0,False,0.0,,0.0,False
5.537,28,slm,TOWNSIM_CALIB_CRUCE_FRONTAL,1,evasive,GANAR_ALTURA,0,152.04360902127644,False,-0.7934278249740601,-0.7321580648422241,-1.237626552581787,,,,-157.05,False,,,"{""telemetry"": 0.8, ""graph"": 107.3}",False,,,,,0.0,,0.0,False,0.0,,0.0,False,0.0,,0.0,False
5.717,29,slm,TOWNSIM_CALIB_CRUCE_FRONTAL,1,evasive,GANAR_ALTURA,0,151.85305626496293,False,-0.9592928886413574,-0.8318705558776855,-1.217105746269226,,,,-159.07,False,,,"{""telemetry"": 1.3, ""graph"": 86.2}",False,,,,,0.0,,0.0,False,0.0,,0.0,False,0.0,,0.0,False
5.921,30,slm,TOWNSIM_CALIB_CRUCE_FRONTAL,1,evasive,GANAR_ALTURA,0,151.7078020055632,False,-1.092916488647461,-0.9009969830513,-1.202130913734436,,,,-161.26,False,,,"{""telemetry"": 1.2, ""graph"": 89.0}",False,,,,,0.0,,0.0,False,0.0,,0.0,False,0.0,,0.0,False
6.131,31,slm,TOWNSIM_CALIB_CRUCE_FRONTAL,1,evasive,GANAR_ALTURA,0,151.61699555469906,False,-1.1745840311050415,-0.9244714975357056,-1.1845687627792358,,,,-163.5,False,,,"{""telemetry"": 1.8, ""graph"": 98.4}",False,,,,,0.0,,0.0,False,0.0,,0.0,False,0.0,,0.0,False
6.333,32,slm,TOWNSIM_CALIB_CRUCE_FRONTAL,1,evasive,GANAR_ALTURA,0,151.57580788291477,False,-1.2010002136230469,-0.904329776763916,-1.1656235456466675,,,,-165.61,False,,,"{""telemetry"": 1.2, ""graph"": 100.6}",False,,,,,0.0,,0.0,False,0.0,,0.0,False,0.0,,0.0,False
6.615,33,slm,TOWNSIM_CALIB_CRUCE_FRONTAL,1,evasive,GANAR_ALTURA,0,151.58055591714435,False,-1.1860666275024414,-0.8571076393127441,-1.1496933698654175,,,,-167.5,False,,,"{""telemetry"": 1.0, ""graph"": 182.7}",False,,,,,0.0,,0.069,False,0.0,,0.069,False,0.0,,0.069,False
6.738,34,slm,TOWNSIM_CALIB_CRUCE_FRONTAL,1,evasive,GANAR_ALTURA,0,151.62476639254817,False,-1.1259982585906982,-0.7731383442878723,-1.1353107690811157,,,,-169.82,False,,,"{""telemetry"": 1.1, ""graph"": 105.8}",False,,,,,0.0,,0.0,False,0.0,,0.0,False,0.0,,0.0,False
6.937,35,slm,TOWNSIM_CALIB_CRUCE_FRONTAL,1,reactive,MANTENER_RUMBO,0,151.69949857107935,False,-1.0402981042861938,-0.6833571791648865,-1.1290361881256104,,,,-171.94,False,,,"{""telemetry"": 1.1, ""graph"": 104.1}",False,,,,,0.0,,0.0,False,0.0,,0.0,False,0.0,,0.0,False
7.12,36,slm,TOWNSIM_CALIB_CRUCE_FRONTAL,1,reactive,MANTENER_RUMBO,0,151.7985313431331,False,-0.9403694272041321,-0.595683753490448,-1.1288161277770996,,,,-173.97,False,,,"{""telemetry"": 1.2, ""graph"": 87.0}",False,,,,,0.0,,0.0,False,0.0,,0.0,False,0.0,,0.0,False
7.446,37,slm,TOWNSIM_CALIB_CRUCE_FRONTAL,1,deliberative,FRENAR,0,151.86588614873332,False,-0.8970805406570435,-0.5212642550468445,-1.278360366821289,,,,-175.77,False,,,"{""telemetry"": 0.9, ""graph"": 212.7}",False,,,,,0.187,0.4,0.169,False,0.158,0.13,0.169,False,0.051,0.36,0.169,False
7.678,38,slm,TOWNSIM_CALIB_CRUCE_FRONTAL,1,deliberative,FRENAR,0,151.74424361926052,False,-1.0366517305374146,-0.4840371310710907,-1.6251327991485596,,,,-176.58,False,,,"{""telemetry"": 0.7, ""graph"": 228.4}",False,,,,,0.029,0.42,0.457,True,0.035,0.22,0.457,True,0.035,0.92,0.457,True
7.868,39,slm,TOWNSIM_CALIB_CRUCE_FRONTAL,1,deliberative,FRENAR,0,151.51115178627052,False,-1.2206298112869263,-0.46497634053230286,-1.769839882850647,,,,-176.74,False,,,"{""telemetry"": 0.9, ""graph"": 187.8}",False,,,,,0.0,,0.0,False,0.0,,0.0,False,0.0,,0.0,False
8.076,40,slm,TOWNSIM_CALIB_CRUCE_FRONTAL,1,deliberative,FRENAR,0,151.33828940508067,False,-1.3929485082626343,-0.4516593813896179,-1.7403583526611328,,,,-176.89,False,,,"{""telemetry"": 2.0, ""graph"": 193.5}",False,,,,,0.0,,0.0,False,0.0,,0.0,False,0.0,,0.0,False
8.276,41,slm,TOWNSIM_CALIB_CRUCE_FRONTAL,1,deliberative,FRENAR,0,151.20187244687804,False,-1.5115734338760376,-0.4440675675868988,-1.7024890184402466,,,,-176.97,False,,,"{""telemetry"": 1.9, ""graph"": 193.5}",False,,,,,0.013,9.16,0.283,False,0.016,4.73,0.283,False,0.015,6.14,0.283,False
8.443,42,slm,TOWNSIM_CALIB_CRUCE_FRONTAL,1,deliberative,FRENAR,0,151.09362342502314,False,-1.6200811862945557,-0.4377449154853821,-1.6612476110458374,,,,-177.01,False,,,"{""telemetry"": 1.8, ""graph"": 160.5}",False,,,,,0.0,,0.0,False,0.0,,0.0,False,0.0,,0.0,False
8.671,43,slm,TOWNSIM_CALIB_CRUCE_FRONTAL,1,deliberative,FRENAR,0,151.01321723209148,False,-1.712234616279602,-0.43263646960258484,-1.6164700984954834,,,,-177.04,False,,,"{""telemetry"": 1.3, ""graph"": 187.4}",False,,,,,0.0,,0.0,False,0.0,,0.0,False,0.0,,0.0,False
8.865,44,slm,TOWNSIM_CALIB_CRUCE_FRONTAL,1,deliberative,FRENAR,0,150.95288585993896,False,-1.7699366807937622,-0.42950671911239624,-1.5804293155670166,,,,-177.05,False,,,"{""telemetry"": 2.0, ""graph"": 179.0}",False,,,,,0.0,,0.0,False,0.0,,0.0,False,0.0,,0.0,False
9.069,45,slm,TOWNSIM_CALIB_CRUCE_FRONTAL,1,deliberative,FRENAR,0,150.90903388440623,False,-1.8155580759048462,-0.42705363035202026,-1.5444352626800537,,,,-177.06,False,,,"{""telemetry"": 1.8, ""graph"": 183.1}",False,,,,,0.0,,0.0,False,0.0,,0.0,False,0.0,,0.0,False
9.267,46,slm,TOWNSIM_CALIB_CRUCE_FRONTAL,1,deliberative,FRENAR,0,150.8779988127234,False,-1.8495936393737793,-0.425231009721756,-1.5147876739501953,,,,-177.06,False,,,"{""telemetry"": 1.0, ""graph"": 181.3}",False,,,,,0.0,,0.0,False,0.0,,0.0,False,0.0,,0.0,False
9.466,47,slm,TOWNSIM_CALIB_CRUCE_FRONTAL,1,deliberative,FRENAR,0,150.85278915889793,False,-1.874287724494934,-0.4239112436771393,-1.506596565246582,,,,-177.06,False,,,"{""telemetry"": 1.1, ""graph"": 179.4}",False,,,,,0.0,,0.0,False,0.0,,0.0,False,0.0,,0.0,False
9.651,48,slm,TOWNSIM_CALIB_CRUCE_FRONTAL,1,deliberative,MANTENER_RUMBO,0,150.83312962803944,False,-1.891290307044983,-0.423003613948822,-1.501325011253357,,,,-177.06,False,,,"{""telemetry"": 1.0, ""graph"": 163.9}",True,2166.2,False,False,True,0.0,,0.0,False,0.0,,0.0,False,0.0,,0.0,False
9.846,49,slm,TOWNSIM_CALIB_CRUCE_FRONTAL,1,reactive,MANTENER_RUMBO,0,150.81874607677042,False,-1.90607750415802,-0.42226049304008484,-1.5003901720046997,,,,-177.07,False,,,"{""telemetry"": 0.9, ""graph"": 159.3}",False,,,,,0.0,,0.0,False,0.0,,0.0,False,0.0,,0.0,False
10.077,50,slm,TOWNSIM_CALIB_CRUCE_FRONTAL,1,reactive,MANTENER_RUMBO,0,150.77070471634335,False,-1.9779142141342163,-0.42493489384651184,-1.6557855606079102,,,,-177.18,False,,,"{""telemetry"": 0.7, ""graph"": 190.4}",False,,,,,0.0,,0.0,False,0.0,,0.0,False,0.0,,0.0,False
10.29,51,slm,TOWNSIM_CALIB_CRUCE_FRONTAL,1,reactive,MANTENER_RUMBO,0,150.57327622606346,False,-2.1777265071868896,-0.4345235228538513,-1.9471111297607422,,,,-177.36,False,,,"{""telemetry"": 0.7, ""graph"": 202.9}",False,,,,,0.0,,0.036,False,0.0,,0.036,False,0.0,,0.036,False
10.509,52,slm,TOWNSIM_CALIB_CRUCE_FRONTAL,1,girar_90,GIRAR_90,0,150.27062617736695,False,-2.4823858737945557,-0.4496583342552185,-2.2195286750793457,,,,-177.58,False,,,"{""telemetry"": 1.0, ""graph"": 214.8}",False,,,,,0.035,1.64,0.378,True,0.007,0.78,0.378,True,0.04,0.85,0.378,True
10.705,53,slm,TOWNSIM_CALIB_CRUCE_FRONTAL,1,evasive,GIRAR_90,0,149.8649856583551,False,-2.8891079425811768,-0.4701455235481262,-2.4568727016448975,,,,-178.03,False,,,"{""telemetry"": 0.7, ""graph"": 193.4}",False,,,,,0.0,,0.0,False,0.0,,0.0,False,0.0,,0.0,False
10.892,54,slm,TOWNSIM_CALIB_CRUCE_FRONTAL,1,evasive,GIRAR_90,0,149.46997985922076,False,-3.2320926189422607,-0.48753637075424194,-2.521205186843872,,,,-179.9,False,,,"{""telemetry"": 1.1, ""graph"": 180.0}",False,,,,,0.0,,0.0,False,0.0,,0.0,False,0.0,,0.0,False
11.02,55,slm,TOWNSIM_CALIB_CRUCE_FRONTAL,1,evasive,GIRAR_90,0,149.12246521983528,False,-3.5566210746765137,-0.5041730999946594,-2.562281370162964,,,,177.41,False,,,"{""telemetry"": 1.2, ""graph"": 106.4}",False,,,,,0.0,,0.0,False,0.0,,0.0,False,0.0,,0.0,False
11.219,56,slm,TOWNSIM_CALIB_CRUCE_FRONTAL,1,evasive,GIRAR_90,0,148.8397220828557,False,-3.812751531600952,-0.5174672603607178,-2.5984935760498047,,,,174.54,False,,,"{""telemetry"": 1.3, ""graph"": 105.1}",False,,,,,0.0,,0.0,False,0.0,,0.0,False,0.0,,0.0,False
11.414,57,slm,TOWNSIM_CALIB_CRUCE_FRONTAL,1,evasive,GIRAR_90,0,148.61719314239022,False,-4.002038478851318,-0.5273953080177307,-2.6199419498443604,,,,171.75,False,,,"{""telemetry"": 1.0, ""graph"": 100.1}",False,,,,,0.0,,0.0,False,0.0,,0.0,False,0.0,,0.0,False
11.633,58,slm,TOWNSIM_CALIB_CRUCE_FRONTAL,1,reactive,MANTENER_RUMBO,0,148.45087479684264,False,-4.16302490234375,-0.5359058380126953,-2.6318724155426025,,,,168.57,False,,,"{""telemetry"": 1.3, ""graph"": 119.0}",False,,,,,0.0,,0.0,False,0.0,,0.0,False,0.0,,0.0,False
11.801,59,slm,TOWNSIM_CALIB_CRUCE_FRONTAL,1,reactive,MANTENER_RUMBO,0,148.32408283485682,False,-4.260108470916748,-0.540970504283905,-2.636230707168579,,,,166.34,False,,,"{""telemetry"": 1.0, ""graph"": 87.1}",False,,,,,0.0,,0.0,False,0.0,,0.0,False,0.0,,0.0,False
12.112,60,slm,TOWNSIM_CALIB_CRUCE_FRONTAL,1,reactive,MANTENER_RUMBO,0,148.2015591778712,False,-4.409562110900879,-0.5304037928581238,-2.787384271621704,,,,165.03,False,,,"{""telemetry"": 0.9, ""graph"": 197.3}",False,,,,,0.0,,0.074,False,0.0,,0.074,False,0.0,,0.074,False
12.287,61,slm,TOWNSIM_CALIB_CRUCE_FRONTAL,1,reactive,MANTENER_RUMBO,0,147.97171781977627,False,-4.626567363739014,-0.49408769607543945,-3.018112897872925,,,,164.75,False,,,"{""telemetry"": 1.0, ""graph"": 171.9}",False,,,,,0.0,,0.0,False,0.0,,0.0,False,0.0,,0.0,False
12.52,62,slm,TOWNSIM_CALIB_CRUCE_FRONTAL,1,reactive,MANTENER_RUMBO,0,147.66506430903442,False,-4.978093147277832,-0.4227498471736908,-3.2748405933380127,,,,165.11,False,,,"{""telemetry"": 0.8, ""graph"": 205.1}",False,,,,,0.0,,0.0,False,0.0,,0.0,False,0.0,,0.0,False
12.709,63,slm,TOWNSIM_CALIB_CRUCE_FRONTAL,1,reactive,MANTENER_RUMBO,0,147.28058458653302,False,-5.273029327392578,-0.35648906230926514,-3.4367616176605225,,,,165.59,False,,,"{""telemetry"": 0.8, ""graph"": 186.3}",False,,,,,0.0,,0.057,False,0.0,,0.057,False,0.0,,0.057,False
12.899,64,slm,TOWNSIM_CALIB_CRUCE_FRONTAL,1,reactive,MANTENER_RUMBO,0,146.86381977880214,False,-5.721629619598389,-0.24940882623195648,-3.638878345489502,,,,166.38,False,,,"{""telemetry"": 1.1, ""graph"": 175.4}",False,,,,,0.0,,0.0,False,0.0,,0.0,False,0.0,,0.0,False
13.115,65,slm,TOWNSIM_CALIB_CRUCE_FRONTAL,1,reactive,MANTENER_RUMBO,0,146.40233736692488,False,-6.2073469161987305,-0.12827791273593903,-3.826465129852295,,,,167.22,False,,,"{""telemetry"": 1.4, ""graph"": 190.8}",False,,,,,0.0,,0.0,False,0.0,,0.0,False,0.0,,0.0,False
13.309,66,slm,TOWNSIM_CALIB_CRUCE_FRONTAL,1,reactive,MANTENER_RUMBO,0,145.91864669102807,False,-6.643985271453857,-0.016500646248459816,-3.9801158905029297,,,,167.97,False,,,"{""telemetry"": 1.2, ""graph"": 184.6}",False,,,,,0.0,,0.0,False,0.0,,0.0,False,0.0,,0.0,False
13.504,67,slm,TOWNSIM_CALIB_CRUCE_FRONTAL,1,reactive,MANTENER_RUMBO,0,145.41309953070217,False,-7.128243923187256,0.10960152745246887,-4.140749931335449,,,,168.77,False,,,"{""telemetry"": 1.4, ""graph"": 178.6}",False,,,,,0.0,,0.0,False,0.0,,0.0,False,0.0,,0.0,False
13.697,68,slm,TOWNSIM_CALIB_CRUCE_FRONTAL,1,reactive,MANTENER_RUMBO,0,144.89115194451244,False,-7.619486331939697,0.23913614451885223,-4.29705286026001,,,,169.57,False,,,"{""telemetry"": 1.1, ""graph"": 172.2}",False,,,,,0.0,,0.0,False,0.0,,0.0,False,0.0,,0.0,False
13.906,69,slm,TOWNSIM_CALIB_CRUCE_FRONTAL,1,reactive,MANTENER_RUMBO,0,144.34882398170643,False,-8.161029815673828,0.38328033685684204,-4.464340686798096,,,,170.43,False,,,"{""telemetry"": 1.3, ""graph"": 180.1}",False,,,,,0.0,,0.0,False,0.0,,0.0,False,0.0,,0.0,False
14.12,70,slm,TOWNSIM_CALIB_CRUCE_FRONTAL,1,reactive,MANTENER_RUMBO,0,143.8054963203721,False,-8.727770805358887,0.5352291464805603,-4.635682106018066,,,,171.33,False,,,"{""telemetry"": 1.3, ""graph"": 194.0}",False,,,,,0.0,,0.0,False,0.0,,0.0,False,0.0,,0.0,False
14.341,71,slm,TOWNSIM_CALIB_CRUCE_FRONTAL,1,reactive,MANTENER_RUMBO,0,143.2555166393422,False,-9.228472709655762,0.6701674461364746,-4.784896373748779,,,,172.1,False,,,"{""telemetry"": 0.9, ""graph"": 215.0}",False,,,,,0.0,,0.001,False,0.0,,0.001,False,0.0,,0.001,False
14.575,72,slm,TOWNSIM_CALIB_CRUCE_FRONTAL,1,deliberative,FRENAR,0,142.65001368359918,False,-9.855871200561523,0.8396545648574829,-4.969983100891113,,,,173.06,False,,,"{""telemetry"": 0.7, ""graph"": 230.9}",True,2166.2,False,False,True,0.039,3.12,0.3,False,0.045,3.17,0.3,False,0.04,3.24,0.3,False
14.782,73,slm,TOWNSIM_CALIB_CRUCE_FRONTAL,1,deliberative,FRENAR,0,141.98818381535912,False,-10.423540115356445,0.9858222007751465,-5.1306986808776855,,,,174.03,False,,,"{""telemetry"": 0.8, ""graph"": 204.0}",True,2166.2,False,False,True,0.0,,0.04,False,0.0,,0.04,False,0.0,,0.04,False
15.001,74,slm,TOWNSIM_CALIB_CRUCE_FRONTAL,1,deliberative,FRENAR,0,141.428908280269,False,-10.976635932922363,1.120451807975769,-5.23124885559082,,,,174.79,False,,,"{""telemetry"": 0.7, ""graph"": 216.5}",True,2166.2,False,False,True,0.018,0.52,0.289,False,0.043,0.16,0.289,False,0.003,0.51,0.289,False
15.222,75,slm,TOWNSIM_CALIB_CRUCE_FRONTAL,1,deliberative,FRENAR,0,140.93099461137322,False,-11.441661834716797,1.230594515800476,-5.352910995483398,,,,174.94,False,,,"{""telemetry"": 0.9, ""graph"": 218.2}",True,2166.2,False,False,True,0.0,,0.003,False,0.0,,0.003,False,0.0,,0.003,False
15.401,76,slm,TOWNSIM_CALIB_CRUCE_FRONTAL,1,deliberative,FRENAR,0,140.5366638395779,False,-11.75550365447998,1.3045411109924316,-5.423584938049316,,,,174.93,False,,,"{""telemetry"": 0.8, ""graph"": 175.5}",True,2166.2,False,False,True,0.0,,0.0,False,0.0,,0.0,False,0.0,,0.0,False
15.619,77,slm,TOWNSIM_CALIB_CRUCE_FRONTAL,1,deliberative,FRENAR,0,140.27074819203102,False,-12.008405685424805,1.3642109632492065,-5.441643238067627,,,,174.89,False,,,"{""telemetry"": 0.8, ""graph"": 193.5}",True,2166.2,False,False,True,0.0,,0.0,False,0.0,,0.0,False,0.0,,0.0,False
15.804,78,slm,TOWNSIM_CALIB_CRUCE_FRONTAL,1,deliberative,FRENAR,0,140.0701213298942,False,-12.173959732055664,1.4033787250518799,-5.43771505355835,,,,174.86,False,,,"{""telemetry"": 0.7, ""graph"": 178.0}",True,2166.2,False,False,True,0.0,,0.0,False,0.0,,0.0,False,0.0,,0.0,False
16.022,79,slm,TOWNSIM_CALIB_CRUCE_FRONTAL,1,deliberative,FRENAR,0,139.92048812646163,False,-12.321518898010254,1.4383790493011475,-5.420359134674072,,,,174.84,False,,,"{""telemetry"": 1.2, ""graph"": 195.1}",True,2166.2,False,False,True,0.0,,0.0,False,0.0,,0.0,False,0.0,,0.0,False
16.205,80,slm,TOWNSIM_CALIB_CRUCE_FRONTAL,1,deliberative,FRENAR,0,139.80967594060485,False,-12.415316581726074,1.4606742858886719,-5.399593353271484,,,,174.83,False,,,"{""telemetry"": 1.0, ""graph"": 178.8}",True,2166.2,False,False,True,0.0,,0.0,False,0.0,,0.0,False,0.0,,0.0,False
16.399,81,slm,TOWNSIM_CALIB_CRUCE_FRONTAL,1,deliberative,FRENAR,0,139.72702015538547,False,-12.489362716674805,1.4782979488372803,-5.375073432922363,,,,174.82,False,,,"{""telemetry"": 1.6, ""graph"": 171.5}",True,2166.2,False,False,True,0.0,,0.0,False,0.0,,0.0,False,0.0,,0.0,False
16.608,82,slm,TOWNSIM_CALIB_CRUCE_FRONTAL,1,deliberative,FRENAR,0,139.66756697404873,False,-12.550235748291016,1.4928001165390015,-5.346412658691406,,,,174.82,False,,,"{""telemetry"": 1.0, ""graph"": 180.7}",True,2166.2,False,False,True,0.0,,0.0,False,0.0,,0.0,False,0.0,,0.0,False
16.809,83,slm,TOWNSIM_CALIB_CRUCE_FRONTAL,1,deliberative,FRENAR,0,139.62437816802742,False,-12.595271110534668,1.503536343574524,-5.316929340362549,,,,174.81,False,,,"{""telemetry"": 1.2, ""graph"": 180.4}",True,2166.2,False,False,True,0.0,,0.0,False,0.0,,0.0,False,0.0,,0.0,False
16.997,84,slm,TOWNSIM_CALIB_CRUCE_FRONTAL,1,deliberative,EVADIR_IZQUIERDA,0,139.5933345498637,False,-12.62391471862793,1.5103682279586792,-5.291933059692383,,,,174.81,False,,,"{""telemetry"": 1.1, ""graph"": 168.4}",True,2252.3,False,False,True,0.0,,0.0,False,0.0,,0.0,False,0.0,,0.0,False
17.205,85,slm,TOWNSIM_CALIB_CRUCE_FRONTAL,1,evasive,EVADIR_IZQUIERDA,0,139.57135679845078,False,-12.649849891662598,1.5165187120437622,-5.27156400680542,,,,174.71,False,,,"{""telemetry"": 0.8, ""graph"": 176.3}",False,,,,,0.0,,0.0,False,0.0,,0.0,False,0.0,,0.0,False
17.408,86,slm,TOWNSIM_CALIB_CRUCE_FRONTAL,1,evasive,EVADIR_IZQUIERDA,0,139.53450607505437,False,-12.684398651123047,1.5221645832061768,-5.406798362731934,,,,173.29,False,,,"{""telemetry"": 1.6, ""graph"": 178.3}",False,,,,,0.0,,0.0,False,0.0,,0.0,False,0.0,,0.0,False
17.523,87,slm,TOWNSIM_CALIB_CRUCE_FRONTAL,1,evasive,EVADIR_IZQUIERDA,0,139.4577848370368,False,-12.736692428588867,1.5285251140594482,-5.574552059173584,,,,171.19,False,,,"{""telemetry"": 0.8, ""graph"": 93.3}",False,,,,,0.0,,0.0,False,0.0,,0.0,False,0.0,,0.0,False
17.719,88,slm,TOWNSIM_CALIB_CRUCE_FRONTAL,1,evasive,EVADIR_IZQUIERDA,0,139.35702206631117,False,-12.813704490661621,1.5368099212646484,-5.749935626983643,,,,168.56,False,,,"{""telemetry"": 1.3, ""graph"": 88.6}",False,,,,,0.0,,0.0,False,0.0,,0.0,False,0.0,,0.0,False
17.921,89,slm,TOWNSIM_CALIB_CRUCE_FRONTAL,1,evasive,EVADIR_IZQUIERDA,0,139.23871068459937,False,-12.911166191101074,1.546626091003418,-5.923680305480957,,,,165.69,False,,,"{""telemetry"": 1.1, ""graph"": 90.8}",False,,,,,0.0,,0.0,False,0.0,,0.0,False,0.0,,0.0,False
18.127,90,slm,TOWNSIM_CALIB_CRUCE_FRONTAL,1,reactive,MANTENER_RUMBO,0,139.10724128105895,False,-13.02224349975586,1.5573996305465698,-6.091530799865723,,,,162.79,False,,,"{""telemetry"": 1.5, ""graph"": 95.6}",False,,,,,0.0,,0.0,False,0.0,,0.0,False,0.0,,0.0,False
18.339,91,slm,TOWNSIM_CALIB_CRUCE_FRONTAL,1,reactive,MANTENER_RUMBO,0,138.96087742156402,False,-13.153213500976562,1.5700933933258057,-6.241784572601318,,,,160.16,False,,,"{""telemetry"": 0.8, ""graph"": 108.2}",False,,,,,0.0,,0.0,False,0.0,,0.0,False,0.0,,0.0,False
18.591,92,slm,TOWNSIM_CALIB_CRUCE_FRONTAL,1,reactive,MANTENER_RUMBO,0,138.8017515370758,False,-13.308225631713867,1.5970789194107056,-6.426069259643555,,,,159.45,False,,,"{""telemetry"": 0.7, ""graph"": 160.0}",False,,,,,0.0,,0.0,False,0.0,,0.0,False,0.0,,0.0,False
18.83,93,slm,TOWNSIM_CALIB_CRUCE_FRONTAL,1,reactive,MANTENER_RUMBO,0,138.56266811506552,False,-13.572426795959473,1.6638574600219727,-6.669746398925781,,,,159.72,False,,,"{""telemetry"": 0.9, ""graph"": 198.3}",False,,,,,0.0,,0.038,False,0.0,,0.038,False,0.0,,0.038,False
18.982,94,slm,TOWNSIM_CALIB_CRUCE_FRONTAL,1,reactive,MANTENER_RUMBO,0,138.25941783891636,False,-13.831600189208984,1.7394890785217285,-6.842250823974609,,,,160.4,False,,,"{""telemetry"": 0.8, ""graph"": 148.7}",False,,,,,0.0,,0.0,False,0.0,,0.0,False,0.0,,0.0,False
19.189,95,slm,TOWNSIM_CALIB_CRUCE_FRONTAL,1,reactive,MANTENER_RUMBO,0,137.89719822998444,False,-14.197694778442383,1.8554599285125732,-7.033502578735352,,,,161.49,False,,,"{""telemetry"": 0.7, ""graph"": 155.0}",False,,,,,0.0,,0.0,False,0.0,,0.0,False,0.0,,0.0,False
19.415,96,slm,TOWNSIM_CALIB_CRUCE_FRONTAL,1,reactive,MANTENER_RUMBO,0,137.49770292032997,False,-14.640129089355469,2.0038692951202393,-7.224598407745361,,,,162.82,False,,,"{""telemetry"": 1.0, ""graph"": 180.6}",False,,,,,0.0,,0.0,False,0.0,,0.0,False,0.0,,0.0,False
19.585,97,slm,TOWNSIM_CALIB_CRUCE_FRONTAL,1,reactive,MANTENER_RUMBO,0,137.05847232338124,False,-15.001106262207031,2.1290555000305176,-7.363624572753906,,,,163.88,False,,,"{""telemetry"": 1.7, ""graph"": 150.0}",False,,,,,0.0,,0.0,False,0.0,,0.0,False,0.0,,0.0,False
19.795,98,slm,TOWNSIM_CALIB_CRUCE_FRONTAL,1,reactive,MANTENER_RUMBO,0,136.6004646803564,False,-15.469218254089355,2.2949438095092773,-7.5313520431518555,,,,165.21,False,,,"{""telemetry"": 1.2, ""graph"": 159.9}",False,,,,,0.0,,0.0,False,0.0,,0.0,False,0.0,,0.0,False
20.001,99,slm,TOWNSIM_CALIB_CRUCE_FRONTAL,1,reactive,MANTENER_RUMBO,0,136.1308642053021,False,-15.956754684448242,2.470625162124634,-7.6970086097717285,,,,166.56,False,,,"{""telemetry"": 1.4, ""graph"": 165.9}",False,,,,,0.0,,0.0,False,0.0,,0.0,False,0.0,,0.0,False
20.192,100,slm,TOWNSIM_CALIB_CRUCE_FRONTAL,1,reactive,MANTENER_RUMBO,0,135.6324394209244,False,-16.399791717529297,2.632070779800415,-7.842639446258545,,,,167.75,False,,,"{""telemetry"": 1.3, ""graph"": 156.2}",False,,,,,0.0,,0.0,False,0.0,,0.0,False,0.0,,0.0,False
20.431,101,slm,TOWNSIM_CALIB_CRUCE_FRONTAL,1,reactive,MANTENER_RUMBO,0,135.13088111278395,False,-16.95599937438965,2.8361563682556152,-8.021398544311523,,,,169.21,False,,,"{""telemetry"": 1.0, ""graph"": 195.4}",False,,,,,0.0,,0.001,False,0.0,,0.001,False,0.0,,0.001,False
20.622,102,slm,TOWNSIM_CALIB_CRUCE_FRONTAL,1,reactive,MANTENER_RUMBO,0,134.62032612691866,False,-17.42577362060547,3.002063512802124,-8.171059608459473,,,,170.31,False,,,"{""telemetry"": 1.1, ""graph"": 185.4}",False,,,,,0.0,,0.026,False,0.0,,0.026,False,0.0,,0.026,False
20.829,103,slm,TOWNSIM_CALIB_CRUCE_FRONTAL,1,reactive,MANTENER_RUMBO,0,134.10642478815888,False,-17.95258903503418,3.172933578491211,-8.33592700958252,,,,171.44,False,,,"{""telemetry"": 1.0, ""graph"": 193.4}",False,,,,,0.0,,0.001,False,0.0,,0.001,False,0.0,,0.001,False
21.018,104,slm,TOWNSIM_CALIB_CRUCE_FRONTAL,1,reactive,MANTENER_RUMBO,0,133.57409618964758,False,-18.450172424316406,3.3202717304229736,-8.488336563110352,,,,172.44,False,,,"{""telemetry"": 1.4, ""graph"": 180.9}",False,,,,,0.0,,0.006,False,0.0,,0.006,False,0.0,,0.006,False
21.225,105,slm,TOWNSIM_CALIB_CRUCE_FRONTAL,1,reactive,MANTENER_RUMBO,0,133.0324530684911,False,-18.980392456054688,3.4623751640319824,-8.64881706237793,,,,173.37,False,,,"{""telemetry"": 0.8, ""graph"": 188.3}",False,,,,,0.0,,0.005,False,0.0,,0.005,False,0.0,,0.005,False
21.423,106,slm,TOWNSIM_CALIB_CRUCE_FRONTAL,1,reactive,MANTENER_RUMBO,0,132.47350346686997,False,-19.52727508544922,3.59316349029541,-8.811150550842285,,,,174.23,False,,,"{""telemetry"": 0.8, ""graph"": 185.6}",False,,,,,0.0,,0.002,False,0.0,,0.002,False,0.0,,0.002,False
21.626,107,slm,TOWNSIM_CALIB_CRUCE_FRONTAL,1,reactive,MANTENER_RUMBO,0,131.91535223384184,False,-20.072965621948242,3.7105178833007812,-8.970422744750977,,,,175.04,False,,,"{""telemetry"": 0.9, ""graph"": 188.5}",False,,,,,0.0,,0.003,False,0.0,,0.003,False,0.0,,0.003,False
21.821,108,slm,TOWNSIM_CALIB_CRUCE_FRONTAL,1,reactive,MANTENER_RUMBO,0,131.34228390811197,False,-20.624698638916016,3.816704750061035,-9.130098342895508,,,,175.74,False,,,"{""telemetry"": 0.8, ""graph"": 183.8}",False,,,,,0.0,,0.001,False,0.0,,0.001,False,0.0,,0.001,False
22.028,109,slm,TOWNSIM_CALIB_CRUCE_FRONTAL,1,reactive,MANTENER_RUMBO,0,130.7718632422759,False,-21.207321166992188,3.9156274795532227,-9.296571731567383,,,,176.41,False,,,"{""telemetry"": 0.9, ""graph"": 189.8}",False,,,,,0.0,,0.001,False,0.0,,0.001,False,0.0,,0.001,False
22.211,110,slm,TOWNSIM_CALIB_CRUCE_FRONTAL,1,reactive,MANTENER_RUMBO,0,130.19654725360044,False,-21.726425170898438,3.9943087100982666,-9.44325065612793,,,,176.98,False,,,"{""telemetry"": 1.0, ""graph"": 172.8}",False,,,,,0.0,,0.001,False,0.0,,0.001,False,0.0,,0.001,False
22.412,111,slm,TOWNSIM_CALIB_CRUCE_FRONTAL,1,reactive,MANTENER_RUMBO,0,129.61738792215183,False,-22.291385650634766,4.072044849395752,-9.601669311523438,,,,177.56,False,,,"{""telemetry"": 1.1, ""graph"": 172.9}",False,,,,,0.0,,0.002,False,0.0,,0.002,False,0.0,,0.002,False
22.61,112,slm,TOWNSIM_CALIB_CRUCE_FRONTAL,1,reactive,MANTENER_RUMBO,0,129.02617925343384,False,-22.86801528930664,4.1428608894348145,-9.76291275024414,,,,178.06,False,,,"{""telemetry"": 0.7, ""graph"": 171.2}",False,,,,,0.0,,0.002,False,0.0,,0.002,False,0.0,,0.002,False
22.807,113,slm,TOWNSIM_CALIB_CRUCE_FRONTAL,1,reactive,MANTENER_RUMBO,0,128.43173386766097,False,-23.43027114868164,4.2028584480285645,-9.919215202331543,,,,178.49,False,,,"{""telemetry"": 1.0, ""graph"": 167.3}",False,,,,,0.0,,0.001,False,0.0,,0.001,False,0.0,,0.001,False
23.047,114,slm,TOWNSIM_CALIB_CRUCE_FRONTAL,1,deliberative,FRENAR,0,127.8434611626892,False,-24.090579986572266,4.263520240783691,-10.101598739624023,,,,178.95,False,,,"{""telemetry"": 1.1, ""graph"": 206.5}",True,2252.3,False,False,True,0.04,0.97,0.3,False,0.043,1.97,0.3,False,0.042,2.44,0.3,False
23.241,115,slm,TOWNSIM_CALIB_CRUCE_FRONTAL,1,deliberative,FRENAR,0,127.49929575528765,False,-24.196752548217773,4.25919246673584,-10.11787223815918,,,,179.64,False,,,"{""telemetry"": 0.8, ""graph"": 191.3}",True,2252.3,False,False,True,0.0,,0.006,False,0.0,,0.006,False,0.0,,0.006,False
23.439,116,slm,TOWNSIM_CALIB_CRUCE_FRONTAL,1,deliberative,FRENAR,0,127.52578663434223,False,-24.093704223632812,4.24837589263916,-10.0956449508667,,,,-179.45,False,,,"{""telemetry"": 1.0, ""graph"": 189.4}",True,2252.3,False,False,True,0.0,,0.0,False,0.0,,0.0,False,0.0,,0.0,False
23.669,117,slm,TOWNSIM_CALIB_CRUCE_FRONTAL,1,deliberative,FRENAR,0,127.53266023489451,False,-24.078327178955078,4.253026008605957,-10.094390869140625,,,,-178.57,False,,,"{""telemetry"": 0.8, ""graph"": 218.7}",True,2252.3,False,False,True,0.003,1.54,0.368,True,0.003,4.35,0.368,False,0.004,13.89,0.368,False
23.852,118,slm,TOWNSIM_CALIB_CRUCE_FRONTAL,1,deliberative,FRENAR,0,127.5238230081425,False,-24.099077224731445,4.235701084136963,-10.095725059509277,,,,-177.99,False,,,"{""telemetry"": 2.0, ""graph"": 178.8}",True,2252.3,False,False,True,0.0,,0.0,False,0.0,,0.0,False,0.0,,0.0,False
24.036,119,slm,TOWNSIM_CALIB_CRUCE_FRONTAL,1,deliberative,FRENAR,0,127.4953700425221,False,-24.109392166137695,4.226756572723389,-10.096837997436523,,,,-177.62,False,,,"{""telemetry"": 0.9, ""graph"": 163.4}",True,2252.3,False,False,True,0.0,,0.0,False,0.0,,0.0,False,0.0,,0.0,False
24.224,120,slm,TOWNSIM_CALIB_CRUCE_FRONTAL,1,deliberative,FRENAR,0,127.49158357170676,False,-24.145591735839844,4.187286853790283,-10.099241256713867,,,,-177.37,False,,,"{""telemetry"": 1.0, ""graph"": 150.8}",True,2252.3,False,False,True,0.0,,0.0,False,0.0,,0.0,False,0.0,,0.0,False
24.418,121,slm,TOWNSIM_CALIB_CRUCE_FRONTAL,1,deliberative,FRENAR,0,127.46127186982545,False,-24.168617248535156,4.159692287445068,-10.100056648254395,,,,-177.24,False,,,"{""telemetry"": 1.5, ""graph"": 143.8}",True,2252.3,False,False,True,0.0,,0.0,False,0.0,,0.0,False,0.0,,0.0,False
24.639,122,slm,TOWNSIM_CALIB_CRUCE_FRONTAL,1,deliberative,FRENAR,0,127.43466473329083,False,-24.193082809448242,4.129308223724365,-10.100269317626953,,,,-177.17,False,,,"{""telemetry"": 0.8, ""graph"": 164.5}",True,2252.3,False,False,True,0.0,,0.0,False,0.0,,0.0,False,0.0,,0.0,False
24.847,123,slm,TOWNSIM_CALIB_CRUCE_FRONTAL,1,deliberative,FRENAR,0,127.41573449583747,False,-24.20862579345703,4.109549045562744,-10.099960327148438,,,,-177.14,False,,,"{""telemetry"": 1.0, ""graph"": 172.4}",True,2252.3,False,False,True,0.0,,0.063,False,0.0,,0.063,False,0.0,,0.063,False
25.061,124,slm,TOWNSIM_CALIB_CRUCE_FRONTAL,1,deliberative,FRENAR,0,127.40181132257086,False,-24.221561431884766,4.092930316925049,-10.09936237335205,,,,-177.13,False,,,"{""telemetry"": 1.4, ""graph"": 185.6}",True,2252.3,False,False,True,0.0,,0.081,False,0.0,,0.081,False,0.0,,0.081,False
25.27,125,slm,TOWNSIM_CALIB_CRUCE_FRONTAL,1,deliberative,MANTENER_RUMBO,0,127.3913576944637,False,-24.230876922607422,4.080903053283691,-10.09865951538086,,,,-177.12,False,,,"{""telemetry"": 1.1, ""graph"": 194.3}",True,2105.9,False,False,True,0.0,,0.094,False,0.0,,0.094,False,0.0,,0.094,False
25.453,126,slm,TOWNSIM_CALIB_CRUCE_FRONTAL,1,reactive,MANTENER_RUMBO,0,127.38372458086813,False,-24.239347457885742,4.0725603103637695,-10.110162734985352,,,,-177.08,False,,,"{""telemetry"": 0.8, ""graph"": 178.1}",False,,,,,0.0,,0.0,False,0.0,,0.0,False,0.0,,0.0,False
25.665,127,slm,TOWNSIM_CALIB_CRUCE_FRONTAL,1,reactive,MANTENER_RUMBO,0,127.34254159494228,False,-24.26593017578125,4.067048072814941,-10.178934097290039,,,,-177.08,False,,,"{""telemetry"": 0.9, ""graph"": 188.7}",False,,,,,0.0,,0.041,False,0.0,,0.041,False,0.0,,0.041,False
25.835,128,slm,TOWNSIM_CALIB_CRUCE_FRONTAL,1,reactive,MANTENER_RUMBO,0,127.34129561774084,False,-24.27360725402832,4.063074111938477,-10.190255165100098,,,,-177.16,False,,,"{""telemetry"": 0.8, ""graph"": 158.5}",False,,,,,0.0,,0.0,False,0.0,,0.0,False,0.0,,0.0,False
26.06,129,slm,TOWNSIM_CALIB_CRUCE_FRONTAL,1,evasive,EVADIR_IZQUIERDA,0,127.33037849964889,False,-24.30769157409668,4.044521808624268,-10.233335494995117,,,,-177.16,False,,,"{""telemetry"": 0.9, ""graph"": 183.1}",False,,,,,0.003,16.81,0.495,False,0.003,5.8,0.495,False,0.003,1.87,0.495,True
26.262,130,slm,TOWNSIM_CALIB_CRUCE_FRONTAL,1,deliberative,FRENAR,0,127.30859939578752,False,-24.269554138183594,4.064370632171631,-10.180418014526367,,,,-177.35,False,,,"{""telemetry"": 0.9, ""graph"": 184.8}",True,2105.9,False,False,True,0.011,6.94,0.264,False,0.007,1.78,0.264,False,0.003,1.05,0.264,False
26.433,131,slm,TOWNSIM_CALIB_CRUCE_FRONTAL,1,deliberative,FRENAR,0,127.31446873469119,False,-24.253759384155273,4.050881862640381,-10.16864013671875,,,,-178.3,False,,,"{""telemetry"": 0.8, ""graph"": 155.6}",True,2105.9,False,False,True,0.0,,0.0,False,0.0,,0.0,False,0.0,,0.0,False
26.667,132,slm,TOWNSIM_CALIB_CRUCE_FRONTAL,1,deliberative,FRENAR,0,127.33934684614636,False,-24.33188819885254,3.972395896911621,-10.17339038848877,,,,-178.57,False,,,"{""telemetry"": 0.9, ""graph"": 188.6}",True,2105.9,False,False,True,0.0,,0.0,False,0.0,,0.0,False,0.0,,0.0,False
26.842,133,slm,TOWNSIM_CALIB_CRUCE_FRONTAL,1,deliberative,FRENAR,0,127.30064581222773,False,-24.29039192199707,3.9749348163604736,-10.159759521484375,,,,-178.39,False,,,"{""telemetry"": 0.9, ""graph"": 163.6}",True,2105.9,False,False,True,0.0,,0.0,False,0.0,,0.0,False,0.0,,0.0,False
27.046,134,slm,TOWNSIM_CALIB_CRUCE_FRONTAL,1,deliberative,FRENAR,0,127.27356415054365,False,-24.322317123413086,3.944798231124878,-10.16202163696289,,,,-178.11,False,,,"{""telemetry"": 0.9, ""graph"": 166.6}",True,2105.9,False,False,True,0.0,,0.083,False,0.0,,0.083,False,0.0,,0.083,False
27.253,135,slm,TOWNSIM_CALIB_CRUCE_FRONTAL,1,deliberative,FRENAR,0,127.26999611678238,False,-24.331497192382812,3.930504560470581,-10.161124229431152,,,,-177.86,False,,,"{""telemetry"": 1.0, ""graph"": 173.6}",True,2105.9,False,False,True,0.0,,0.001,False,0.0,,0.001,False,0.0,,0.001,False
27.462,136,slm,TOWNSIM_CALIB_CRUCE_FRONTAL,1,deliberative,FRENAR,0,127.26511547609682,False,-24.333166122436523,3.9265189170837402,-10.160563468933105,,,,-177.68,False,,,"{""telemetry"": 1.1, ""graph"": 182.2}",True,2105.9,False,False,True,0.0,,0.003,False,0.0,,0.003,False,0.0,,0.003,False
27.655,137,slm,TOWNSIM_CALIB_CRUCE_FRONTAL,1,deliberative,FRENAR,0,127.26093843324269,False,-24.33909797668457,3.9202067852020264,-10.161141395568848,,,,-177.56,False,,,"{""telemetry"": 1.7, ""graph"": 174.2}",True,2105.9,False,False,True,0.0,,0.0,False,0.0,,0.0,False,0.0,,0.0,False
27.839,138,slm,TOWNSIM_CALIB_CRUCE_FRONTAL,1,deliberative,FRENAR,0,127.26624106211166,False,-24.343494415283203,3.9150054454803467,-10.161602973937988,,,,-177.48,False,,,"{""telemetry"": 0.9, ""graph"": 159.3}",True,2105.9,False,False,True,0.0,,0.0,False,0.0,,0.0,False,0.0,,0.0,False
28.05,139,slm,TOWNSIM_CALIB_CRUCE_FRONTAL,1,deliberative,FRENAR,0,127.25723587007779,False,-24.35107421875,3.905758857727051,-10.162344932556152,,,,-177.43,False,,,"{""telemetry"": 1.0, ""graph"": 169.9}",True,2105.9,False,False,True,0.0,,0.031,False,0.0,,0.031,False,0.0,,0.031,False
28.26,140,slm,TOWNSIM_CALIB_CRUCE_FRONTAL,1,deliberative,FRENAR,0,127.24841509234662,False,-24.358928680419922,3.8959896564483643,-10.163017272949219,,,,-177.41,False,,,"{""telemetry"": 0.9, ""graph"": 179.5}",True,2105.9,False,False,True,0.0,,0.082,False,0.0,,0.082,False,0.0,,0.082,False
28.451,141,slm,TOWNSIM_CALIB_CRUCE_FRONTAL,1,deliberative,FRENAR,0,127.24172152566454,False,-24.364635467529297,3.8887996673583984,-10.163385391235352,,,,-177.4,False,,,"{""telemetry"": 1.1, ""graph"": 170.0}",True,2105.9,False,False,True,0.0,,0.104,False,0.0,,0.104,False,0.0,,0.104,False
28.658,142,slm,TOWNSIM_CALIB_CRUCE_FRONTAL,1,deliberative,EVADIR_IZQUIERDA,0,127.23689233535913,False,-24.369001388549805,3.8832693099975586,-10.16353988647461,,,,-177.39,False,,,"{""telemetry"": 1.0, ""graph"": 177.7}",True,2311.8,False,False,True,0.0,,0.109,False,0.0,,0.109,False,0.0,,0.109,False
28.845,143,slm,TOWNSIM_CALIB_CRUCE_FRONTAL,1,evasive,EVADIR_IZQUIERDA,0,127.23332023459182,False,-24.372072219848633,3.879680871963501,-10.172947883605957,,,,-177.48,False,,,"{""telemetry"": 0.8, ""graph"": 164.7}",False,,,,,0.0,,0.101,False,0.0,,0.101,False,0.0,,0.101,False
29.054,144,slm,TOWNSIM_CALIB_CRUCE_FRONTAL,1,evasive,EVADIR_IZQUIERDA,0,127.22791981696945,False,-24.373003005981445,3.877703905105591,-10.194565773010254,,,,-178.54,False,,,"{""telemetry"": 0.9, ""graph"": 173.0}",False,,,,,0.0,,0.0,False,0.0,,0.0,False,0.0,,0.0,False
29.228,145,slm,TOWNSIM_CALIB_CRUCE_FRONTAL,1,evasive,EVADIR_IZQUIERDA,0,127.22246736646055,False,-24.373083114624023,3.8776330947875977,-10.192665100097656,,,,-179.63,False,,,"{""telemetry"": 0.7, ""graph"": 147.4}",False,,,,,0.0,,0.0,False,0.0,,0.0,False,0.0,,0.0,False
29.467,146,slm,TOWNSIM_CALIB_CRUCE_FRONTAL,1,evasive,EVADIR_IZQUIERDA,0,127.22343245576607,False,-24.374704360961914,3.874612331390381,-10.20517349243164,,,,178.97,False,,,"{""telemetry"": 0.9, ""graph"": 185.5}",False,,,,,0.002,6.17,0.418,False,0.001,15.04,0.418,False,0.002,44.1,0.418,False
29.638,147,slm,TOWNSIM_CALIB_CRUCE_FRONTAL,1,evasive,EVADIR_IZQUIERDA,0,127.21779202736921,False,-24.374183654785156,3.875753879547119,-10.200136184692383,,,,177.89,False,,,"{""telemetry"": 1.1, ""graph"": 155.7}",False,,,,,0.001,30.0,0.844,False,0.001,10.11,0.844,False,0.003,4.96,0.844,False
29.854,148,slm,TOWNSIM_CALIB_CRUCE_FRONTAL,1,reactive,MANTENER_RUMBO,0,127.21887801886717,False,-24.374771118164062,3.8749213218688965,-10.20288372039795,,,,176.64,False,,,"{""telemetry"": 1.2, ""graph"": 171.6}",False,,,,,0.001,40.02,0.588,False,0.001,10.02,0.588,False,0.002,6.19,0.588,False
30.046,149,slm,TOWNSIM_CALIB_CRUCE_FRONTAL,1,reactive,MANTENER_RUMBO,0,127.21955370774391,False,-24.375600814819336,3.8737552165985107,-10.20683765411377,,,,175.65,False,,,"{""telemetry"": 2.0, ""graph"": 162.1}",False,,,,,0.0,,0.0,False,0.0,,0.0,False,0.0,,0.0,False
30.23,150,slm,TOWNSIM_CALIB_CRUCE_FRONTAL,1,reactive,MANTENER_RUMBO,0,127.19044592310583,False,-24.391613006591797,3.8579704761505127,-10.270051002502441,,,,175.66,False,,,"{""telemetry"": 0.8, ""graph"": 146.5}",False,,,,,0.0,,0.0,False,0.0,,0.0,False,0.0,,0.0,False
30.449,151,slm,TOWNSIM_CALIB_CRUCE_FRONTAL,1,reactive,MANTENER_RUMBO,0,127.18373781978194,False,-24.425966262817383,3.8424081802368164,-10.333444595336914,,,,175.98,False,,,"{""telemetry"": 0.9, ""graph"": 164.8}",False,,,,,0.0,,0.0,False,0.0,,0.0,False,0.0,,0.0,False
30.659,152,slm,TOWNSIM_CALIB_CRUCE_FRONTAL,1,evasive,EVADIR_DERECHA,0,127.15935895567428,False,-24.407794952392578,3.8508412837982178,-10.295574188232422,,,,176.41,False,,,"{""telemetry"": 1.0, ""graph"": 174.6}",False,,,,,0.005,15.77,0.31,False,0.004,3.98,0.31,False,0.004,1.67,0.31,False
30.85,153,slm,TOWNSIM_CALIB_CRUCE_FRONTAL,1,deliberative,GANAR_ALTURA,0,127.17466220191058,False,-24.437944412231445,3.8378889560699463,-10.320169448852539,,,,176.86,False,,,"{""telemetry"": 0.8, ""graph"": 165.4}",True,2311.8,False,False,True,0.0,,0.0,False,0.0,,0.0,False,0.0,,0.0,False
31.032,154,slm,TOWNSIM_CALIB_CRUCE_FRONTAL,1,evasive,GANAR_ALTURA,0,127.17595963880076,False,-24.379579544067383,3.837773561477661,-10.268381118774414,,,,177.81,False,,,"{""telemetry"": 0.8, ""graph"": 147.8}",False,,,,,0.0,,0.0,False,0.0,,0.0,False,0.0,,0.0,False
31.243,155,slm,TOWNSIM_CALIB_CRUCE_FRONTAL,1,evasive,GANAR_ALTURA,0,127.19540664761644,False,-24.46200942993164,3.7668144702911377,-10.2632417678833,,,,178.65,False,,,"{""telemetry"": 1.2, ""graph"": 157.4}",False,,,,,0.0,,0.0,False,0.0,,0.0,False,0.0,,0.0,False
31.44,156,slm,TOWNSIM_CALIB_CRUCE_FRONTAL,1,evasive,GANAR_ALTURA,0,127.12391877537134,False,-24.439271926879883,3.7525858879089355,-10.25167465209961,,,,179.28,False,,,"{""telemetry"": 1.0, ""graph"": 154.4}",False,,,,,0.0,,0.0,False,0.0,,0.0,False,0.0,,0.0,False
31.668,157,slm,TOWNSIM_CALIB_CRUCE_FRONTAL,1,evasive,GANAR_ALTURA,0,127.12468078596845,False,-24.45852279663086,3.7292420864105225,-10.245277404785156,,,,179.9,False,,,"{""telemetry"": 1.5, ""graph"": 181.4}",False,,,,,0.0,,0.014,False,0.0,,0.014,False,0.0,,0.014,False
31.825,158,slm,TOWNSIM_CALIB_CRUCE_FRONTAL,1,evasive,GANAR_ALTURA,0,127.12024730574507,False,-24.46683692932129,3.7173707485198975,-10.242168426513672,,,,-179.7,False,,,"{""telemetry"": 1.2, ""graph"": 137.9}",False,,,,,0.0,,0.0,False,0.0,,0.0,False,0.0,,0.0,False
32.035,159,slm,TOWNSIM_CALIB_CRUCE_FRONTAL,1,evasive,GANAR_ALTURA,0,127.11114551165105,False,-24.46900177001953,3.712388515472412,-10.240644454956055,,,,-179.31,False,,,"{""telemetry"": 1.1, ""graph"": 148.0}",False,,,,,0.0,,0.0,False,0.0,,0.0,False,0.0,,0.0,False
32.257,160,slm,TOWNSIM_CALIB_CRUCE_FRONTAL,1,evasive,GANAR_ALTURA,0,127.11742472192526,False,-24.471721649169922,3.7101669311523438,-10.240854263305664,,,,-178.98,False,,,"{""telemetry"": 2.5, ""graph"": 168.0}",False,,,,,0.0,,0.0,False,0.0,,0.0,False,0.0,,0.0,False
32.447,161,slm,TOWNSIM_CALIB_CRUCE_FRONTAL,1,evasive,GANAR_ALTURA,0,127.11596344584316,False,-24.471708297729492,3.70990252494812,-10.241004943847656,,,,-178.78,False,,,"{""telemetry"": 1.0, ""graph"": 159.1}",False,,,,,0.004,15.21,0.205,False,0.004,3.37,0.205,False,0.004,3.47,0.205,False
32.646,162,slm,TOWNSIM_CALIB_CRUCE_FRONTAL,1,reactive,MANTENER_RUMBO,0,127.11709122353227,False,-24.471675872802734,3.7100446224212646,-10.241072654724121,,,,-178.59,False,,,"{""telemetry"": 0.9, ""graph"": 157.4}",False,,,,,0.0,,0.0,False,0.0,,0.0,False,0.0,,0.0,False
32.844,163,slm,TOWNSIM_CALIB_CRUCE_FRONTAL,1,evasive,EVADIR_IZQUIERDA,0,127.11701449674217,False,-24.47156524658203,3.710017204284668,-10.241443634033203,,,,-178.4,False,,,"{""telemetry"": 0.8, ""graph"": 155.0}",False,,,,,0.001,47.15,0.495,False,0.002,11.62,0.495,False,0.002,3.4,0.495,False
33.062,164,slm,TOWNSIM_CALIB_CRUCE_FRONTAL,1,deliberative,PERDER_ALTURA,0,127.09862512128393,False,-24.48991584777832,3.7139179706573486,-10.3351411819458,,,,-178.36,False,,,"{""telemetry"": 0.8, ""graph"": 172.7}",True,2311.8,False,False,True,0.0,,0.051,False,0.0,,0.051,False,0.0,,0.051,False
33.223,165,slm,TOWNSIM_CALIB_CRUCE_FRONTAL,1,evasive,PERDER_ALTURA,0,127.10811488572409,False,-24.46913719177246,3.705160140991211,-10.297268867492676,,,,-179.11,False,,,"{""telemetry"": 1.0, ""graph"": 133.7}",False,,,,,0.0,,0.0,False,0.0,,0.0,False,0.0,,0.0,False
33.452,166,slm,TOWNSIM_CALIB_CRUCE_FRONTAL,1,evasive,PERDER_ALTURA,0,127.10032489612638,False,-24.497129440307617,3.68184494972229,-10.285877227783203,,,,-179.33,False,,,"{""telemetry"": 0.9, ""graph"": 161.8}",False,,,,,0.0,,0.019,False,0.0,,0.019,False,0.0,,0.019,False
33.648,167,slm,TOWNSIM_CALIB_CRUCE_FRONTAL,1,evasive,PERDER_ALTURA,0,127.03544182588989,False,-24.605667114257812,3.6482350826263428,-10.117090225219727,,,,-179.04,False,,,"{""telemetry"": 0.8, ""graph"": 158.2}",False,,,,,0.0,,0.0,False,0.0,,0.0,False,0.0,,0.0,False
33.858,168,slm,TOWNSIM_CALIB_CRUCE_FRONTAL,1,deliberative,FRENAR,0,126.95006023838056,False,-24.72142219543457,3.6237728595733643,-9.937602043151855,,,,-178.79,False,,,"{""telemetry"": 1.0, ""graph"": 167.1}",True,2311.8,False,False,True,0.03,3.27,0.214,False,0.01,2.42,0.214,False,0.012,5.49,0.214,False
34.07,169,slm,TOWNSIM_CALIB_CRUCE_FRONTAL,1,deliberative,FRENAR,0,126.8458000486078,False,-24.873905181884766,3.6013476848602295,-9.749320030212402,,,,-178.7,False,,,"{""telemetry"": 0.8, ""graph"": 178.9}",True,2311.8,False,False,True,0.028,3.09,0.252,False,0.01,2.57,0.252,False,0.018,5.26,0.252,False
34.239,170,slm,TOWNSIM_CALIB_CRUCE_FRONTAL,1,deliberative,FRENAR,0,126.7170284394395,False,-25.00620460510254,3.5871238708496094,-9.716277122497559,,,,-178.7,False,,,"{""telemetry"": 0.8, ""graph"": 147.0}",True,2311.8,False,False,True,0.0,,0.0,False,0.0,,0.0,False,0.0,,0.0,False
34.445,171,slm,TOWNSIM_CALIB_CRUCE_FRONTAL,1,deliberative,FRENAR,0,126.59182707044631,False,-25.129409790039062,3.5752506256103516,-9.713987350463867,,,,-178.68,False,,,"{""telemetry"": 0.7, ""graph"": 153.2}",True,2311.8,False,False,True,0.0,,0.0,False,0.0,,0.0,False,0.0,,0.0,False
34.64,172,slm,TOWNSIM_CALIB_CRUCE_FRONTAL,1,deliberative,FRENAR,0,126.49075440015653,False,-25.213146209716797,3.567516565322876,-9.712974548339844,,,,-178.67,False,,,"{""telemetry"": 1.1, ""graph"": 147.3}",True,2311.8,False,False,True,0.0,,0.013,False,0.0,,0.013,False,0.0,,0.013,False
34.848,173,slm,TOWNSIM_CALIB_CRUCE_FRONTAL,1,deliberative,FRENAR,0,126.41164613837107,False,-25.29373550415039,3.560213088989258,-9.710721015930176,,,,-178.67,False,,,"{""telemetry"": 1.0, ""graph"": 155.4}",True,2311.8,False,False,True,0.0,,0.0,False,0.0,,0.0,False,0.0,,0.0,False
35.047,174,slm,TOWNSIM_CALIB_CRUCE_FRONTAL,1,deliberative,FRENAR,0,126.35266623750194,False,-25.34728240966797,3.5554046630859375,-9.708057403564453,,,,-178.66,False,,,"{""telemetry"": 1.1, ""graph"": 153.8}",True,2311.8,False,False,True,0.0,,0.0,False,0.0,,0.0,False,0.0,,0.0,False
35.257,175,slm,TOWNSIM_CALIB_CRUCE_FRONTAL,1,deliberative,FRENAR,0,126.30773147845154,False,-25.389190673828125,3.551656723022461,-9.705096244812012,,,,-178.66,False,,,"{""telemetry"": 1.2, ""graph"": 162.9}",True,2311.8,False,False,True,0.0,,0.0,False,0.0,,0.0,False,0.0,,0.0,False
35.44,176,slm,TOWNSIM_CALIB_CRUCE_FRONTAL,1,deliberative,FRENAR,0,126.27464110854197,False,-25.417110443115234,3.5491626262664795,-9.70253849029541,,,,-178.66,False,,,"{""telemetry"": 0.9, ""graph"": 146.2}",True,2311.8,False,False,True,0.0,,0.0,False,0.0,,0.0,False,0.0,,0.0,False
35.655,177,slm,TOWNSIM_CALIB_CRUCE_FRONTAL,1,deliberative,FRENAR,0,126.24957446087159,False,-25.441810607910156,3.546959638595581,-9.699766159057617,,,,-178.66,False,,,"{""telemetry"": 1.3, ""graph"": 160.6}",True,2311.8,False,False,True,0.0,,0.0,False,0.0,,0.0,False,0.0,,0.0,False
35.827,178,slm,TOWNSIM_CALIB_CRUCE_FRONTAL,1,deliberative,FRENAR,0,126.23092661138416,False,-25.456544876098633,3.5456454753875732,-9.697790145874023,,,,-178.66,False,,,"{""telemetry"": 0.8, ""graph"": 132.8}",True,2311.8,False,False,True,0.0,,0.0,False,0.0,,0.0,False,0.0,,0.0,False
36.053,179,slm,TOWNSIM_CALIB_CRUCE_FRONTAL,1,deliberative,FRENAR,0,126.21724173509537,False,-25.47110366821289,3.5443480014801025,-9.695490837097168,,,,-178.66,False,,,"{""telemetry"": 1.0, ""graph"": 158.5}",True,2311.8,False,False,True,0.0,,0.0,False,0.0,,0.0,False,0.0,,0.0,False
36.247,180,slm,TOWNSIM_CALIB_CRUCE_FRONTAL,1,deliberative,EVADIR_IZQUIERDA,0,126.20689871723972,False,-25.48025894165039,3.543532133102417,-9.693772315979004,,,,-178.66,False,,,"{""telemetry"": 0.8, ""graph"": 152.7}",True,2328.1,False,False,True,0.0,,0.0,False,0.0,,0.0,False,0.0,,0.0,False
36.429,181,slm,TOWNSIM_CALIB_CRUCE_FRONTAL,1,evasive,EVADIR_IZQUIERDA,0,126.19932593679549,False,-25.486835479736328,3.54295015335083,-9.696412086486816,,,,-178.71,False,,,"{""telemetry"": 0.9, ""graph"": 133.9}",False,,,,,0.0,,0.0,False,0.0,,0.0,False,0.0,,0.0,False
36.639,182,slm,TOWNSIM_CALIB_CRUCE_FRONTAL,1,evasive,EVADIR_IZQUIERDA,0,126.17412591135873,False,-25.506574630737305,3.5421576499938965,-9.83508586883545,,,,180.0,False,,,"{""telemetry"": 0.8, ""graph"": 143.1}",False,,,,,0.0,,0.0,False,0.0,,0.0,False,0.0,,0.0,False
36.799,183,slm,TOWNSIM_CALIB_CRUCE_FRONTAL,1,evasive,EVADIR_IZQUIERDA,0,126.11071504831602,False,-25.554967880249023,3.540814161300659,-10.022700309753418,,,,177.64,False,,,"{""telemetry"": 0.9, ""graph"": 102.8}",False,,,,,0.0,,0.0,False,0.0,,0.0,False,0.0,,0.0,False
36.983,184,slm,TOWNSIM_CALIB_CRUCE_FRONTAL,1,evasive,EVADIR_IZQUIERDA,0,126.02254082571133,False,-25.61963653564453,3.5391716957092285,-10.183128356933594,,,,175.21,False,,,"{""telemetry"": 0.8, ""graph"": 86.6}",False,,,,,0.0,,0.0,False,0.0,,0.0,False,0.0,,0.0,False
37.21,185,slm,TOWNSIM_CALIB_CRUCE_FRONTAL,1,evasive,EVADIR_IZQUIERDA,0,125.91319198973272,False,-25.72174644470215,3.5366554260253906,-10.373088836669922,,,,172.05,False,,,"{""telemetry"": 1.6, ""graph"": 112.3}",False,,,,,0.0,,0.0,False,0.0,,0.0,False,0.0,,0.0,False
37.388,186,slm,TOWNSIM_CALIB_CRUCE_FRONTAL,1,reactive,MANTENER_RUMBO,0,125.78476076272132,False,-25.81966781616211,3.5342676639556885,-10.524255752563477,,,,169.41,False,,,"{""telemetry"": 1.1, ""graph"": 89.9}",False,,,,,0.0,,0.0,False,0.0,,0.0,False,0.0,,0.0,False
37.651,187,slm,TOWNSIM_CALIB_CRUCE_FRONTAL,1,reactive,MANTENER_RUMBO,0,125.73569922029918,False,-25.867507934570312,3.5263588428497314,-10.566803932189941,,,,167.88,False,,,"{""telemetry"": 0.8, ""graph"": 152.9}",False,,,,,0.0,,0.0,False,0.0,,0.0,False,0.0,,0.0,False
37.872,188,slm,TOWNSIM_CALIB_CRUCE_FRONTAL,1,reactive,MANTENER_RUMBO,0,125.67909558526716,False,-25.917247772216797,3.5175087451934814,-10.624274253845215,,,,167.77,False,,,"{""telemetry"": 1.0, ""graph"": 174.2}",False,,,,,0.0,,0.12,False,0.0,,0.12,False,0.0,,0.12,False
38.037,189,slm,TOWNSIM_CALIB_CRUCE_FRONTAL,1,reactive,MANTENER_RUMBO,0,125.5849259984982,False,-25.927852630615234,3.493039608001709,-10.607582092285156,,,,168.11,False,,,"{""telemetry"": 0.8, ""graph"": 138.4}",False,,,,,0.0,,0.0,False,0.0,,0.0,False,0.0,,0.0,False
38.267,190,slm,TOWNSIM_CALIB_CRUCE_FRONTAL,1,reactive,MANTENER_RUMBO,0,125.51334562270694,False,-26.019550323486328,3.4858202934265137,-10.670820236206055,,,,168.91,False,,,"{""telemetry"": 1.1, ""graph"": 167.8}",False,,,,,0.0,,0.0,False,0.0,,0.0,False,0.0,,0.0,False
38.445,191,slm,TOWNSIM_CALIB_CRUCE_FRONTAL,1,reactive,MANTENER_RUMBO,0,125.44353208631654,False,-26.153085708618164,3.4928224086761475,-10.747237205505371,,,,169.76,False,,,"{""telemetry"": 0.8, ""graph"": 146.5}",False,,,,,0.0,,0.0,False,0.0,,0.0,False,0.0,,0.0,False
38.634,192,slm,TOWNSIM_CALIB_CRUCE_FRONTAL,1,reactive,MANTENER_RUMBO,0,125.3154861018323,False,-26.31612777709961,3.512335777282715,-10.829839706420898,,,,170.72,False,,,"{""telemetry"": 1.3, ""graph"": 133.9}",False,,,,,0.0,,0.0,False,0.0,,0.0,False,0.0,,0.0,False
38.828,193,slm,TOWNSIM_CALIB_CRUCE_FRONTAL,1,reactive,MANTENER_RUMBO,0,125.23715071189959,False,-26.321575164794922,3.5040175914764404,-10.822876930236816,,,,171.76,False,,,"{""telemetry"": 0.9, ""graph"": 127.7}",False,,,,,0.0,,0.0,False,0.0,,0.0,False,0.0,,0.0,False
39.05,194,slm,TOWNSIM_CALIB_CRUCE_FRONTAL,1,reactive,MANTENER_RUMBO,0,125.08832205388077,False,-26.448978424072266,3.515657901763916,-10.873798370361328,,,,173.07,False,,,"{""telemetry"": 0.9, ""graph"": 149.2}",False,,,,,0.0,,0.0,False,0.0,,0.0,False,0.0,,0.0,False
39.262,195,slm,TOWNSIM_CALIB_CRUCE_FRONTAL,1,reactive,MANTENER_RUMBO,0,125.00278506197591,False,-26.616588592529297,3.5391604900360107,-10.941268920898438,,,,174.35,False,,,"{""telemetry"": 0.9, ""graph"": 161.9}",False,,,,,0.0,,0.0,False,0.0,,0.0,False,0.0,,0.0,False
39.431,196,slm,TOWNSIM_CALIB_CRUCE_FRONTAL,1,reactive,MANTENER_RUMBO,0,124.83901783192474,False,-26.651140213012695,3.5347461700439453,-10.948637962341309,,,,175.41,False,,,"{""telemetry"": 0.9, ""graph"": 130.1}",False,,,,,0.0,,0.0,False,0.0,,0.0,False,0.0,,0.0,False
39.669,197,slm,TOWNSIM_CALIB_CRUCE_FRONTAL,1,reactive,MANTENER_RUMBO,0,124.81616980077798,False,-26.84524917602539,3.55757212638855,-11.022246360778809,,,,176.71,False,,,"{""telemetry"": 1.0, ""graph"": 166.7}",False,,,,,0.0,,0.045,False,0.0,,0.045,False,0.0,,0.045,False
39.857,198,slm,TOWNSIM_CALIB_CRUCE_FRONTAL,1,reactive,MANTENER_RUMBO,0,124.57859913557598,False,-26.848129272460938,3.544522762298584,-11.016037940979004,,,,177.76,False,,,"{""telemetry"": 0.8, ""graph"": 155.3}",False,,,,,0.0,,0.123,False,0.0,,0.123,False,0.0,,0.123,False
40.079,199,slm,TOWNSIM_CALIB_CRUCE_FRONTAL,1,reactive,MANTENER_RUMBO,0,124.5429675290949,False,-27.000886917114258,3.5594797134399414,-11.07308578491211,,,,178.99,False,,,"{""telemetry"": 0.9, ""graph"": 177.2}",False,,,,,0.0,,0.003,False,0.0,,0.003,False,0.0,,0.003,False
40.269,200,slm,TOWNSIM_CALIB_CRUCE_FRONTAL,1,reactive,MANTENER_RUMBO,0,124.22330243336206,False,-27.429882049560547,3.607593059539795,-11.235429763793945,,,,179.8,False,,,"{""telemetry"": 1.0, ""graph"": 166.5}",False,,,,,0.0,,0.077,False,0.0,,0.077,False,0.0,,0.077,False
40.457,201,slm,TOWNSIM_CALIB_CRUCE_FRONTAL,1,reactive,MANTENER_RUMBO,0,123.72201984747021,False,-27.892301559448242,3.6503183841705322,-11.397453308105469,,,,-179.63,False,,,"{""telemetry"": 1.0, ""graph"": 153.8}",False,,,,,0.0,,0.001,False,0.0,,0.001,False,0.0,,0.001,False
40.675,202,slm,TOWNSIM_CALIB_CRUCE_FRONTAL,1,reactive,MANTENER_RUMBO,0,123.20305121536173,False,-28.4472599029541,3.6918387413024902,-11.57841968536377,,,,-179.12,False,,,"{""telemetry"": 1.6, ""graph"": 171.3}",False,,,,,0.0,,0.022,False,0.0,,0.022,False,0.0,,0.022,False
40.859,203,slm,TOWNSIM_CALIB_CRUCE_FRONTAL,1,reactive,MANTENER_RUMBO,0,122.65603146082337,False,-28.950946807861328,3.72135853767395,-11.734687805175781,,,,-178.84,False,,,"{""telemetry"": 1.0, ""graph"": 155.1}",False,,,,,0.0,,0.031,False,0.0,,0.031,False,0.0,,0.031,False
41.047,204,slm,TOWNSIM_CALIB_CRUCE_FRONTAL,1,reactive,MANTENER_RUMBO,0,122.10168418647433,False,-29.451051712036133,3.743086576461792,-11.88449478149414,,,,-178.65,False,,,"{""telemetry"": 0.9, ""graph"": 143.3}",False,,,,,0.0,,0.057,False,0.0,,0.057,False,0.0,,0.057,False
41.261,205,slm,TOWNSIM_CALIB_CRUCE_FRONTAL,1,reactive,MANTENER_RUMBO,0,121.5270087078761,False,-30.03636932373047,3.7606191635131836,-12.055027961730957,,,,-178.49,False,,,"{""telemetry"": 0.9, ""graph"": 156.3}",False,,,,,0.0,,0.058,False,0.0,,0.058,False,0.0,,0.058,False
41.488,206,slm,TOWNSIM_CALIB_CRUCE_FRONTAL,1,reactive,MANTENER_RUMBO,0,120.95210276816344,False,-30.664968490600586,3.772268772125244,-12.234230995178223,,,,-178.35,False,,,"{""telemetry"": 1.1, ""graph"": 182.6}",False,,,,,0.0,,0.032,False,0.0,,0.032,False,0.0,,0.032,False
41.664,207,slm,TOWNSIM_CALIB_CRUCE_FRONTAL,1,reactive,MANTENER_RUMBO,0,120.37069017903633,False,-31.180105209350586,3.777729034423828,-12.37900161743164,,,,-178.25,False,,,"{""telemetry"": 1.5, ""graph"": 158.7}",False,,,,,0.0,,0.033,False,0.0,,0.033,False,0.0,,0.033,False
41.871,208,slm,TOWNSIM_CALIB_CRUCE_FRONTAL,1,reactive,MANTENER_RUMBO,0,119.78443209778061,False,-31.7769718170166,3.7806835174560547,-12.545104026794434,,,,-178.13,False,,,"{""telemetry"": 1.0, ""graph"": 165.8}",False,,,,,0.0,,0.06,False,0.0,,0.06,False,0.0,,0.06,False
42.062,209,slm,TOWNSIM_CALIB_CRUCE_FRONTAL,1,reactive,MANTENER_RUMBO,0,119.1856446823042,False,-32.325035095214844,3.781022548675537,-12.696513175964355,,,,-178.03,False,,,"{""telemetry"": 1.0, ""graph"": 156.0}",False,,,,,0.0,,0.055,False,0.0,,0.055,False,0.0,,0.055,False
42.281,210,slm,TOWNSIM_CALIB_CRUCE_FRONTAL,1,reactive,MANTENER_RUMBO,0,118.58414862006624,False,-32.94532012939453,3.779398202896118,-12.866943359375,,,,-177.92,False,,,"{""telemetry"": 1.3, ""graph"": 174.5}",False,,,,,0.0,,0.096,False,0.0,,0.096,False,0.0,,0.096,False
42.472,211,slm,TOWNSIM_CALIB_CRUCE_FRONTAL,1,reactive,MANTENER_RUMBO,0,117.98967446878429,False,-33.50620651245117,3.77657413482666,-13.020437240600586,,,,-177.81,False,,,"{""telemetry"": 1.1, ""graph"": 164.8}",False,,,,,0.0,,0.028,False,0.0,,0.028,False,0.0,,0.028,False
42.663,212,slm,TOWNSIM_CALIB_CRUCE_FRONTAL,1,reactive,MANTENER_RUMBO,0,117.39379002791442,False,-34.05952835083008,3.7728564739227295,-13.171442985534668,,,,-177.71,False,,,"{""telemetry"": 1.1, ""graph"": 155.5}",False,,,,,0.0,,0.018,False,0.0,,0.018,False,0.0,,0.018,False
42.879,213,slm,TOWNSIM_CALIB_CRUCE_FRONTAL,1,reactive,MANTENER_RUMBO,0,116.79687237808386,False,-34.71059799194336,3.767608880996704,-13.348726272583008,,,,-177.6,False,,,"{""telemetry"": 1.4, ""graph"": 170.8}",False,,,,,0.0,,0.001,False,0.0,,0.001,False,0.0,,0.001,False
43.074,214,slm,TOWNSIM_CALIB_CRUCE_FRONTAL,1,deliberative,FRENAR,0,116.19015027064775,False,-35.26557922363281,3.762584686279297,-13.499590873718262,,,,-177.5,False,,,"{""telemetry"": 1.1, ""graph"": 165.9}",True,2328.1,False,False,True,0.0,1.16,0.204,False,0.023,1.32,0.203,False,0.02,5.1,0.204,False
43.262,215,slm,TOWNSIM_CALIB_CRUCE_FRONTAL,1,deliberative,FRENAR,0,115.59193197908598,False,-35.82963562011719,3.757101535797119,-13.647653579711914,,,,-177.38,False,,,"{""telemetry"": 0.9, ""graph"": 153.8}",True,2328.1,False,False,True,0.0,,0.081,False,0.0,,0.081,False,0.0,,0.081,False
43.457,216,slm,TOWNSIM_CALIB_CRUCE_FRONTAL,1,deliberative,FRENAR,0,115.01365280229622,False,-36.36762619018555,3.7517154216766357,-13.742073059082031,,,,-177.27,False,,,"{""telemetry"": 0.8, ""graph"": 148.6}",True,2328.1,False,False,True,0.0,,0.0,False,0.0,,0.0,False,0.0,,0.0,False
43.643,217,slm,TOWNSIM_CALIB_CRUCE_FRONTAL,1,deliberative,FRENAR,0,114.51673045413109,False,-36.80503845214844,3.747347831726074,-13.856383323669434,,,,-177.24,False,,,"{""telemetry"": 1.2, ""graph"": 133.6}",True,2328.1,False,False,True,0.0,,0.0,False,0.0,,0.0,False,0.0,,0.0,False
43.846,218,slm,TOWNSIM_CALIB_CRUCE_FRONTAL,1,deliberative,FRENAR,0,114.13020672979668,False,-37.16423416137695,3.7438602447509766,-13.944287300109863,,,,-177.25,False,,,"{""telemetry"": 0.9, ""graph"": 136.5}",True,2328.1,False,False,True,0.0,,0.0,False,0.0,,0.0,False,0.0,,0.0,False
44.073,219,slm,TOWNSIM_CALIB_CRUCE_FRONTAL,1,deliberative,FRENAR,0,113.82574300705635,False,-37.46806716918945,3.7410130500793457,-13.965405464172363,,,,-177.27,False,,,"{""telemetry"": 0.7, ""graph"": 162.8}",True,2328.1,False,False,True,0.0,,0.0,False,0.0,,0.0,False,0.0,,0.0,False
44.274,220,slm,TOWNSIM_CALIB_CRUCE_FRONTAL,1,deliberative,FRENAR,0,113.5978340759882,False,-37.661376953125,3.7392637729644775,-13.959794998168945,,,,-177.28,False,,,"{""telemetry"": 1.2, ""graph"": 163.0}",True,2328.1,False,False,True,0.0,,0.002,False,0.0,,0.002,False,0.0,,0.002,False
44.477,221,slm,TOWNSIM_CALIB_CRUCE_FRONTAL,1,deliberative,FRENAR,0,113.42672563958337,False,-37.83098220825195,3.737769842147827,-13.939599990844727,,,,-177.29,False,,,"{""telemetry"": 1.3, ""graph"": 165.8}",True,2328.1,False,False,True,0.0,,0.0,False,0.0,,0.0,False,0.0,,0.0,False
44.649,222,slm,TOWNSIM_CALIB_CRUCE_FRONTAL,1,deliberative,FRENAR,0,113.29752247335995,False,-37.93275833129883,3.736891269683838,-13.917978286743164,,,,-177.29,False,,,"{""telemetry"": 1.2, ""graph"": 138.0}",True,2328.1,False,False,True,0.0,,0.0,False,0.0,,0.0,False,0.0,,0.0,False
44.878,223,slm,TOWNSIM_CALIB_CRUCE_FRONTAL,1,deliberative,FRENAR,0,113.2033525585392,False,-38.029075622558594,3.7360715866088867,-13.887784957885742,,,,-177.3,False,,,"{""telemetry"": 1.0, ""graph"": 166.4}",True,2328.1,False,False,True,0.0,,0.001,False,0.0,,0.001,False,0.0,,0.001,False
45.065,224,slm,TOWNSIM_CALIB_CRUCE_FRONTAL,1,deliberative,FRENAR,0,113.13384416853641,False,-38.09115219116211,3.7355477809906006,-13.860663414001465,,,,-177.3,False,,,"{""telemetry"": 1.2, ""graph"": 153.3}",True,2328.1,False,False,True,0.0,,0.001,False,0.0,,0.001,False,0.0,,0.001,False
45.273,225,slm,TOWNSIM_CALIB_CRUCE_FRONTAL,1,deliberative,FRENAR,0,113.08279535401101,False,-38.1434440612793,3.735109567642212,-13.830196380615234,,,,-177.3,False,,,"{""telemetry"": 1.0, ""graph"": 160.9}",True,2328.1,False,False,True,0.0,,0.024,False,0.0,,0.024,False,0.0,,0.024,False
45.503,226,slm,TOWNSIM_CALIB_CRUCE_FRONTAL,1,deliberative,PERDER_ALTURA,0,113.0450850382655,False,-38.18944549560547,3.7347254753112793,-13.793388366699219,,,,-177.3,False,,,"{""telemetry"": 1.2, ""graph"": 190.3}",True,2279.8,False,False,True,0.0,,0.0,False,0.0,,0.0,False,0.0,,0.0,False
45.672,227,slm,TOWNSIM_CALIB_CRUCE_FRONTAL,1,reactive,MANTENER_RUMBO,0,113.0183071876152,False,-38.21231460571289,3.7345285415649414,-13.757489204406738,,,,-177.3,False,,,"{""telemetry"": 1.0, ""graph"": 159.5}",False,,,,,0.0,,0.0,False,0.0,,0.0,False,0.0,,0.0,False
45.851,228,slm,TOWNSIM_CALIB_CRUCE_FRONTAL,1,reactive,MANTENER_RUMBO,0,113.00505791407392,False,-38.24349594116211,3.733876943588257,-13.62900447845459,,,,-177.3,False,,,"{""telemetry"": 0.8, ""graph"": 137.4}",False,,,,,0.0,,0.0,False,0.0,,0.0,False,0.0,,0.0,False
46.143,229,slm,TOWNSIM_CALIB_CRUCE_FRONTAL,1,deliberative,FRENAR,0,112.9431479877095,False,-38.41646957397461,3.726492166519165,-13.688203811645508,,,,-177.3,False,,,"{""telemetry"": 0.7, ""graph"": 229.6}",True,2279.8,False,False,True,0.01,0.5,0.274,False,0.013,0.17,0.274,False,0.009,0.73,0.274,False
46.3,230,slm,TOWNSIM_CALIB_CRUCE_FRONTAL,1,deliberative,FRENAR,0,112.67499352218039,False,-38.635581970214844,3.716456651687622,-13.897476196289062,,,,-177.3,False,,,"{""telemetry"": 0.7, ""graph"": 155.0}",True,2279.8,False,False,True,0.0,,0.057,False,0.0,,0.057,False,0.0,,0.057,False
46.499,231,slm,TOWNSIM_CALIB_CRUCE_FRONTAL,1,deliberative,FRENAR,0,112.35306239375831,False,-38.924686431884766,3.703117847442627,-14.034708976745605,,,,-177.3,False,,,"{""telemetry"": 0.8, ""graph"": 152.9}",True,2279.8,False,False,True,0.004,0.3,0.456,True,0.0,0.08,0.456,True,0.099,0.31,0.456,True
46.686,232,slm,TOWNSIM_CALIB_CRUCE_FRONTAL,1,deliberative,FRENAR,0,112.06401598204599,False,-39.21114730834961,3.6898674964904785,-14.082653999328613,,,,-177.3,False,,,"{""telemetry"": 0.8, ""graph"": 140.2}",True,2279.8,False,False,True,0.0,,0.0,False,0.0,,0.0,False,0.0,,0.0,False
46.887,233,slm,TOWNSIM_CALIB_CRUCE_FRONTAL,1,deliberative,FRENAR,0,111.82255367668134,False,-39.42993927001953,3.6797358989715576,-14.10158920288086,,,,-177.3,False,,,"{""telemetry"": 0.9, ""graph"": 140.6}",True,2279.8,False,False,True,0.028,3.39,0.3,False,0.015,5.92,0.294,False,0.015,7.8,0.3,False
47.09,234,slm,TOWNSIM_CALIB_CRUCE_FRONTAL,1,deliberative,FRENAR,0,111.63746019967202,False,-39.60218048095703,3.671754837036133,-14.107022285461426,,,,-177.3,False,,,"{""telemetry"": 0.8, ""graph"": 143.5}",True,2279.8,False,False,True,0.0,,0.0,False,0.0,,0.0,False,0.0,,0.0,False
47.289,235,slm,TOWNSIM_CALIB_CRUCE_FRONTAL,1,deliberative,FRENAR,0,111.49512698787579,False,-39.732967376708984,3.665693521499634,-14.101705551147461,,,,-177.3,False,,,"{""telemetry"": 1.0, ""graph"": 141.0}",True,2279.8,False,False,True,0.0,,0.0,False,0.0,,0.0,False,0.0,,0.0,False
47.492,236,slm,TOWNSIM_CALIB_CRUCE_FRONTAL,1,deliberative,FRENAR,0,111.38907008203954,False,-39.83135986328125,3.6611337661743164,-14.089080810546875,,,,-177.3,False,,,"{""telemetry"": 1.0, ""graph"": 143.6}",True,2279.8,False,False,True,0.0,,0.0,False,0.0,,0.0,False,0.0,,0.0,False
47.692,237,slm,TOWNSIM_CALIB_CRUCE_FRONTAL,1,deliberative,FRENAR,0,111.31071086474365,False,-39.90596008300781,3.657677173614502,-14.071619033813477,,,,-177.3,False,,,"{""telemetry"": 1.5, ""graph"": 142.6}",True,2279.8,False,False,True,0.0,,0.0,False,0.0,,0.0,False,0.0,,0.0,False
47.894,238,slm,TOWNSIM_CALIB_CRUCE_FRONTAL,1,deliberative,FRENAR,0,111.25394749339361,False,-39.96001434326172,3.6551709175109863,-14.051949501037598,,,,-177.3,False,,,"{""telemetry"": 1.1, ""graph"": 145.3}",True,2279.8,False,False,True,0.0,,0.0,False,0.0,,0.0,False,0.0,,0.0,False
48.091,239,slm,TOWNSIM_CALIB_CRUCE_FRONTAL,1,deliberative,FRENAR,0,111.21181747548243,False,-40.00053024291992,3.653292417526245,-14.030634880065918,,,,-177.3,False,,,"{""telemetry"": 1.0, ""graph"": 141.2}",True,2279.8,False,False,True,0.0,,0.0,False,0.0,,0.0,False,0.0,,0.0,False
48.29,240,slm,TOWNSIM_CALIB_CRUCE_FRONTAL,1,deliberative,FRENAR,0,111.1817416304375,False,-40.0308723449707,3.651886463165283,-14.008294105529785,,,,-177.3,False,,,"{""telemetry"": 1.7, ""graph"": 139.8}",True,2279.8,False,False,True,0.0,,0.0,False,0.0,,0.0,False,0.0,,0.0,False
48.498,241,slm,TOWNSIM_CALIB_CRUCE_FRONTAL,1,deliberative,PERDER_ALTURA,0,111.15985128317872,False,-40.0541877746582,3.6508054733276367,-13.984589576721191,,,,-177.3,False,,,"{""telemetry"": 1.1, ""graph"": 148.4}",True,2309.8,False,False,True,0.0,,0.0,False,0.0,,0.0,False,0.0,,0.0,False
48.711,242,slm,TOWNSIM_CALIB_CRUCE_FRONTAL,1,reactive,MANTENER_RUMBO,0,111.14465091102439,False,-40.07246398925781,3.6499578952789307,-13.946649551391602,,,,-177.3,False,,,"{""telemetry"": 0.7, ""graph"": 160.8}",False,,,,,0.0,,0.0,False,0.0,,0.0,False,0.0,,0.0,False
48.918,243,slm,TOWNSIM_CALIB_CRUCE_FRONTAL,1,reactive,MANTENER_RUMBO,0,111.14134972289555,False,-40.100982666015625,3.648625612258911,-13.800907135009766,,,,-177.3,False,,,"{""telemetry"": 0.9, ""graph"": 166.9}",False,,,,,0.0,,0.0,False,0.0,,0.0,False,0.0,,0.0,False
49.131,244,slm,TOWNSIM_CALIB_CRUCE_FRONTAL,1,deliberative,FRENAR,0,111.08920678235407,False,-40.21296310424805,3.643342971801758,-13.823811531066895,,,,-177.3,False,,,"{""telemetry"": 0.9, ""graph"": 179.9}",True,2309.8,False,False,True,0.112,0.48,0.224,False,0.095,0.18,0.224,False,0.087,0.66,0.224,False
49.305,245,slm,TOWNSIM_CALIB_CRUCE_FRONTAL,1,deliberative,FRENAR,0,110.87498698054246,False,-40.44957733154297,3.632171869277954,-14.038443565368652,,,,-177.3,False,,,"{""telemetry"": 0.8, ""graph"": 154.2}",True,2309.8,False,False,True,0.0,,0.0,False,0.0,,0.0,False,0.0,,0.0,False
49.53,246,slm,TOWNSIM_CALIB_CRUCE_FRONTAL,1,deliberative,FRENAR,0,110.57628494714452,False,-40.7263069152832,3.619105339050293,-14.151859283447266,,,,-177.3,False,,,"{""telemetry"": 0.9, ""graph"": 178.3}",True,2309.8,False,False,True,0.0,,0.007,False,0.0,,0.007,False,0.0,,0.007,False
49.721,247,slm,TOWNSIM_CALIB_CRUCE_FRONTAL,1,deliberative,FRENAR,0,110.29925143574742,False,-41.00034713745117,3.606165885925293,-14.189139366149902,,,,-177.3,False,,,"{""telemetry"": 1.2, ""graph"": 168.3}",True,2309.8,False,False,True,0.0,,0.0,False,0.0,,0.0,False,0.0,,0.0,False
49.901,248,slm,TOWNSIM_CALIB_CRUCE_FRONTAL,1,deliberative,FRENAR,0,110.07401480701522,False,-41.18290710449219,3.5975441932678223,-14.199995040893555,,,,-177.3,False,,,"{""telemetry"": 0.9, ""graph"": 147.9}",True,2309.8,False,False,True,0.0,,0.001,False,0.0,,0.001,False,0.0,,0.001,False
50.11,249,slm,TOWNSIM_CALIB_CRUCE_FRONTAL,1,deliberative,FRENAR,0,109.89588082153917,False,-41.35206985473633,3.5895564556121826,-14.201363563537598,,,,-177.3,False,,,"{""telemetry"": 1.0, ""graph"": 157.4}",True,2309.8,False,False,True,0.0,,0.0,False,0.0,,0.0,False,0.0,,0.0,False
50.288,250,slm,TOWNSIM_CALIB_CRUCE_FRONTAL,1,deliberative,FRENAR,0,109.7629149192564,False,-41.46135711669922,3.58439564704895,-14.194726943969727,,,,-177.3,False,,,"{""telemetry"": 1.5, ""graph"": 134.7}",True,2309.8,False,False,True,0.0,,0.0,False,0.0,,0.0,False,0.0,,0.0,False
50.497,251,slm,TOWNSIM_CALIB_CRUCE_FRONTAL,1,deliberative,FRENAR,0,109.66335332840127,False,-41.55885314941406,3.5797929763793945,-14.180788040161133,,,,-177.3,False,,,"{""telemetry"": 1.1, ""graph"": 144.1}",True,2309.8,False,False,True,0.0,,0.0,False,0.0,,0.0,False,0.0,,0.0,False
50.695,252,slm,TOWNSIM_CALIB_CRUCE_FRONTAL,1,deliberative,FRENAR,0,109.5884976952907,False,-41.62941360473633,3.5764598846435547,-14.163267135620117,,,,-177.3,False,,,"{""telemetry"": 1.2, ""graph"": 141.7}",True,2309.8,False,False,True,0.0,,0.0,False,0.0,,0.0,False,0.0,,0.0,False
50.921,253,slm,TOWNSIM_CALIB_CRUCE_FRONTAL,1,deliberative,FRENAR,0,109.53427261728379,False,-41.68678283691406,3.5737500190734863,-14.14123249053955,,,,-177.3,False,,,"{""telemetry"": 1.1, ""graph"": 167.1}",True,2309.8,False,False,True,0.0,,0.0,False,0.0,,0.0,False,0.0,,0.0,False
51.089,254,slm,TOWNSIM_CALIB_CRUCE_FRONTAL,1,deliberative,FRENAR,0,109.49402398229014,False,-41.71940994262695,3.572209596633911,-14.123438835144043,,,,-177.3,False,,,"{""telemetry"": 1.1, ""graph"": 134.4}",True,2309.8,False,False,True,0.0,,0.0,False,0.0,,0.0,False,0.0,,0.0,False
51.307,255,slm,TOWNSIM_CALIB_CRUCE_FRONTAL,1,deliberative,FRENAR,0,109.46529452997152,False,-41.75149917602539,3.570693254470825,-14.100419998168945,,,,-177.3,False,,,"{""telemetry"": 0.7, ""graph"": 152.7}",True,2309.8,False,False,True,0.0,,0.0,False,0.0,,0.0,False,0.0,,0.0,False
51.51,256,slm,TOWNSIM_CALIB_CRUCE_FRONTAL,1,deliberative,PERDER_ALTURA,0,109.44411093375818,False,-41.7728157043457,3.5696866512298584,-14.084235191345215,,,,-177.3,False,,,"{""telemetry"": 0.9, ""graph"": 154.8}",True,2315.5,False,False,True,0.0,,0.0,False,0.0,,0.0,False,0.0,,0.0,False
51.737,257,slm,TOWNSIM_CALIB_CRUCE_FRONTAL,1,reactive,MANTENER_RUMBO,0,109.42819652890275,False,-41.79021453857422,3.5688652992248535,-14.054708480834961,,,,-177.3,False,,,"{""telemetry"": 1.0, ""graph"": 181.7}",False,,,,,0.0,,0.0,False,0.0,,0.0,False,0.0,,0.0,False
51.905,258,slm,TOWNSIM_CALIB_CRUCE_FRONTAL,1,reactive,MANTENER_RUMBO,0,109.4245509983313,False,-41.81162643432617,3.5678551197052,-13.929685592651367,,,,-177.3,False,,,"{""telemetry"": 0.8, ""graph"": 149.2}",False,,,,,0.0,,0.0,False,0.0,,0.0,False,0.0,,0.0,False
52.132,259,slm,TOWNSIM_CALIB_CRUCE_FRONTAL,1,reactive,MANTENER_RUMBO,0,109.37378454281287,False,-41.9387092590332,3.5618531703948975,-13.95146656036377,,,,-177.3,False,,,"{""telemetry"": 0.9, ""graph"": 174.9}",False,,,,,0.0,,0.0,False,0.0,,0.0,False,0.0,,0.0,False
52.314,260,slm,TOWNSIM_CALIB_CRUCE_FRONTAL,1,reactive,MANTENER_RUMBO,0,109.16039465066072,False,-42.14329147338867,3.5521907806396484,-14.146556854248047,,,,-177.3,False,,,"{""telemetry"": 0.9, ""graph"": 156.5}",False,,,,,0.0,,0.097,False,0.0,,0.097,False,0.0,,0.097,False
52.5,261,slm,TOWNSIM_CALIB_CRUCE_FRONTAL,1,reactive,MANTENER_RUMBO,0,108.81670045408843,False,-42.47486114501953,3.536529541015625,-14.408524513244629,,,,-177.3,False,,,"{""telemetry"": 0.9, ""graph"": 142.8}",False,,,,,0.0,,0.0,False,0.0,,0.0,False,0.0,,0.0,False
52.69,262,slm,TOWNSIM_CALIB_CRUCE_FRONTAL,1,reactive,MANTENER_RUMBO,0,108.41531462919184,False,-42.857540130615234,3.518453359603882,-14.633903503417969,,,,-177.3,False,,,"{""telemetry"": 1.3, ""graph"": 132.4}",False,,,,,0.0,,0.0,False,0.0,,0.0,False,0.0,,0.0,False
52.883,263,slm,TOWNSIM_CALIB_CRUCE_FRONTAL,1,reactive,MANTENER_RUMBO,0,107.96563455359238,False,-43.27369689941406,3.498796224594116,-14.831886291503906,,,,-177.3,False,,,"{""telemetry"": 1.0, ""graph"": 125.4}",False,,,,,0.0,,0.0,False,0.0,,0.0,False,0.0,,0.0,False
53.137,264,slm,TOWNSIM_CALIB_CRUCE_FRONTAL,1,reactive,MANTENER_RUMBO,0,107.47821886376566,False,-43.835777282714844,3.472245693206787,-15.058752059936523,,,,-177.3,False,,,"{""telemetry"": 0.9, ""graph"": 178.8}",False,,,,,0.0,,0.125,False,0.0,,0.125,False,0.0,,0.125,False
53.289,265,slm,TOWNSIM_CALIB_CRUCE_FRONTAL,1,reactive,MANTENER_RUMBO,0,106.96198784295855,False,-44.2634162902832,3.4520444869995117,-15.213435173034668,,,,-177.3,False,,,"{""telemetry"": 1.0, ""graph"": 130.2}",False,,,,,0.0,,0.0,False,0.0,,0.0,False,0.0,,0.0,False
53.517,266,slm,TOWNSIM_CALIB_CRUCE_FRONTAL,1,reactive,MANTENER_RUMBO,0,106.41582404242807,False,-44.818870544433594,3.425807237625122,-15.400406837463379,,,,-177.3,False,,,"{""telemetry"": 0.9, ""graph"": 157.8}",False,,,,,0.0,,0.036,False,0.0,,0.036,False,0.0,,0.036,False
53.725,267,slm,TOWNSIM_CALIB_CRUCE_FRONTAL,1,reactive,MANTENER_RUMBO,0,105.85309964592423,False,-45.38336181640625,3.3991425037384033,-15.579854011535645,,,,-177.3,False,,,"{""telemetry"": 1.6, ""graph"": 165.1}",False,,,,,0.0,,0.101,False,0.0,,0.101,False,0.0,,0.101,False
53.898,268,slm,TOWNSIM_CALIB_CRUCE_FRONTAL,1,reactive,MANTENER_RUMBO,0,105.28679632241118,False,-45.867515563964844,3.3762729167938232,-15.728022575378418,,,,-177.3,False,,,"{""telemetry"": 1.0, ""graph"": 138.3}",False,,,,,0.0,,0.037,False,0.0,,0.037,False,0.0,,0.037,False
54.126,269,slm,TOWNSIM_CALIB_CRUCE_FRONTAL,1,reactive,MANTENER_RUMBO,0,104.70297512272036,False,-46.554405212402344,3.343827486038208,-15.931968688964844,,,,-177.3,False,,,"{""telemetry"": 1.1, ""graph"": 166.4}",False,,,,,0.0,,0.0,False,0.0,,0.0,False,0.0,,0.0,False
54.309,270,slm,TOWNSIM_CALIB_CRUCE_FRONTAL,1,reactive,MANTENER_RUMBO,0,104.12137375129254,False,-47.026126861572266,3.3215456008911133,-16.068941116333008,,,,-177.3,False,,,"{""telemetry"": 0.9, ""graph"": 149.4}",False,,,,,0.0,,0.041,False,0.0,,0.041,False,0.0,,0.041,False
54.524,271,slm,TOWNSIM_CALIB_CRUCE_FRONTAL,1,reactive,MANTENER_RUMBO,0,103.53506369001445,False,-47.63969039916992,3.292562961578369,-16.2443904876709,,,,-177.3,False,,,"{""telemetry"": 0.8, ""graph"": 163.6}",False,,,,,0.0,,0.037,False,0.0,,0.037,False,0.0,,0.037,False
54.708,272,slm,TOWNSIM_CALIB_CRUCE_FRONTAL,1,reactive,MANTENER_RUMBO,0,102.9363181809951,False,-48.15254211425781,3.268338203430176,-16.389249801635742,,,,-177.3,False,,,"{""telemetry"": 0.9, ""graph"": 146.8}",False,,,,,0.0,,0.024,False,0.0,,0.024,False,0.0,,0.024,False
54.923,273,slm,TOWNSIM_CALIB_CRUCE_FRONTAL,1,reactive,MANTENER_RUMBO,0,102.34396036281369,False,-48.77235412597656,3.2390613555908203,-16.562686920166016,,,,-177.3,False,,,"{""telemetry"": 0.9, ""graph"": 161.5}",False,,,,,0.0,,0.037,False,0.0,,0.037,False,0.0,,0.037,False
55.121,274,slm,TOWNSIM_CALIB_CRUCE_FRONTAL,1,reactive,MANTENER_RUMBO,0,101.74976029852279,False,-49.36797332763672,3.2109267711639404,-16.728069305419922,,,,-177.3,False,,,"{""telemetry"": 1.3, ""graph"": 159.6}",False,,,,,0.0,,0.039,False,0.0,,0.039,False,0.0,,0.039,False
55.307,275,slm,TOWNSIM_CALIB_CRUCE_FRONTAL,1,reactive,MANTENER_RUMBO,0,101.14519759515964,False,-49.921077728271484,3.184800148010254,-16.88079261779785,,,,-177.3,False,,,"{""telemetry"": 0.9, ""graph"": 144.6}",False,,,,,0.0,,0.017,False,0.0,,0.017,False,0.0,,0.017,False
55.522,276,slm,TOWNSIM_CALIB_CRUCE_FRONTAL,1,reactive,MANTENER_RUMBO,0,100.54867499968344,False,-50.527915954589844,3.1561365127563477,-17.047616958618164,,,,-177.3,False,,,"{""telemetry"": 0.8, ""graph"": 159.4}",False,,,,,0.0,,0.011,False,0.0,,0.011,False,0.0,,0.011,False
55.702,277,slm,TOWNSIM_CALIB_CRUCE_FRONTAL,1,reactive,MANTENER_RUMBO,0,99.95146212956399,False,-51.09149169921875,3.1295158863067627,-17.202022552490234,,,,-177.3,False,,,"{""telemetry"": 1.6, ""graph"": 138.6}",False,,,,,0.0,,0.006,False,0.0,,0.006,False,0.0,,0.006,False
55.905,278,slm,TOWNSIM_CALIB_CRUCE_FRONTAL,1,evasive,EVADIR_DERECHA,0,99.35376010889715,False,-51.673221588134766,3.1020359992980957,-17.360979080200195,,,,-177.3,False,,,"{""telemetry"": 0.9, ""graph"": 141.6}",False,,,,,0.028,1.85,0.3,False,0.035,3.56,0.3,False,0.016,5.21,0.3,False
56.109,279,slm,TOWNSIM_CALIB_CRUCE_FRONTAL,1,evasive,EVADIR_IZQUIERDA,0,98.74667698824683,False,-52.25517654418945,3.07454776763916,-17.518081665039062,,,,-177.24,False,,,"{""telemetry"": 1.2, ""graph"": 145.5}",False,,,,,0.018,1.71,0.159,False,0.03,5.95,0.159,False,0.019,6.52,0.159,False
56.291,280,slm,TOWNSIM_CALIB_CRUCE_FRONTAL,1,reactive,MANTENER_RUMBO,0,98.16047272394336,False,-52.79685592651367,3.048978090286255,-17.678382873535156,,,,-176.14,False,,,"{""telemetry"": 0.9, ""graph"": 127.4}",False,,,,,0.0,,0.0,False,0.0,,0.0,False,0.0,,0.0,False
56.542,281,slm,TOWNSIM_CALIB_CRUCE_FRONTAL,1,reactive,MANTENER_RUMBO,0,97.61875029204572,False,-53.38127899169922,3.0212061405181885,-17.881759643554688,,,,-176.53,False,,,"{""telemetry"": 0.8, ""graph"": 178.0}",False,,,,,0.0,,0.011,False,0.0,,0.011,False,0.0,,0.011,False
56.707,282,slm,TOWNSIM_CALIB_CRUCE_FRONTAL,1,reactive,MANTENER_RUMBO,0,97.13810243433811,False,-53.813167572021484,2.9997453689575195,-18.00897789001465,,,,-176.78,False,,,"{""telemetry"": 1.1, ""graph"": 142.4}",False,,,,,0.0,,0.0,False,0.0,,0.0,False,0.0,,0.0,False
56.9,283,slm,TOWNSIM_CALIB_CRUCE_FRONTAL,1,reactive,MANTENER_RUMBO,0,96.65361870887513,False,-54.252479553222656,2.976266860961914,-18.147037506103516,,,,-176.56,False,,,"{""telemetry"": 0.8, ""graph"": 135.2}",False,,,,,0.0,,0.0,False,0.0,,0.0,False,0.0,,0.0,False
57.11,284,slm,TOWNSIM_CALIB_CRUCE_FRONTAL,1,reactive,MANTENER_RUMBO,0,96.15644946987081,False,-54.72548294067383,2.9494011402130127,-18.294214248657227,,,,-176.23,False,,,"{""telemetry"": 1.0, ""graph"": 144.8}",False,,,,,0.0,,0.015,False,0.0,,0.015,False,0.0,,0.015,False
57.331,285,slm,TOWNSIM_CALIB_CRUCE_FRONTAL,1,reactive,MANTENER_RUMBO,0,95.62950583039796,False,-55.281375885009766,2.9163401126861572,-18.460866928100586,,,,-176.04,False,,,"{""telemetry"": 1.2, ""graph"": 165.2}",False,,,,,0.0,,0.013,False,0.0,,0.013,False,0.0,,0.013,False
57.501,286,slm,TOWNSIM_CALIB_CRUCE_FRONTAL,1,reactive,MANTENER_RUMBO,0,95.08331050198964,False,-55.79318618774414,2.8849284648895264,-18.6092586517334,,,,-176.07,False,,,"{""telemetry"": 1.3, ""graph"": 134.0}",False,,,,,0.0,,0.0,False,0.0,,0.0,False,0.0,,0.0,False
57.745,287,slm,TOWNSIM_CALIB_CRUCE_FRONTAL,1,reactive,MANTENER_RUMBO,0,94.53039298228842,False,-56.40092849731445,2.8468010425567627,-18.781259536743164,,,,-176.18,False,,,"{""telemetry"": 1.1, ""graph"": 177.6}",False,,,,,0.0,,0.014,False,0.0,,0.014,False,0.0,,0.014,False
57.927,288,slm,TOWNSIM_CALIB_CRUCE_FRONTAL,1,reactive,MANTENER_RUMBO,0,93.95753823281957,False,-56.91169357299805,2.8142647743225098,-18.92351722717285,,,,-176.24,False,,,"{""telemetry"": 0.9, ""graph"": 159.5}",False,,,,,0.0,,0.017,False,0.0,,0.017,False,0.0,,0.017,False
58.158,289,slm,TOWNSIM_CALIB_CRUCE_FRONTAL,1,reactive,MANTENER_RUMBO,0,93.38466250373737,False,-57.62558364868164,2.768264055252075,-19.12019157409668,,,,-176.25,False,,,"{""telemetry"": 0.9, ""graph"": 190.2}",False,,,,,0.0,,0.0,False,0.0,,0.0,False,0.0,,0.0,False
58.328,290,slm,TOWNSIM_CALIB_CRUCE_FRONTAL,1,reactive,MANTENER_RUMBO,0,92.79665695845802,False,-58.0634651184082,2.73982834815979,-19.24001693725586,,,,-176.23,False,,,"{""telemetry"": 1.1, ""graph"": 160.2}",False,,,,,0.0,,0.052,False,0.0,,0.052,False,0.0,,0.052,False
58.527,291,slm,TOWNSIM_CALIB_CRUCE_FRONTAL,1,reactive,MANTENER_RUMBO,0,92.203828048609,False,-58.625152587890625,2.703173875808716,-19.39315414428711,,,,-176.2,False,,,"{""telemetry"": 1.4, ""graph"": 157.5}",False,,,,,0.0,,0.045,False,0.0,,0.045,False,0.0,,0.045,False
58.76,292,slm,TOWNSIM_CALIB_CRUCE_FRONTAL,1,reactive,MANTENER_RUMBO,0,91.61639147300612,False,-59.28573226928711,2.6598758697509766,-19.572711944580078,,,,-176.19,False,,,"{""telemetry"": 1.3, ""graph"": 190.8}",False,,,,,0.0,,0.043,False,0.0,,0.043,False,0.0,,0.043,False
58.941,293,slm,TOWNSIM_CALIB_CRUCE_FRONTAL,1,reactive,MANTENER_RUMBO,0,91.02641775601019,False,-59.80940628051758,2.625445604324341,-19.714794158935547,,,,-176.2,False,,,"{""telemetry"": 1.1, ""graph"": 170.9}",False,,,,,0.0,,0.04,False,0.0,,0.04,False,0.0,,0.04,False
59.158,294,slm,TOWNSIM_CALIB_CRUCE_FRONTAL,1,reactive,MANTENER_RUMBO,0,90.42561414142594,False,-60.4659423828125,2.5821828842163086,-19.892732620239258,,,,-176.21,False,,,"{""telemetry"": 1.2, ""graph"": 187.4}",False,,,,,0.0,,0.046,False,0.0,,0.046,False,0.0,,0.046,False
59.356,295,slm,TOWNSIM_CALIB_CRUCE_FRONTAL,1,reactive,MANTENER_RUMBO,0,89.83242861786073,False,-61.045013427734375,2.5439584255218506,-20.049558639526367,,,,-176.21,False,,,"{""telemetry"": 1.5, ""graph"": 185.5}",False,,,,,0.0,,0.023,False,0.0,,0.023,False,0.0,,0.023,False
59.518,296,slm,TOWNSIM_CALIB_CRUCE_FRONTAL,1,reactive,MANTENER_RUMBO,0,89.23828149262303,False,-61.53705596923828,2.511441469192505,-20.182781219482422,,,,-176.21,False,,,"{""telemetry"": 1.4, ""graph"": 147.0}",False,,,,,0.0,,0.007,False,0.0,,0.007,False,0.0,,0.007,False
59.742,297,slm,TOWNSIM_CALIB_CRUCE_FRONTAL,1,reactive,MANTENER_RUMBO,0,88.63441796880531,False,-62.196815490722656,2.467802047729492,-20.36137580871582,,,,-176.21,False,,,"{""telemetry"": 1.1, ""graph"": 171.0}",False,,,,,0.0,,0.003,False,0.0,,0.003,False,0.0,,0.003,False
59.906,298,slm,TOWNSIM_CALIB_CRUCE_FRONTAL,1,reactive,MANTENER_RUMBO,0,88.03908598121043,False,-62.67224884033203,2.4363338947296143,-20.490060806274414,,,,-176.2,False,,,"{""telemetry"": 1.3, ""graph"": 134.7}",False,,,,,0.0,,0.001,False,0.0,,0.001,False,0.0,,0.001,False
60.103,299,slm,TOWNSIM_CALIB_CRUCE_FRONTAL,1,evasive,EVADIR_IZQUIERDA,0,87.4344002796456,False,-63.253692626953125,2.3978304862976074,-20.647422790527344,,,,-176.2,False,,,"{""telemetry"": 1.1, ""graph"": 130.8}",False,,,,,0.015,6.62,0.3,False,0.018,6.89,0.3,False,0.047,2.79,0.3,False
60.339,300,slm,TOWNSIM_CALIB_CRUCE_FRONTAL,1,reactive,MANTENER_RUMBO,0,86.83851970211077,False,-63.89613342285156,2.3552706241607666,-20.819355010986328,,,,-176.31,False,,,"{""telemetry"": 1.5, ""graph"": 166.1}",False,,,,,0.0,,0.015,False,0.0,,0.015,False,0.0,,0.015,False
60.524,301,slm,TOWNSIM_CALIB_CRUCE_FRONTAL,1,reactive,MANTENER_RUMBO,0,86.24863537070787,False,-64.44550323486328,2.318852663040161,-20.98716163635254,,,,-177.58,False,,,"{""telemetry"": 0.9, ""graph"": 151.6}",False,,,,,0.0,,0.0,False,0.0,,0.0,False,0.0,,0.0,False
60.726,302,slm,TOWNSIM_CALIB_CRUCE_FRONTAL,1,reactive,MANTENER_RUMBO,0,85.71070905223223,False,-64.96294403076172,2.2850871086120605,-21.12999725341797,,,,-178.11,False,,,"{""telemetry"": 1.0, ""graph"": 152.3}",False,,,,,0.0,,0.0,False,0.0,,0.0,False,0.0,,0.0,False
60.935,303,slm,TOWNSIM_CALIB_CRUCE_FRONTAL,1,reactive,MANTENER_RUMBO,0,85.1748277571214,False,-65.51172637939453,2.2508139610290527,-21.286224365234375,,,,-177.65,False,,,"{""telemetry"": 0.8, ""graph"": 161.5}",False,,,,,0.0,,0.0,False,0.0,,0.0,False,0.0,,0.0,False
61.136,304,slm,TOWNSIM_CALIB_CRUCE_FRONTAL,1,reactive,MANTENER_RUMBO,0,84.62966066877854,False,-66.01612854003906,2.2206485271453857,-21.430038452148438,,,,-177.06,False,,,"{""telemetry"": 1.1, ""graph"": 162.3}",False,,,,,0.0,,0.01,False,0.0,,0.01,False,0.0,,0.01,False
61.338,305,slm,TOWNSIM_CALIB_CRUCE_FRONTAL,1,reactive,MANTENER_RUMBO,0,84.08043947289426,False,-66.55623626708984,2.1894593238830566,-21.582107543945312,,,,-176.76,False,,,"{""telemetry"": 0.9, ""graph"": 164.1}",False,,,,,0.0,,0.033,False,0.0,,0.033,False,0.0,,0.033,False
61.558,306,slm,TOWNSIM_CALIB_CRUCE_FRONTAL,1,reactive,MANTENER_RUMBO,0,83.5203405712412,False,-67.20758819580078,2.1529695987701416,-21.76297950744629,,,,-176.83,False,,,"{""telemetry"": 0.9, ""graph"": 183.1}",False,,,,,0.0,,0.0,False,0.0,,0.0,False,0.0,,0.0,False
61.747,307,slm,TOWNSIM_CALIB_CRUCE_FRONTAL,1,reactive,MANTENER_RUMBO,0,82.94279402257987,False,-67.6991195678711,2.126020908355713,-21.89815330505371,,,,-176.99,False,,,"{""telemetry"": 1.2, ""graph"": 171.6}",False,,,,,0.0,,0.017,False,0.0,,0.017,False,0.0,,0.017,False
61.935,308,slm,TOWNSIM_CALIB_CRUCE_FRONTAL,1,reactive,MANTENER_RUMBO,0,82.35834358383323,False,-68.22112274169922,2.097799301147461,-22.04087257385254,,,,-177.11,False,,,"{""telemetry"": 1.2, ""graph"": 159.3}",False,,,,,0.0,,0.023,False,0.0,,0.023,False,0.0,,0.023,False
62.163,309,slm,TOWNSIM_CALIB_CRUCE_FRONTAL,1,reactive,MANTENER_RUMBO,0,81.77756679675939,False,-68.8855972290039,2.0623042583465576,-22.22174072265625,,,,-177.13,False,,,"{""telemetry"": 1.1, ""graph"": 187.5}",False,,,,,0.0,,0.027,False,0.0,,0.027,False,0.0,,0.027,False
62.351,310,slm,TOWNSIM_CALIB_CRUCE_FRONTAL,1,reactive,MANTENER_RUMBO,0,81.18420333693395,False,-69.43270111083984,2.033343553543091,-22.370227813720703,,,,-177.08,False,,,"{""telemetry"": 1.0, ""graph"": 175.1}",False,,,,,0.0,,0.03,False,0.0,,0.03,False,0.0,,0.03,False
62.536,311,slm,TOWNSIM_CALIB_CRUCE_FRONTAL,1,reactive,MANTENER_RUMBO,0,80.59695531262977,False,-69.97335052490234,2.004896879196167,-22.516735076904297,,,,-177.04,False,,,"{""telemetry"": 0.9, ""graph"": 159.7}",False,,,,,0.0,,0.022,False,0.0,,0.022,False,0.0,,0.022,False
62.731,312,slm,TOWNSIM_CALIB_CRUCE_FRONTAL,1,reactive,MANTENER_RUMBO,0,79.9987466835581,False,-70.55069732666016,1.9746627807617188,-22.673030853271484,,,,-177.02,False,,,"{""telemetry"": 0.9, ""graph"": 154.6}",False,,,,,0.0,,0.021,False,0.0,,0.021,False,0.0,,0.021,False
62.928,313,slm,TOWNSIM_CALIB_CRUCE_FRONTAL,1,reactive,MANTENER_RUMBO,0,79.4080454128509,False,-71.12940979003906,1.944467544555664,-22.82961654663086,,,,-177.03,False,,,"{""telemetry"": 1.0, ""graph"": 151.7}",False,,,,,0.0,,0.014,False,0.0,,0.014,False,0.0,,0.014,False
63.119,314,slm,TOWNSIM_CALIB_CRUCE_FRONTAL,1,reactive,MANTENER_RUMBO,0,78.80734678054381,False,-71.7092056274414,1.9143015146255493,-22.98642921447754,,,,-177.04,False,,,"{""telemetry"": 1.0, ""graph"": 142.7}",False,,,,,0.0,,0.01,False,0.0,,0.01,False,0.0,,0.01,False
63.315,315,slm,TOWNSIM_CALIB_CRUCE_FRONTAL,1,reactive,MANTENER_RUMBO,0,78.21488361747582,False,-72.28971862792969,1.8841581344604492,-23.143447875976562,,,,-177.05,False,,,"{""telemetry"": 1.0, ""graph"": 138.2}",False,,,,,0.0,,0.001,False,0.0,,0.001,False,0.0,,0.001,False
63.528,316,slm,TOWNSIM_CALIB_CRUCE_FRONTAL,1,reactive,MANTENER_RUMBO,0,77.61294990869624,False,-72.91487121582031,1.851749062538147,-23.312524795532227,,,,-177.05,False,,,"{""telemetry"": 1.4, ""graph"": 150.5}",False,,,,,0.018,7.04,0.3,False,0.017,7.2,0.3,False,0.021,7.18,0.3,False
63.717,317,slm,TOWNSIM_CALIB_CRUCE_FRONTAL,1,reactive,MANTENER_RUMBO,0,77.0196483532114,False,-73.46121215820312,1.8234601020812988,-23.460289001464844,,,,-177.05,False,,,"{""telemetry"": 1.3, ""graph"": 139.5}",False,,,,,0.017,6.95,0.3,False,0.019,6.87,0.3,False,0.021,7.13,0.3,False
63.914,318,slm,TOWNSIM_CALIB_CRUCE_FRONTAL,1,reactive,MANTENER_RUMBO,0,76.41723724281385,False,-74.04307556152344,1.7933552265167236,-23.6176700592041,,,,-177.04,False,,,"{""telemetry"": 1.4, ""graph"": 135.4}",False,,,,,0.019,6.37,0.3,False,0.02,6.59,0.3,False,0.021,6.92,0.3,False
64.109,319,slm,TOWNSIM_CALIB_CRUCE_FRONTAL,1,reactive,MANTENER_RUMBO,0,75.82358446591275,False,-74.60752868652344,1.7641700506210327,-23.7703800201416,,,,-177.04,False,,,"{""telemetry"": 1.1, ""graph"": 130.2}",False,,,,,0.0,,0.001,False,0.0,,0.001,False,0.0,,0.001,False
64.353,320,slm,TOWNSIM_CALIB_CRUCE_FRONTAL,1,reactive,MANTENER_RUMBO,0,75.22109937389703,False,-75.32191467285156,1.7272398471832275,-23.963729858398438,,,,-177.04,False,,,"{""telemetry"": 1.4, ""graph"": 174.1}",False,,,,,0.016,5.87,0.3,False,0.02,6.33,0.3,False,0.021,6.92,0.3,False
64.509,321,slm,TOWNSIM_CALIB_CRUCE_FRONTAL,1,reactive,MANTENER_RUMBO,0,74.62752075023649,False,-75.8250503540039,1.7012560367584229,-24.09984588623047,,,,-177.05,False,,,"{""telemetry"": 0.9, ""graph"": 130.4}",False,,,,,0.0,,0.0,False,0.0,,0.0,False,0.0,,0.0,False
64.71,322,slm,TOWNSIM_CALIB_CRUCE_FRONTAL,1,reactive,MANTENER_RUMBO,0,74.03385275006816,False,-76.3723373413086,1.6729930639266968,-24.247901916503906,,,,-177.05,False,,,"{""telemetry"": 1.2, ""graph"": 129.9}",False,,,,,0.015,5.51,0.3,False,0.023,6.01,0.3,False,0.021,6.83,0.3,False
64.934,323,slm,TOWNSIM_CALIB_CRUCE_FRONTAL,1,reactive,MANTENER_RUMBO,0,73.43136547250562,False,-77.02555084228516,1.6392685174942017,-24.424684524536133,,,,-177.05,False,,,"{""telemetry"": 1.1, ""graph"": 154.1}",False,,,,,0.01,5.37,0.3,False,0.024,6.01,0.3,False,0.02,7.46,0.3,False
65.139,324,slm,TOWNSIM_CALIB_CRUCE_FRONTAL,1,reactive,MANTENER_RUMBO,0,72.83804157018558,False,-77.61697387695312,1.608734130859375,-24.584808349609375,,,,-177.05,False,,,"{""telemetry"": 1.0, ""graph"": 158.8}",False,,,,,0.017,5.42,0.3,False,0.024,6.61,0.3,False,0.019,7.47,0.3,False
65.337,325,slm,TOWNSIM_CALIB_CRUCE_FRONTAL,1,reactive,MANTENER_RUMBO,0,72.23591438672426,False,-78.19956970214844,1.578655481338501,-24.742542266845703,,,,-177.05,False,,,"{""telemetry"": 1.1, ""graph"": 156.5}",False,,,,,0.0,,0.003,False,0.0,,0.003,False,0.0,,0.003,False
65.508,326,slm,TOWNSIM_CALIB_CRUCE_FRONTAL,1,reactive,MANTENER_RUMBO,0,71.64296245335366,False,-78.72037506103516,1.5517669916152954,-24.883546829223633,,,,-177.05,False,,,"{""telemetry"": 1.0, ""graph"": 127.5}",False,,,,,0.013,5.09,0.3,False,0.024,6.62,0.3,False,0.018,8.2,0.3,False
65.727,327,slm,TOWNSIM_CALIB_CRUCE_FRONTAL,1,reactive,MANTENER_RUMBO,0,71.04122236385892,False,-79.3382797241211,1.5198653936386108,-25.050840377807617,,,,-177.05,False,,,"{""telemetry"": 1.1, ""graph"": 146.2}",False,,,,,0.019,4.85,0.3,False,0.023,6.44,0.3,False,0.018,8.13,0.3,False
65.916,328,slm,TOWNSIM_CALIB_CRUCE_FRONTAL,1,reactive,MANTENER_RUMBO,0,70.44866140630938,False,-79.89439392089844,1.4911539554595947,-25.201404571533203,,,,-177.05,False,,,"{""telemetry"": 1.1, ""graph"": 135.0}",False,,,,,0.0,,0.001,False,0.0,,0.001,False,0.0,,0.001,False
66.123,329,slm,TOWNSIM_CALIB_CRUCE_FRONTAL,1,evasive,EVADIR_DERECHA,0,69.84732835371705,False,-80.49464416503906,1.4601638317108154,-25.36391830444336,,,,-177.05,False,,,"{""telemetry"": 1.4, ""graph"": 141.5}",False,,,,,0.021,4.31,0.3,False,0.023,6.27,0.3,False,0.018,8.1,0.3,False
66.324,330,slm,TOWNSIM_CALIB_CRUCE_FRONTAL,1,reactive,MANTENER_RUMBO,0,69.25517874317158,False,-81.068115234375,1.43056321144104,-25.517547607421875,,,,-176.99,False,,,"{""telemetry"": 0.8, ""graph"": 142.6}",False,,,,,0.0,,0.087,False,0.0,,0.087,False,0.0,,0.087,False
66.515,331,slm,TOWNSIM_CALIB_CRUCE_FRONTAL,1,reactive,MANTENER_RUMBO,0,68.67697146677772,False,-81.63236236572266,1.4014596939086914,-25.684110641479492,,,,-175.81,False,,,"{""telemetry"": 0.9, ""graph"": 133.4}",False,,,,,0.0,,0.0,False,0.0,,0.0,False,0.0,,0.0,False
66.723,332,slm,TOWNSIM_CALIB_CRUCE_FRONTAL,1,reactive,MANTENER_RUMBO,0,68.13333066576826,False,-82.16063690185547,1.373740792274475,-25.824350357055664,,,,-175.26,False,,,"{""telemetry"": 1.2, ""graph"": 141.1}",False,,,,,0.0,,0.0,False,0.0,,0.0,False,0.0,,0.0,False
66.939,333,slm,TOWNSIM_CALIB_CRUCE_FRONTAL,1,reactive,MANTENER_RUMBO,0,67.6012228338568,False,-82.73362731933594,1.3420875072479248,-25.98307228088379,,,,-175.69,False,,,"{""telemetry"": 1.0, ""graph"": 157.3}",False,,,,,0.0,,0.0,False,0.0,,0.0,False,0.0,,0.0,False
67.133,334,slm,TOWNSIM_CALIB_CRUCE_FRONTAL,1,reactive,MANTENER_RUMBO,0,67.06870078668815,False,-83.21400451660156,1.314300537109375,-26.11741065979004,,,,-176.2,False,,,"{""telemetry"": 1.0, ""graph"": 150.4}",False,,,,,0.0,,0.005,False,0.0,,0.005,False,0.0,,0.005,False
67.336,335,slm,TOWNSIM_CALIB_CRUCE_FRONTAL,1,reactive,MANTENER_RUMBO,0,66.51611079555347,False,-83.75360870361328,1.2819002866744995,-26.26711654663086,,,,-176.59,False,,,"{""telemetry"": 0.9, ""graph"": 152.5}",False,,,,,0.0,,0.024,False,0.0,,0.024,False,0.0,,0.024,False
67.542,336,slm,TOWNSIM_CALIB_CRUCE_FRONTAL,1,reactive,MANTENER_RUMBO,0,65.96116572914445,False,-84.320068359375,1.2466464042663574,-26.422788619995117,,,,-176.9,False,,,"{""telemetry"": 0.9, ""graph"": 158.5}",False,,,,,0.0,,0.095,False,0.0,,0.095,False,0.0,,0.095,False
67.746,337,slm,TOWNSIM_CALIB_CRUCE_FRONTAL,1,reactive,MANTENER_RUMBO,0,65.3892054339726,False,-84.90345764160156,1.2092711925506592,-26.581960678100586,,,,-177.17,False,,,"{""telemetry"": 1.2, ""graph"": 161.4}",False,,,,,0.0,,0.028,False,0.0,,0.028,False,0.0,,0.028,False
67.92,338,slm,TOWNSIM_CALIB_CRUCE_FRONTAL,1,reactive,MANTENER_RUMBO,0,64.8193404502535,False,-85.45042419433594,1.1734724044799805,-26.73053741455078,,,,-177.4,False,,,"{""telemetry"": 1.3, ""graph"": 135.5}",False,,,,,0.0,,0.0,False,0.0,,0.0,False,0.0,,0.0,False
68.182,339,slm,TOWNSIM_CALIB_CRUCE_FRONTAL,1,reactive,MANTENER_RUMBO,0,64.23598716142664,False,-86.13134002685547,1.1281455755233765,-26.914993286132812,,,,-177.67,False,,,"{""telemetry"": 0.9, ""graph"": 197.1}",False,,,,,0.0,,0.006,False,0.0,,0.006,False,0.0,,0.006,False
68.339,340,slm,TOWNSIM_CALIB_CRUCE_FRONTAL,1,reactive,MANTENER_RUMBO,0,63.657829995750255,False,-86.59080505371094,1.0971972942352295,-27.039291381835938,,,,-177.85,False,,,"{""telemetry"": 1.0, ""graph"": 153.9}",False,,,,,0.0,,0.012,False,0.0,,0.012,False,0.0,,0.012,False
68.565,341,slm,TOWNSIM_CALIB_CRUCE_FRONTAL,1,reactive,MANTENER_RUMBO,0,63.07717422139128,False,-87.25241088867188,1.0522476434707642,-27.218168258666992,,,,-178.11,False,,,"{""telemetry"": 1.2, ""graph"": 179.7}",False,,,,,0.0,,0.015,False,0.0,,0.015,False,0.0,,0.015,False
68.744,342,slm,TOWNSIM_CALIB_CRUCE_FRONTAL,1,reactive,MANTENER_RUMBO,0,62.485887634869805,False,-87.7677001953125,1.016992449760437,-27.35746192932129,,,,-178.3,False,,,"{""telemetry"": 1.0, ""graph"": 159.1}",False,,,,,0.0,,0.032,False,0.0,,0.032,False,0.0,,0.032,False
68.972,343,slm,TOWNSIM_CALIB_CRUCE_FRONTAL,1,reactive,MANTENER_RUMBO,0,61.90220199603979,False,-88.42423248291016,0.9718334078788757,-27.534963607788086,,,,-178.56,False,,,"{""telemetry"": 0.8, ""graph"": 187.1}",False,,,,,0.0,,0.028,False,0.0,,0.028,False,0.0,,0.028,False
69.142,344,slm,TOWNSIM_CALIB_CRUCE_FRONTAL,1,reactive,MANTENER_RUMBO,0,61.30883279431618,False,-88.96795654296875,0.9343119263648987,-27.6820068359375,,,,-178.76,False,,,"{""telemetry"": 0.8, ""graph"": 156.3}",False,,,,,0.0,,0.005,False,0.0,,0.005,False,0.0,,0.005,False
69.343,345,slm,TOWNSIM_CALIB_CRUCE_FRONTAL,1,reactive,MANTENER_RUMBO,0,60.723705323166755,False,-89.50367736816406,0.898916482925415,-27.827056884765625,,,,-178.88,False,,,"{""telemetry"": 0.9, ""graph"": 157.4}",False,,,,,0.0,,0.062,False,0.0,,0.062,False,0.0,,0.062,False
69.531,346,slm,TOWNSIM_CALIB_CRUCE_FRONTAL,1,reactive,MANTENER_RUMBO,0,60.129115093916816,False,-90.07535552978516,0.8651978969573975,-27.981889724731445,,,,-178.94,False,,,"{""telemetry"": 0.7, ""graph"": 144.6}",False,,,,,0.0,,0.027,False,0.0,,0.027,False,0.0,,0.027,False
69.741,347,slm,TOWNSIM_CALIB_CRUCE_FRONTAL,1,reactive,MANTENER_RUMBO,0,59.53406201309718,False,-90.70951843261719,0.8328754305839539,-28.15355110168457,,,,-178.99,False,,,"{""telemetry"": 1.0, ""graph"": 154.8}",False,,,,,0.0,,0.007,False,0.0,,0.007,False,0.0,,0.007,False
69.989,348,slm,TOWNSIM_CALIB_CRUCE_FRONTAL,1,reactive,MANTENER_RUMBO,0,58.94755417956123,False,-91.42353057861328,0.8016974329948425,-28.332674026489258,,,,-179.02,False,,,"{""telemetry"": 0.8, ""graph"": 202.3}",False,,,,,0.0,,0.148,False,0.0,,0.148,False,0.0,,0.148,False
70.183,349,slm,TOWNSIM_CALIB_CRUCE_FRONTAL,1,reactive,MANTENER_RUMBO,0,58.34486752281501,False,-92.0046157836914,0.7795853614807129,-28.44721794128418,,,,-179.02,False,,,"{""telemetry"": 0.8, ""graph"": 191.2}",False,,,,,0.0,,0.015,False,0.0,,0.015,False,0.0,,0.015,False
70.349,350,slm,TOWNSIM_CALIB_CRUCE_FRONTAL,1,reactive,MANTENER_RUMBO,0,57.75192993077441,False,-92.46260070800781,0.7641235589981079,-28.536895751953125,,,,-179.01,False,,,"{""telemetry"": 0.8, ""graph"": 157.3}",False,,,,,0.008,18.25,0.3,False,0.008,15.22,0.297,False,0.008,15.15,0.3,False
70.539,351,slm,TOWNSIM_CALIB_CRUCE_FRONTAL,1,reactive,MANTENER_RUMBO,0,57.158965530182066,False,-93.0442123413086,0.7464662194252014,-28.63678550720215,,,,-179.01,False,,,"{""telemetry"": 0.8, ""graph"": 146.9}",False,,,,,0.008,16.03,0.3,False,0.009,17.78,0.3,False,0.008,17.45,0.3,False
70.728,352,slm,TOWNSIM_CALIB_CRUCE_FRONTAL,1,reactive,MANTENER_RUMBO,0,56.574720668695186,False,-93.6086654663086,0.7311071753501892,-28.734378814697266,,,,-179.01,False,,,"{""telemetry"": 1.0, ""graph"": 135.4}",False,,,,,0.008,14.96,0.3,False,0.009,17.45,0.3,False,0.009,18.12,0.3,False
70.966,353,slm,TOWNSIM_CALIB_CRUCE_FRONTAL,1,reactive,MANTENER_RUMBO,0,55.98124239207514,False,-94.25253295898438,0.7152093052864075,-28.842647552490234,,,,-179.02,False,,,"{""telemetry"": 0.8, ""graph"": 172.8}",False,,,,,0.0,,0.002,False,0.0,,0.002,False,0.0,,0.002,False
71.139,354,slm,TOWNSIM_CALIB_CRUCE_FRONTAL,1,reactive,MANTENER_RUMBO,0,55.39172767370757,False,-94.82978820800781,0.7019820213317871,-28.9158935546875,,,,-179.01,False,,,"{""telemetry"": 1.2, ""graph"": 145.3}",False,,,,,0.0,,0.0,False,0.0,,0.0,False,0.0,,0.0,False
71.33,355,slm,TOWNSIM_CALIB_CRUCE_FRONTAL,1,reactive,MANTENER_RUMBO,0,54.81423230451689,False,-95.37965393066406,0.6901377439498901,-28.98711585998535,,,,-179.01,False,,,"{""telemetry"": 0.7, ""graph"": 136.1}",False,,,,,0.0,,0.0,False,0.0,,0.0,False,0.0,,0.0,False
71.558,356,slm,TOWNSIM_CALIB_CRUCE_FRONTAL,1,reactive,MANTENER_RUMBO,0,54.22763065934786,False,-95.98279571533203,0.6777942180633545,-29.068119049072266,,,,-179.01,False,,,"{""telemetry"": 1.1, ""graph"": 162.8}",False,,,,,0.007,16.74,0.3,False,0.007,13.18,0.3,False,0.007,14.93,0.3,False
71.728,357,slm,TOWNSIM_CALIB_CRUCE_FRONTAL,1,reactive,MANTENER_RUMBO,0,53.63967151631428,False,-96.53478240966797,0.6669448018074036,-29.142393112182617,,,,-179.01,False,,,"{""telemetry"": 0.9, ""graph"": 133.1}",False,,,,,0.008,15.58,0.3,False,0.008,16.58,0.3,False,0.009,16.68,0.3,False
71.944,358,slm,TOWNSIM_CALIB_CRUCE_FRONTAL,1,reactive,MANTENER_RUMBO,0,53.059593151165004,False,-97.14936828613281,0.6552233099937439,-29.205411911010742,,,,-179.01,False,,,"{""telemetry"": 0.8, ""graph"": 148.7}",False,,,,,0.007,16.02,0.3,False,0.008,17.18,0.3,False,0.008,16.66,0.3,False
72.139,359,slm,TOWNSIM_CALIB_CRUCE_FRONTAL,1,reactive,MANTENER_RUMBO,0,52.469740074743626,False,-97.73871612548828,0.6442606449127197,-29.265193939208984,,,,-179.01,False,,,"{""telemetry"": 0.8, ""graph"": 143.4}",False,,,,,0.0,,0.004,False,0.0,,0.004,False,0.0,,0.004,False
72.327,360,slm,TOWNSIM_CALIB_CRUCE_FRONTAL,1,reactive,MANTENER_RUMBO,0,51.87895872017566,False,-98.28485107421875,0.6342843770980835,-29.321752548217773,,,,-179.01,False,,,"{""telemetry"": 1.4, ""graph"": 130.3}",False,,,,,0.008,15.59,0.3,False,0.008,16.6,0.3,False,0.008,16.1,0.3,False
72.546,361,slm,TOWNSIM_CALIB_CRUCE_FRONTAL,1,reactive,MANTENER_RUMBO,0,51.296332021437934,False,-98.90211486816406,0.6231667995452881,-29.38677978515625,,,,-179.01,False,,,"{""telemetry"": 1.1, ""graph"": 148.5}",False,,,,,0.007,16.13,0.3,False,0.008,16.76,0.3,False,0.008,15.96,0.3,False
72.719,362,slm,TOWNSIM_CALIB_CRUCE_FRONTAL,1,reactive,MANTENER_RUMBO,0,50.704380758456594,False,-99.48466491699219,0.6127908229827881,-29.446977615356445,,,,-179.01,False,,,"{""telemetry"": 1.2, ""graph"": 120.8}",False,,,,,0.0,,0.0,False,0.0,,0.0,False,0.0,,0.0,False
72.947,363,slm,TOWNSIM_CALIB_CRUCE_FRONTAL,1,reactive,MANTENER_RUMBO,0,50.112441661719515,False,-100.09382629394531,0.6020231246948242,-29.490177154541016,,,,-179.01,False,,,"{""telemetry"": 0.8, ""graph"": 149.6}",False,,,,,0.0,,0.0,False,0.0,,0.0,False,0.0,,0.0,False
73.143,364,slm,TOWNSIM_CALIB_CRUCE_FRONTAL,1,reactive,MANTENER_RUMBO,0,49.52902407033233,False,-100.6680908203125,0.5919368267059326,-29.52958106994629,,,,-179.01,False,,,"{""telemetry"": 0.7, ""graph"": 145.0}",False,,,,,0.007,16.16,0.3,False,0.007,16.45,0.3,False,0.007,16.08,0.3,False
73.34,365,slm,TOWNSIM_CALIB_CRUCE_FRONTAL,1,reactive,MANTENER_RUMBO,0,48.93669421454192,False,-101.24235534667969,0.5818926095962524,-29.569597244262695,,,,-179.01,False,,,"{""telemetry"": 1.1, ""graph"": 140.4}",False,,,,,0.007,15.85,0.3,False,0.007,15.96,0.3,False,0.008,16.2,0.3,False
73.542,366,slm,TOWNSIM_CALIB_CRUCE_FRONTAL,1,reactive,MANTENER_RUMBO,0,48.34408944637069,False,-101.81705474853516,0.5718798637390137,-29.610130310058594,,,,-179.01,False,,,"{""telemetry"": 1.1, ""graph"": 142.2}",False,,,,,0.007,14.82,0.3,False,0.008,15.46,0.3,False,0.008,15.64,0.3,False
73.745,367,slm,TOWNSIM_CALIB_CRUCE_FRONTAL,1,reactive,MANTENER_RUMBO,0,47.76014434212566,False,-102.40950012207031,0.5615838170051575,-29.6523494720459,,,,-179.01,False,,,"{""telemetry"": 1.0, ""graph"": 145.1}",False,,,,,0.007,15.47,0.3,False,0.007,15.55,0.3,False,0.008,15.08,0.3,False
73.948,368,slm,TOWNSIM_CALIB_CRUCE_FRONTAL,1,reactive,MANTENER_RUMBO,0,47.16738000494763,False,-103.00194549560547,0.5513066649436951,-29.694921493530273,,,,-179.01,False,,,"{""telemetry"": 1.1, ""graph"": 148.1}",False,,,,,0.007,14.4,0.3,False,0.008,15.39,0.3,False,0.008,14.89,0.3,False
74.161,369,slm,TOWNSIM_CALIB_CRUCE_FRONTAL,1,reactive,MANTENER_RUMBO,0,46.583493318877395,False,-103.63860321044922,0.5402786135673523,-29.73809242248535,,,,-179.01,False,,,"{""telemetry"": 0.9, ""graph"": 160.8}",False,,,,,0.007,14.43,0.3,False,0.008,14.84,0.3,False,0.008,14.75,0.3,False
74.363,370,slm,TOWNSIM_CALIB_CRUCE_FRONTAL,1,reactive,MANTENER_RUMBO,0,45.990877004070136,False,-104.21336364746094,0.5303341150283813,-29.756351470947266,,,,-179.01,False,,,"{""telemetry"": 0.8, ""graph"": 162.6}",False,,,,,0.007,14.17,0.3,False,0.007,15.37,0.3,False,0.007,14.5,0.3,False
74.554,371,slm,TOWNSIM_CALIB_CRUCE_FRONTAL,1,reactive,MANTENER_RUMBO,0,45.40723547470722,False,-104.78812408447266,0.5203984975814819,-29.754779815673828,,,,-179.01,False,,,"{""telemetry"": 0.8, ""graph"": 152.8}",False,,,,,0.0,,0.001,False,0.0,,0.001,False,0.0,,0.001,False
74.76,372,slm,TOWNSIM_CALIB_CRUCE_FRONTAL,1,reactive,MANTENER_RUMBO,0,44.814791029858114,False,-105.35404205322266,0.5106204748153687,-29.751869201660156,,,,-179.01,False,,,"{""telemetry"": 1.1, ""graph"": 158.7}",False,,,,,0.0,,0.001,False,0.0,,0.001,False,0.0,,0.001,False
74.959,373,slm,TOWNSIM_CALIB_CRUCE_FRONTAL,1,reactive,MANTENER_RUMBO,0,44.23118942008533,False,-105.94648742675781,0.5003881454467773,-29.749271392822266,,,,-179.01,False,,,"{""telemetry"": 1.2, ""graph"": 157.5}",False,,,,,0.008,12.69,0.3,False,0.008,13.68,0.299,False,0.007,13.91,0.3,False
75.156,374,slm,TOWNSIM_CALIB_CRUCE_FRONTAL,1,reactive,MANTENER_RUMBO,0,43.63874548991464,False,-106.53893280029297,0.490158349275589,-29.747081756591797,,,,-179.01,False,,,"{""telemetry"": 1.1, ""graph"": 153.7}",False,,,,,0.008,12.72,0.3,False,0.008,14.36,0.3,False,0.007,13.55,0.3,False
75.367,375,slm,TOWNSIM_CALIB_CRUCE_FRONTAL,1,reactive,MANTENER_RUMBO,0,43.0463020842177,False,-107.166748046875,0.4793202579021454,-29.745107650756836,,,,-179.01,False,,,"{""telemetry"": 1.2, ""graph"": 163.9}",False,,,,,0.008,12.4,0.3,False,0.008,14.01,0.3,False,0.007,13.03,0.3,False
75.562,376,slm,TOWNSIM_CALIB_CRUCE_FRONTAL,1,reactive,MANTENER_RUMBO,0,42.46270206370968,False,-107.74150848388672,0.4693998396396637,-29.743558883666992,,,,-179.01,False,,,"{""telemetry"": 1.0, ""graph"": 158.9}",False,,,,,0.008,11.98,0.3,False,0.008,13.57,0.299,False,0.007,13.3,0.3,False
75.76,377,slm,TOWNSIM_CALIB_CRUCE_FRONTAL,1,reactive,MANTENER_RUMBO,0,41.87026088598549,False,-108.31626892089844,0.45947983860969543,-29.74220848083496,,,,-179.01,False,,,"{""telemetry"": 1.4, ""graph"": 156.7}",False,,,,,0.008,12.43,0.3,False,0.008,13.8,0.3,False,0.008,12.68,0.3,False
75.954,378,slm,TOWNSIM_CALIB_CRUCE_FRONTAL,1,reactive,MANTENER_RUMBO,0,41.28666367764765,False,-108.88218688964844,0.44971421360969543,-29.741031646728516,,,,-179.01,False,,,"{""telemetry"": 1.6, ""graph"": 149.5}",False,,,,,0.008,11.82,0.3,False,0.009,13.48,0.299,False,0.008,12.34,0.3,False
76.181,379,slm,TOWNSIM_CALIB_CRUCE_FRONTAL,1,reactive,MANTENER_RUMBO,0,40.69422591837991,False,-109.56305694580078,0.43796494603157043,-29.739774703979492,,,,-179.01,False,,,"{""telemetry"": 1.4, ""graph"": 176.4}",False,,,,,0.008,11.9,0.3,False,0.009,14.02,0.3,False,0.008,11.96,0.3,False
76.344,380,slm,TOWNSIM_CALIB_CRUCE_FRONTAL,1,reactive,MANTENER_RUMBO,0,40.101790253581925,False,-110.0936050415039,0.42880967259407043,-29.73887825012207,,,,-179.01,False,,,"{""telemetry"": 1.2, ""graph"": 139.7}",False,,,,,0.0,,0.0,False,0.0,,0.0,False,0.0,,0.0,False
76.561,381,slm,TOWNSIM_CALIB_CRUCE_FRONTAL,1,reactive,MANTENER_RUMBO,0,39.51797787890776,False,-110.66874694824219,0.41889244318008423,-29.73801040649414,,,,-179.01,False,,,"{""telemetry"": 1.5, ""graph"": 155.8}",False,,,,,0.009,11.34,0.3,False,0.009,13.95,0.3,False,0.008,11.26,0.3,False
76.779,382,slm,TOWNSIM_CALIB_CRUCE_FRONTAL,1,reactive,MANTENER_RUMBO,0,38.92503614417557,False,-111.26170349121094,0.4086710512638092,-29.737163543701172,,,,-179.01,False,,,"{""telemetry"": 1.5, ""graph"": 173.5}",False,,,,,0.009,12.12,0.3,False,0.009,13.56,0.3,False,0.009,11.31,0.3,False
76.959,383,slm,TOWNSIM_CALIB_CRUCE_FRONTAL,1,reactive,MANTENER_RUMBO,0,38.34094660497637,False,-111.88121032714844,0.39799198508262634,-29.73636245727539,,,,-179.01,False,,,"{""telemetry"": 1.4, ""graph"": 152.0}",False,,,,,0.0,,0.0,False,0.0,,0.0,False,0.0,,0.0,False
77.168,384,slm,TOWNSIM_CALIB_CRUCE_FRONTAL,1,reactive,MANTENER_RUMBO,0,37.756860289073956,False,-112.43876647949219,0.38838082551956177,-29.735641479492188,,,,-179.01,False,,,"{""telemetry"": 1.1, ""graph"": 160.7}",False,,,,,0.01,12.47,0.3,False,0.009,13.79,0.3,False,0.011,10.78,0.3,False
77.359,385,slm,TOWNSIM_CALIB_CRUCE_FRONTAL,1,reactive,MANTENER_RUMBO,0,37.16392748413513,False,-113.01402282714844,0.37846454977989197,-29.734956741333008,,,,-179.01,False,,,"{""telemetry"": 1.1, ""graph"": 152.3}",False,,,,,0.0,,0.001,False,0.0,,0.001,False,0.0,,0.001,False
77.618,386,slm,TOWNSIM_CALIB_CRUCE_FRONTAL,1,reactive,MANTENER_RUMBO,0,36.570997545414464,False,-113.78398132324219,0.3651919960975647,-29.734127044677734,,,,-179.01,False,,,"{""telemetry"": 1.0, ""graph"": 210.5}",False,,,,,0.0,,0.0,False,0.0,,0.0,False,0.0,,0.0,False
77.767,387,slm,TOWNSIM_CALIB_CRUCE_FRONTAL,1,reactive,MANTENER_RUMBO,0,35.95152255861444,False,-114.21763610839844,0.3577166497707367,-29.733659744262695,,,,-179.01,False,,,"{""telemetry"": 2.0, ""graph"": 145.0}",False,,,,,0.01,13.81,0.3,False,0.01,14.35,0.3,False,0.011,10.05,0.3,False
77.976,388,slm,TOWNSIM_CALIB_CRUCE_FRONTAL,1,reactive,MANTENER_RUMBO,0,35.358600577846424,False,-114.82829284667969,0.34719014167785645,-29.733001708984375,,,,-179.01,False,,,"{""telemetry"": 1.2, ""graph"": 154.4}",False,,,,,0.011,14.31,0.3,False,0.01,15.07,0.3,False,0.011,10.07,0.3,False
78.159,389,slm,TOWNSIM_CALIB_CRUCE_FRONTAL,1,reactive,MANTENER_RUMBO,0,34.76568279293172,False,-115.38584899902344,0.33757898211479187,-29.73240089416504,,,,-179.01,False,,,"{""telemetry"": 1.1, ""graph"": 137.3}",False,,,,,0.011,15.2,0.3,False,0.009,14.3,0.3,False,0.012,10.08,0.3,False
78.39,390,slm,TOWNSIM_CALIB_CRUCE_FRONTAL,1,reactive,MANTENER_RUMBO,0,34.17276942227194,False,-116.04075622558594,0.32628968358039856,-29.7316951751709,,,,-179.01,False,,,"{""telemetry"": 1.2, ""graph"": 167.5}",False,,,,,0.012,15.66,0.3,False,0.009,14.79,0.3,False,0.012,9.91,0.3,False
78.58,391,slm,TOWNSIM_CALIB_CRUCE_FRONTAL,1,reactive,MANTENER_RUMBO,0,33.58871004824447,False,-116.62486267089844,0.31622084975242615,-29.73106575012207,,,,-179.01,False,,,"{""telemetry"": 1.5, ""graph"": 157.0}",False,,,,,0.011,16.87,0.3,False,0.008,15.43,0.3,False,0.012,10.25,0.3,False
78.767,392,slm,TOWNSIM_CALIB_CRUCE_FRONTAL,1,reactive,MANTENER_RUMBO,0,32.99580614933405,False,-117.17356872558594,0.3067622482776642,-29.7304744720459,,,,-179.01,False,,,"{""telemetry"": 1.2, ""graph"": 143.6}",False,,,,,0.011,16.94,0.3,False,0.008,14.78,0.3,False,0.011,9.83,0.3,False
79.0,393,slm,TOWNSIM_CALIB_CRUCE_FRONTAL,1,reactive,MANTENER_RUMBO,0,32.40290741396164,False,-117.82847595214844,0.2954729497432709,-29.729768753051758,,,,-179.01,False,,,"{""telemetry"": 1.5, ""graph"": 176.0}",False,,,,,0.011,16.85,0.3,False,0.008,14.2,0.3,False,0.012,9.54,0.3,False
79.165,394,slm,TOWNSIM_CALIB_CRUCE_FRONTAL,1,reactive,MANTENER_RUMBO,0,31.81886324276831,False,-118.35063171386719,0.28647202253341675,-29.729206085205078,,,,-179.01,False,,,"{""telemetry"": 1.3, ""graph"": 141.6}",False,,,,,0.01,17.62,0.3,False,0.008,15.15,0.3,False,0.011,10.24,0.3,False
79.391,395,slm,TOWNSIM_CALIB_CRUCE_FRONTAL,1,reactive,MANTENER_RUMBO,0,31.22597536908576,False,-118.97898864746094,0.2756403982639313,-29.72860336303711,,,,-179.01,False,,,"{""telemetry"": 1.1, ""graph"": 167.4}",False,,,,,0.008,17.49,0.3,False,0.009,14.79,0.3,False,0.012,10.06,0.3,False
79.635,396,slm,TOWNSIM_CALIB_CRUCE_FRONTAL,1,reactive,MANTENER_RUMBO,0,30.64194166202746,False,-119.72239685058594,0.26282551884651184,-29.727962493896484,,,,-179.01,False,,,"{""telemetry"": 1.8, ""graph"": 210.7}",False,,,,,0.008,17.56,0.3,False,0.009,14.58,0.299,False,0.011,11.49,0.3,False
79.8,397,slm,TOWNSIM_CALIB_CRUCE_FRONTAL,1,reactive,MANTENER_RUMBO,0,30.004821074476386,False,-120.20915222167969,0.25443482398986816,-29.727542877197266,,,,-179.01,False,,,"{""telemetry"": 1.2, ""graph"": 160.7}",False,,,,,0.007,17.83,0.3,False,0.008,14.01,0.299,False,0.011,13.6,0.3,False
80.004,398,slm,TOWNSIM_CALIB_CRUCE_FRONTAL,1,reactive,MANTENER_RUMBO,0,29.420800769956177,False,-120.80210876464844,0.24421343207359314,-29.727031707763672,,,,-179.01,False,,,"{""telemetry"": 1.2, ""graph"": 164.3}",False,,,,,0.0,,0.002,False,0.0,,0.002,False,0.0,,0.002,False
80.201,399,slm,TOWNSIM_CALIB_CRUCE_FRONTAL,1,reactive,MANTENER_RUMBO,0,28.82793884925765,False,-121.37736511230469,0.23429715633392334,-29.72653579711914,,,,-179.01,False,,,"{""telemetry"": 1.2, ""graph"": 160.3}",False,,,,,0.0,,0.0,False,0.0,,0.0,False,0.0,,0.0,False
80.385,400,slm,TOWNSIM_CALIB_CRUCE_FRONTAL,1,reactive,MANTENER_RUMBO,0,28.235084612014454,False,-121.93492126464844,0.22468599677085876,-29.726055145263672,,,,-179.01,False,,,"{""telemetry"": 1.3, ""graph"": 143.7}",False,,,,,0.007,17.19,0.3,False,0.008,14.13,0.3,False,0.011,15.94,0.3,False
80.596,401,slm,TOWNSIM_CALIB_CRUCE_FRONTAL,1,reactive,MANTENER_RUMBO,0,27.6422385525971,False,-122.55442810058594,0.2140069305896759,-29.725521087646484,,,,-179.01,False,,,"{""telemetry"": 1.3, ""graph"": 154.5}",False,,,,,0.007,17.67,0.3,False,0.008,14.35,0.3,False,0.011,16.55,0.3,False
80.8,402,slm,TOWNSIM_CALIB_CRUCE_FRONTAL,1,reactive,MANTENER_RUMBO,0,27.05824946041813,False,-123.14738464355469,0.20378553867340088,-29.72500991821289,,,,-179.01,False,,,"{""telemetry"": 1.0, ""graph"": 158.4}",False,,,,,0.007,17.57,0.3,False,0.008,14.15,0.299,False,0.01,16.59,0.3,False
80.984,403,slm,TOWNSIM_CALIB_CRUCE_FRONTAL,1,reactive,MANTENER_RUMBO,0,26.46542127456389,False,-123.69609069824219,0.19432693719863892,-29.724536895751953,,,,-179.01,False,,,"{""telemetry"": 1.0, ""graph"": 142.4}",False,,,,,0.007,17.81,0.3,False,0.008,14.46,0.3,False,0.01,16.81,0.3,False
81.191,404,slm,TOWNSIM_CALIB_CRUCE_FRONTAL,1,reactive,MANTENER_RUMBO,0,25.872603019759197,False,-124.30674743652344,0.18380042910575867,-29.724010467529297,,,,-179.01,False,,,"{""telemetry"": 1.0, ""graph"": 149.2}",False,,,,,0.007,17.69,0.3,False,0.008,14.59,0.3,False,0.01,16.56,0.3,False
81.402,405,slm,TOWNSIM_CALIB_CRUCE_FRONTAL,1,reactive,MANTENER_RUMBO,0,25.288643187884716,False,-124.91740417480469,0.17327392101287842,-29.72348403930664,,,,-179.01,False,,,"{""telemetry"": 1.4, ""graph"": 159.8}",False,,,,,0.007,17.64,0.3,False,0.008,14.37,0.3,False,0.011,16.54,0.3,False
81.601,406,slm,TOWNSIM_CALIB_CRUCE_FRONTAL,1,reactive,MANTENER_RUMBO,0,24.695846782180052,False,-125.49266052246094,0.16335764527320862,-29.72298812866211,,,,-179.01,False,,,"{""telemetry"": 1.0, ""graph"": 158.2}",False,,,,,0.0,,0.0,False,0.0,,0.0,False,0.0,,0.0,False
81.778,407,slm,TOWNSIM_CALIB_CRUCE_FRONTAL,1,reactive,MANTENER_RUMBO,0,24.111910030744397,False,-126.09446716308594,0.15298369526863098,-29.722469329833984,,,,-179.01,False,,,"{""telemetry"": 1.2, ""graph"": 135.6}",False,,,,,0.0,,0.0,False,0.0,,0.0,False,0.0,,0.0,False
82.003,408,slm,TOWNSIM_CALIB_CRUCE_FRONTAL,1,reactive,MANTENER_RUMBO,0,23.519138792956014,False,-126.68742370605469,0.14276230335235596,-29.72195816040039,,,,-179.01,False,,,"{""telemetry"": 1.2, ""graph"": 159.8}",False,,,,,0.007,17.27,0.3,False,0.008,15.69,0.3,False,0.009,17.0,0.3,False
82.201,409,slm,TOWNSIM_CALIB_CRUCE_FRONTAL,1,reactive,MANTENER_RUMBO,0,22.926381707411597,False,-127.23612976074219,0.133303701877594,-29.721485137939453,,,,-179.01,False,,,"{""telemetry"": 1.1, ""graph"": 157.7}",False,,,,,0.007,17.41,0.3,False,0.008,16.51,0.297,False,0.008,17.27,0.3,False
82.403,410,slm,TOWNSIM_CALIB_CRUCE_FRONTAL,1,reactive,MANTENER_RUMBO,0,22.342486675352394,False,-127.86448669433594,0.12247207760810852,-29.720943450927734,,,,-179.01,False,,,"{""telemetry"": 1.2, ""graph"": 159.5}",False,,,,,0.008,17.01,0.3,False,0.009,15.41,0.3,False,0.008,17.19,0.3,False
82.59,411,slm,TOWNSIM_CALIB_CRUCE_FRONTAL,1,reactive,MANTENER_RUMBO,0,21.749761141142656,False,-128.4220428466797,0.11286091804504395,-29.720462799072266,,,,-179.01,False,,,"{""telemetry"": 1.3, ""graph"": 145.7}",False,,,,,0.007,17.08,0.3,False,0.008,15.99,0.298,False,0.007,17.69,0.3,False
82.796,412,slm,TOWNSIM_CALIB_CRUCE_FRONTAL,1,reactive,MANTENER_RUMBO,0,21.16589974739617,False,-129.01499938964844,0.10263952612876892,-29.719951629638672,,,,-179.01,False,,,"{""telemetry"": 1.0, ""graph"": 151.2}",False,,,,,0.0,,0.001,False,0.0,,0.001,False,0.0,,0.001,False
82.988,413,slm,TOWNSIM_CALIB_CRUCE_FRONTAL,1,reactive,MANTENER_RUMBO,0,20.573211251579963,False,-129.6256561279297,0.09211301803588867,-29.719425201416016,,,,-179.01,False,,,"{""telemetry"": 1.6, ""graph"": 143.4}",False,,,,,0.008,16.53,0.3,False,0.009,15.19,0.3,False,0.007,17.59,0.3,False
83.176,414,slm,TOWNSIM_CALIB_CRUCE_FRONTAL,1,reactive,MANTENER_RUMBO,0,19.98938952039073,False,-130.18321228027344,0.0825018584728241,-29.718944549560547,,,,-179.01,False,,,"{""telemetry"": 1.2, ""graph"": 131.0}",False,,,,,0.008,16.8,0.3,False,0.009,15.35,0.299,False,0.007,17.2,0.3,False
83.382,415,slm,TOWNSIM_CALIB_CRUCE_FRONTAL,1,reactive,MANTENER_RUMBO,0,19.396744899855463,False,-130.7938690185547,0.07197535037994385,-29.71841812133789,,,,-179.01,False,,,"{""telemetry"": 1.0, ""graph"": 137.9}",False,,,,,0.009,15.98,0.3,False,0.009,14.78,0.299,False,0.007,17.29,0.3,False
83.589,416,slm,TOWNSIM_CALIB_CRUCE_FRONTAL,1,reactive,MANTENER_RUMBO,0,18.804125516019717,False,-131.40452575683594,0.06144886836409569,-29.717891693115234,,,,-179.01,False,,,"{""telemetry"": 1.4, ""graph"": 143.5}",False,,,,,0.007,17.08,0.3,False,0.009,15.43,0.3,False,0.007,18.19,0.3,False
83.781,417,slm,TOWNSIM_CALIB_CRUCE_FRONTAL,1,reactive,MANTENER_RUMBO,0,18.220378264240097,False,-131.9620819091797,0.051837943494319916,-29.717411041259766,,,,-179.01,False,,,"{""telemetry"": 1.0, ""graph"": 135.5}",False,,,,,0.008,15.95,0.3,False,0.009,15.29,0.299,False,0.007,17.05,0.3,False
83.989,418,slm,TOWNSIM_CALIB_CRUCE_FRONTAL,1,reactive,MANTENER_RUMBO,0,17.62781659337915,False,-132.5815887451172,0.04115913808345795,-29.716876983642578,,,,-179.01,False,,,"{""telemetry"": 1.3, ""graph"": 142.9}",False,,,,,0.008,16.2,0.3,False,0.01,15.09,0.3,False,0.007,17.08,0.3,False
84.177,419,slm,TOWNSIM_CALIB_CRUCE_FRONTAL,1,reactive,MANTENER_RUMBO,0,17.03528855045965,False,-133.12144470214844,0.0318533219397068,-29.716411590576172,,,,-179.01,False,,,"{""telemetry"": 1.1, ""graph"": 130.4}",False,,,,,0.008,16.23,0.3,False,0.009,15.17,0.3,False,0.007,17.38,0.3,False
84.375,420,slm,TOWNSIM_CALIB_CRUCE_FRONTAL,1,reactive,MANTENER_RUMBO,0,16.451640625304638,False,-133.7144012451172,0.021632060408592224,-29.715900421142578,,,,-179.01,False,,,"{""telemetry"": 1.1, ""graph"": 128.3}",False,,,,,0.008,16.34,0.3,False,0.009,15.69,0.3,False,0.007,17.49,0.3,False
84.566,421,slm,TOWNSIM_CALIB_CRUCE_FRONTAL,1,reactive,MANTENER_RUMBO,0,15.859190638756832,False,-134.32505798339844,0.011105680838227272,-29.715373992919922,,,,-179.01,False,,,"{""telemetry"": 0.9, ""graph"": 118.9}",False,,,,,0.0,,0.0,False,0.0,,0.0,False,0.0,,0.0,False
84.787,422,slm,TOWNSIM_CALIB_CRUCE_FRONTAL,1,reactive,MANTENER_RUMBO,0,15.275628326721856,False,-134.92686462402344,0.0007318613352254033,-29.714855194091797,,,,-179.01,False,,,"{""telemetry"": 1.0, ""graph"": 139.2}",False,,,,,0.0,,0.002,False,0.0,,0.002,False,0.0,,0.002,False
84.978,423,slm,TOWNSIM_CALIB_CRUCE_FRONTAL,1,reactive,MANTENER_RUMBO,0,14.683275500976043,False,-135.4844207763672,-0.008879175409674644,-29.714374542236328,,,,-179.01,False,,,"{""telemetry"": 1.2, ""graph"": 129.4}",False,,,,,0.008,16.05,0.3,False,0.01,16.27,0.299,False,0.008,17.31,0.3,False
85.178,424,slm,TOWNSIM_CALIB_CRUCE_FRONTAL,1,reactive,MANTENER_RUMBO,0,14.09098089208995,False,-136.09507751464844,-0.019405554980039597,-29.713848114013672,,,,-179.01,False,,,"{""telemetry"": 1.0, ""graph"": 129.1}",False,,,,,0.008,15.6,0.3,False,0.009,16.18,0.3,False,0.008,16.94,0.3,False
85.385,425,slm,TOWNSIM_CALIB_CRUCE_FRONTAL,1,reactive,MANTENER_RUMBO,0,13.498752163063639,False,-136.69688415527344,-0.029779378324747086,-29.713329315185547,,,,-179.01,False,,,"{""telemetry"": 1.1, ""graph"": 135.6}",False,,,,,0.008,16.04,0.3,False,0.009,16.68,0.299,False,0.008,17.41,0.3,False
85.584,426,slm,TOWNSIM_CALIB_CRUCE_FRONTAL,1,reactive,MANTENER_RUMBO,0,12.906598380467942,False,-137.2898406982422,-0.040000539273023605,-29.712818145751953,,,,-179.01,False,,,"{""telemetry"": 1.0, ""graph"": 134.4}",False,,,,,0.008,16.03,0.3,False,0.009,17.06,0.3,False,0.008,17.7,0.3,False
85.79,427,slm,TOWNSIM_CALIB_CRUCE_FRONTAL,1,reactive,MANTENER_RUMBO,0,12.32336650165967,False,-137.8916473388672,-0.05037423595786095,-29.712299346923828,,,,-179.01,False,,,"{""telemetry"": 1.1, ""graph"": 140.7}",False,,,,,0.008,16.08,0.3,False,0.009,16.65,0.3,False,0.007,17.16,0.3,False
85.976,428,slm,TOWNSIM_CALIB_CRUCE_FRONTAL,1,reactive,MANTENER_RUMBO,0,11.731395649556859,False,-138.44020080566406,-0.05983040854334831,-29.71017074584961,,,,-179.02,False,,,"{""telemetry"": 0.9, ""graph"": 125.7}",False,,,,,0.007,16.18,0.3,False,0.009,16.88,0.3,False,0.007,17.21,0.3,False
86.199,429,slm,TOWNSIM_CALIB_CRUCE_FRONTAL,1,reactive,MANTENER_RUMBO,0,11.15107786727615,False,-139.04736328125,-0.07030002027750015,-29.693161010742188,,,,-179.1,False,,,"{""telemetry"": 0.8, ""graph"": 148.9}",False,,,,,0.0,,0.045,False,0.0,,0.045,False,0.0,,0.045,False
86.408,430,slm,TOWNSIM_CALIB_CRUCE_FRONTAL,1,reactive,MANTENER_RUMBO,0,10.564506270527552,False,-139.65284729003906,-0.08074776828289032,-29.679546356201172,,,,-179.26,False,,,"{""telemetry"": 1.3, ""graph"": 156.8}",False,,,,,0.006,17.47,0.3,False,0.007,10.56,0.3,False,0.006,18.4,0.3,False
86.59,431,slm,TOWNSIM_CALIB_CRUCE_FRONTAL,1,reactive,MANTENER_RUMBO,0,9.978117213727224,False,-140.1968231201172,-0.09001364558935165,-29.68266487121582,,,,-179.43,False,,,"{""telemetry"": 0.9, ""graph"": 139.4}",False,,,,,0.0,,0.001,False,0.0,,0.001,False,0.0,,0.001,False
86.792,432,slm,TOWNSIM_CALIB_CRUCE_FRONTAL,1,reactive,MANTENER_RUMBO,0,9.400366395758926,False,-140.78466796875,-0.09973262250423431,-29.690610885620117,,,,-179.64,False,,,"{""telemetry"": 1.0, ""graph"": 140.6}",False,,,,,0.007,15.62,0.3,False,0.007,12.73,0.298,False,0.007,16.93,0.3,False
86.988,433,slm,TOWNSIM_CALIB_CRUCE_FRONTAL,1,reactive,MANTENER_RUMBO,0,8.813484974257925,False,-141.39083862304688,-0.10942243039608002,-29.70147132873535,,,,-179.86,False,,,"{""telemetry"": 1.0, ""graph"": 136.5}",False,,,,,0.0,,0.0,False,0.0,,0.0,False,0.0,,0.0,False
87.197,434,slm,TOWNSIM_CALIB_CRUCE_FRONTAL,1,reactive,MANTENER_RUMBO,0,8.226051491685375,False,-141.98895263671875,-0.11871330440044403,-29.71425437927246,,,,179.91,False,,,"{""telemetry"": 1.2, ""graph"": 144.5}",False,,,,,0.0,,0.021,False,0.0,,0.021,False,0.0,,0.021,False
87.384,435,slm,TOWNSIM_CALIB_CRUCE_FRONTAL,1,reactive,MANTENER_RUMBO,0,7.646690039638274,False,-142.53482055664062,-0.12701401114463806,-29.726043701171875,,,,179.71,False,,,"{""telemetry"": 0.8, ""graph"": 131.6}",False,,,,,0.0,,0.007,False,0.0,,0.007,False,0.0,,0.007,False
87.591,436,slm,TOWNSIM_CALIB_CRUCE_FRONTAL,1,reactive,MANTENER_RUMBO,0,7.0593774135853655,False,-143.11610412597656,-0.13513778150081635,-29.721595764160156,,,,179.48,False,,,"{""telemetry"": 0.8, ""graph"": 137.6}",False,,,,,0.0,,0.01,False,0.0,,0.01,False,0.0,,0.01,False
87.79,437,slm,TOWNSIM_CALIB_CRUCE_FRONTAL,1,reactive,MANTENER_RUMBO,0,6.480468419127971,False,-143.74229431152344,-0.14189305901527405,-29.715532302856445,,,,179.22,False,,,"{""telemetry"": 0.7, ""graph"": 137.2}",False,,,,,0.0,,0.002,False,0.0,,0.002,False,0.0,,0.002,False
87.98,438,slm,TOWNSIM_CALIB_CRUCE_FRONTAL,1,reactive,MANTENER_RUMBO,0,5.893142786861082,False,-144.2979278564453,-0.14609117805957794,-29.711082458496094,,,,178.99,False,,,"{""telemetry"": 1.3, ""graph"": 126.6}",False,,,,,0.0,,0.003,False,0.0,,0.003,False,0.0,,0.003,False
88.199,439,slm,TOWNSIM_CALIB_CRUCE_FRONTAL,1,reactive,MANTENER_RUMBO,0,5.3063977226518375,False,-144.91529846191406,-0.14909206330776215,-29.70699119567871,,,,178.73,False,,,"{""telemetry"": 0.9, ""graph"": 145.0}",False,,,,,0.0,,0.001,False,0.0,,0.001,False,0.0,,0.001,False
88.379,440,slm,TOWNSIM_CALIB_CRUCE_FRONTAL,1,reactive,MANTENER_RUMBO,0,4.7292323285582825,False,-145.47093200683594,-0.15061454474925995,-29.70392608642578,,,,178.5,False,,,"{""telemetry"": 1.1, ""graph"": 124.7}",False,,,,,0.008,14.53,0.3,False,0.008,14.88,0.299,False,0.008,17.74,0.3,False
88.581,441,slm,TOWNSIM_CALIB_CRUCE_FRONTAL,1,reactive,MANTENER_RUMBO,0,4.14422599580201,False,-146.0712890625,-0.1513095647096634,-29.701147079467773,,,,178.25,False,,,"{""telemetry"": 1.4, ""graph"": 126.6}",False,,,,,0.008,14.8,0.3,False,0.008,14.92,0.3,False,0.007,17.71,0.3,False
88.791,442,slm,TOWNSIM_CALIB_CRUCE_FRONTAL,1,reactive,MANTENER_RUMBO,0,3.560449207171923,False,-146.67205810546875,-0.15126992762088776,-29.698810577392578,,,,178.0,False,,,"{""telemetry"": 1.6, ""graph"": 135.6}",False,,,,,0.008,15.36,0.3,False,0.008,14.26,0.3,False,0.007,16.91,0.3,False
89.021,443,slm,TOWNSIM_CALIB_CRUCE_FRONTAL,1,deliberative,FRENAR,1,19.92054464597935,False,-147.28128051757812,-0.15066781640052795,-29.69696044921875,,,,177.74,False,,,"{""telemetry"": 1.0, ""graph"": 165.5}",True,2315.5,False,False,True,0.01,7.0,0.169,False,0.011,1.56,0.169,False,0.009,8.55,0.169,False
89.187,444,slm,TOWNSIM_CALIB_CRUCE_FRONTAL,1,deliberative,FRENAR,1,19.84854793553033,False,-147.82406616210938,-0.14892445504665375,-29.707815170288086,,,,177.38,False,,,"{""telemetry"": 1.4, ""graph"": 131.0}",True,2315.5,False,False,True,0.0,,0.0,False,0.0,,0.0,False,0.0,,0.0,False
89.404,445,slm,TOWNSIM_CALIB_CRUCE_FRONTAL,1,deliberative,FRENAR,1,19.84253648445741,False,-148.35684204101562,-0.1453062891960144,-29.787111282348633,,,,177.1,False,,,"{""telemetry"": 1.0, ""graph"": 148.7}",True,2315.5,False,False,True,0.0,,0.0,False,0.0,,0.0,False,0.0,,0.0,False
89.598,446,slm,TOWNSIM_CALIB_CRUCE_FRONTAL,1,deliberative,FRENAR,1,19.90938242699482,False,-148.72811889648438,-0.14227594435214996,-29.878908157348633,,,,177.02,False,,,"{""telemetry"": 0.8, ""graph"": 141.7}",True,2315.5,False,False,True,0.005,5.51,0.338,False,0.009,3.79,0.338,False,0.007,9.68,0.338,False
89.796,447,slm,TOWNSIM_CALIB_CRUCE_FRONTAL,1,deliberative,FRENAR,1,19.971010385579376,False,-149.0493621826172,-0.13958440721035004,-29.953113555908203,,,,177.0,False,,,"{""telemetry"": 1.0, ""graph"": 139.9}",True,2315.5,False,False,True,0.0,,0.049,False,0.0,,0.049,False,0.0,,0.049,False
90.001,448,slm,TOWNSIM_CALIB_CRUCE_FRONTAL,1,deliberative,FRENAR,1,20.01022632162446,False,-149.2989959716797,-0.13752248883247375,-29.99791145324707,,,,177.01,False,,,"{""telemetry"": 1.1, ""graph"": 143.8}",True,2315.5,False,False,True,0.0,,0.097,False,0.0,,0.097,False,0.0,,0.097,False
90.192,449,slm,TOWNSIM_CALIB_CRUCE_FRONTAL,1,deliberative,FRENAR,1,20.031339437185583,False,-149.48788452148438,-0.1360027939081192,-30.018239974975586,,,,177.01,False,,,"{""telemetry"": 0.9, ""graph"": 134.7}",True,2315.5,False,False,True,0.0,,0.0,False,0.0,,0.0,False,0.0,,0.0,False
90.392,450,slm,TOWNSIM_CALIB_CRUCE_FRONTAL,1,deliberative,FRENAR,1,20.016749084651707,False,-149.62908935546875,-0.13489340245723724,-29.99834442138672,,,,177.01,False,,,"{""telemetry"": 0.9, ""graph"": 133.8}",True,2315.5,False,False,True,0.0,,0.0,False,0.0,,0.0,False,0.0,,0.0,False
90.618,451,slm,TOWNSIM_CALIB_CRUCE_FRONTAL,1,deliberative,FRENAR,1,19.988624618661706,False,-149.744140625,-0.13400697708129883,-29.968780517578125,,,,177.02,False,,,"{""telemetry"": 1.0, ""graph"": 159.7}",True,2315.5,False,False,True,0.0,,0.0,False,0.0,,0.0,False,0.0,,0.0,False
90.81,452,slm,TOWNSIM_CALIB_CRUCE_FRONTAL,1,deliberative,FRENAR,1,19.958861307876955,False,-149.8223114013672,-0.13341344892978668,-29.942800521850586,,,,177.02,False,,,"{""telemetry"": 1.1, ""graph"": 151.7}",True,2315.5,False,False,True,0.0,,0.0,False,0.0,,0.0,False,0.0,,0.0,False
91.003,453,slm,TOWNSIM_CALIB_CRUCE_FRONTAL,1,deliberative,FRENAR,1,19.94462808176013,False,-149.88015747070312,-0.13297833502292633,-29.934579849243164,,,,177.02,False,,,"{""telemetry"": 1.0, ""graph"": 145.2}",True,2315.5,False,False,True,0.0,,0.0,False,0.0,,0.0,False,0.0,,0.0,False
91.223,454,slm,TOWNSIM_CALIB_CRUCE_FRONTAL,1,deliberative,FRENAR,1,19.93784457948817,False,-149.92620849609375,-0.13263371586799622,-29.928024291992188,,,,177.02,False,,,"{""telemetry"": 0.8, ""graph"": 164.5}",True,2315.5,False,False,True,0.0,,0.0,False,0.0,,0.0,False,0.0,,0.0,False
91.424,455,slm,TOWNSIM_CALIB_CRUCE_FRONTAL,1,deliberative,EVADIR_IZQUIERDA,1,19.93194024303035,False,-149.9583282470703,-0.13239407539367676,-29.922557830810547,,,,177.02,False,,,"{""telemetry"": 1.0, ""graph"": 164.6}",True,2323.7,False,False,True,0.0,,0.0,False,0.0,,0.0,False,0.0,,0.0,False
91.637,456,slm,TOWNSIM_CALIB_CRUCE_FRONTAL,1,evasive,EVADIR_IZQUIERDA,1,19.926907874115116,False,-149.98260498046875,-0.13220636546611786,-29.904808044433594,,,,176.88,False,,,"{""telemetry"": 0.7, ""graph"": 177.7}",False,,,,,0.0,,0.0,False,0.0,,0.0,False,0.0,,0.0,False
91.784,457,slm,TOWNSIM_CALIB_CRUCE_FRONTAL,1,evasive,EVADIR_IZQUIERDA,1,19.840378136033216,False,-150.00473022460938,-0.13179618120193481,-29.791316986083984,,,,175.75,False,,,"{""telemetry"": 0.8, ""graph"": 124.5}",False,,,,,0.0,,0.0,False,0.0,,0.0,False,0.0,,0.0,False
91.939,458,slm,TOWNSIM_CALIB_CRUCE_FRONTAL,1,evasive,EVADIR_IZQUIERDA,1,19.674494743522132,False,-150.05126953125,-0.13008032739162445,-29.619300842285156,,,,173.49,False,,,"{""telemetry"": 0.9, ""graph"": 79.1}",False,,,,,0.0,,0.0,False,0.0,,0.0,False,0.0,,0.0,False
92.144,459,slm,TOWNSIM_CALIB_CRUCE_FRONTAL,1,evasive,EVADIR_IZQUIERDA,1,19.505805121220554,False,-150.12294006347656,-0.12686996161937714,-29.4481258392334,,,,170.78,False,,,"{""telemetry"": 0.9, ""graph"": 84.1}",False,,,,,0.0,,0.0,False,0.0,,0.0,False,0.0,,0.0,False
92.351,460,slm,TOWNSIM_CALIB_CRUCE_FRONTAL,1,evasive,EVADIR_IZQUIERDA,1,19.338109764360652,False,-150.2163543701172,-0.122408427298069,-29.2774658203125,,,,167.87,False,,,"{""telemetry"": 0.8, ""graph"": 90.9}",False,,,,,0.0,,0.0,False,0.0,,0.0,False,0.0,,0.0,False
92.553,461,slm,TOWNSIM_CALIB_CRUCE_FRONTAL,1,reactive,MANTENER_RUMBO,1,19.173997121517115,False,-150.3286895751953,-0.11689047515392303,-29.104848861694336,,,,164.84,False,,,"{""telemetry"": 1.6, ""graph"": 92.0}",False,,,,,0.0,,0.0,False,0.0,,0.0,False,0.0,,0.0,False
92.733,462,slm,TOWNSIM_CALIB_CRUCE_FRONTAL,1,reactive,MANTENER_RUMBO,1,19.011224259849158,False,-150.43716430664062,-0.11147864907979965,-28.971559524536133,,,,162.26,False,,,"{""telemetry"": 0.8, ""graph"": 72.1}",False,,,,,0.0,,0.0,False,0.0,,0.0,False,0.0,,0.0,False
92.936,463,slm,TOWNSIM_CALIB_CRUCE_FRONTAL,1,reactive,MANTENER_RUMBO,1,18.966923166948582,False,-150.5517578125,-0.10600479692220688,-28.953584671020508,,,,158.66,False,,,"{""telemetry"": 0.8, ""graph"": 74.3}",False,,,,,0.0,,0.0,False,0.0,,0.0,False,0.0,,0.0,False
93.151,464,slm,TOWNSIM_CALIB_CRUCE_FRONTAL,1,reactive,MANTENER_RUMBO,1,18.973427213372904,False,-150.65081787109375,-0.10196560621261597,-28.95789337158203,,,,154.23,False,,,"{""telemetry"": 0.8, ""graph"": 89.6}",False,,,,,0.0,,0.0,False,0.0,,0.0,False,0.0,,0.0,False
93.346,465,slm,TOWNSIM_CALIB_CRUCE_FRONTAL,1,reactive,MANTENER_RUMBO,1,18.97930070807367,False,-150.71871948242188,-0.09988151490688324,-28.96055793762207,,,,149.57,False,,,"{""telemetry"": 0.7, ""graph"": 83.7}",False,,,,,0.0,,0.0,False,0.0,,0.0,False,0.0,,0.0,False
93.548,466,slm,TOWNSIM_CALIB_CRUCE_FRONTAL,1,reactive,MANTENER_RUMBO,1,18.98320525294344,False,-150.77081298828125,-0.09899112582206726,-28.961776733398438,,,,143.68,False,,,"{""telemetry"": 0.9, ""graph"": 86.1}",False,,,,,0.0,,0.0,False,0.0,,0.0,False,0.0,,0.0,False
93.757,467,slm,TOWNSIM_CALIB_CRUCE_FRONTAL,1,reactive,MANTENER_RUMBO,1,18.985172336848702,False,-150.8084259033203,-0.09977027028799057,-28.961753845214844,,,,136.51,False,,,"{""telemetry"": 1.1, ""graph"": 94.6}",False,,,,,0.0,,0.0,False,0.0,,0.0,False,0.0,,0.0,False
93.937,468,slm,TOWNSIM_CALIB_CRUCE_FRONTAL,1,reactive,MANTENER_RUMBO,1,18.9860186656083,False,-150.83111572265625,-0.10262864828109741,-28.961334228515625,,,,130.14,False,,,"{""telemetry"": 0.9, ""graph"": 74.7}",False,,,,,0.0,,0.0,False,0.0,,0.0,False,0.0,,0.0,False
94.139,469,slm,TOWNSIM_CALIB_CRUCE_FRONTAL,1,reactive,MANTENER_RUMBO,1,18.986539869621325,False,-150.84771728515625,-0.10701227188110352,-28.960893630981445,,,,124.18,False,,,"{""telemetry"": 0.9, ""graph"": 76.9}",False,,,,,0.0,,0.0,False,0.0,,0.0,False,0.0,,0.0,False
94.344,470,slm,TOWNSIM_CALIB_CRUCE_FRONTAL,1,reactive,MANTENER_RUMBO,1,18.98667412462017,False,-150.8590850830078,-0.1111394613981247,-28.960317611694336,,,,119.0,False,,,"{""telemetry"": 0.7, ""graph"": 81.6}",False,,,,,0.0,,0.0,False,0.0,,0.0,False,0.0,,0.0,False
94.549,471,slm,TOWNSIM_CALIB_CRUCE_FRONTAL,1,reactive,MANTENER_RUMBO,1,18.986536295465086,False,-150.86746215820312,-0.11470026522874832,-28.95965003967285,,,,114.09,False,,,"{""telemetry"": 0.7, ""graph"": 86.0}",False,,,,,0.0,,0.0,False,0.0,,0.0,False,0.0,,0.0,False
94.759,472,slm,TOWNSIM_CALIB_CRUCE_FRONTAL,1,reactive,MANTENER_RUMBO,1,18.986268655703704,False,-150.8732452392578,-0.11741197854280472,-28.959001541137695,,,,109.39,False,,,"{""telemetry"": 1.0, ""graph"": 94.8}",False,,,,,0.0,,0.0,False,0.0,,0.0,False,0.0,,0.0,False
94.963,473,slm,TOWNSIM_CALIB_CRUCE_FRONTAL,1,reactive,MANTENER_RUMBO,1,18.985904200822596,False,-150.8775634765625,-0.11952748149633408,-28.958343505859375,,,,104.68,False,,,"{""telemetry"": 0.7, ""graph"": 99.3}",False,,,,,0.0,,0.0,False,0.0,,0.0,False,0.0,,0.0,False
95.147,474,slm,TOWNSIM_CALIB_CRUCE_FRONTAL,1,reactive,MANTENER_RUMBO,1,18.985476938990615,False,-150.88040161132812,-0.12098921835422516,-28.957752227783203,,,,100.56,False,,,"{""telemetry"": 1.2, ""graph"": 82.7}",False,,,,,0.0,,0.0,False,0.0,,0.0,False,0.0,,0.0,False
95.361,475,slm,TOWNSIM_CALIB_CRUCE_FRONTAL,1,reactive,MANTENER_RUMBO,1,18.984990592877942,False,-150.8826904296875,-0.12226401269435883,-28.957075119018555,,,,96.31,False,,,"{""telemetry"": 0.8, ""graph"": 97.0}",False,,,,,0.0,,0.0,False,0.0,,0.0,False,0.0,,0.0,False
95.556,476,slm,TOWNSIM_CALIB_CRUCE_FRONTAL,1,reactive,MANTENER_RUMBO,1,18.984500068454814,False,-150.88442993164062,-0.12311724573373795,-28.956491470336914,,,,92.71,False,,,"{""telemetry"": 0.8, ""graph"": 91.3}",False,,,,,0.0,,0.0,False,0.0,,0.0,False,0.0,,0.0,False
95.757,477,slm,TOWNSIM_CALIB_CRUCE_FRONTAL,1,reactive,MANTENER_RUMBO,1,18.983962384731576,False,-150.88546752929688,-0.1238141730427742,-28.955867767333984,,,,88.93,False,,,"{""telemetry"": 0.9, ""graph"": 91.9}",False,,,,,0.0,,0.0,False,0.0,,0.0,False,0.0,,0.0,False
95.954,478,slm,TOWNSIM_CALIB_CRUCE_FRONTAL,1,reactive,MANTENER_RUMBO,1,18.98343058229359,False,-150.88644409179688,-0.12430685758590698,-28.955291748046875,,,,85.53,False,,,"{""telemetry"": 1.0, ""graph"": 89.1}",False,,,,,0.0,,0.0,False,0.0,,0.0,False,0.0,,0.0,False
96.159,479,slm,TOWNSIM_CALIB_CRUCE_FRONTAL,1,reactive,MANTENER_RUMBO,1,18.982892032447428,False,-150.88751220703125,-0.12470845878124237,-28.95466423034668,,,,81.99,False,,,"{""telemetry"": 0.9, ""graph"": 93.7}",False,,,,,0.0,,0.0,False,0.0,,0.0,False,0.0,,0.0,False
96.356,480,slm,TOWNSIM_CALIB_CRUCE_FRONTAL,1,reactive,MANTENER_RUMBO,1,18.982361838400763,False,-150.88804626464844,-0.12498001009225845,-28.9541015625,,,,78.94,False,,,"{""telemetry"": 0.9, ""graph"": 89.9}",False,,,,,0.0,,0.0,False,0.0,,0.0,False,0.0,,0.0,False
96.553,481,slm,TOWNSIM_CALIB_CRUCE_FRONTAL,1,deliberative,GANAR_ALTURA,1,18.981793037984684,False,-150.88804626464844,-0.12518566846847534,-28.953535079956055,,,,76.02,False,,,"{""telemetry"": 0.9, ""graph"": 87.1}",True,2323.7,False,False,True,0.0,,0.0,False,0.0,,0.0,False,0.0,,0.0,False
96.746,482,slm,TOWNSIM_CALIB_CRUCE_FRONTAL,1,evasive,GANAR_ALTURA,1,18.981216948104265,False,-150.88804626464844,-0.12533922493457794,-28.952972412109375,,,,73.35,False,,,"{""telemetry"": 1.4, ""graph"": 79.3}",False,,,,,0.0,,0.0,False,0.0,,0.0,False,0.0,,0.0,False
96.973,483,slm,TOWNSIM_CALIB_CRUCE_FRONTAL,1,evasive,GANAR_ALTURA,1,18.98065290686137,False,-150.88804626464844,-0.12546905875205994,-28.95238494873047,,,,70.24,False,,,"{""telemetry"": 0.9, ""graph"": 106.9}",False,,,,,0.0,,0.0,False,0.0,,0.0,False,0.0,,0.0,False
97.152,484,slm,TOWNSIM_CALIB_CRUCE_FRONTAL,1,evasive,GANAR_ALTURA,1,18.98023274437993,False,-150.88804626464844,-0.12554538249969482,-28.952049255371094,,,,67.51,False,,,"{""telemetry"": 0.9, ""graph"": 85.5}",False,,,,,0.0,,0.0,False,0.0,,0.0,False,0.0,,0.0,False
97.403,485,slm,TOWNSIM_CALIB_CRUCE_FRONTAL,1,evasive,GANAR_ALTURA,1,18.979950876027353,False,-150.88804626464844,-0.12562035024166107,-28.951732635498047,,,,63.6,False,,,"{""telemetry"": 1.0, ""graph"": 135.7}",False,,,,,0.0,,0.0,False,0.0,,0.0,False,0.0,,0.0,False
97.559,486,slm,TOWNSIM_CALIB_CRUCE_FRONTAL,1,evasive,GANAR_ALTURA,1,18.979735136962287,False,-150.88804626464844,-0.12565217912197113,-28.951618194580078,,,,61.16,False,,,"{""telemetry"": 1.4, ""graph"": 90.9}",False,,,,,0.0,,0.0,False,0.0,,0.0,False,0.0,,0.0,False
97.761,487,slm,TOWNSIM_CALIB_CRUCE_FRONTAL,1,evasive,GANAR_ALTURA,1,18.9796103423895,False,-150.88804626464844,-0.12568062543869019,-28.951488494873047,,,,57.88,False,,,"{""telemetry"": 1.0, ""graph"": 93.0}",False,,,,,0.0,,0.0,False,0.0,,0.0,False,0.0,,0.0,False
97.972,488,slm,TOWNSIM_CALIB_CRUCE_FRONTAL,1,evasive,GANAR_ALTURA,1,18.97948326611974,False,-150.88804626464844,-0.12569548189640045,-28.951353073120117,,,,54.45,False,,,"{""telemetry"": 1.1, ""graph"": 104.2}",False,,,,,0.0,,0.0,False,0.0,,0.0,False,0.0,,0.0,False
98.194,489,slm,TOWNSIM_CALIB_CRUCE_FRONTAL,1,evasive,GANAR_ALTURA,1,18.979393934539765,False,-150.88804626464844,-0.12569686770439148,-28.951316833496094,,,,50.91,False,,,"{""telemetry"": 1.3, ""graph"": 126.1}",False,,,,,0.0,,0.0,False,0.0,,0.0,False,0.0,,0.0,False
98.375,490,slm,TOWNSIM_CALIB_CRUCE_FRONTAL,1,reactive,MANTENER_RUMBO,1,18.97939381608457,False,-150.88804626464844,-0.12568874657154083,-28.951316833496094,,,,48.05,False,,,"{""telemetry"": 1.0, ""graph"": 106.6}",False,,,,,0.0,,0.0,False,0.0,,0.0,False,0.0,,0.0,False
98.565,491,slm,TOWNSIM_CALIB_CRUCE_FRONTAL,1,reactive,MANTENER_RUMBO,1,18.979351527286376,False,-150.8878631591797,-0.12546944618225098,-28.944541931152344,,,,45.29,False,,,"{""telemetry"": 0.8, ""graph"": 97.4}",False,,,,,0.0,,0.0,False,0.0,,0.0,False,0.0,,0.0,False
98.768,492,slm,TOWNSIM_CALIB_CRUCE_FRONTAL,1,reactive,MANTENER_RUMBO,1,18.91995671744152,False,-150.86647033691406,-0.1031862273812294,-28.86429214477539,,,,43.22,False,,,"{""telemetry"": 0.8, ""graph"": 99.0}",False,,,,,0.0,,0.0,False,0.0,,0.0,False,0.0,,0.0,False
99.034,493,slm,TOWNSIM_CALIB_CRUCE_FRONTAL,1,reactive,MANTENER_RUMBO,1,18.836405843177563,False,-150.7868194580078,-0.02281186915934086,-28.78268051147461,,,,41.55,False,,,"{""telemetry"": 1.7, ""graph"": 163.4}",False,,,,,0.0,,0.0,False,0.0,,0.0,False,0.0,,0.0,False
99.244,494,slm,TOWNSIM_CALIB_CRUCE_FRONTAL,1,reactive,MANTENER_RUMBO,1,18.753328332611694,False,-150.63209533691406,0.12946562469005585,-28.694976806640625,,,,40.04,False,,,"{""telemetry"": 0.7, ""graph"": 174.4}",False,,,,,0.0,,0.0,False,0.0,,0.0,False,0.0,,0.0,False
99.452,495,slm,TOWNSIM_CALIB_CRUCE_FRONTAL,1,reactive,MANTENER_RUMBO,1,18.651777133622158,False,-150.44256591796875,0.31129056215286255,-28.597665786743164,,,,38.91,False,,,"{""telemetry"": 0.9, ""graph"": 182.2}",False,,,,,0.0,,0.052,False,0.0,,0.052,False,0.0,,0.052,False
99.656,496,slm,TOWNSIM_CALIB_CRUCE_FRONTAL,1,reactive,MANTENER_RUMBO,1,18.527433666541622,False,-150.1585235595703,0.5752943158149719,-28.45588493347168,,,,37.66,False,,,"{""telemetry"": 1.0, ""graph"": 185.3}",False,,,,,0.0,,0.0,False,0.0,,0.0,False,0.0,,0.0,False
99.883,497,slm,TOWNSIM_CALIB_CRUCE_FRONTAL,1,reactive,MANTENER_RUMBO,1,18.389433734741456,False,-149.81973266601562,0.8790901899337769,-28.289278030395508,,,,36.21,False,,,"{""telemetry"": 0.8, ""graph"": 211.8}",False,,,,,0.0,,0.0,False,0.0,,0.0,False,0.0,,0.0,False
100.054,498,slm,TOWNSIM_CALIB_CRUCE_FRONTAL,1,reactive,MANTENER_RUMBO,1,18.231340435713854,False,-149.53079223632812,1.129496455192566,-28.145204544067383,,,,34.5,False,,,"{""telemetry"": 0.7, ""graph"": 168.9}",False,,,,,0.0,,0.0,False,0.0,,0.0,False,0.0,,0.0,False
100.215,499,slm,TOWNSIM_CALIB_CRUCE_FRONTAL,1,reactive,MANTENER_RUMBO,1,18.087796065491144,False,-149.1735076904297,1.4303795099258423,-27.975921630859375,,,,30.37,False,,,"{""telemetry"": 0.8, ""graph"": 129.4}",False,,,,,0.0,,0.0,False,0.0,,0.0,False,0.0,,0.0,False
100.43,500,slm,TOWNSIM_CALIB_CRUCE_FRONTAL,1,reactive,MANTENER_RUMBO,1,17.97689260302579,False,-148.86227416992188,1.685884714126587,-27.840059280395508,,,,24.42,False,,,"{""telemetry"": 0.8, ""graph"": 144.6}",False,,,,,0.0,,0.0,False,0.0,,0.0,False,0.0,,0.0,False
100.618,501,slm,TOWNSIM_CALIB_CRUCE_FRONTAL,1,reactive,MANTENER_RUMBO,1,17.88356075770861,False,-148.62896728515625,1.873779535293579,-27.720745086669922,,,,18.11,False,,,"{""telemetry"": 0.9, ""graph"": 131.2}",False,,,,,0.0,,0.0,False,0.0,,0.0,False,0.0,,0.0,False
100.796,502,slm,TOWNSIM_CALIB_CRUCE_FRONTAL,1,reactive,MANTENER_RUMBO,1,17.787625274949935,False,-148.4420623779297,2.02182936668396,-27.600250244140625,,,,11.43,False,,,"{""telemetry"": 0.8, ""graph"": 109.6}",False,,,,,0.0,,0.0,False,0.0,,0.0,False,0.0,,0.0,False
101.01,503,slm,TOWNSIM_CALIB_CRUCE_FRONTAL,1,reactive,MANTENER_RUMBO,1,17.680150189830016,False,-148.26719665527344,2.158010721206665,-27.446069717407227,,,,3.06,False,,,"{""telemetry"": 0.7, ""graph"": 122.6}",False,,,,,0.0,,0.0,False,0.0,,0.0,False,0.0,,0.0,False
101.217,504,slm,TOWNSIM_CALIB_CRUCE_FRONTAL,1,reactive,MANTENER_RUMBO,1,17.55647255813148,False,-148.1365509033203,2.2577006816864014,-27.289384841918945,,,,-5.36,False,,,"{""telemetry"": 0.9, ""graph"": 129.5}",False,,,,,0.0,,0.0,False,0.0,,0.0,False,0.0,,0.0,False
101.411,505,slm,TOWNSIM_CALIB_CRUCE_FRONTAL,1,reactive,MANTENER_RUMBO,1,17.422343817297335,False,-148.03688049316406,2.331857681274414,-27.132417678833008,,,,-13.72,False,,,"{""telemetry"": 2.3, ""graph"": 121.7}",False,,,,,0.0,,0.0,False,0.0,,0.0,False,0.0,,0.0,False
101.592,506,slm,TOWNSIM_CALIB_CRUCE_FRONTAL,1,reactive,MANTENER_RUMBO,1,17.281004834716377,False,-147.96334838867188,2.3849873542785645,-26.985279083251953,,,,-21.52,False,,,"{""telemetry"": 1.2, ""graph"": 103.4}",False,,,,,0.0,,0.0,False,0.0,,0.0,False,0.0,,0.0,False
101.814,507,slm,TOWNSIM_CALIB_CRUCE_FRONTAL,1,reactive,MANTENER_RUMBO,1,17.13549239281266,False,-147.89309692382812,2.433708906173706,-26.850309371948242,,,,-30.5,False,,,"{""telemetry"": 1.0, ""graph"": 125.5}",False,,,,,0.0,,0.0,False,0.0,,0.0,False,0.0,,0.0,False
102.013,508,slm,TOWNSIM_CALIB_CRUCE_FRONTAL,1,reactive,MANTENER_RUMBO,1,17.106437774918312,False,-147.8494415283203,2.4630773067474365,-26.850309371948242,,,,-37.88,False,,,"{""telemetry"": 0.8, ""graph"": 124.1}",False,,,,,0.0,,0.0,False,0.0,,0.0,False,0.0,,0.0,False
102.214,509,slm,TOWNSIM_CALIB_CRUCE_FRONTAL,1,reactive,MANTENER_RUMBO,1,17.115413991734428,False,-147.81773376464844,2.4847047328948975,-26.85014533996582,,,,-44.71,False,,,"{""telemetry"": 0.8, ""graph"": 124.9}",False,,,,,0.0,,0.0,False,0.0,,0.0,False,0.0,,0.0,False
102.384,510,slm,TOWNSIM_CALIB_CRUCE_FRONTAL,1,reactive,MANTENER_RUMBO,1,17.120817629823406,False,-147.7970428466797,2.499222755432129,-26.849681854248047,,,,-50.4,False,,,"{""telemetry"": 0.8, ""graph"": 95.3}",False,,,,,0.0,,0.0,False,0.0,,0.0,False,0.0,,0.0,False
102.571,511,slm,TOWNSIM_CALIB_CRUCE_FRONTAL,1,reactive,MANTENER_RUMBO,1,17.124439394816978,False,-147.78025817871094,2.511448383331299,-26.84898567199707,,,,-56.04,False,,,"{""telemetry"": 1.1, ""graph"": 81.5}",False,,,,,0.0,,0.0,False,0.0,,0.0,False,0.0,,0.0,False
102.773,512,slm,TOWNSIM_CALIB_CRUCE_FRONTAL,1,deliberative,PERDER_ALTURA,1,17.126830551938973,False,-147.7669677734375,2.5214805603027344,-26.848127365112305,,,,-61.23,False,,,"{""telemetry"": 0.8, ""graph"": 83.0}",True,2323.7,False,False,True,0.0,,0.0,False,0.0,,0.0,False,0.0,,0.0,False
102.968,513,slm,TOWNSIM_CALIB_CRUCE_FRONTAL,1,evasive,PERDER_ALTURA,1,17.128389380164666,False,-147.75750732421875,2.5288245677948,-26.843393325805664,,,,-65.67,False,,,"{""telemetry"": 0.7, ""graph"": 78.1}",False,,,,,0.0,,0.0,False,0.0,,0.0,False,0.0,,0.0,False
103.241,514,slm,TOWNSIM_CALIB_CRUCE_FRONTAL,1,evasive,PERDER_ALTURA,1,17.050111788498356,False,-147.74571228027344,2.5279481410980225,-26.708351135253906,,,,-67.29,False,,,"{""telemetry"": 0.8, ""graph"": 150.8}",False,,,,,0.0,,0.0,False,0.0,,0.0,False,0.0,,0.0,False
103.432,515,slm,TOWNSIM_CALIB_CRUCE_FRONTAL,1,evasive,PERDER_ALTURA,1,16.884279670628292,False,-147.7246856689453,2.5000078678131104,-26.546096801757812,,,,-66.32,False,,,"{""telemetry"": 1.1, ""graph"": 142.0}",False,,,,,0.0,,0.0,False,0.0,,0.0,False,0.0,,0.0,False
103.637,516,slm,TOWNSIM_CALIB_CRUCE_FRONTAL,1,evasive,PERDER_ALTURA,1,16.715598673663905,False,-147.6884307861328,2.4368085861206055,-26.37164878845215,,,,-64.73,False,,,"{""telemetry"": 2.3, ""graph"": 144.8}",False,,,,,0.0,,0.0,False,0.0,,0.0,False,0.0,,0.0,False
103.875,517,slm,TOWNSIM_CALIB_CRUCE_FRONTAL,1,evasive,PERDER_ALTURA,1,16.542853434637873,False,-147.63128662109375,2.3274292945861816,-26.169004440307617,,,,-63.89,False,,,"{""telemetry"": 1.5, ""graph"": 183.1}",False,,,,,0.0,,0.0,False,0.0,,0.0,False,0.0,,0.0,False
104.044,518,slm,TOWNSIM_CALIB_CRUCE_FRONTAL,1,evasive,PERDER_ALTURA,1,16.372070149027376,False,-147.58119201660156,2.227853536605835,-26.02058219909668,,,,-64.03,False,,,"{""telemetry"": 0.9, ""graph"": 153.0}",False,,,,,0.0,,0.0,False,0.0,,0.0,False,0.0,,0.0,False
104.247,519,slm,TOWNSIM_CALIB_CRUCE_FRONTAL,1,evasive,PERDER_ALTURA,1,16.199447812974316,False,-147.52182006835938,2.10758113861084,-25.862703323364258,,,,-64.46,False,,,"{""telemetry"": 1.5, ""graph"": 154.2}",False,,,,,0.0,,0.122,False,0.0,,0.122,False,0.0,,0.122,False
104.466,520,slm,TOWNSIM_CALIB_CRUCE_FRONTAL,1,evasive,PERDER_ALTURA,1,16.03112942234875,False,-147.44808959960938,1.9563924074172974,-25.683137893676758,,,,-64.8,False,,,"{""telemetry"": 1.0, ""graph"": 173.7}",False,,,,,0.0,,0.114,False,0.0,,0.114,False,0.0,,0.114,False
104.66,521,slm,TOWNSIM_CALIB_CRUCE_FRONTAL,1,reactive,MANTENER_RUMBO,1,15.862675459622226,False,-147.37771606445312,1.8108159303665161,-25.5224552154541,,,,-64.85,False,,,"{""telemetry"": 0.9, ""graph"": 166.6}",False,,,,,0.0,,0.147,False,0.0,,0.147,False,0.0,,0.147,False
104.845,522,slm,TOWNSIM_CALIB_CRUCE_FRONTAL,1,reactive,MANTENER_RUMBO,1,15.69949443184827,False,-147.29989624023438,1.6490623950958252,-25.35959815979004,,,,-64.9,False,,,"{""telemetry"": 0.9, ""graph"": 151.9}",False,,,,,0.0,,0.0,False,0.0,,0.0,False,0.0,,0.0,False
104.993,523,slm,TOWNSIM_CALIB_CRUCE_FRONTAL,1,reactive,MANTENER_RUMBO,1,15.612349111781903,False,-147.22720336914062,1.498966932296753,-25.33127784729004,,,,-67.37,False,,,"{""telemetry"": 1.1, ""graph"": 99.3}",False,,,,,0.0,,0.0,False,0.0,,0.0,False,0.0,,0.0,False
105.19,524,slm,TOWNSIM_CALIB_CRUCE_FRONTAL,1,reactive,MANTENER_RUMBO,1,15.627423920062597,False,-147.16912841796875,1.3829158544540405,-25.341650009155273,,,,-71.66,False,,,"{""telemetry"": 1.6, ""graph"": 95.7}",False,,,,,0.0,,0.0,False,0.0,,0.0,False,0.0,,0.0,False
105.397,525,slm,TOWNSIM_CALIB_CRUCE_FRONTAL,1,reactive,MANTENER_RUMBO,1,15.637306936420543,False,-147.11968994140625,1.2897675037384033,-25.348060607910156,,,,-76.67,False,,,"{""telemetry"": 0.8, ""graph"": 102.8}",False,,,,,0.0,,0.0,False,0.0,,0.0,False,0.0,,0.0,False
105.573,526,slm,TOWNSIM_CALIB_CRUCE_FRONTAL,1,reactive,MANTENER_RUMBO,1,15.64673707958319,False,-147.0852508544922,1.228761911392212,-25.35253143310547,,,,-81.3,False,,,"{""telemetry"": 0.9, ""graph"": 78.6}",False,,,,,0.0,,0.0,False,0.0,,0.0,False,0.0,,0.0,False
105.789,527,slm,TOWNSIM_CALIB_CRUCE_FRONTAL,1,reactive,MANTENER_RUMBO,1,15.652574519155973,False,-147.0530548095703,1.174508810043335,-25.354957580566406,,,,-86.77,False,,,"{""telemetry"": 0.8, ""graph"": 94.5}",False,,,,,0.0,,0.0,False,0.0,,0.0,False,0.0,,0.0,False
105.985,528,slm,TOWNSIM_CALIB_CRUCE_FRONTAL,1,reactive,MANTENER_RUMBO,1,15.65743382467778,False,-147.02981567382812,1.1368985176086426,-25.356796264648438,,,,-91.4,False,,,"{""telemetry"": 0.8, ""graph"": 90.2}",False,,,,,0.0,,0.0,False,0.0,,0.0,False,0.0,,0.0,False
106.193,529,slm,TOWNSIM_CALIB_CRUCE_FRONTAL,1,reactive,MANTENER_RUMBO,1,15.660875079912612,False,-147.0112762451172,1.1073942184448242,-25.35782814025879,,,,-96.04,False,,,"{""telemetry"": 0.8, ""graph"": 97.2}",False,,,,,0.0,,0.0,False,0.0,,0.0,False,0.0,,0.0,False
106.379,530,slm,TOWNSIM_CALIB_CRUCE_FRONTAL,1,reactive,MANTENER_RUMBO,1,15.663251765058511,False,-146.99908447265625,1.088133454322815,-25.358243942260742,,,,-99.88,False,,,"{""telemetry"": 1.3, ""graph"": 82.4}",False,,,,,0.0,,0.0,False,0.0,,0.0,False,0.0,,0.0,False
106.604,531,slm,TOWNSIM_CALIB_CRUCE_FRONTAL,1,reactive,MANTENER_RUMBO,1,15.664808988949527,False,-146.98828125,1.0709033012390137,-25.35839080810547,,,,-104.02,False,,,"{""telemetry"": 1.2, ""graph"": 107.3}",False,,,,,0.0,,0.0,False,0.0,,0.0,False,0.0,,0.0,False
106.789,532,slm,TOWNSIM_CALIB_CRUCE_FRONTAL,1,reactive,MANTENER_RUMBO,1,15.665797059550613,False,-146.9815216064453,1.0600004196166992,-25.358318328857422,,,,-107.57,False,,,"{""telemetry"": 0.8, ""graph"": 92.8}",False,,,,,0.0,,0.0,False,0.0,,0.0,False,0.0,,0.0,False
106.981,533,slm,TOWNSIM_CALIB_CRUCE_FRONTAL,1,reactive,MANTENER_RUMBO,1,15.666381652124848,False,-146.97625732421875,1.0514286756515503,-25.358125686645508,,,,-111.17,False,,,"{""telemetry"": 1.3, ""graph"": 83.3}",False,,,,,0.0,,0.0,False,0.0,,0.0,False,0.0,,0.0,False
107.221,534,slm,TOWNSIM_CALIB_CRUCE_FRONTAL,1,reactive,MANTENER_RUMBO,1,15.666679744143085,False,-146.97178649902344,1.0437312126159668,-25.357772827148438,,,,-115.25,False,,,"{""telemetry"": 0.8, ""graph"": 124.0}",False,,,,,0.0,,0.0,False,0.0,,0.0,False,0.0,,0.0,False
107.377,535,slm,TOWNSIM_CALIB_CRUCE_FRONTAL,1,reactive,MANTENER_RUMBO,1,15.66670789048109,False,-146.96945190429688,1.0398026704788208,-25.35746955871582,,,,-117.97,False,,,"{""telemetry"": 0.9, ""graph"": 79.7}",False,,,,,0.0,,0.0,False,0.0,,0.0,False,0.0,,0.0,False
107.584,536,slm,TOWNSIM_CALIB_CRUCE_FRONTAL,1,reactive,MANTENER_RUMBO,1,15.666598125857652,False,-146.9674072265625,1.0359700918197632,-25.357086181640625,,,,-121.08,False,,,"{""telemetry"": 0.9, ""graph"": 86.1}",False,,,,,0.0,,0.0,False,0.0,,0.0,False,0.0,,0.0,False
107.815,537,slm,TOWNSIM_CALIB_CRUCE_FRONTAL,1,reactive,MANTENER_RUMBO,1,15.666441013666459,False,-146.96575927734375,1.0327479839324951,-25.356578826904297,,,,-124.33,False,,,"{""telemetry"": 0.8, ""graph"": 117.2}",False,,,,,0.0,,0.0,False,0.0,,0.0,False,0.0,,0.0,False
108.013,538,slm,TOWNSIM_CALIB_CRUCE_FRONTAL,1,deliberative,GIRAR_90,1,15.666090300428444,False,-146.9647674560547,1.0307592153549194,-25.356124877929688,,,,-127.02,False,,,"{""telemetry"": 0.8, ""graph"": 114.5}",True,2323.7,False,False,True,0.0,,0.0,False,0.0,,0.0,False,0.0,,0.0,False
108.197,539,slm,TOWNSIM_CALIB_CRUCE_FRONTAL,1,evasive,GIRAR_90,1,19.485926795827506,False,-146.9638214111328,1.0293248891830444,-25.35329818725586,,,,-129.57,False,,,"{""telemetry"": 1.0, ""graph"": 97.8}",False,,,,,0.0,,0.0,False,0.0,,0.0,False,0.0,,0.0,False
108.379,540,slm,TOWNSIM_CALIB_CRUCE_FRONTAL,1,evasive,GIRAR_90,1,19.476496121191946,False,-146.96316528320312,1.0282516479492188,-25.338008880615234,,,,-132.13,False,,,"{""telemetry"": 0.7, ""graph"": 79.4}",False,,,,,0.0,,0.0,False,0.0,,0.0,False,0.0,,0.0,False
108.594,541,slm,TOWNSIM_CALIB_CRUCE_FRONTAL,1,evasive,GIRAR_90,1,19.462562298662156,False,-146.96316528320312,1.0272945165634155,-25.319875717163086,,,,-135.05,False,,,"{""telemetry"": 1.1, ""graph"": 93.7}",False,,,,,0.0,,0.0,False,0.0,,0.0,False,0.0,,0.0,False
108.793,542,slm,TOWNSIM_CALIB_CRUCE_FRONTAL,1,evasive,GIRAR_90,1,19.45091429471599,False,-146.96316528320312,1.0266350507736206,-25.306108474731445,,,,-137.91,False,,,"{""telemetry"": 0.8, ""graph"": 93.3}",False,,,,,0.0,,0.0,False,0.0,,0.0,False,0.0,,0.0,False
109.035,543,slm,TOWNSIM_CALIB_CRUCE_FRONTAL,1,evasive,GIRAR_90,1,19.44145129740407,False,-146.96316528320312,1.0260523557662964,-25.292831420898438,,,,-141.45,False,,,"{""telemetry"": 1.7, ""graph"": 133.2}",False,,,,,0.0,,0.0,False,0.0,,0.0,False,0.0,,0.0,False
109.184,544,slm,TOWNSIM_CALIB_CRUCE_FRONTAL,1,evasive,GIRAR_90,1,19.43375419739567,False,-146.96316528320312,1.0257835388183594,-25.28618621826172,,,,-143.64,False,,,"{""telemetry"": 0.9, ""graph"": 83.3}",False,,,,,0.0,,0.0,False,0.0,,0.0,False,0.0,,0.0,False
109.395,545,slm,TOWNSIM_CALIB_CRUCE_FRONTAL,1,evasive,GIRAR_90,1,19.427386637612162,False,-146.96316528320312,1.025483250617981,-25.27816390991211,,,,-146.82,False,,,"{""telemetry"": 2.1, ""graph"": 93.0}",False,,,,,0.0,,0.0,False,0.0,,0.0,False,0.0,,0.0,False
109.601,546,slm,TOWNSIM_CALIB_CRUCE_FRONTAL,1,evasive,GIRAR_90,1,19.422260814906032,False,-146.96316528320312,1.0252736806869507,-25.272010803222656,,,,-149.83,False,,,"{""telemetry"": 1.0, ""graph"": 98.9}",False,,,,,0.0,,0.0,False,0.0,,0.0,False,0.0,,0.0,False
109.787,547,slm,TOWNSIM_CALIB_CRUCE_FRONTAL,1,reactive,MANTENER_RUMBO,1,19.417986181753797,False,-146.96316528320312,1.0251275300979614,-25.267305374145508,,,,-152.62,False,,,"{""telemetry"": 1.7, ""graph"": 84.1}",False,,,,,0.0,,0.0,False,0.0,,0.0,False,0.0,,0.0,False
110.017,548,slm,TOWNSIM_CALIB_CRUCE_FRONTAL,1,reactive,MANTENER_RUMBO,1,19.41349018217661,False,-146.9635772705078,1.0247882604599,-25.246286392211914,,,,-155.63,False,,,"{""telemetry"": 0.9, ""graph"": 114.2}",False,,,,,0.0,,0.0,False,0.0,,0.0,False,0.0,,0.0,False
110.25,549,slm,TOWNSIM_CALIB_CRUCE_FRONTAL,1,reactive,MANTENER_RUMBO,1,19.35169338250835,False,-146.98831176757812,1.013061285018921,-25.161638259887695,,,,-157.52,False,,,"{""telemetry"": 0.7, ""graph"": 147.6}",False,,,,,0.0,,0.0,False,0.0,,0.0,False,0.0,,0.0,False
110.453,550,slm,TOWNSIM_CALIB_CRUCE_FRONTAL,1,reactive,MANTENER_RUMBO,1,19.239638716686965,False,-147.08616638183594,0.968386173248291,-25.079227447509766,,,,-159.43,False,,,"{""telemetry"": 0.7, ""graph"": 149.9}",False,,,,,0.0,,0.0,False,0.0,,0.0,False,0.0,,0.0,False
110.656,551,slm,TOWNSIM_CALIB_CRUCE_FRONTAL,1,reactive,MANTENER_RUMBO,1,19.080020610541276,False,-147.27845764160156,0.8832384347915649,-24.984333038330078,,,,-161.35,False,,,"{""telemetry"": 0.8, ""graph"": 153.0}",False,,,,,0.0,,0.0,False,0.0,,0.0,False,0.0,,0.0,False
110.846,552,slm,TOWNSIM_CALIB_CRUCE_FRONTAL,1,reactive,MANTENER_RUMBO,1,18.8564060366596,False,-147.52053833007812,0.7800305485725403,-24.87950897216797,,,,-162.91,False,,,"{""telemetry"": 0.9, ""graph"": 141.9}",False,,,,,0.0,,0.0,False,0.0,,0.0,False,0.0,,0.0,False
111.035,553,slm,TOWNSIM_CALIB_CRUCE_FRONTAL,1,reactive,MANTENER_RUMBO,1,18.57684436407502,False,-147.81837463378906,0.6591587066650391,-24.756216049194336,,,,-164.37,False,,,"{""telemetry"": 0.9, ""graph"": 129.8}",False,,,,,0.0,,0.0,False,0.0,,0.0,False,0.0,,0.0,False
111.242,554,slm,TOWNSIM_CALIB_CRUCE_FRONTAL,1,reactive,MANTENER_RUMBO,1,18.259120921447437,False,-148.1957244873047,0.5121002197265625,-24.605836868286133,,,,-165.88,False,,,"{""telemetry"": 0.7, ""graph"": 136.9}",False,,,,,0.0,,0.0,False,0.0,,0.0,False,0.0,,0.0,False
111.47,555,slm,TOWNSIM_CALIB_CRUCE_FRONTAL,1,deliberative,FRENAR,1,17.903746802140926,False,-148.61245727539062,0.35777711868286133,-24.438884735107422,,,,-167.25,False,,,"{""telemetry"": 1.0, ""graph"": 164.4}",True,2323.7,False,False,True,0.0,6.32,0.431,False,0.065,1.22,0.431,True,0.014,1.14,0.431,True
111.66,556,slm,TOWNSIM_CALIB_CRUCE_FRONTAL,1,deliberative,FRENAR,1,17.533964693402872,False,-149.0303192138672,0.21388402581214905,-24.28449058532715,,,,-168.54,False,,,"{""telemetry"": 1.8, ""graph"": 153.4}",True,2323.7,False,False,True,0.029,1.58,0.217,False,0.003,2.77,0.217,False,0.016,3.28,0.217,False
111.862,557,slm,TOWNSIM_CALIB_CRUCE_FRONTAL,1,deliberative,FRENAR,1,17.22025443339057,False,-149.44097900390625,0.08116207271814346,-24.259069442749023,,,,-169.5,False,,,"{""telemetry"": 1.1, ""graph"": 155.0}",True,2323.7,False,False,True,0.0,,0.093,False,0.0,,0.093,False,0.0,,0.093,False
112.052,558,slm,TOWNSIM_CALIB_CRUCE_FRONTAL,1,deliberative,FRENAR,1,17.084083933440084,False,-149.80166625976562,-0.0324002206325531,-24.341733932495117,,,,-169.88,False,,,"{""telemetry"": 1.4, ""graph"": 144.9}",True,2323.7,False,False,True,0.0,,0.0,False,0.0,,0.0,False,0.0,,0.0,False
112.263,559,slm,TOWNSIM_CALIB_CRUCE_FRONTAL,1,deliberative,FRENAR,1,16.99631484659834,False,-150.07958984375,-0.11938168108463287,-24.410066604614258,,,,-169.98,False,,,"{""telemetry"": 1.0, ""graph"": 156.5}",True,2323.7,False,False,True,0.0,,0.0,False,0.0,,0.0,False,0.0,,0.0,False
112.448,560,slm,TOWNSIM_CALIB_CRUCE_FRONTAL,1,deliberative,FRENAR,1,16.92694166360086,False,-150.26327514648438,-0.17682288587093353,-24.448408126831055,,,,-170.0,False,,,"{""telemetry"": 1.1, ""graph"": 141.2}",True,2323.7,False,False,True,0.0,,0.0,False,0.0,,0.0,False,0.0,,0.0,False
112.656,561,slm,TOWNSIM_CALIB_CRUCE_FRONTAL,1,deliberative,FRENAR,1,16.870762223868535,False,-150.41600036621094,-0.2246202975511551,-24.47403907775879,,,,-170.0,False,,,"{""telemetry"": 1.1, ""graph"": 148.2}",True,2323.7,False,False,True,0.0,,0.0,False,0.0,,0.0,False,0.0,,0.0,False
112.841,562,slm,TOWNSIM_CALIB_CRUCE_FRONTAL,1,deliberative,FRENAR,1,16.824497938467353,False,-150.52972412109375,-0.26026079058647156,-24.488922119140625,,,,-170.0,False,,,"{""telemetry"": 1.0, ""graph"": 132.9}",True,2323.7,False,False,True,0.0,,0.0,False,0.0,,0.0,False,0.0,,0.0,False
113.034,563,slm,TOWNSIM_CALIB_CRUCE_FRONTAL,1,deliberative,FRENAR,1,16.788204407160386,False,-150.6144561767578,-0.2868350148200989,-24.49748992919922,,,,-169.99,False,,,"{""telemetry"": 1.0, ""graph"": 126.2}",True,2323.7,False,False,True,0.0,,0.0,False,0.0,,0.0,False,0.0,,0.0,False
113.253,564,slm,TOWNSIM_CALIB_CRUCE_FRONTAL,1,deliberative,FRENAR,1,16.75936007114302,False,-150.6854248046875,-0.30910250544548035,-24.502941131591797,,,,-169.99,False,,,"{""telemetry"": 1.1, ""graph"": 145.0}",True,2323.7,False,False,True,0.0,,0.0,False,0.0,,0.0,False,0.0,,0.0,False
113.437,565,slm,TOWNSIM_CALIB_CRUCE_FRONTAL,1,deliberative,FRENAR,1,16.73706203983576,False,-150.73094177246094,-0.3234013020992279,-24.505558013916016,,,,-169.99,False,,,"{""telemetry"": 1.4, ""graph"": 127.4}",True,2323.7,False,False,True,0.0,,0.0,False,0.0,,0.0,False,0.0,,0.0,False
113.641,566,slm,TOWNSIM_CALIB_CRUCE_FRONTAL,1,deliberative,FRENAR,1,16.720191175133017,False,-150.7689971923828,-0.3353590965270996,-24.507158279418945,,,,-169.98,False,,,"{""telemetry"": 1.1, ""graph"": 132.4}",True,2323.7,False,False,True,0.0,,0.0,False,0.0,,0.0,False,0.0,,0.0,False
113.843,567,slm,TOWNSIM_CALIB_CRUCE_FRONTAL,1,deliberative,MANTENER_RUMBO,1,16.707070857095285,False,-150.7953643798828,-0.34364405274391174,-24.50790023803711,,,,-169.98,False,,,"{""telemetry"": 1.0, ""graph"": 134.1}",True,2234.4,False,False,True,0.0,,0.0,False,0.0,,0.0,False,0.0,,0.0,False
114.045,568,slm,TOWNSIM_CALIB_CRUCE_FRONTAL,1,reactive,MANTENER_RUMBO,1,16.69706741970503,False,-150.81678771972656,-0.350364089012146,-24.50389289855957,,,,-170.0,False,,,"{""telemetry"": 0.8, ""graph"": 135.5}",False,,,,,0.0,,0.0,False,0.0,,0.0,False,0.0,,0.0,False
114.274,569,slm,TOWNSIM_CALIB_CRUCE_FRONTAL,1,girar_90,GIRAR_90,1,16.629659029670652,False,-150.8661346435547,-0.36139991879463196,-24.41517448425293,,,,-170.68,False,,,"{""telemetry"": 0.8, ""graph"": 163.7}",False,,,,,0.023,0.4,0.462,True,0.024,0.12,0.462,True,0.023,0.45,0.462,True
114.444,570,slm,TOWNSIM_CALIB_CRUCE_FRONTAL,1,evasive,GIRAR_90,1,16.510474659151857,False,-150.99407958984375,-0.38549625873565674,-24.344287872314453,,,,-171.74,False,,,"{""telemetry"": 0.8, ""graph"": 134.0}",False,,,,,0.0,,0.0,False,0.0,,0.0,False,0.0,,0.0,False
114.601,571,slm,TOWNSIM_CALIB_CRUCE_FRONTAL,1,evasive,GIRAR_90,1,16.373486711492067,False,-151.20179748535156,-0.42347341775894165,-24.30392074584961,,,,-174.12,False,,,"{""telemetry"": 0.9, ""graph"": 90.1}",False,,,,,0.0,,0.0,False,0.0,,0.0,False,0.0,,0.0,False
114.795,572,slm,TOWNSIM_CALIB_CRUCE_FRONTAL,1,evasive,GIRAR_90,1,16.275458398923416,False,-151.3793182373047,-0.4558606445789337,-24.29819679260254,,,,-176.74,False,,,"{""telemetry"": 0.8, ""graph"": 83.0}",False,,,,,0.0,,0.0,False,0.0,,0.0,False,0.0,,0.0,False
115.003,573,slm,TOWNSIM_CALIB_CRUCE_FRONTAL,1,evasive,GIRAR_90,1,16.202942028282077,False,-151.53512573242188,-0.48436206579208374,-24.299352645874023,,,,-179.72,False,,,"{""telemetry"": 0.8, ""graph"": 91.8}",False,,,,,0.0,,0.0,False,0.0,,0.0,False,0.0,,0.0,False
115.215,574,slm,TOWNSIM_CALIB_CRUCE_FRONTAL,1,evasive,GIRAR_90,1,16.147958058698542,False,-151.65817260742188,-0.5069158673286438,-24.299100875854492,,,,177.15,False,,,"{""telemetry"": 1.0, ""graph"": 103.5}",False,,,,,0.0,,0.0,False,0.0,,0.0,False,0.0,,0.0,False
115.407,575,slm,TOWNSIM_CALIB_CRUCE_FRONTAL,1,reactive,MANTENER_RUMBO,1,16.103939835006308,False,-151.74224853515625,-0.5223436951637268,-24.29688262939453,,,,174.31,False,,,"{""telemetry"": 0.9, ""graph"": 94.3}",False,,,,,0.0,,0.0,False,0.0,,0.0,False,0.0,,0.0,False
115.588,576,slm,TOWNSIM_CALIB_CRUCE_FRONTAL,1,reactive,MANTENER_RUMBO,1,16.069136564389222,False,-151.80410766601562,-0.5336591005325317,-24.288118362426758,,,,171.89,False,,,"{""telemetry"": 0.9, ""graph"": 75.3}",False,,,,,0.0,,0.0,False,0.0,,0.0,False,0.0,,0.0,False
115.868,577,slm,TOWNSIM_CALIB_CRUCE_FRONTAL,1,girar_90,GIRAR_90,1,15.974393724327292,False,-151.88877868652344,-0.539915144443512,-24.192922592163086,,,,170.23,False,,,"{""telemetry"": 0.9, ""graph"": 155.4}",False,,,,,0.08,0.44,0.692,True,0.11,0.08,0.692,True,0.076,0.29,0.692,True
116.044,578,slm,TOWNSIM_CALIB_CRUCE_FRONTAL,1,evasive,GIRAR_90,1,15.835506210453433,False,-152.05039978027344,-0.5306204557418823,-24.113515853881836,,,,169.04,False,,,"{""telemetry"": 0.7, ""graph"": 131.9}",False,,,,,0.0,,0.0,False,0.0,,0.0,False,0.0,,0.0,False
116.204,579,slm,TOWNSIM_CALIB_CRUCE_FRONTAL,1,evasive,GIRAR_90,1,15.686488388137711,False,-152.29493713378906,-0.5080219507217407,-24.07281494140625,,,,166.59,False,,,"{""telemetry"": 0.9, ""graph"": 91.4}",False,,,,,0.0,,0.0,False,0.0,,0.0,False,0.0,,0.0,False
116.402,580,slm,TOWNSIM_CALIB_CRUCE_FRONTAL,1,evasive,GIRAR_90,1,15.585672818771148,False,-152.49884033203125,-0.48763012886047363,-24.07147216796875,,,,163.89,False,,,"{""telemetry"": 0.9, ""graph"": 88.8}",False,,,,,0.0,,0.0,False,0.0,,0.0,False,0.0,,0.0,False
116.617,581,slm,TOWNSIM_CALIB_CRUCE_FRONTAL,1,evasive,GIRAR_90,1,15.512817316496745,False,-152.67691040039062,-0.4695197343826294,-24.07645034790039,,,,160.79,False,,,"{""telemetry"": 1.1, ""graph"": 104.1}",False,,,,,0.0,,0.0,False,0.0,,0.0,False,0.0,,0.0,False
116.802,582,slm,TOWNSIM_CALIB_CRUCE_FRONTAL,1,evasive,GIRAR_90,1,15.456936852516336,False,-152.79534912109375,-0.457414448261261,-24.0782413482666,,,,158.07,False,,,"{""telemetry"": 1.2, ""graph"": 88.1}",False,,,,,0.0,,0.0,False,0.0,,0.0,False,0.0,,0.0,False
116.993,583,slm,TOWNSIM_CALIB_CRUCE_FRONTAL,1,reactive,MANTENER_RUMBO,1,15.413327955451571,False,-152.88719177246094,-0.4480157792568207,-24.07741928100586,,,,155.32,False,,,"{""telemetry"": 1.2, ""graph"": 79.2}",False,,,,,0.0,,0.0,False,0.0,,0.0,False,0.0,,0.0,False
117.199,584,slm,TOWNSIM_CALIB_CRUCE_FRONTAL,1,reactive,MANTENER_RUMBO,1,15.377268305957912,False,-152.96424865722656,-0.44007885456085205,-24.066862106323242,,,,152.79,False,,,"{""telemetry"": 0.8, ""graph"": 84.6}",False,,,,,0.0,,0.0,False,0.0,,0.0,False,0.0,,0.0,False
117.457,585,slm,TOWNSIM_CALIB_CRUCE_FRONTAL,1,reactive,MANTENER_RUMBO,1,15.28135869564071,False,-153.0511932373047,-0.42073553800582886,-23.974016189575195,,,,151.79,False,,,"{""telemetry"": 0.8, ""graph"": 142.8}",False,,,,,0.0,,0.0,False,0.0,,0.0,False,0.0,,0.0,False
117.665,586,slm,TOWNSIM_CALIB_CRUCE_FRONTAL,1,reactive,MANTENER_RUMBO,1,15.14364838320387,False,-153.19496154785156,-0.36566805839538574,-23.876916885375977,,,,151.7,False,,,"{""telemetry"": 0.9, ""graph"": 149.8}",False,,,,,0.0,,0.0,False,0.0,,0.0,False,0.0,,0.0,False
117.868,587,slm,TOWNSIM_CALIB_CRUCE_FRONTAL,1,reactive,MANTENER_RUMBO,1,14.980206311028416,False,-153.39767456054688,-0.273116797208786,-23.78899574279785,,,,152.03,False,,,"{""telemetry"": 0.9, ""graph"": 152.4}",False,,,,,0.0,,0.072,False,0.0,,0.072,False,0.0,,0.072,False
118.06,588,slm,TOWNSIM_CALIB_CRUCE_FRONTAL,1,reactive,MANTENER_RUMBO,1,14.771482833616808,False,-153.69407653808594,-0.12871499359607697,-23.65933609008789,,,,152.75,False,,,"{""telemetry"": 1.0, ""graph"": 144.3}",False,,,,,0.0,,0.0,False,0.0,,0.0,False,0.0,,0.0,False
118.246,589,slm,TOWNSIM_CALIB_CRUCE_FRONTAL,1,reactive,MANTENER_RUMBO,1,14.519891521735762,False,-154.00250244140625,0.026656853035092354,-23.52891731262207,,,,153.53,False,,,"{""telemetry"": 0.8, ""graph"": 129.4}",False,,,,,0.0,,0.0,False,0.0,,0.0,False,0.0,,0.0,False
118.452,590,slm,TOWNSIM_CALIB_CRUCE_FRONTAL,1,reactive,MANTENER_RUMBO,1,14.24816257131063,False,-154.38304138183594,0.22203150391578674,-23.37420654296875,,,,154.48,False,,,"{""telemetry"": 1.0, ""graph"": 135.2}",False,,,,,0.0,,0.0,False,0.0,,0.0,False,0.0,,0.0,False
118.681,591,slm,TOWNSIM_CALIB_CRUCE_FRONTAL,1,reactive,MANTENER_RUMBO,1,13.960579328938199,False,-154.80398559570312,0.44093722105026245,-23.210155487060547,,,,155.48,False,,,"{""telemetry"": 1.3, ""graph"": 164.2}",False,,,,,0.0,,0.009,False,0.0,,0.009,False,0.0,,0.009,False
118.847,592,slm,TOWNSIM_CALIB_CRUCE_FRONTAL,1,reactive,MANTENER_RUMBO,1,13.675460964236722,False,-155.21157836914062,0.6545949578285217,-23.05722999572754,,,,156.42,False,,,"{""telemetry"": 1.4, ""graph"": 130.1}",False,,,,,0.0,,0.0,False,0.0,,0.0,False,0.0,,0.0,False
119.083,593,slm,TOWNSIM_CALIB_CRUCE_FRONTAL,1,deliberative,FRENAR,1,13.391242274796223,False,-155.67779541015625,0.8972132205963135,-22.888078689575195,,,,157.55,False,,,"{""telemetry"": 0.9, ""graph"": 165.2}",True,2234.4,False,False,True,0.012,1.1,0.451,True,0.015,2.65,0.451,False,0.013,7.36,0.451,False
119.278,594,slm,TOWNSIM_CALIB_CRUCE_FRONTAL,1,deliberative,FRENAR,1,13.122060271854243,False,-156.1464385986328,1.134350061416626,-22.727590560913086,,,,158.77,False,,,"{""telemetry"": 0.7, ""graph"": 160.5}",True,2234.4,False,False,True,0.0,,0.049,False,0.0,,0.049,False,0.0,,0.049,False
119.477,595,slm,TOWNSIM_CALIB_CRUCE_FRONTAL,1,deliberative,FRENAR,1,12.94328488699249,False,-156.56878662109375,1.342225193977356,-22.712493896484375,,,,159.62,False,,,"{""telemetry"": 0.7, ""graph"": 159.6}",True,2234.4,False,False,True,0.025,0.41,0.179,False,0.027,0.11,0.179,False,0.025,0.44,0.179,False
119.641,596,slm,TOWNSIM_CALIB_CRUCE_FRONTAL,1,deliberative,FRENAR,1,12.969172464049473,False,-156.89337158203125,1.5002856254577637,-22.809226989746094,,,,159.94,False,,,"{""telemetry"": 0.9, ""graph"": 122.7}",True,2234.4,False,False,True,0.0,,0.0,False,0.0,,0.0,False,0.0,,0.0,False
119.886,597,slm,TOWNSIM_CALIB_CRUCE_FRONTAL,1,deliberative,FRENAR,1,13.021754843908488,False,-157.20616149902344,1.6522401571273804,-22.907855987548828,,,,160.05,False,,,"{""telemetry"": 1.2, ""graph"": 167.2}",True,2234.4,False,False,True,0.0,,0.0,False,0.0,,0.0,False,0.0,,0.0,False
120.058,598,slm,TOWNSIM_CALIB_CRUCE_FRONTAL,1,deliberative,FRENAR,1,13.060893449234795,False,-157.38345336914062,1.738412857055664,-22.955575942993164,,,,160.07,False,,,"{""telemetry"": 1.0, ""graph"": 139.5}",True,2234.4,False,False,True,0.0,,0.0,False,0.0,,0.0,False,0.0,,0.0,False
120.242,599,slm,TOWNSIM_CALIB_CRUCE_FRONTAL,1,deliberative,FRENAR,1,13.085498565318424,False,-157.5283203125,1.8088949918746948,-22.988128662109375,,,,160.07,False,,,"{""telemetry"": 1.0, ""graph"": 122.6}",True,2234.4,False,False,True,0.0,,0.0,False,0.0,,0.0,False,0.0,,0.0,False
120.452,600,slm,TOWNSIM_CALIB_CRUCE_FRONTAL,1,deliberative,FRENAR,1,13.100051102736515,False,-157.64878845214844,1.8675576448440552,-23.010316848754883,,,,160.07,False,,,"{""telemetry"": 1.5, ""graph"": 131.7}",True,2234.4,False,False,True,0.0,,0.0,False,0.0,,0.0,False,0.0,,0.0,False
120.67,601,slm,TOWNSIM_CALIB_CRUCE_FRONTAL,1,deliberative,FRENAR,1,13.108822611096741,False,-157.74525451660156,1.9145643711090088,-23.0247745513916,,,,160.06,False,,,"{""telemetry"": 1.1, ""graph"": 150.8}",True,2234.4,False,False,True,0.0,,0.0,False,0.0,,0.0,False,0.0,,0.0,False
120.849,602,slm,TOWNSIM_CALIB_CRUCE_FRONTAL,1,deliberative,FRENAR,1,13.114039689948465,False,-157.80184936523438,1.9421569108963013,-23.031869888305664,,,,160.06,False,,,"{""telemetry"": 1.1, ""graph"": 129.1}",True,2234.4,False,False,True,0.0,,0.0,False,0.0,,0.0,False,0.0,,0.0,False
121.061,603,slm,TOWNSIM_CALIB_CRUCE_FRONTAL,1,deliberative,FRENAR,1,13.117140276172142,False,-157.85414123535156,1.9676668643951416,-23.037508010864258,,,,160.06,False,,,"{""telemetry"": 1.0, ""graph"": 140.8}",True,2234.4,False,False,True,0.0,,0.0,False,0.0,,0.0,False,0.0,,0.0,False
121.257,604,slm,TOWNSIM_CALIB_CRUCE_FRONTAL,1,deliberative,FRENAR,1,13.119045395213714,False,-157.8896484375,1.9849944114685059,-23.040822982788086,,,,160.06,False,,,"{""telemetry"": 0.9, ""graph"": 137.5}",True,2234.4,False,False,True,0.0,,0.0,False,0.0,,0.0,False,0.0,,0.0,False
121.469,605,slm,TOWNSIM_CALIB_CRUCE_FRONTAL,1,deliberative,MANTENER_RUMBO,1,13.120219996672239,False,-157.91775512695312,1.9987125396728516,-23.04311752319336,,,,160.05,False,,,"{""telemetry"": 1.3, ""graph"": 148.7}",True,2245.7,False,False,True,0.0,,0.0,False,0.0,,0.0,False,0.0,,0.0,False
121.665,606,slm,TOWNSIM_CALIB_CRUCE_FRONTAL,1,reactive,MANTENER_RUMBO,1,13.120911738763258,False,-157.93812561035156,2.0086660385131836,-23.035799026489258,,,,160.18,False,,,"{""telemetry"": 0.9, ""graph"": 144.8}",False,,,,,0.0,,0.0,False,0.0,,0.0,False,0.0,,0.0,False
121.868,607,slm,TOWNSIM_CALIB_CRUCE_FRONTAL,1,reactive,MANTENER_RUMBO,1,13.036119000708636,False,-157.95806884765625,2.018014669418335,-22.894485473632812,,,,162.02,False,,,"{""telemetry"": 1.0, ""graph"": 147.3}",False,,,,,0.0,,0.0,False,0.0,,0.0,False,0.0,,0.0,False
121.999,608,slm,TOWNSIM_CALIB_CRUCE_FRONTAL,1,reactive,MANTENER_RUMBO,1,12.849583484252944,False,-157.98150634765625,2.028001070022583,-22.719633102416992,,,,164.92,False,,,"{""telemetry"": 0.9, ""graph"": 78.4}",False,,,,,0.0,,0.0,False,0.0,,0.0,False,0.0,,0.0,False
122.207,609,slm,TOWNSIM_CALIB_CRUCE_FRONTAL,1,reactive,MANTENER_RUMBO,1,12.66576273947893,False,-158.01025390625,2.0394301414489746,-22.531869888305664,,,,168.75,False,,,"{""telemetry"": 0.9, ""graph"": 86.3}",False,,,,,0.0,,0.0,False,0.0,,0.0,False,0.0,,0.0,False
122.448,610,slm,TOWNSIM_CALIB_CRUCE_FRONTAL,1,reactive,MANTENER_RUMBO,1,12.483954898805646,False,-158.0435028076172,2.0520474910736084,-22.314369201660156,,,,173.72,False,,,"{""telemetry"": 0.8, ""graph"": 126.1}",False,,,,,0.0,,0.0,False,0.0,,0.0,False,0.0,,0.0,False
122.635,611,slm,TOWNSIM_CALIB_CRUCE_FRONTAL,1,reactive,MANTENER_RUMBO,1,12.30623117147257,False,-158.06735229492188,2.060643196105957,-22.176727294921875,,,,177.55,False,,,"{""telemetry"": 1.5, ""graph"": 112.4}",False,,,,,0.0,,0.0,False,0.0,,0.0,False,0.0,,0.0,False
122.823,612,slm,TOWNSIM_CALIB_CRUCE_FRONTAL,1,reactive,MANTENER_RUMBO,1,12.2443439253984,False,-158.08726501464844,2.0675606727600098,-22.173585891723633,,,,-178.7,False,,,"{""telemetry"": 1.4, ""graph"": 100.6}",False,,,,,0.0,,0.0,False,0.0,,0.0,False,0.0,,0.0,False
123.016,613,slm,TOWNSIM_CALIB_CRUCE_FRONTAL,1,reactive,MANTENER_RUMBO,1,12.256848624403217,False,-158.10289001464844,2.0729236602783203,-22.18292236328125,,,,-175.07,False,,,"{""telemetry"": 0.9, ""graph"": 92.4}",False,,,,,0.0,,0.0,False,0.0,,0.0,False,0.0,,0.0,False
123.22,614,slm,TOWNSIM_CALIB_CRUCE_FRONTAL,1,reactive,MANTENER_RUMBO,1,12.256067129998435,False,-158.1148223876953,2.0770130157470703,-22.181055068969727,,,,-171.88,False,,,"{""telemetry"": 0.8, ""graph"": 96.3}",False,,,,,0.0,,0.0,False,0.0,,0.0,False,0.0,,0.0,False
123.401,615,slm,TOWNSIM_CALIB_CRUCE_FRONTAL,1,reactive,MANTENER_RUMBO,1,12.25379043023348,False,-158.12257385253906,2.0796635150909424,-22.174890518188477,,,,-169.41,False,,,"{""telemetry"": 0.9, ""graph"": 77.0}",False,,,,,0.0,,0.0,False,0.0,,0.0,False,0.0,,0.0,False
123.608,616,slm,TOWNSIM_CALIB_CRUCE_FRONTAL,1,reactive,MANTENER_RUMBO,1,12.185696532046528,False,-158.13877868652344,2.0802717208862305,-22.092403411865234,,,,-167.0,False,,,"{""telemetry"": 1.1, ""graph"": 82.7}",False,,,,,0.0,,0.0,False,0.0,,0.0,False,0.0,,0.0,False
123.813,617,slm,TOWNSIM_CALIB_CRUCE_FRONTAL,1,reactive,MANTENER_RUMBO,1,12.080902661522549,False,-158.18118286132812,2.074672222137451,-21.977558135986328,,,,-164.82,False,,,"{""telemetry"": 0.9, ""graph"": 87.5}",False,,,,,0.0,,0.0,False,0.0,,0.0,False,0.0,,0.0,False
124.018,618,slm,TOWNSIM_CALIB_CRUCE_FRONTAL,1,reactive,MANTENER_RUMBO,1,11.956640678299541,False,-158.26353454589844,2.0586416721343994,-21.8511962890625,,,,-162.66,False,,,"{""telemetry"": 0.9, ""graph"": 92.7}",False,,,,,0.0,,0.0,False,0.0,,0.0,False,0.0,,0.0,False
124.208,619,slm,TOWNSIM_CALIB_CRUCE_FRONTAL,1,reactive,MANTENER_RUMBO,1,11.824345829268136,False,-158.38035583496094,2.0315277576446533,-21.726598739624023,,,,-160.5,False,,,"{""telemetry"": 1.5, ""graph"": 81.2}",False,,,,,0.0,,0.0,False,0.0,,0.0,False,0.0,,0.0,False
124.402,620,slm,TOWNSIM_CALIB_CRUCE_FRONTAL,1,reactive,MANTENER_RUMBO,1,11.68272545070608,False,-158.5620574951172,1.9842572212219238,-21.604698181152344,,,,-158.15,False,,,"{""telemetry"": 1.6, ""graph"": 75.1}",False,,,,,0.0,,0.0,False,0.0,,0.0,False,0.0,,0.0,False
124.608,621,slm,TOWNSIM_CALIB_CRUCE_FRONTAL,1,reactive,MANTENER_RUMBO,1,11.540452670086687,False,-158.78005981445312,1.922817587852478,-21.455568313598633,,,,-155.78,False,,,"{""telemetry"": 0.9, ""graph"": 80.9}",False,,,,,0.0,,0.0,False,0.0,,0.0,False,0.0,,0.0,False
124.825,622,slm,TOWNSIM_CALIB_CRUCE_FRONTAL,1,reactive,MANTENER_RUMBO,1,11.381741874163078,False,-159.06143188476562,1.8343387842178345,-21.300739288330078,,,,-153.17,False,,,"{""telemetry"": 0.9, ""graph"": 97.9}",False,,,,,0.0,,0.0,False,0.0,,0.0,False,0.0,,0.0,False
125.019,623,slm,TOWNSIM_CALIB_CRUCE_FRONTAL,1,reactive,MANTENER_RUMBO,1,11.22927899269529,False,-159.3234100341797,1.745046615600586,-21.151639938354492,,,,-150.91,False,,,"{""telemetry"": 0.9, ""graph"": 92.0}",False,,,,,0.0,,0.0,False,0.0,,0.0,False,0.0,,0.0,False
125.213,624,slm,TOWNSIM_CALIB_CRUCE_FRONTAL,1,reactive,MANTENER_RUMBO,1,11.077625426432803,False,-159.5815887451172,1.6507065296173096,-21.000446319580078,,,,-148.35,False,,,"{""telemetry"": 0.8, ""graph"": 85.3}",False,,,,,0.0,,0.0,False,0.0,,0.0,False,0.0,,0.0,False
125.412,625,slm,TOWNSIM_CALIB_CRUCE_FRONTAL,1,reactive,MANTENER_RUMBO,1,10.939823041045049,False,-159.8114471435547,1.5621968507766724,-20.861446380615234,,,,-145.34,False,,,"{""telemetry"": 0.7, ""graph"": 84.1}",False,,,,,0.0,,0.0,False,0.0,,0.0,False,0.0,,0.0,False
125.613,626,slm,TOWNSIM_CALIB_CRUCE_FRONTAL,1,reactive,MANTENER_RUMBO,1,10.822264830707738,False,-160.0087890625,1.4833319187164307,-20.735645294189453,,,,-141.82,False,,,"{""telemetry"": 0.8, ""graph"": 84.9}",False,,,,,0.0,,0.0,False,0.0,,0.0,False,0.0,,0.0,False
125.808,627,slm,TOWNSIM_CALIB_CRUCE_FRONTAL,1,reactive,MANTENER_RUMBO,1,10.707569184163015,False,-160.16380310058594,1.4199100732803345,-20.603174209594727,,,,-137.76,False,,,"{""telemetry"": 0.9, ""graph"": 79.1}",False,,,,,0.0,,0.0,False,0.0,,0.0,False,0.0,,0.0,False
126.009,628,slm,TOWNSIM_CALIB_CRUCE_FRONTAL,1,reactive,MANTENER_RUMBO,1,10.586246436700058,False,-160.28695678710938,1.3686330318450928,-20.482023239135742,,,,-133.21,False,,,"{""telemetry"": 1.6, ""graph"": 79.5}",False,,,,,0.0,,0.0,False,0.0,,0.0,False,0.0,,0.0,False
126.208,629,slm,TOWNSIM_CALIB_CRUCE_FRONTAL,1,reactive,MANTENER_RUMBO,1,10.574936876257073,False,-160.374755859375,1.331956386566162,-20.479482650756836,,,,-128.38,False,,,"{""telemetry"": 0.7, ""graph"": 78.9}",False,,,,,0.0,,0.0,False,0.0,,0.0,False,0.0,,0.0,False
126.408,630,slm,TOWNSIM_CALIB_CRUCE_FRONTAL,1,reactive,MANTENER_RUMBO,1,10.587016515051788,False,-160.44000244140625,1.3054451942443848,-20.48199462890625,,,,-122.56,False,,,"{""telemetry"": 0.8, ""graph"": 79.0}",False,,,,,0.0,,0.0,False,0.0,,0.0,False,0.0,,0.0,False
126.615,631,slm,TOWNSIM_CALIB_CRUCE_FRONTAL,1,deliberative,GANAR_ALTURA,1,10.59448265434031,False,-160.48899841308594,1.2873915433883667,-20.482141494750977,,,,-115.32,False,,,"{""telemetry"": 0.8, ""graph"": 85.4}",True,2245.7,False,False,True,0.0,,0.0,False,0.0,,0.0,False,0.0,,0.0,False
126.815,632,slm,TOWNSIM_CALIB_CRUCE_FRONTAL,1,evasive,GANAR_ALTURA,1,10.59924394820015,False,-160.5244903564453,1.2775535583496094,-20.481563568115234,,,,-108.23,False,,,"{""telemetry"": 0.7, ""graph"": 84.9}",False,,,,,0.0,,0.0,False,0.0,,0.0,False,0.0,,0.0,False
127.02,633,slm,TOWNSIM_CALIB_CRUCE_FRONTAL,1,evasive,GANAR_ALTURA,1,10.603082043181955,False,-160.551025390625,1.2726422548294067,-20.481239318847656,,,,-101.25,False,,,"{""telemetry"": 1.2, ""graph"": 89.6}",False,,,,,0.0,,0.0,False,0.0,,0.0,False,0.0,,0.0,False
127.203,634,slm,TOWNSIM_CALIB_CRUCE_FRONTAL,1,evasive,GANAR_ALTURA,1,10.605770019464819,False,-160.56910705566406,1.2703311443328857,-20.480825424194336,,,,-94.4,False,,,"{""telemetry"": 0.7, ""graph"": 72.7}",False,,,,,0.0,,0.0,False,0.0,,0.0,False,0.0,,0.0,False
127.414,635,slm,TOWNSIM_CALIB_CRUCE_FRONTAL,1,evasive,GANAR_ALTURA,1,10.607749954264564,False,-160.58433532714844,1.2690693140029907,-20.480424880981445,,,,-86.41,False,,,"{""telemetry"": 0.9, ""graph"": 82.6}",False,,,,,0.0,,0.0,False,0.0,,0.0,False,0.0,,0.0,False
127.627,636,slm,TOWNSIM_CALIB_CRUCE_FRONTAL,1,evasive,GANAR_ALTURA,1,10.609160204816389,False,-160.59552001953125,1.2683591842651367,-20.480085372924805,,,,-78.31,False,,,"{""telemetry"": 0.9, ""graph"": 95.7}",False,,,,,0.0,,0.0,False,0.0,,0.0,False,0.0,,0.0,False
127.82,637,slm,TOWNSIM_CALIB_CRUCE_FRONTAL,1,evasive,GANAR_ALTURA,1,10.610241183611013,False,-160.6030731201172,1.2674287557601929,-20.479839324951172,,,,-70.74,False,,,"{""telemetry"": 1.0, ""graph"": 87.2}",False,,,,,0.0,,0.0,False,0.0,,0.0,False,0.0,,0.0,False
128.032,638,slm,TOWNSIM_CALIB_CRUCE_FRONTAL,1,evasive,GANAR_ALTURA,1,10.610978254000639,False,-160.60842895507812,1.2654328346252441,-20.479707717895508,,,,-62.68,False,,,"{""telemetry"": 1.0, ""graph"": 98.5}",False,,,,,0.0,,0.0,False,0.0,,0.0,False,0.0,,0.0,False
128.235,639,slm,TOWNSIM_CALIB_CRUCE_FRONTAL,1,evasive,GANAR_ALTURA,1,10.61135850922543,False,-160.61109924316406,1.26199209690094,-20.47957992553711,,,,-54.85,False,,,"{""telemetry"": 1.1, ""graph"": 100.9}",False,,,,,0.0,,0.0,False,0.0,,0.0,False,0.0,,0.0,False
128.417,640,slm,TOWNSIM_CALIB_CRUCE_FRONTAL,1,reactive,MANTENER_RUMBO,1,10.61129510686718,False,-160.6111297607422,1.2574782371520996,-20.47946548461914,,,,-47.83,False,,,"{""telemetry"": 1.1, ""graph"": 83.3}",False,,,,,0.0,,0.0,False,0.0,,0.0,False,0.0,,0.0,False
128.643,641,slm,TOWNSIM_CALIB_CRUCE_FRONTAL,1,reactive,MANTENER_RUMBO,1,10.610723552762828,False,-160.60791015625,1.2502827644348145,-20.479080200195312,,,,-40.31,False,,,"{""telemetry"": 0.8, ""graph"": 109.0}",False,,,,,0.0,,0.0,False,0.0,,0.0,False,0.0,,0.0,False
128.849,642,slm,TOWNSIM_CALIB_CRUCE_FRONTAL,1,reactive,MANTENER_RUMBO,1,10.609361208166481,False,-160.60353088378906,1.2436796426773071,-20.46328353881836,,,,-35.8,False,,,"{""telemetry"": 0.8, ""graph"": 115.2}",False,,,,,0.0,,0.0,False,0.0,,0.0,False,0.0,,0.0,False
129.039,643,slm,TOWNSIM_CALIB_CRUCE_FRONTAL,1,reactive,MANTENER_RUMBO,1,10.527319926228559,False,-160.59031677246094,1.23122239112854,-20.34481430053711,,,,-32.7,False,,,"{""telemetry"": 0.9, ""graph"": 105.1}",False,,,,,0.0,,0.0,False,0.0,,0.0,False,0.0,,0.0,False
129.272,644,slm,TOWNSIM_CALIB_CRUCE_FRONTAL,1,reactive,MANTENER_RUMBO,1,10.391564765688575,False,-160.5277557373047,1.184272289276123,-20.199478149414062,,,,-29.65,False,,,"{""telemetry"": 1.0, ""graph"": 136.8}",False,,,,,0.0,,0.0,False,0.0,,0.0,False,0.0,,0.0,False
129.454,645,slm,TOWNSIM_CALIB_CRUCE_FRONTAL,1,reactive,MANTENER_RUMBO,1,10.260907537397395,False,-160.43133544921875,1.118606686592102,-20.088912963867188,,,,-27.58,False,,,"{""telemetry"": 0.8, ""graph"": 118.6}",False,,,,,0.0,,0.0,False,0.0,,0.0,False,0.0,,0.0,False
129.721,646,slm,TOWNSIM_CALIB_CRUCE_FRONTAL,1,reactive,MANTENER_RUMBO,1,10.125896989040509,False,-160.2758026123047,1.0201096534729004,-19.976882934570312,,,,-25.66,False,,,"{""telemetry"": 1.5, ""graph"": 184.0}",False,,,,,0.0,,0.044,False,0.0,,0.044,False,0.0,,0.044,False
129.915,647,slm,TOWNSIM_CALIB_CRUCE_FRONTAL,1,reactive,MANTENER_RUMBO,1,9.979593487262058,False,-160.0715789794922,0.898605465888977,-19.84979248046875,,,,-23.88,False,,,"{""telemetry"": 0.8, ""graph"": 178.7}",False,,,,,0.0,,0.008,False,0.0,,0.008,False,0.0,,0.008,False
130.132,648,slm,TOWNSIM_CALIB_CRUCE_FRONTAL,1,reactive,MANTENER_RUMBO,1,9.818860989195104,False,-159.7954559326172,0.7434309124946594,-19.704883575439453,,,,-21.97,False,,,"{""telemetry"": 0.8, ""graph"": 195.1}",False,,,,,0.0,,0.014,False,0.0,,0.014,False,0.0,,0.014,False
130.301,649,slm,TOWNSIM_CALIB_CRUCE_FRONTAL,1,reactive,MANTENER_RUMBO,1,9.658225144631118,False,-159.5147705078125,0.5914371609687805,-19.57021713256836,,,,-20.32,False,,,"{""telemetry"": 1.1, ""graph"": 163.3}",False,,,,,0.0,,0.0,False,0.0,,0.0,False,0.0,,0.0,False
130.464,650,slm,TOWNSIM_CALIB_CRUCE_FRONTAL,1,reactive,MANTENER_RUMBO,1,9.496182757090958,False,-159.11602783203125,0.3858942687511444,-19.389284133911133,,,,-17.97,False,,,"{""telemetry"": 0.8, ""graph"": 126.3}",False,,,,,0.0,,0.0,False,0.0,,0.0,False,0.0,,0.0,False
130.66,651,slm,TOWNSIM_CALIB_CRUCE_FRONTAL,1,reactive,MANTENER_RUMBO,1,9.338774348487705,False,-158.75045776367188,0.21008126437664032,-19.22665786743164,,,,-15.53,False,,,"{""telemetry"": 0.8, ""graph"": 122.2}",False,,,,,0.0,,0.0,False,0.0,,0.0,False,0.0,,0.0,False
130.873,652,slm,TOWNSIM_CALIB_CRUCE_FRONTAL,1,reactive,MANTENER_RUMBO,1,9.196966172888192,False,-158.37289428710938,0.03892262652516365,-19.066728591918945,,,,-12.17,False,,,"{""telemetry"": 0.8, ""graph"": 134.3}",False,,,,,0.0,,0.0,False,0.0,,0.0,False,0.0,,0.0,False
131.073,653,slm,TOWNSIM_CALIB_CRUCE_FRONTAL,1,reactive,MANTENER_RUMBO,1,9.092858765247877,False,-158.05409240722656,-0.09916060417890549,-18.93044090270996,,,,-7.77,False,,,"{""telemetry"": 0.9, ""graph"": 134.6}",False,,,,,0.0,,0.0,False,0.0,,0.0,False,0.0,,0.0,False
131.282,654,slm,TOWNSIM_CALIB_CRUCE_FRONTAL,1,reactive,MANTENER_RUMBO,1,9.005804091750353,False,-157.79042053222656,-0.20931637287139893,-18.798864364624023,,,,-2.13,False,,,"{""telemetry"": 1.0, ""graph"": 142.7}",False,,,,,0.0,,0.0,False,0.0,,0.0,False,0.0,,0.0,False
131.485,655,slm,TOWNSIM_CALIB_CRUCE_FRONTAL,1,reactive,MANTENER_RUMBO,1,8.917508284465752,False,-157.5552978515625,-0.3044860064983368,-18.645721435546875,,,,5.27,False,,,"{""telemetry"": 1.3, ""graph"": 144.2}",False,,,,,0.0,,0.0,False,0.0,,0.0,False,0.0,,0.0,False
131.646,656,slm,TOWNSIM_CALIB_CRUCE_FRONTAL,1,reactive,MANTENER_RUMBO,1,8.818758510954735,False,-157.41595458984375,-0.3593868613243103,-18.541501998901367,,,,11.35,False,,,"{""telemetry"": 1.4, ""graph"": 105.2}",False,,,,,0.0,,0.0,False,0.0,,0.0,False,0.0,,0.0,False
131.879,657,slm,TOWNSIM_CALIB_CRUCE_FRONTAL,1,reactive,MANTENER_RUMBO,1,8.804658773531497,False,-157.2801971435547,-0.4118278920650482,-18.549894332885742,,,,20.57,False,,,"{""telemetry"": 0.7, ""graph"": 138.0}",False,,,,,0.0,,0.0,False,0.0,,0.0,False,0.0,,0.0,False
132.062,658,slm,TOWNSIM_CALIB_CRUCE_FRONTAL,1,reactive,MANTENER_RUMBO,1,8.8499107230878,False,-157.2072296142578,-0.4418734610080719,-18.565563201904297,,,,28.34,False,,,"{""telemetry"": 3.5, ""graph"": 118.2}",False,,,,,0.0,,0.0,False,0.0,,0.0,False,0.0,,0.0,False
132.285,659,slm,TOWNSIM_CALIB_CRUCE_FRONTAL,1,reactive,MANTENER_RUMBO,1,8.879115249393896,False,-157.15542602539062,-0.46954914927482605,-18.572587966918945,,,,37.26,False,,,"{""telemetry"": 0.8, ""graph"": 143.5}",False,,,,,0.0,,0.0,False,0.0,,0.0,False,0.0,,0.0,False
132.458,660,slm,TOWNSIM_CALIB_CRUCE_FRONTAL,1,reactive,MANTENER_RUMBO,1,8.891494861515062,False,-157.13339233398438,-0.4858132302761078,-18.571868896484375,,,,43.8,False,,,"{""telemetry"": 0.8, ""graph"": 115.3}",False,,,,,0.0,,0.0,False,0.0,,0.0,False,0.0,,0.0,False
132.641,661,slm,TOWNSIM_CALIB_CRUCE_FRONTAL,1,reactive,MANTENER_RUMBO,1,8.897284265687434,False,-157.11814880371094,-0.49969232082366943,-18.570674896240234,,,,50.59,False,,,"{""telemetry"": 0.7, ""graph"": 98.2}",False,,,,,0.0,,0.0,False,0.0,,0.0,False,0.0,,0.0,False
132.843,662,slm,TOWNSIM_CALIB_CRUCE_FRONTAL,1,reactive,MANTENER_RUMBO,1,8.900803115063672,False,-157.1072540283203,-0.5112798810005188,-18.56926918029785,,,,57.14,False,,,"{""telemetry"": 0.8, ""graph"": 100.3}",False,,,,,0.0,,0.0,False,0.0,,0.0,False,0.0,,0.0,False
133.045,663,slm,TOWNSIM_CALIB_CRUCE_FRONTAL,1,reactive,MANTENER_RUMBO,1,8.9028906443846,False,-157.10003662109375,-0.5199428200721741,-18.567928314208984,,,,62.86,False,,,"{""telemetry"": 1.0, ""graph"": 101.7}",False,,,,,0.0,,0.0,False,0.0,,0.0,False,0.0,,0.0,False
133.237,664,slm,TOWNSIM_CALIB_CRUCE_FRONTAL,1,reactive,MANTENER_RUMBO,1,8.904138887546523,False,-157.09527587890625,-0.5260807275772095,-18.56676483154297,,,,67.74,False,,,"{""telemetry"": 0.9, ""graph"": 93.1}",False,,,,,0.0,,0.0,False,0.0,,0.0,False,0.0,,0.0,False
133.43,665,slm,TOWNSIM_CALIB_CRUCE_FRONTAL,1,reactive,MANTENER_RUMBO,1,8.904809974855254,False,-157.09181213378906,-0.5308147072792053,-18.565692901611328,,,,72.28,False,,,"{""telemetry"": 0.8, ""graph"": 85.5}",False,,,,,0.0,,0.0,False,0.0,,0.0,False,0.0,,0.0,False
133.647,666,slm,TOWNSIM_CALIB_CRUCE_FRONTAL,1,reactive,MANTENER_RUMBO,1,8.905113252967778,False,-157.08901977539062,-0.534783661365509,-18.564586639404297,,,,76.97,False,,,"{""telemetry"": 1.4, ""graph"": 101.3}",False,,,,,0.0,,0.0,False,0.0,,0.0,False,0.0,,0.0,False
133.847,667,slm,TOWNSIM_CALIB_CRUCE_FRONTAL,1,reactive,MANTENER_RUMBO,1,8.905155642011827,False,-157.08700561523438,-0.5374796390533447,-18.563688278198242,,,,80.95,False,,,"{""telemetry"": 1.5, ""graph"": 101.5}",False,,,,,0.0,,0.0,False,0.0,,0.0,False,0.0,,0.0,False
134.067,668,slm,TOWNSIM_CALIB_CRUCE_FRONTAL,1,deliberative,PERDER_ALTURA,1,8.905042999677399,False,-157.08575439453125,-0.5396871566772461,-18.56273078918457,,,,85.04,False,,,"{""telemetry"": 0.9, ""graph"": 121.4}",True,2245.7,False,False,True,0.0,,0.0,False,0.0,,0.0,False,0.0,,0.0,False
134.23,669,slm,TOWNSIM_CALIB_CRUCE_FRONTAL,1,evasive,PERDER_ALTURA,1,8.904762968644816,False,-157.0849151611328,-0.5409133434295654,-18.55693817138672,,,,87.98,False,,,"{""telemetry"": 0.8, ""graph"": 83.3}",False,,,,,0.0,,0.0,False,0.0,,0.0,False,0.0,,0.0,False
134.497,670,slm,TOWNSIM_CALIB_CRUCE_FRONTAL,1,evasive,PERDER_ALTURA,1,8.826608765814862,False,-157.08372497558594,-0.5343224406242371,-18.425758361816406,,,,89.25,False,,,"{""telemetry"": 1.3, ""graph"": 149.3}",False,,,,,0.0,,0.0,False,0.0,,0.0,False,0.0,,0.0,False
134.694,671,slm,TOWNSIM_CALIB_CRUCE_FRONTAL,1,evasive,PERDER_ALTURA,1,8.660371294337484,False,-157.08132934570312,-0.49991270899772644,-18.263322830200195,,,,88.45,False,,,"{""telemetry"": 0.8, ""graph"": 147.3}",False,,,,,0.0,,0.0,False,0.0,,0.0,False,0.0,,0.0,False
134.925,672,slm,TOWNSIM_CALIB_CRUCE_FRONTAL,1,evasive,PERDER_ALTURA,1,8.487823664057705,False,-157.0762176513672,-0.41240161657333374,-18.060522079467773,,,,86.94,False,,,"{""telemetry"": 0.9, ""graph"": 177.7}",False,,,,,0.0,,0.0,False,0.0,,0.0,False,0.0,,0.0,False
135.093,673,slm,TOWNSIM_CALIB_CRUCE_FRONTAL,1,evasive,PERDER_ALTURA,1,8.308012514733102,False,-157.0714111328125,-0.3250677287578583,-17.916780471801758,,,,86.43,False,,,"{""telemetry"": 0.8, ""graph"": 145.3}",False,,,,,0.0,,0.0,False,0.0,,0.0,False,0.0,,0.0,False
135.31,674,slm,TOWNSIM_CALIB_CRUCE_FRONTAL,1,evasive,PERDER_ALTURA,1,8.125359181781835,False,-157.06396484375,-0.18658708035945892,-17.729881286621094,,,,86.53,False,,,"{""telemetry"": 1.0, ""graph"": 161.7}",False,,,,,0.0,,0.0,False,0.0,,0.0,False,0.0,,0.0,False
135.501,675,slm,TOWNSIM_CALIB_CRUCE_FRONTAL,1,evasive,PERDER_ALTURA,1,7.9421038262366945,False,-157.05641174316406,-0.04513278976082802,-17.564403533935547,,,,86.91,False,,,"{""telemetry"": 0.9, ""graph"": 152.0}",False,,,,,0.0,,0.0,False,0.0,,0.0,False,0.0,,0.0,False
135.704,676,slm,TOWNSIM_CALIB_CRUCE_FRONTAL,1,evasive,PERDER_ALTURA,1,7.76284751860399,False,-157.04823303222656,0.11411172151565552,-17.395009994506836,,,,87.17,False,,,"{""telemetry"": 0.8, ""graph"": 155.5}",False,,,,,0.0,,0.0,False,0.0,,0.0,False,0.0,,0.0,False
135.911,677,slm,TOWNSIM_CALIB_CRUCE_FRONTAL,1,reactive,MANTENER_RUMBO,1,7.583553794067878,False,-157.0390625,0.2836218774318695,-17.226842880249023,,,,87.2,False,,,"{""telemetry"": 0.9, ""graph"": 161.4}",False,,,,,0.0,,0.0,False,0.0,,0.0,False,0.0,,0.0,False
136.086,678,slm,TOWNSIM_CALIB_CRUCE_FRONTAL,1,reactive,MANTENER_RUMBO,1,7.410569363848846,False,-157.03082275390625,0.4419744908809662,-17.081186294555664,,,,87.19,False,,,"{""telemetry"": 0.9, ""graph"": 136.2}",False,,,,,0.0,,0.0,False,0.0,,0.0,False,0.0,,0.0,False
136.299,679,slm,TOWNSIM_CALIB_CRUCE_FRONTAL,1,reactive,MANTENER_RUMBO,1,7.318040691719717,False,-157.0216827392578,0.6156685948371887,-17.045963287353516,,,,89.04,False,,,"{""telemetry"": 0.7, ""graph"": 148.8}",False,,,,,0.0,,0.0,False,0.0,,0.0,False,0.0,,0.0,False
136.454,680,slm,TOWNSIM_CALIB_CRUCE_FRONTAL,1,reactive,MANTENER_RUMBO,1,7.322795034375785,False,-157.01402282714844,0.7568596005439758,-17.056640625,,,,92.64,False,,,"{""telemetry"": 0.9, ""graph"": 103.5}",False,,,,,0.0,,0.0,False,0.0,,0.0,False,0.0,,0.0,False
136.654,681,slm,TOWNSIM_CALIB_CRUCE_FRONTAL,1,reactive,MANTENER_RUMBO,1,7.328635480261826,False,-157.00851440429688,0.8590671420097351,-17.06355857849121,,,,96.92,False,,,"{""telemetry"": 0.8, ""graph"": 102.6}",False,,,,,0.0,,0.0,False,0.0,,0.0,False,0.0,,0.0,False
136.849,682,slm,TOWNSIM_CALIB_CRUCE_FRONTAL,1,reactive,MANTENER_RUMBO,1,7.331718574353373,False,-157.00477600097656,0.9365794062614441,-17.06678009033203,,,,101.25,False,,,"{""telemetry"": 0.8, ""graph"": 97.3}",False,,,,,0.0,,0.0,False,0.0,,0.0,False,0.0,,0.0,False
137.042,683,slm,TOWNSIM_CALIB_CRUCE_FRONTAL,1,reactive,MANTENER_RUMBO,1,7.334848804635984,False,-157.00244140625,0.9972273111343384,-17.069398880004883,,,,105.86,False,,,"{""telemetry"": 1.1, ""graph"": 89.6}",False,,,,,0.0,,0.0,False,0.0,,0.0,False,0.0,,0.0,False
137.232,684,slm,TOWNSIM_CALIB_CRUCE_FRONTAL,1,reactive,MANTENER_RUMBO,1,7.336121791567913,False,-157.00173950195312,1.0409377813339233,-17.069961547851562,,,,110.66,False,,,"{""telemetry"": 0.9, ""graph"": 80.3}",False,,,,,0.0,,0.0,False,0.0,,0.0,False,0.0,,0.0,False
137.452,685,slm,TOWNSIM_CALIB_CRUCE_FRONTAL,1,reactive,MANTENER_RUMBO,1,7.336000174564747,False,-157.00315856933594,1.0780924558639526,-17.07006072998047,,,,115.74,False,,,"{""telemetry"": 0.8, ""graph"": 99.6}",False,,,,,0.0,,0.0,False,0.0,,0.0,False,0.0,,0.0,False
137.643,686,slm,TOWNSIM_CALIB_CRUCE_FRONTAL,1,reactive,MANTENER_RUMBO,1,7.335997791458115,False,-157.00527954101562,1.101760745048523,-17.070293426513672,,,,119.6,False,,,"{""telemetry"": 0.7, ""graph"": 90.7}",False,,,,,0.0,,0.0,False,0.0,,0.0,False,0.0,,0.0,False
137.829,687,slm,TOWNSIM_CALIB_CRUCE_FRONTAL,1,reactive,MANTENER_RUMBO,1,7.335618602707383,False,-157.0072784423828,1.1186943054199219,-17.07025909423828,,,,123.06,False,,,"{""telemetry"": 0.8, ""graph"": 75.8}",False,,,,,0.0,,0.0,False,0.0,,0.0,False,0.0,,0.0,False
138.045,688,slm,TOWNSIM_CALIB_CRUCE_FRONTAL,1,reactive,MANTENER_RUMBO,1,7.335106311078238,False,-157.0094451904297,1.1332823038101196,-17.070039749145508,,,,126.65,False,,,"{""telemetry"": 1.2, ""graph"": 91.7}",False,,,,,0.0,,0.0,False,0.0,,0.0,False,0.0,,0.0,False
138.258,689,slm,TOWNSIM_CALIB_CRUCE_FRONTAL,1,reactive,MANTENER_RUMBO,1,7.334454592450915,False,-157.01161193847656,1.1438133716583252,-17.069698333740234,,,,130.05,False,,,"{""telemetry"": 0.8, ""graph"": 104.4}",False,,,,,0.0,,0.0,False,0.0,,0.0,False,0.0,,0.0,False
138.505,690,slm,TOWNSIM_CALIB_CRUCE_FRONTAL,1,reactive,MANTENER_RUMBO,1,7.333701118520658,False,-157.01339721679688,1.1523557901382446,-17.069229125976562,,,,133.89,False,,,"{""telemetry"": 1.0, ""graph"": 150.0}",False,,,,,0.0,,0.0,False,0.0,,0.0,False,0.0,,0.0,False
138.647,691,slm,TOWNSIM_CALIB_CRUCE_FRONTAL,1,reactive,MANTENER_RUMBO,1,7.333159191167157,False,-157.0141143798828,1.1559556722640991,-17.068954467773438,,,,136.29,False,,,"{""telemetry"": 0.7, ""graph"": 92.0}",False,,,,,0.0,,0.0,False,0.0,,0.0,False,0.0,,0.0,False
138.868,692,slm,TOWNSIM_CALIB_CRUCE_FRONTAL,1,reactive,MANTENER_RUMBO,1,7.332526489094003,False,-157.01524353027344,1.1601982116699219,-17.068401336669922,,,,139.94,False,,,"{""telemetry"": 0.8, ""graph"": 112.6}",False,,,,,0.0,,0.0,False,0.0,,0.0,False,0.0,,0.0,False
139.057,693,slm,TOWNSIM_CALIB_CRUCE_FRONTAL,1,reactive,MANTENER_RUMBO,1,7.331820422830773,False,-157.0161895751953,1.1627501249313354,-17.067930221557617,,,,142.69,False,,,"{""telemetry"": 1.0, ""graph"": 101.6}",False,,,,,0.0,,0.0,False,0.0,,0.0,False,0.0,,0.0,False
139.248,694,slm,TOWNSIM_CALIB_CRUCE_FRONTAL,1,deliberative,GIRAR_90,1,7.331097834429063,False,-157.0171661376953,1.164731502532959,-17.06085968017578,,,,145.26,False,,,"{""telemetry"": 0.8, ""graph"": 91.9}",True,2245.7,False,False,True,0.0,,0.0,False,0.0,,0.0,False,0.0,,0.0,False
139.441,695,slm,TOWNSIM_CALIB_CRUCE_FRONTAL,1,evasive,GIRAR_90,1,13.895428458881797,False,-157.0254364013672,1.1717538833618164,-16.969966888427734,,,,147.64,False,,,"{""telemetry"": 1.1, ""graph"": 84.1}",False,,,,,0.0,,0.0,False,0.0,,0.0,False,0.0,,0.0,False
139.661,696,slm,TOWNSIM_CALIB_CRUCE_FRONTAL,1,evasive,GIRAR_90,1,13.888893572356642,False,-157.05076599121094,1.1906062364578247,-16.945363998413086,,,,150.55,False,,,"{""telemetry"": 1.5, ""graph"": 104.1}",False,,,,,0.0,,0.0,False,0.0,,0.0,False,0.0,,0.0,False
139.847,697,slm,TOWNSIM_CALIB_CRUCE_FRONTAL,1,evasive,GIRAR_90,1,13.8953341739672,False,-157.0720977783203,1.2064179182052612,-16.929676055908203,,,,153.09,False,,,"{""telemetry"": 0.9, ""graph"": 89.6}",False,,,,,0.0,,0.0,False,0.0,,0.0,False,0.0,,0.0,False
140.051,698,slm,TOWNSIM_CALIB_CRUCE_FRONTAL,1,evasive,GIRAR_90,1,13.901180485141868,False,-157.09048461914062,1.2200086116790771,-16.9164981842041,,,,155.87,False,,,"{""telemetry"": 1.0, ""graph"": 93.1}",False,,,,,0.0,,0.0,False,0.0,,0.0,False,0.0,,0.0,False
140.237,699,slm,TOWNSIM_CALIB_CRUCE_FRONTAL,1,evasive,GIRAR_90,1,13.905677712140848,False,-157.10455322265625,1.2304179668426514,-16.90604591369629,,,,158.64,False,,,"{""telemetry"": 1.0, ""graph"": 79.4}",False,,,,,0.0,,0.0,False,0.0,,0.0,False,0.0,,0.0,False
140.457,700,slm,TOWNSIM_CALIB_CRUCE_FRONTAL,1,evasive,GIRAR_90,1,13.908932331655725,False,-157.11715698242188,1.239690899848938,-16.89606285095215,,,,161.94,False,,,"{""telemetry"": 0.9, ""graph"": 98.4}",False,,,,,0.0,,0.0,False,0.0,,0.0,False,0.0,,0.0,False
140.653,701,slm,TOWNSIM_CALIB_CRUCE_FRONTAL,1,evasive,GIRAR_90,1,13.911080432273428,False,-157.12545776367188,1.2458386421203613,-16.888839721679688,,,,164.9,False,,,"{""telemetry"": 1.0, ""graph"": 94.3}",False,,,,,0.0,,0.0,False,0.0,,0.0,False,0.0,,0.0,False
140.841,702,slm,TOWNSIM_CALIB_CRUCE_FRONTAL,1,evasive,GIRAR_90,1,13.912459862357876,False,-157.1314697265625,1.250220537185669,-16.883222579956055,,,,167.68,False,,,"{""telemetry"": 1.3, ""graph"": 81.0}",False,,,,,0.0,,0.0,False,0.0,,0.0,False,0.0,,0.0,False
141.052,703,slm,TOWNSIM_CALIB_CRUCE_FRONTAL,1,reactive,MANTENER_RUMBO,1,13.91325803808131,False,-157.13644409179688,1.2539366483688354,-16.877981185913086,,,,170.83,False,,,"{""telemetry"": 1.7, ""graph"": 90.9}",False,,,,,0.0,,0.0,False,0.0,,0.0,False,0.0,,0.0,False
141.243,704,slm,TOWNSIM_CALIB_CRUCE_FRONTAL,1,reactive,MANTENER_RUMBO,1,13.913308244280172,False,-157.13980102539062,1.25640869140625,-16.870513916015625,,,,173.53,False,,,"{""telemetry"": 0.9, ""graph"": 82.9}",False,,,,,0.0,,0.0,False,0.0,,0.0,False,0.0,,0.0,False
141.461,705,slm,TOWNSIM_CALIB_CRUCE_FRONTAL,1,reactive,MANTENER_RUMBO,1,13.907958818997733,False,-157.14273071289062,1.258543848991394,-16.855491638183594,,,,178.45,False,,,"{""telemetry"": 0.8, ""graph"": 101.3}",False,,,,,0.0,,0.0,False,0.0,,0.0,False,0.0,,0.0,False
141.648,706,slm,TOWNSIM_CALIB_CRUCE_FRONTAL,1,reactive,MANTENER_RUMBO,1,13.904500863608167,False,-157.14468383789062,1.2598520517349243,-16.846506118774414,,,,-176.14,False,,,"{""telemetry"": 0.8, ""graph"": 87.6}",False,,,,,0.0,,0.0,False,0.0,,0.0,False,0.0,,0.0,False
141.86,707,slm,TOWNSIM_CALIB_CRUCE_FRONTAL,1,reactive,MANTENER_RUMBO,1,13.900356257617865,False,-157.1457977294922,1.2608145475387573,-16.83595848083496,,,,-170.55,False,,,"{""telemetry"": 0.9, ""graph"": 99.5}",False,,,,,0.0,,0.0,False,0.0,,0.0,False,0.0,,0.0,False
142.084,708,slm,TOWNSIM_CALIB_CRUCE_FRONTAL,1,reactive,MANTENER_RUMBO,1,13.89661573022619,False,-157.1469268798828,1.2614989280700684,-16.826961517333984,,,,-165.05,False,,,"{""telemetry"": 0.8, ""graph"": 123.4}",False,,,,,0.0,,0.0,False,0.0,,0.0,False,0.0,,0.0,False
142.26,709,slm,TOWNSIM_CALIB_CRUCE_FRONTAL,1,reactive,MANTENER_RUMBO,1,13.893573990681034,False,-157.1478271484375,1.261884331703186,-16.821269989013672,,,,-160.7,False,,,"{""telemetry"": 0.9, ""graph"": 99.1}",False,,,,,0.0,,0.0,False,0.0,,0.0,False,0.0,,0.0,False
142.451,710,slm,TOWNSIM_CALIB_CRUCE_FRONTAL,1,reactive,MANTENER_RUMBO,1,13.89100170265935,False,-157.14785766601562,1.2621890306472778,-16.816082000732422,,,,-156.3,False,,,"{""telemetry"": 0.7, ""graph"": 90.2}",False,,,,,0.0,,0.0,False,0.0,,0.0,False,0.0,,0.0,False
142.66,711,slm,TOWNSIM_CALIB_CRUCE_FRONTAL,1,reactive,MANTENER_RUMBO,1,13.888827694493813,False,-157.14785766601562,1.262434482574463,-16.81129264831543,,,,-151.82,False,,,"{""telemetry"": 1.0, ""graph"": 98.3}",False,,,,,0.0,,0.0,False,0.0,,0.0,False,0.0,,0.0,False
142.847,712,slm,TOWNSIM_CALIB_CRUCE_FRONTAL,1,reactive,MANTENER_RUMBO,1,13.88703516976245,False,-157.14785766601562,1.26259183883667,-16.807796478271484,,,,-148.14,False,,,"{""telemetry"": 0.7, ""graph"": 85.7}",False,,,,,0.0,,0.0,False,0.0,,0.0,False,0.0,,0.0,False
143.057,713,slm,TOWNSIM_CALIB_CRUCE_FRONTAL,1,reactive,MANTENER_RUMBO,1,13.885505808820943,False,-157.14785766601562,1.2627191543579102,-16.80453872680664,,,,-144.34,False,,,"{""telemetry"": 0.9, ""graph"": 94.8}",False,,,,,0.0,,0.0,False,0.0,,0.0,False,0.0,,0.0,False
143.25,714,slm,TOWNSIM_CALIB_CRUCE_FRONTAL,1,reactive,MANTENER_RUMBO,1,13.884232397046738,False,-157.14785766601562,1.2628060579299927,-16.80197525024414,,,,-140.98,False,,,"{""telemetry"": 0.8, ""graph"": 87.7}",False,,,,,0.0,,0.0,False,0.0,,0.0,False,0.0,,0.0,False
143.439,715,slm,TOWNSIM_CALIB_CRUCE_FRONTAL,1,reactive,MANTENER_RUMBO,1,13.883133689746009,False,-157.14785766601562,1.2628672122955322,-16.79986000061035,,,,-137.92,False,,,"{""telemetry"": 0.7, ""graph"": 75.9}",False,,,,,0.0,,0.0,False,0.0,,0.0,False,0.0,,0.0,False
143.661,716,slm,TOWNSIM_CALIB_CRUCE_FRONTAL,1,reactive,MANTENER_RUMBO,1,13.882181715222494,False,-157.14785766601562,1.2629187107086182,-16.797731399536133,,,,-134.8,False,,,"{""telemetry"": 0.9, ""graph"": 97.2}",False,,,,,0.0,,0.0,False,0.0,,0.0,False,0.0,,0.0,False
143.85,717,slm,TOWNSIM_CALIB_CRUCE_FRONTAL,1,reactive,MANTENER_RUMBO,1,13.881377088670838,False,-157.14785766601562,1.2629506587982178,-16.796201705932617,,,,-132.38,False,,,"{""telemetry"": 0.9, ""graph"": 85.7}",False,,,,,0.0,,0.0,False,0.0,,0.0,False,0.0,,0.0,False
144.063,718,slm,TOWNSIM_CALIB_CRUCE_FRONTAL,1,reactive,MANTENER_RUMBO,1,13.880668783304234,False,-157.14793395996094,1.262879729270935,-16.784706115722656,,,,-129.71,False,,,"{""telemetry"": 0.8, ""graph"": 99.0}",False,,,,,0.0,,0.0,False,0.0,,0.0,False,0.0,,0.0,False
144.256,719,slm,TOWNSIM_CALIB_CRUCE_FRONTAL,1,reactive,MANTENER_RUMBO,1,13.840273534662124,False,-157.1544952392578,1.255215048789978,-16.67984962463379,,,,-127.42,False,,,"{""telemetry"": 0.7, ""graph"": 91.4}",False,,,,,0.0,,0.0,False,0.0,,0.0,False,0.0,,0.0,False
144.462,720,slm,TOWNSIM_CALIB_CRUCE_FRONTAL,1,deliberative,FRENAR,1,13.759613784068302,False,-157.18243408203125,1.2211955785751343,-16.54813003540039,,,,-125.07,False,,,"{""telemetry"": 0.7, ""graph"": 97.3}",True,2245.7,False,False,True,0.0,,0.0,False,0.0,,0.0,False,0.0,,0.0,False
144.654,721,slm,TOWNSIM_CALIB_CRUCE_FRONTAL,1,deliberative,FRENAR,1,13.648726577194752,False,-157.23776245117188,1.1506123542785645,-16.43896484375,,,,-122.95,False,,,"{""telemetry"": 0.9, ""graph"": 88.5}",True,2245.7,False,False,True,0.0,,0.0,False,0.0,,0.0,False,0.0,,0.0,False
144.919,722,slm,TOWNSIM_CALIB_CRUCE_FRONTAL,1,deliberative,FRENAR,1,13.549616252201929,False,-157.307861328125,1.0592677593231201,-16.417871475219727,,,,-121.84,False,,,"{""telemetry"": 0.9, ""graph"": 153.5}",True,2245.7,False,False,True,0.0,,0.0,False,0.0,,0.0,False,0.0,,0.0,False
145.131,723,slm,TOWNSIM_CALIB_CRUCE_FRONTAL,1,deliberative,FRENAR,1,13.469556743400604,False,-157.37615966796875,0.9699528813362122,-16.411710739135742,,,,-121.3,False,,,"{""telemetry"": 0.8, ""graph"": 165.2}",True,2245.7,False,False,True,0.0,,0.0,False,0.0,,0.0,False,0.0,,0.0,False
145.349,724,slm,TOWNSIM_CALIB_CRUCE_FRONTAL,1,deliberative,FRENAR,1,13.405635855872873,False,-157.42453002929688,0.9066251516342163,-16.40840721130371,,,,-121.09,False,,,"{""telemetry"": 1.0, ""graph"": 182.5}",True,2245.7,False,False,True,0.0,,0.012,False,0.0,,0.012,False,0.0,,0.012,False
145.567,725,slm,TOWNSIM_CALIB_CRUCE_FRONTAL,1,deliberative,FRENAR,1,13.356566472633977,False,-157.4697265625,0.8474659323692322,-16.40431785583496,,,,-120.99,False,,,"{""telemetry"": 1.1, ""graph"": 199.8}",True,2245.7,False,False,True,0.0,,0.0,False,0.0,,0.0,False,0.0,,0.0,False
145.726,726,slm,TOWNSIM_CALIB_CRUCE_FRONTAL,1,deliberative,FRENAR,1,13.317758856923911,False,-157.49234008789062,0.8178826570510864,-16.401540756225586,,,,-120.96,False,,,"{""telemetry"": 1.0, ""graph"": 156.1}",True,2245.7,False,False,True,0.0,,0.0,False,0.0,,0.0,False,0.0,,0.0,False
145.923,727,slm,TOWNSIM_CALIB_CRUCE_FRONTAL,1,deliberative,FRENAR,1,13.289083545576661,False,-157.5146484375,0.7886630892753601,-16.398160934448242,,,,-120.94,False,,,"{""telemetry"": 1.1, ""graph"": 152.8}",True,2245.7,False,False,True,0.0,,0.0,False,0.0,,0.0,False,0.0,,0.0,False
146.133,728,slm,TOWNSIM_CALIB_CRUCE_FRONTAL,1,deliberative,FRENAR,1,13.266959240385019,False,-157.5325164794922,0.765274167060852,-16.39480209350586,,,,-120.93,False,,,"{""telemetry"": 1.3, ""graph"": 162.8}",True,2245.7,False,False,True,0.0,,0.0,False,0.0,,0.0,False,0.0,,0.0,False
146.33,729,slm,TOWNSIM_CALIB_CRUCE_FRONTAL,1,deliberative,FRENAR,1,13.250418939573033,False,-157.54469299316406,0.7493555545806885,-16.392066955566406,,,,-120.93,False,,,"{""telemetry"": 1.1, ""graph"": 158.7}",True,2245.7,False,False,True,0.0,,0.0,False,0.0,,0.0,False,0.0,,0.0,False
146.517,730,slm,TOWNSIM_CALIB_CRUCE_FRONTAL,1,deliberative,FRENAR,1,13.237672343253802,False,-157.55381774902344,0.7373671531677246,-16.389650344848633,,,,-120.93,False,,,"{""telemetry"": 1.2, ""graph"": 145.9}",True,2245.7,False,False,True,0.0,,0.0,False,0.0,,0.0,False,0.0,,0.0,False
146.745,731,slm,TOWNSIM_CALIB_CRUCE_FRONTAL,1,deliberative,FRENAR,1,13.228130948527147,False,-157.56069946289062,0.7283423542976379,-16.387537002563477,,,,-120.93,False,,,"{""telemetry"": 1.1, ""graph"": 172.5}",True,2245.7,False,False,True,0.0,,0.008,False,0.0,,0.008,False,0.0,,0.008,False
146.959,732,slm,TOWNSIM_CALIB_CRUCE_FRONTAL,1,deliberative,FRENAR,1,13.220751960192045,False,-157.56640625,0.7209274172782898,-16.385499954223633,,,,-120.93,False,,,"{""telemetry"": 1.2, ""graph"": 187.0}",True,2346.5,False,False,True,0.0,,0.003,False,0.0,,0.003,False,0.0,,0.003,False
147.135,733,slm,TOWNSIM_CALIB_CRUCE_FRONTAL,1,reactive,MANTENER_RUMBO,1,13.215206959012878,False,-157.57012939453125,0.7160363793373108,-16.383922576904297,,,,-120.93,False,,,"{""telemetry"": 1.1, ""graph"": 162.4}",False,,,,,0.0,,0.0,False,0.0,,0.0,False,0.0,,0.0,False
147.325,734,slm,TOWNSIM_CALIB_CRUCE_FRONTAL,1,reactive,MANTENER_RUMBO,1,13.210887188190144,False,-157.57301330566406,0.7122976183891296,-16.37908935546875,,,,-120.88,False,,,"{""telemetry"": 1.3, ""graph"": 152.4}",False,,,,,0.0,,0.0,False,0.0,,0.0,False,0.0,,0.0,False
147.598,735,slm,TOWNSIM_CALIB_CRUCE_FRONTAL,1,reactive,MANTENER_RUMBO,1,13.171140123688392,False,-157.60430908203125,0.6611382365226746,-16.267946243286133,,,,-119.25,False,,,"{""telemetry"": 0.9, ""graph"": 224.7}",False,,,,,0.0,,0.0,False,0.0,,0.0,False,0.0,,0.0,False
147.762,736,slm,TOWNSIM_CALIB_CRUCE_FRONTAL,1,reactive,MANTENER_RUMBO,1,13.050161364671569,False,-157.66151428222656,0.5660423040390015,-16.201480865478516,,,,-117.7,False,,,"{""telemetry"": 0.7, ""graph"": 161.6}",False,,,,,0.0,,0.0,False,0.0,,0.0,False,0.0,,0.0,False
147.889,737,slm,TOWNSIM_CALIB_CRUCE_FRONTAL,1,reactive,MANTENER_RUMBO,1,12.87344614999258,False,-157.76614379882812,0.391623318195343,-16.101661682128906,,,,-115.62,False,,,"{""telemetry"": 0.9, ""graph"": 87.6}",False,,,,,0.0,,0.0,False,0.0,,0.0,False,0.0,,0.0,False
148.1,738,slm,TOWNSIM_CALIB_CRUCE_FRONTAL,1,reactive,MANTENER_RUMBO,1,12.631525532795665,False,-157.91526794433594,0.14284665882587433,-15.969419479370117,,,,-113.27,False,,,"{""telemetry"": 0.9, ""graph"": 98.6}",False,,,,,0.0,,0.0,False,0.0,,0.0,False,0.0,,0.0,False
148.353,739,slm,TOWNSIM_CALIB_CRUCE_FRONTAL,1,reactive,MANTENER_RUMBO,1,12.346007093544458,False,-158.07228088378906,-0.11908435076475143,-15.842936515808105,,,,-111.29,False,,,"{""telemetry"": 0.8, ""graph"": 151.0}",False,,,,,0.0,,0.0,False,0.0,,0.0,False,0.0,,0.0,False
148.496,740,slm,TOWNSIM_CALIB_CRUCE_FRONTAL,1,reactive,MANTENER_RUMBO,1,12.025966485787201,False,-158.26358032226562,-0.4480244517326355,-15.671538352966309,,,,-109.11,False,,,"{""telemetry"": 0.7, ""graph"": 93.6}",False,,,,,0.0,,0.0,False,0.0,,0.0,False,0.0,,0.0,False
148.767,741,slm,TOWNSIM_CALIB_CRUCE_FRONTAL,1,evasive,EVADIR_IZQUIERDA,1,11.683042705852424,False,-158.43186950683594,-0.7601848244667053,-15.522567749023438,,,,-107.21,False,,,"{""telemetry"": 1.6, ""graph"": 164.3}",False,,,,,0.008,6.05,0.417,False,0.031,5.5,0.416,False,0.009,4.58,0.417,False
148.897,742,slm,TOWNSIM_CALIB_CRUCE_FRONTAL,1,reactive,MANTENER_RUMBO,1,11.31145704445235,False,-158.6303253173828,-1.1558258533477783,-15.346460342407227,,,,-105.07,False,,,"{""telemetry"": 2.4, ""graph"": 92.8}",False,,,,,0.0,,0.0,False,0.0,,0.0,False,0.0,,0.0,False
149.144,743,slm,TOWNSIM_CALIB_CRUCE_FRONTAL,1,reactive,MANTENER_RUMBO,1,10.932172804270117,False,-158.79415893554688,-1.5030652284622192,-15.207140922546387,,,,-104.82,False,,,"{""telemetry"": 0.7, ""graph"": 140.9}",False,,,,,0.0,,0.0,False,0.0,,0.0,False,0.0,,0.0,False
149.389,744,slm,TOWNSIM_CALIB_CRUCE_FRONTAL,1,deliberative,FRENAR,1,10.56535682443414,False,-158.96560668945312,-1.8913549184799194,-15.028486251831055,,,,-104.32,False,,,"{""telemetry"": 0.9, ""graph"": 186.1}",True,2346.5,False,False,True,0.003,0.89,0.23,False,0.003,0.25,0.23,False,0.0,0.81,0.23,False
149.552,745,slm,TOWNSIM_CALIB_CRUCE_FRONTAL,1,deliberative,FRENAR,1,10.185291221546489,False,-159.1128692626953,-2.263637065887451,-14.868534088134766,,,,-103.02,False,,,"{""telemetry"": 0.8, ""graph"": 148.4}",True,2346.5,False,False,True,0.0,,0.0,False,0.0,,0.0,False,0.0,,0.0,False
149.774,746,slm,TOWNSIM_CALIB_CRUCE_FRONTAL,1,deliberative,FRENAR,1,9.84459022842612,False,-159.25804138183594,-2.669452667236328,-14.837218284606934,,,,-101.81,False,,,"{""telemetry"": 0.8, ""graph"": 170.3}",True,2346.5,False,False,True,0.0,,0.0,False,0.0,,0.0,False,0.0,,0.0,False
149.969,747,slm,TOWNSIM_CALIB_CRUCE_FRONTAL,1,deliberative,FRENAR,1,9.622741215674736,False,-159.3598175048828,-2.9658374786376953,-14.899211883544922,,,,-101.42,False,,,"{""telemetry"": 1.0, ""graph"": 165.0}",True,2346.5,False,False,True,0.0,,0.0,False,0.0,,0.0,False,0.0,,0.0,False
150.206,748,slm,TOWNSIM_CALIB_CRUCE_FRONTAL,1,deliberative,FRENAR,1,9.460695696924537,False,-159.44454956054688,-3.2153377532958984,-14.954352378845215,,,,-101.29,False,,,"{""telemetry"": 1.1, ""graph"": 201.3}",True,2346.5,False,False,True,0.0,,0.001,False,0.0,,0.001,False,0.0,,0.001,False
150.391,749,slm,TOWNSIM_CALIB_CRUCE_FRONTAL,1,deliberative,FRENAR,1,9.335171158436532,False,-159.50534057617188,-3.3948419094085693,-14.987822532653809,,,,-101.25,False,,,"{""telemetry"": 1.5, ""graph"": 181.2}",True,2346.5,False,False,True,0.012,2.33,0.3,False,0.02,2.0,0.3,False,0.028,2.25,0.3,False
150.568,750,slm,TOWNSIM_CALIB_CRUCE_FRONTAL,1,deliberative,FRENAR,1,9.241671510936953,False,-159.55148315429688,-3.5311851501464844,-15.0079345703125,,,,-101.24,False,,,"{""telemetry"": 1.1, ""graph"": 157.8}",True,2346.5,False,False,True,0.0,,0.0,False,0.0,,0.0,False,0.0,,0.0,False
150.773,751,slm,TOWNSIM_CALIB_CRUCE_FRONTAL,1,deliberative,FRENAR,1,9.169044467318031,False,-159.58721923828125,-3.6366982460021973,-15.019852638244629,,,,-101.24,False,,,"{""telemetry"": 1.8, ""graph"": 161.6}",True,2346.5,False,False,True,0.0,,0.0,False,0.0,,0.0,False,0.0,,0.0,False
150.97,752,slm,TOWNSIM_CALIB_CRUCE_FRONTAL,1,deliberative,FRENAR,1,9.114636942925282,False,-159.61282348632812,-3.712294816970825,-15.026284217834473,,,,-101.24,False,,,"{""telemetry"": 1.2, ""graph"": 158.6}",True,2346.5,False,False,True,0.0,,0.0,False,0.0,,0.0,False,0.0,,0.0,False
151.162,753,slm,TOWNSIM_CALIB_CRUCE_FRONTAL,1,deliberative,FRENAR,1,9.072795837499774,False,-159.63185119628906,-3.7684803009033203,-15.0298490524292,,,,-101.24,False,,,"{""telemetry"": 1.2, ""graph"": 151.2}",True,2346.5,False,False,True,0.0,,0.0,False,0.0,,0.0,False,0.0,,0.0,False
151.376,754,slm,TOWNSIM_CALIB_CRUCE_FRONTAL,1,deliberative,FRENAR,1,9.04166525553151,False,-159.64759826660156,-3.8149163722991943,-15.031947135925293,,,,-101.24,False,,,"{""telemetry"": 0.9, ""graph"": 164.5}",True,2346.5,False,False,True,0.0,,0.0,False,0.0,,0.0,False,0.0,,0.0,False
151.566,755,slm,TOWNSIM_CALIB_CRUCE_FRONTAL,1,deliberative,FRENAR,1,9.017838334030214,False,-159.65829467773438,-3.8464620113372803,-15.032877922058105,,,,-101.25,False,,,"{""telemetry"": 1.0, ""graph"": 153.6}",True,2346.5,False,False,True,0.0,,0.0,False,0.0,,0.0,False,0.0,,0.0,False
151.786,756,slm,TOWNSIM_CALIB_CRUCE_FRONTAL,1,deliberative,FRENAR,1,8.999921177641086,False,-159.66696166992188,-3.8720595836639404,-15.033269882202148,,,,-101.25,False,,,"{""telemetry"": 1.0, ""graph"": 173.5}",True,2346.5,False,False,True,0.0,,0.0,False,0.0,,0.0,False,0.0,,0.0,False
151.978,757,slm,TOWNSIM_CALIB_CRUCE_FRONTAL,1,deliberative,PERDER_ALTURA,1,8.986610552604922,False,-159.67276000976562,-3.8892133235931396,-15.03329086303711,,,,-101.25,False,,,"{""telemetry"": 0.8, ""graph"": 165.2}",True,2543.5,False,False,True,0.0,,0.0,False,0.0,,0.0,False,0.0,,0.0,False
152.172,758,slm,TOWNSIM_CALIB_CRUCE_FRONTAL,1,reactive,MANTENER_RUMBO,1,8.97641143706936,False,-159.6772003173828,-3.902484178543091,-15.025761604309082,,,,-101.25,False,,,"{""telemetry"": 1.0, ""graph"": 159.3}",False,,,,,0.0,,0.0,False,0.0,,0.0,False,0.0,,0.0,False
152.371,759,slm,TOWNSIM_CALIB_CRUCE_FRONTAL,1,reactive,MANTENER_RUMBO,1,8.922181102181689,False,-159.6825408935547,-3.921865940093994,-14.905427932739258,,,,-101.2,False,,,"{""telemetry"": 0.8, ""graph"": 157.8}",False,,,,,0.0,,0.0,False,0.0,,0.0,False,0.0,,0.0,False
152.608,760,slm,TOWNSIM_CALIB_CRUCE_FRONTAL,1,deliberative,FRENAR,1,8.820123544664952,False,-159.6998291015625,-4.002935409545898,-14.797927856445312,,,,-100.11,False,,,"{""telemetry"": 0.7, ""graph"": 194.7}",True,2543.5,False,False,True,0.114,0.62,0.151,False,0.128,0.13,0.151,False,0.2,0.57,0.151,False
152.79,761,slm,TOWNSIM_CALIB_CRUCE_FRONTAL,1,deliberative,FRENAR,1,8.677488341454632,False,-159.7303466796875,-4.152673244476318,-14.716970443725586,,,,-98.58,False,,,"{""telemetry"": 0.8, ""graph"": 175.8}",True,2543.5,False,False,True,0.0,,0.003,False,0.0,,0.003,False,0.0,,0.003,False
153.008,762,slm,TOWNSIM_CALIB_CRUCE_FRONTAL,1,deliberative,FRENAR,1,8.50710556752244,False,-159.77479553222656,-4.373393535614014,-14.692916870117188,,,,-97.53,False,,,"{""telemetry"": 1.8, ""graph"": 193.5}",True,2543.5,False,False,True,0.0,,0.104,False,0.0,,0.104,False,0.0,,0.104,False
153.19,763,slm,TOWNSIM_CALIB_CRUCE_FRONTAL,1,deliberative,FRENAR,1,8.36995874687631,False,-159.81173706054688,-4.556286811828613,-14.706411361694336,,,,-97.09,False,,,"{""telemetry"": 0.9, ""graph"": 175.9}",True,2543.5,False,False,True,0.0,,0.0,False,0.0,,0.0,False,0.0,,0.0,False
153.4,764,slm,TOWNSIM_CALIB_CRUCE_FRONTAL,1,deliberative,FRENAR,1,8.265180292072422,False,-159.843505859375,-4.713418483734131,-14.723456382751465,,,,-96.89,False,,,"{""telemetry"": 1.0, ""graph"": 185.5}",True,2543.5,False,False,True,0.007,1.71,0.2,False,0.033,1.05,0.2,False,0.058,1.73,0.2,False
153.598,765,slm,TOWNSIM_CALIB_CRUCE_FRONTAL,1,deliberative,FRENAR,1,8.185960487462298,False,-159.8673858642578,-4.831389904022217,-14.735198974609375,,,,-96.81,False,,,"{""telemetry"": 1.3, ""graph"": 183.1}",True,2543.5,False,False,True,0.0,,0.001,False,0.0,,0.001,False,0.0,,0.001,False
153.852,766,slm,TOWNSIM_CALIB_CRUCE_FRONTAL,1,deliberative,FRENAR,1,8.12436456150682,False,-159.88975524902344,-4.941771030426025,-14.743663787841797,,,,-96.77,False,,,"{""telemetry"": 1.3, ""graph"": 236.0}",True,2543.5,False,False,True,0.0,,0.001,False,0.0,,0.001,False,0.0,,0.001,False
154.033,767,slm,TOWNSIM_CALIB_CRUCE_FRONTAL,1,deliberative,FRENAR,1,8.070440379945973,False,-159.90162658691406,-5.000462055206299,-14.746827125549316,,,,-96.76,False,,,"{""telemetry"": 1.0, ""graph"": 177.6}",True,2543.5,False,False,True,0.0,,0.001,False,0.0,,0.001,False,0.0,,0.001,False
154.233,768,slm,TOWNSIM_CALIB_CRUCE_FRONTAL,1,deliberative,FRENAR,1,8.03673012015851,False,-159.91229248046875,-5.053075313568115,-14.748722076416016,,,,-96.75,False,,,"{""telemetry"": 1.1, ""graph"": 177.8}",True,2543.5,False,False,True,0.0,,0.0,False,0.0,,0.0,False,0.0,,0.0,False
154.413,769,slm,TOWNSIM_CALIB_CRUCE_FRONTAL,1,deliberative,FRENAR,1,8.011304492518123,False,-159.9187774658203,-5.084924697875977,-14.74936580657959,,,,-96.75,False,,,"{""telemetry"": 2.0, ""graph"": 155.8}",True,2543.5,False,False,True,0.0,,0.0,False,0.0,,0.0,False,0.0,,0.0,False
154.609,770,slm,TOWNSIM_CALIB_CRUCE_FRONTAL,1,deliberative,FRENAR,1,7.992399659923408,False,-159.92420959472656,-5.111698150634766,-14.74954891204834,,,,-96.75,False,,,"{""telemetry"": 0.9, ""graph"": 152.8}",True,2543.5,False,False,True,0.0,,0.0,False,0.0,,0.0,False,0.0,,0.0,False
154.81,771,slm,TOWNSIM_CALIB_CRUCE_FRONTAL,1,deliberative,FRENAR,1,7.97809364080748,False,-159.9285430908203,-5.132645130157471,-14.749397277832031,,,,-96.75,False,,,"{""telemetry"": 1.4, ""graph"": 152.4}",True,2543.5,False,False,True,0.0,,0.0,False,0.0,,0.0,False,0.0,,0.0,False
155.022,772,slm,TOWNSIM_CALIB_CRUCE_FRONTAL,1,deliberative,PERDER_ALTURA,1,7.967113634038328,False,-159.9318084716797,-5.148783206939697,-14.749032974243164,,,,-96.75,False,,,"{""telemetry"": 1.5, ""graph"": 164.2}",True,2257.1,False,False,True,0.0,,0.0,False,0.0,,0.0,False,0.0,,0.0,False
155.215,773,slm,TOWNSIM_CALIB_CRUCE_FRONTAL,1,reactive,MANTENER_RUMBO,1,7.958923826899929,False,-159.933837890625,-5.159559726715088,-14.742024421691895,,,,-96.75,False,,,"{""telemetry"": 1.1, ""graph"": 157.2}",False,,,,,0.0,,0.0,False,0.0,,0.0,False,0.0,,0.0,False
155.403,774,slm,TOWNSIM_CALIB_CRUCE_FRONTAL,1,reactive,MANTENER_RUMBO,1,7.901932579685253,False,-159.93658447265625,-5.176907539367676,-14.622655868530273,,,,-96.71,False,,,"{""telemetry"": 1.0, ""graph"": 144.6}",False,,,,,0.0,,0.0,False,0.0,,0.0,False,0.0,,0.0,False
155.597,775,slm,TOWNSIM_CALIB_CRUCE_FRONTAL,1,reactive,MANTENER_RUMBO,1,7.797642365919361,False,-159.94593811035156,-5.2508225440979,-14.514460563659668,,,,-95.64,False,,,"{""telemetry"": 0.9, ""graph"": 138.4}",False,,,,,0.0,,0.0,False,0.0,,0.0,False,0.0,,0.0,False
155.818,776,slm,TOWNSIM_CALIB_CRUCE_FRONTAL,1,reactive,MANTENER_RUMBO,1,7.65684406642896,False,-159.96502685546875,-5.409010410308838,-14.421700477600098,,,,-93.82,False,,,"{""telemetry"": 2.0, ""graph"": 157.9}",False,,,,,0.0,,0.002,False,0.0,,0.002,False,0.0,,0.002,False
155.96,777,slm,TOWNSIM_CALIB_CRUCE_FRONTAL,1,reactive,MANTENER_RUMBO,1,7.458880899350763,False,-159.99436950683594,-5.654318809509277,-14.303215980529785,,,,-91.6,False,,,"{""telemetry"": 1.1, ""graph"": 100.6}",False,,,,,0.0,,0.0,False,0.0,,0.0,False,0.0,,0.0,False
156.157,778,slm,TOWNSIM_CALIB_CRUCE_FRONTAL,1,reactive,MANTENER_RUMBO,1,7.204813151640338,False,-160.0292205810547,-5.9468488693237305,-14.171628952026367,,,,-89.38,False,,,"{""telemetry"": 1.0, ""graph"": 97.1}",False,,,,,0.0,,0.0,False,0.0,,0.0,False,0.0,,0.0,False
156.421,779,slm,TOWNSIM_CALIB_CRUCE_FRONTAL,1,deliberative,FRENAR,1,7.135855205787208,False,-160.02960205078125,-5.919930458068848,-14.175997734069824,,,,-89.4,False,,,"{""telemetry"": 1.1, ""graph"": 160.0}",True,2257.1,False,False,True,0.031,2.74,0.16,False,0.024,2.55,0.16,False,0.016,2.7,0.16,False
156.607,780,slm,TOWNSIM_CALIB_CRUCE_FRONTAL,1,deliberative,FRENAR,1,7.146099917622795,False,-160.021728515625,-5.877542018890381,-14.201079368591309,,,,-90.27,False,,,"{""telemetry"": 0.9, ""graph"": 146.8}",True,2257.1,False,False,True,0.0,,0.0,False,0.0,,0.0,False,0.0,,0.0,False
156.814,781,slm,TOWNSIM_CALIB_CRUCE_FRONTAL,1,deliberative,FRENAR,1,7.16187239711211,False,-160.021484375,-5.871941566467285,-14.202630996704102,,,,-91.35,False,,,"{""telemetry"": 0.7, ""graph"": 152.9}",True,2257.1,False,False,True,0.0,,0.0,False,0.0,,0.0,False,0.0,,0.0,False
157.014,782,slm,TOWNSIM_CALIB_CRUCE_FRONTAL,1,deliberative,FRENAR,1,7.15986943740159,False,-160.02549743652344,-5.869930744171143,-14.204886436462402,,,,-92.12,False,,,"{""telemetry"": 0.9, ""graph"": 152.7}",True,2257.1,False,False,True,0.0,,0.0,False,0.0,,0.0,False,0.0,,0.0,False
157.221,783,slm,TOWNSIM_CALIB_CRUCE_FRONTAL,1,deliberative,FRENAR,1,7.172723923805854,False,-160.03343200683594,-5.873284339904785,-14.209182739257812,,,,-92.53,False,,,"{""telemetry"": 0.9, ""graph"": 159.1}",True,2257.1,False,False,True,0.003,17.84,1.0,False,0.0,16.01,1.0,False,0.0,5.44,1.0,False
157.429,784,slm,TOWNSIM_CALIB_CRUCE_FRONTAL,1,deliberative,FRENAR,1,7.177106887177313,False,-160.03318786621094,-5.868231296539307,-14.21091079711914,,,,-92.71,False,,,"{""telemetry"": 1.1, ""graph"": 166.8}",True,2257.1,False,False,True,0.0,4.26,0.271,False,0.004,2.16,0.271,False,0.004,10.64,0.271,False
157.624,785,slm,TOWNSIM_CALIB_CRUCE_FRONTAL,1,deliberative,FRENAR,1,7.179001508697277,False,-160.03167724609375,-5.870855331420898,-14.212089538574219,,,,-92.81,False,,,"{""telemetry"": 1.3, ""graph"": 160.9}",True,2257.1,False,False,True,0.0,,0.0,False,0.0,,0.0,False,0.0,,0.0,False
157.82,786,slm,TOWNSIM_CALIB_CRUCE_FRONTAL,1,deliberative,FRENAR,1,7.1796766194104285,False,-160.0325469970703,-5.868690013885498,-14.212865829467773,,,,-92.85,False,,,"{""telemetry"": 1.3, ""graph"": 157.0}",True,2257.1,False,False,True,0.0,,0.0,False,0.0,,0.0,False,0.0,,0.0,False
158.021,787,slm,TOWNSIM_CALIB_CRUCE_FRONTAL,1,deliberative,FRENAR,1,7.179644234451151,False,-160.03311157226562,-5.867537021636963,-14.213286399841309,,,,-92.88,False,,,"{""telemetry"": 1.2, ""graph"": 158.2}",True,2257.1,False,False,True,0.0,,0.0,False,0.0,,0.0,False,0.0,,0.0,False
158.202,788,slm,TOWNSIM_CALIB_CRUCE_FRONTAL,1,deliberative,FRENAR,1,7.180917396430019,False,-160.03317260742188,-5.8671040534973145,-14.213565826416016,,,,-92.89,False,,,"{""telemetry"": 1.6, ""graph"": 138.1}",True,2257.1,False,False,True,0.0,,0.0,False,0.0,,0.0,False,0.0,,0.0,False
158.422,789,slm,TOWNSIM_CALIB_CRUCE_FRONTAL,1,deliberative,FRENAR,1,7.1810851395501825,False,-160.03298950195312,-5.866916656494141,-14.2136812210083,,,,-92.9,False,,,"{""telemetry"": 1.0, ""graph"": 157.9}",True,2257.1,False,False,True,0.0,260.89,0.256,False,0.0,185.94,0.436,False,0.0,28.01,0.595,False
158.611,790,slm,TOWNSIM_CALIB_CRUCE_FRONTAL,1,deliberative,FRENAR,1,7.181056181837501,False,-160.03323364257812,-5.866648197174072,-14.213751792907715,,,,-92.91,False,,,"{""telemetry"": 1.0, ""graph"": 146.7}",True,2257.1,False,False,True,0.0,,0.0,False,0.0,,0.0,False,0.0,,0.001,False
158.78,791,slm,TOWNSIM_CALIB_CRUCE_FRONTAL,1,deliberative,PERDER_ALTURA,1,7.181185512501689,False,-160.03329467773438,-5.866578578948975,-14.213733673095703,,,,-92.91,False,,,"{""telemetry"": 1.1, ""graph"": 115.8}",True,2256.2,False,False,True,0.0,,0.0,False,0.0,,0.0,False,0.0,,0.0,False
158.969,792,slm,TOWNSIM_CALIB_CRUCE_FRONTAL,1,reactive,MANTENER_RUMBO,1,7.181266604125309,False,-160.03329467773438,-5.866575717926025,-14.213750839233398,,,,-92.91,False,,,"{""telemetry"": 0.9, ""graph"": 105.1}",False,,,,,0.0,,0.0,False,0.0,,0.0,False,0.0,,0.0,False
159.203,793,slm,TOWNSIM_CALIB_CRUCE_FRONTAL,1,reactive,MANTENER_RUMBO,1,7.181266604125309,False,-160.03329467773438,-5.866575717926025,-14.213750839233398,,,,-92.91,False,,,"{""telemetry"": 0.9, ""graph"": 138.3}",False,,,,,0.0,,0.003,False,0.0,,0.0,False,0.0,,0.002,False
159.372,794,slm,TOWNSIM_CALIB_CRUCE_FRONTAL,1,reactive,MANTENER_RUMBO,1,7.181266604125309,False,-160.03329467773438,-5.866575717926025,-14.213750839233398,,,,-92.91,False,,,"{""telemetry"": 0.8, ""graph"": 107.2}",False,,,,,0.0,,0.0,False,0.0,,0.0,False,0.0,,0.0,False
159.609,795,slm,TOWNSIM_CALIB_CRUCE_FRONTAL,1,reactive,MANTENER_RUMBO,1,7.181266604125309,False,-160.03329467773438,-5.866575717926025,-14.213750839233398,,,,-92.91,False,,,"{""telemetry"": 0.8, ""graph"": 144.1}",False,,,,,0.0,,0.002,False,0.0,,0.0,False,0.0,,0.001,False
159.777,796,slm,TOWNSIM_CALIB_CRUCE_FRONTAL,1,reactive,MANTENER_RUMBO,1,7.181266604125309,False,-160.03329467773438,-5.866575717926025,-14.213750839233398,,,,-92.91,False,,,"{""telemetry"": 0.9, ""graph"": 111.6}",False,,,,,0.0,,0.0,False,0.0,,0.0,False,0.0,,0.0,False
159.97,797,slm,TOWNSIM_CALIB_CRUCE_FRONTAL,1,reactive,MANTENER_RUMBO,1,7.181266604125309,False,-160.03329467773438,-5.866575717926025,-14.213750839233398,,,,-92.91,False,,,"{""telemetry"": 1.4, ""graph"": 103.9}",False,,,,,0.0,,0.0,False,0.0,,0.0,False,0.0,,0.0,False
160.198,798,slm,TOWNSIM_CALIB_CRUCE_FRONTAL,1,reactive,MANTENER_RUMBO,1,7.181266604125309,False,-160.03329467773438,-5.866575717926025,-14.213750839233398,,,,-92.91,False,,,"{""telemetry"": 0.9, ""graph"": 132.6}",False,,,,,0.0,,0.0,False,0.0,,0.0,False,0.0,,0.0,False
160.413,799,slm,TOWNSIM_CALIB_CRUCE_FRONTAL,1,reactive,MANTENER_RUMBO,1,7.181266604125309,False,-160.03329467773438,-5.866575717926025,-14.213750839233398,,,,-92.91,False,,,"{""telemetry"": 1.0, ""graph"": 146.5}",False,,,,,0.0,,0.001,False,0.0,,0.0,False,0.0,,0.001,False
160.569,800,slm,TOWNSIM_CALIB_CRUCE_FRONTAL,1,reactive,MANTENER_RUMBO,1,7.181266604125309,False,-160.03329467773438,-5.866575717926025,-14.213750839233398,,,,-92.91,False,,,"{""telemetry"": 1.0, ""graph"": 102.3}",False,,,,,0.0,,0.0,False,0.0,,0.0,False,0.0,,0.0,False
160.805,801,slm,TOWNSIM_CALIB_CRUCE_FRONTAL,1,reactive,MANTENER_RUMBO,1,7.181266604125309,False,-160.03329467773438,-5.866575717926025,-14.213750839233398,,,,-92.91,False,,,"{""telemetry"": 1.7, ""graph"": 138.0}",False,,,,,0.0,,0.001,False,0.0,,0.0,False,0.0,,0.0,False
160.978,802,slm,TOWNSIM_CALIB_CRUCE_FRONTAL,1,reactive,MANTENER_RUMBO,1,7.181266604125309,False,-160.03329467773438,-5.866575717926025,-14.213750839233398,,,,-92.91,False,,,"{""telemetry"": 1.3, ""graph"": 111.0}",False,,,,,0.0,,0.0,False,0.0,,0.0,False,0.0,,0.0,False
161.17,803,slm,TOWNSIM_CALIB_CRUCE_FRONTAL,1,reactive,MANTENER_RUMBO,1,7.181266604125309,False,-160.03329467773438,-5.866575717926025,-14.213750839233398,,,,-92.91,False,,,"{""telemetry"": 0.9, ""graph"": 102.9}",False,,,,,0.0,,0.0,False,0.0,,0.0,False,0.0,,0.0,False
161.409,804,slm,TOWNSIM_CALIB_CRUCE_FRONTAL,1,reactive,MANTENER_RUMBO,1,7.181266604125309,False,-160.03329467773438,-5.866575717926025,-14.213750839233398,,,,-92.91,False,,,"{""telemetry"": 1.6, ""graph"": 141.2}",False,,,,,0.0,,0.003,False,0.0,,0.0,False,0.0,,0.001,False
161.58,805,slm,TOWNSIM_CALIB_CRUCE_FRONTAL,1,reactive,MANTENER_RUMBO,1,7.181266604125309,False,-160.03329467773438,-5.866575717926025,-14.213750839233398,,,,-92.91,False,,,"{""telemetry"": 0.9, ""graph"": 112.7}",False,,,,,0.0,,0.0,False,0.0,,0.0,False,0.0,,0.0,False
161.771,806,slm,TOWNSIM_CALIB_CRUCE_FRONTAL,1,reactive,MANTENER_RUMBO,1,7.181266604125309,False,-160.03329467773438,-5.866575717926025,-14.213750839233398,,,,-92.91,False,,,"{""telemetry"": 0.9, ""graph"": 102.4}",False,,,,,0.0,,0.0,False,0.0,,0.0,False,0.0,,0.0,False
161.968,807,slm,TOWNSIM_CALIB_CRUCE_FRONTAL,1,deliberative,FRENAR,1,7.181266604125309,False,-160.03329467773438,-5.866575717926025,-14.213750839233398,,,,-92.91,False,,,"{""telemetry"": 1.1, ""graph"": 99.9}",True,2256.2,False,False,True,0.0,,0.0,False,0.0,,0.0,False,0.0,,0.0,False
162.207,808,slm,TOWNSIM_CALIB_CRUCE_FRONTAL,1,deliberative,FRENAR,1,7.181266604125309,False,-160.03329467773438,-5.866575717926025,-14.213750839233398,,,,-92.91,False,,,"{""telemetry"": 0.9, ""graph"": 138.8}",True,2256.2,False,False,True,0.0,,0.003,False,0.0,,0.0,False,0.0,,0.0,False
162.4,809,slm,TOWNSIM_CALIB_CRUCE_FRONTAL,1,deliberative,FRENAR,1,7.181266604125309,False,-160.03329467773438,-5.866575717926025,-14.213750839233398,,,,-92.91,False,,,"{""telemetry"": 1.0, ""graph"": 131.1}",True,2256.2,False,False,True,0.0,,0.003,False,0.0,,0.0,False,0.0,,0.001,False
162.571,810,slm,TOWNSIM_CALIB_CRUCE_FRONTAL,1,deliberative,FRENAR,1,7.181266604125309,False,-160.03329467773438,-5.866575717926025,-14.213750839233398,,,,-92.91,False,,,"{""telemetry"": 0.7, ""graph"": 102.0}",True,2256.2,False,False,True,0.0,,0.0,False,0.0,,0.0,False,0.0,,0.0,False
162.786,811,slm,TOWNSIM_CALIB_CRUCE_FRONTAL,1,deliberative,FRENAR,1,7.181266604125309,False,-160.03329467773438,-5.866575717926025,-14.213750839233398,,,,-92.91,False,,,"{""telemetry"": 1.2, ""graph"": 115.3}",True,2256.2,False,False,True,0.0,,0.0,False,0.0,,0.0,False,0.0,,0.0,False
162.983,812,slm,TOWNSIM_CALIB_CRUCE_FRONTAL,1,deliberative,FRENAR,1,7.181266604125309,False,-160.03329467773438,-5.866575717926025,-14.213750839233398,,,,-92.91,False,,,"{""telemetry"": 1.4, ""graph"": 112.1}",True,2256.2,False,False,True,0.0,,0.0,False,0.0,,0.0,False,0.0,,0.0,False
163.18,813,slm,TOWNSIM_CALIB_CRUCE_FRONTAL,1,deliberative,FRENAR,1,7.181266604125309,False,-160.03329467773438,-5.866575717926025,-14.213750839233398,,,,-92.91,False,,,"{""telemetry"": 1.1, ""graph"": 109.0}",True,2256.2,False,False,True,0.0,,0.0,False,0.0,,0.0,False,0.0,,0.0,False
163.377,814,slm,TOWNSIM_CALIB_CRUCE_FRONTAL,1,deliberative,FRENAR,1,7.181266604125309,False,-160.03329467773438,-5.866575717926025,-14.213750839233398,,,,-92.91,False,,,"{""telemetry"": 1.3, ""graph"": 104.6}",True,2256.2,False,False,True,0.0,,0.0,False,0.0,,0.0,False,0.0,,0.0,False
163.597,815,slm,TOWNSIM_CALIB_CRUCE_FRONTAL,1,deliberative,FRENAR,1,7.181266604125309,False,-160.03329467773438,-5.866575717926025,-14.213750839233398,,,,-92.91,False,,,"{""telemetry"": 1.3, ""graph"": 125.1}",True,2256.2,False,False,True,0.0,,0.0,False,0.0,,0.0,False,0.0,,0.0,False
163.776,816,slm,TOWNSIM_CALIB_CRUCE_FRONTAL,1,deliberative,FRENAR,1,7.181266604125309,False,-160.03329467773438,-5.866575717926025,-14.213750839233398,,,,-92.91,False,,,"{""telemetry"": 1.1, ""graph"": 103.8}",True,2256.2,False,False,True,0.0,,0.0,False,0.0,,0.0,False,0.0,,0.0,False
163.972,817,slm,TOWNSIM_CALIB_CRUCE_FRONTAL,1,deliberative,FRENAR,1,7.181266604125309,False,-160.03329467773438,-5.866575717926025,-14.213750839233398,,,,-92.91,False,,,"{""telemetry"": 1.4, ""graph"": 98.6}",True,2256.2,False,False,True,0.0,,0.0,False,0.0,,0.0,False,0.0,,0.0,False
164.209,818,slm,TOWNSIM_CALIB_CRUCE_FRONTAL,1,deliberative,FRENAR,1,7.181266604125309,False,-160.03329467773438,-5.866575717926025,-14.213750839233398,,,,-92.91,False,,,"{""telemetry"": 1.0, ""graph"": 135.5}",True,2256.2,False,False,True,0.0,,0.003,False,0.0,,0.0,False,0.0,,0.0,False
164.409,819,slm,TOWNSIM_CALIB_CRUCE_FRONTAL,1,deliberative,FRENAR,1,7.181266604125309,False,-160.03329467773438,-5.866575717926025,-14.213750839233398,,,,-92.91,False,,,"{""telemetry"": 1.0, ""graph"": 135.1}",True,2256.2,False,False,True,0.0,,0.003,False,0.0,,0.0,False,0.0,,0.0,False
164.583,820,slm,TOWNSIM_CALIB_CRUCE_FRONTAL,1,deliberative,PERDER_ALTURA,1,7.181266604125309,False,-160.03329467773438,-5.866575717926025,-14.213750839233398,,,,-92.91,False,,,"{""telemetry"": 1.4, ""graph"": 108.6}",True,2448.9,False,False,True,0.0,,0.0,False,0.0,,0.0,False,0.0,,0.0,False
164.784,821,slm,TOWNSIM_CALIB_CRUCE_FRONTAL,1,deliberative,FRENAR,1,7.181266604125309,False,-160.03329467773438,-5.866575717926025,-14.213750839233398,,,,-92.91,False,,,"{""telemetry"": 0.9, ""graph"": 109.8}",True,2448.9,False,False,True,0.0,,0.0,False,0.0,,0.0,False,0.0,,0.0,False
164.981,822,slm,TOWNSIM_CALIB_CRUCE_FRONTAL,1,deliberative,FRENAR,1,7.181266604125309,False,-160.03329467773438,-5.866575717926025,-14.213750839233398,,,,-92.91,False,,,"{""telemetry"": 0.8, ""graph"": 106.4}",True,2448.9,False,False,True,0.0,,0.0,False,0.0,,0.0,False,0.0,,0.0,False
165.185,823,slm,TOWNSIM_CALIB_CRUCE_FRONTAL,1,deliberative,FRENAR,1,7.181266604125309,False,-160.03329467773438,-5.866575717926025,-14.213750839233398,,,,-92.91,False,,,"{""telemetry"": 0.8, ""graph"": 110.0}",True,2448.9,False,False,True,0.0,,0.0,False,0.0,,0.0,False,0.0,,0.0,False
165.38,824,slm,TOWNSIM_CALIB_CRUCE_FRONTAL,1,deliberative,FRENAR,1,7.181266604125309,False,-160.03329467773438,-5.866575717926025,-14.213750839233398,,,,-92.91,False,,,"{""telemetry"": 1.1, ""graph"": 104.1}",True,2448.9,False,False,True,0.0,,0.0,False,0.0,,0.0,False,0.0,,0.0,False
165.619,825,slm,TOWNSIM_CALIB_CRUCE_FRONTAL,1,deliberative,FRENAR,1,7.181266604125309,False,-160.03329467773438,-5.866575717926025,-14.213750839233398,,,,-92.91,False,,,"{""telemetry"": 0.9, ""graph"": 143.1}",True,2448.9,False,False,True,0.0,,0.0,False,0.0,,0.0,False,0.0,,0.001,False
165.785,826,slm,TOWNSIM_CALIB_CRUCE_FRONTAL,1,deliberative,FRENAR,1,7.181266604125309,False,-160.03329467773438,-5.866575717926025,-14.213750839233398,,,,-92.91,False,,,"{""telemetry"": 1.2, ""graph"": 109.3}",True,2448.9,False,False,True,0.0,,0.0,False,0.0,,0.0,False,0.0,,0.0,False
165.979,827,slm,TOWNSIM_CALIB_CRUCE_FRONTAL,1,deliberative,FRENAR,1,7.181266604125309,False,-160.03329467773438,-5.866575717926025,-14.213750839233398,,,,-92.91,False,,,"{""telemetry"": 1.3, ""graph"": 103.1}",True,2448.9,False,False,True,0.0,,0.0,False,0.0,,0.0,False,0.0,,0.0,False
166.192,828,slm,TOWNSIM_CALIB_CRUCE_FRONTAL,1,deliberative,FRENAR,1,7.181266604125309,False,-160.03329467773438,-5.866575717926025,-14.213750839233398,,,,-92.91,False,,,"{""telemetry"": 1.0, ""graph"": 116.3}",True,2448.9,False,False,True,0.0,,0.005,False,0.0,,0.0,False,0.0,,0.0,False
166.384,829,slm,TOWNSIM_CALIB_CRUCE_FRONTAL,1,deliberative,FRENAR,1,7.181266604125309,False,-160.03329467773438,-5.866575717926025,-14.213750839233398,,,,-92.91,False,,,"{""telemetry"": 1.1, ""graph"": 107.9}",True,2448.9,False,False,True,0.0,,0.0,False,0.0,,0.0,False,0.0,,0.0,False
166.578,830,slm,TOWNSIM_CALIB_CRUCE_FRONTAL,1,deliberative,FRENAR,1,7.181266604125309,False,-160.03329467773438,-5.866575717926025,-14.213750839233398,,,,-92.91,False,,,"{""telemetry"": 1.1, ""graph"": 100.9}",True,2448.9,False,False,True,0.0,,0.0,False,0.0,,0.0,False,0.0,,0.0,False
166.794,831,slm,TOWNSIM_CALIB_CRUCE_FRONTAL,1,deliberative,FRENAR,1,7.181266604125309,False,-160.03329467773438,-5.866575717926025,-14.213750839233398,,,,-92.91,False,,,"{""telemetry"": 1.0, ""graph"": 117.1}",True,2448.9,False,False,True,0.0,,0.0,False,0.0,,0.0,False,0.0,,0.0,False
166.973,832,slm,TOWNSIM_CALIB_CRUCE_FRONTAL,1,deliberative,FRENAR,1,7.181266604125309,False,-160.03329467773438,-5.866575717926025,-14.213750839233398,,,,-92.91,False,,,"{""telemetry"": 0.8, ""graph"": 95.7}",True,2448.9,False,False,True,0.0,,0.0,False,0.0,,0.0,False,0.0,,0.0,False
167.172,833,slm,TOWNSIM_CALIB_CRUCE_FRONTAL,1,deliberative,PERDER_ALTURA,1,7.181266604125309,False,-160.03329467773438,-5.866575717926025,-14.213750839233398,,,,-92.91,False,,,"{""telemetry"": 0.8, ""graph"": 94.8}",True,2294.0,False,False,True,0.0,,0.0,False,0.0,,0.0,False,0.0,,0.0,False
167.388,834,slm,TOWNSIM_CALIB_CRUCE_FRONTAL,1,deliberative,FRENAR,1,7.181266604125309,False,-160.03329467773438,-5.866575717926025,-14.213750839233398,,,,-92.91,False,,,"{""telemetry"": 0.7, ""graph"": 110.2}",True,2294.0,False,False,True,0.0,,0.0,False,0.0,,0.0,False,0.0,,0.0,False
167.595,835,slm,TOWNSIM_CALIB_CRUCE_FRONTAL,1,deliberative,FRENAR,1,7.181266604125309,False,-160.03329467773438,-5.866575717926025,-14.213750839233398,,,,-92.91,False,,,"{""telemetry"": 0.9, ""graph"": 116.5}",True,2294.0,False,False,True,0.0,,0.0,False,0.0,,0.0,False,0.0,,0.0,False
167.797,836,slm,TOWNSIM_CALIB_CRUCE_FRONTAL,1,deliberative,FRENAR,1,7.181266604125309,False,-160.03329467773438,-5.866575717926025,-14.213750839233398,,,,-92.91,False,,,"{""telemetry"": 0.9, ""graph"": 118.0}",True,2294.0,False,False,True,0.0,,0.003,False,0.0,,0.0,False,0.0,,0.0,False
167.989,837,slm,TOWNSIM_CALIB_CRUCE_FRONTAL,1,deliberative,FRENAR,1,7.181266604125309,False,-160.03329467773438,-5.866575717926025,-14.213750839233398,,,,-92.91,False,,,"{""telemetry"": 1.4, ""graph"": 109.4}",True,2294.0,False,False,True,0.0,,0.002,False,0.0,,0.0,False,0.0,,0.001,False
168.203,838,slm,TOWNSIM_CALIB_CRUCE_FRONTAL,1,deliberative,FRENAR,1,7.181266604125309,False,-160.03329467773438,-5.866575717926025,-14.213750839233398,,,,-92.91,False,,,"{""telemetry"": 1.5, ""graph"": 123.0}",True,2294.0,False,False,True,0.0,,0.001,False,0.0,,0.0,False,0.0,,0.001,False
168.424,839,slm,TOWNSIM_CALIB_CRUCE_FRONTAL,1,deliberative,FRENAR,1,7.181266604125309,False,-160.03329467773438,-5.866575717926025,-14.213750839233398,,,,-92.91,False,,,"{""telemetry"": 0.9, ""graph"": 143.9}",True,2294.0,False,False,True,0.0,,0.0,False,0.0,,0.0,False,0.0,,0.001,False
168.588,840,slm,TOWNSIM_CALIB_CRUCE_FRONTAL,1,deliberative,FRENAR,1,7.181266604125309,False,-160.03329467773438,-5.866575717926025,-14.213750839233398,,,,-92.91,False,,,"{""telemetry"": 1.0, ""graph"": 107.9}",True,2294.0,False,False,True,0.0,,0.0,False,0.0,,0.0,False,0.0,,0.0,False
168.783,841,slm,TOWNSIM_CALIB_CRUCE_FRONTAL,1,deliberative,FRENAR,1,7.181266604125309,False,-160.03329467773438,-5.866575717926025,-14.213750839233398,,,,-92.91,False,,,"{""telemetry"": 1.0, ""graph"": 103.0}",True,2294.0,False,False,True,0.0,,0.0,False,0.0,,0.0,False,0.0,,0.0,False
168.989,842,slm,TOWNSIM_CALIB_CRUCE_FRONTAL,1,deliberative,FRENAR,1,7.181266604125309,False,-160.03329467773438,-5.866575717926025,-14.213750839233398,,,,-92.91,False,,,"{""telemetry"": 1.0, ""graph"": 109.0}",True,2294.0,False,False,True,0.0,,0.0,False,0.0,,0.0,False,0.0,,0.0,False
169.198,843,slm,TOWNSIM_CALIB_CRUCE_FRONTAL,1,deliberative,FRENAR,1,7.181266604125309,False,-160.03329467773438,-5.866575717926025,-14.213750839233398,,,,-92.91,False,,,"{""telemetry"": 0.9, ""graph"": 117.6}",True,2294.0,False,False,True,0.0,,0.0,False,0.0,,0.0,False,0.0,,0.0,False
169.413,844,slm,TOWNSIM_CALIB_CRUCE_FRONTAL,1,deliberative,FRENAR,1,7.181266604125309,False,-160.03329467773438,-5.866575717926025,-14.213750839233398,,,,-92.91,False,,,"{""telemetry"": 1.0, ""graph"": 132.4}",True,2294.0,False,False,True,0.0,,0.0,False,0.0,,0.0,False,0.0,,0.0,False
169.6,845,slm,TOWNSIM_CALIB_CRUCE_FRONTAL,1,deliberative,FRENAR,1,7.181266604125309,False,-160.03329467773438,-5.866575717926025,-14.213750839233398,,,,-92.91,False,,,"{""telemetry"": 0.9, ""graph"": 119.2}",True,2294.0,False,False,True,0.0,,0.0,False,0.0,,0.0,False,0.0,,0.0,False
169.803,846,slm,TOWNSIM_CALIB_CRUCE_FRONTAL,1,deliberative,PERDER_ALTURA,1,7.181266604125309,False,-160.03329467773438,-5.866575717926025,-14.213750839233398,,,,-92.91,False,,,"{""telemetry"": 0.9, ""graph"": 122.1}",True,2310.6,False,False,True,0.0,,0.0,False,0.0,,0.0,False,0.0,,0.0,False
169.99,847,slm,TOWNSIM_CALIB_CRUCE_FRONTAL,1,deliberative,FRENAR,1,7.181266604125309,False,-160.03329467773438,-5.866575717926025,-14.213750839233398,,,,-92.91,False,,,"{""telemetry"": 0.8, ""graph"": 108.3}",True,2310.6,False,False,True,0.0,,0.0,False,0.0,,0.0,False,0.0,,0.0,False
170.185,848,slm,TOWNSIM_CALIB_CRUCE_FRONTAL,1,deliberative,FRENAR,1,7.181266604125309,False,-160.03329467773438,-5.866575717926025,-14.213750839233398,,,,-92.91,False,,,"{""telemetry"": 0.9, ""graph"": 103.5}",True,2310.6,False,False,True,0.0,,0.0,False,0.0,,0.0,False,0.0,,0.0,False
170.39,849,slm,TOWNSIM_CALIB_CRUCE_FRONTAL,1,deliberative,FRENAR,1,7.181266604125309,False,-160.03329467773438,-5.866575717926025,-14.213750839233398,,,,-92.91,False,,,"{""telemetry"": 0.7, ""graph"": 107.6}",True,2310.6,False,False,True,0.0,,0.0,False,0.0,,0.0,False,0.0,,0.0,False
170.583,850,slm,TOWNSIM_CALIB_CRUCE_FRONTAL,1,deliberative,FRENAR,1,7.181266604125309,False,-160.03329467773438,-5.866575717926025,-14.213750839233398,,,,-92.91,False,,,"{""telemetry"": 0.8, ""graph"": 100.5}",True,2310.6,False,False,True,0.0,,0.0,False,0.0,,0.0,False,0.0,,0.0,False
170.827,851,slm,TOWNSIM_CALIB_CRUCE_FRONTAL,1,deliberative,FRENAR,1,7.181266604125309,False,-160.03329467773438,-5.866575717926025,-14.213750839233398,,,,-92.91,False,,,"{""telemetry"": 1.0, ""graph"": 144.2}",True,2310.6,False,False,True,0.0,,0.003,False,0.0,,0.0,False,0.0,,0.001,False
170.977,852,slm,TOWNSIM_CALIB_CRUCE_FRONTAL,1,deliberative,FRENAR,1,7.181266604125309,False,-160.03329467773438,-5.866575717926025,-14.213750839233398,,,,-92.91,False,,,"{""telemetry"": 1.0, ""graph"": 94.3}",True,2310.6,False,False,True,0.0,,0.0,False,0.0,,0.0,False,0.0,,0.0,False
171.187,853,slm,TOWNSIM_CALIB_CRUCE_FRONTAL,1,deliberative,FRENAR,1,7.181266604125309,False,-160.03329467773438,-5.866575717926025,-14.213750839233398,,,,-92.91,False,,,"{""telemetry"": 0.9, ""graph"": 104.2}",True,2310.6,False,False,True,0.0,,0.0,False,0.0,,0.0,False,0.0,,0.0,False
171.373,854,slm,TOWNSIM_CALIB_CRUCE_FRONTAL,1,deliberative,FRENAR,1,7.181266604125309,False,-160.03329467773438,-5.866575717926025,-14.213750839233398,,,,-92.91,False,,,"{""telemetry"": 1.1, ""graph"": 89.5}",True,2310.6,False,False,True,0.0,,0.0,False,0.0,,0.0,False,0.0,,0.0,False
171.57,855,slm,TOWNSIM_CALIB_CRUCE_FRONTAL,1,deliberative,FRENAR,1,7.181266604125309,False,-160.03329467773438,-5.866575717926025,-14.213750839233398,,,,-92.91,False,,,"{""telemetry"": 1.2, ""graph"": 85.7}",True,2310.6,False,False,True,0.0,,0.0,False,0.0,,0.0,False,0.0,,0.0,False
171.794,856,slm,TOWNSIM_CALIB_CRUCE_FRONTAL,1,deliberative,FRENAR,1,7.181266604125309,False,-160.03329467773438,-5.866575717926025,-14.213750839233398,,,,-92.91,False,,,"{""telemetry"": 1.1, ""graph"": 109.4}",True,2310.6,False,False,True,0.0,,0.0,False,0.0,,0.0,False,0.0,,0.0,False
172.003,857,slm,TOWNSIM_CALIB_CRUCE_FRONTAL,1,deliberative,FRENAR,1,7.181266604125309,False,-160.03329467773438,-5.866575717926025,-14.213750839233398,,,,-92.91,False,,,"{""telemetry"": 1.1, ""graph"": 118.4}",True,2310.6,False,False,True,0.0,,0.0,False,0.0,,0.0,False,0.0,,0.0,False
172.191,858,slm,TOWNSIM_CALIB_CRUCE_FRONTAL,1,deliberative,PERDER_ALTURA,1,7.181266604125309,False,-160.03329467773438,-5.866575717926025,-14.213750839233398,,,,-92.91,False,,,"{""telemetry"": 1.0, ""graph"": 106.4}",True,2063.8,False,False,True,0.0,,0.0,False,0.0,,0.0,False,0.0,,0.0,False
172.39,859,slm,TOWNSIM_CALIB_CRUCE_FRONTAL,1,deliberative,FRENAR,1,7.181266604125309,False,-160.03329467773438,-5.866575717926025,-14.213750839233398,,,,-92.91,False,,,"{""telemetry"": 1.4, ""graph"": 104.6}",True,2063.8,False,False,True,0.0,,0.0,False,0.0,,0.0,False,0.0,,0.0,False
172.586,860,slm,TOWNSIM_CALIB_CRUCE_FRONTAL,1,deliberative,FRENAR,1,7.181266604125309,False,-160.03329467773438,-5.866575717926025,-14.213750839233398,,,,-92.91,False,,,"{""telemetry"": 1.0, ""graph"": 100.3}",True,2063.8,False,False,True,0.0,,0.0,False,0.0,,0.0,False,0.0,,0.0,False
172.785,861,slm,TOWNSIM_CALIB_CRUCE_FRONTAL,1,deliberative,FRENAR,1,7.181266604125309,False,-160.03329467773438,-5.866575717926025,-14.213750839233398,,,,-92.91,False,,,"{""telemetry"": 0.7, ""graph"": 99.6}",True,2063.8,False,False,True,0.0,,0.0,False,0.0,,0.0,False,0.0,,0.0,False
172.986,862,slm,TOWNSIM_CALIB_CRUCE_FRONTAL,1,deliberative,FRENAR,1,7.181266604125309,False,-160.03329467773438,-5.866575717926025,-14.213750839233398,,,,-92.91,False,,,"{""telemetry"": 0.8, ""graph"": 100.5}",True,2063.8,False,False,True,0.0,,0.0,False,0.0,,0.0,False,0.0,,0.0,False
173.18,863,slm,TOWNSIM_CALIB_CRUCE_FRONTAL,1,deliberative,FRENAR,1,7.181266604125309,False,-160.03329467773438,-5.866575717926025,-14.213750839233398,,,,-92.91,False,,,"{""telemetry"": 1.3, ""graph"": 93.5}",True,2063.8,False,False,True,0.0,,0.0,False,0.0,,0.0,False,0.0,,0.0,False
173.404,864,slm,TOWNSIM_CALIB_CRUCE_FRONTAL,1,deliberative,FRENAR,1,7.181266604125309,False,-160.03329467773438,-5.866575717926025,-14.213750839233398,,,,-92.91,False,,,"{""telemetry"": 0.8, ""graph"": 117.9}",True,2063.8,False,False,True,0.0,,0.0,False,0.0,,0.0,False,0.0,,0.0,False
173.621,865,slm,TOWNSIM_CALIB_CRUCE_FRONTAL,1,deliberative,FRENAR,1,7.181266604125309,False,-160.03329467773438,-5.866575717926025,-14.213750839233398,,,,-92.91,False,,,"{""telemetry"": 1.4, ""graph"": 134.0}",True,2063.8,False,False,True,0.0,,0.0,False,0.0,,0.0,False,0.0,,0.0,False
173.798,866,slm,TOWNSIM_CALIB_CRUCE_FRONTAL,1,deliberative,FRENAR,1,7.181266604125309,False,-160.03329467773438,-5.866575717926025,-14.213750839233398,,,,-92.91,False,,,"{""telemetry"": 1.4, ""graph"": 110.6}",True,2063.8,False,False,True,0.0,,0.0,False,0.0,,0.0,False,0.0,,0.0,False
173.993,867,slm,TOWNSIM_CALIB_CRUCE_FRONTAL,1,deliberative,FRENAR,1,7.181266604125309,False,-160.03329467773438,-5.866575717926025,-14.213750839233398,,,,-92.91,False,,,"{""telemetry"": 1.0, ""graph"": 106.6}",True,2063.8,False,False,True,0.0,,0.0,False,0.0,,0.0,False,0.0,,0.0,False
174.19,868,slm,TOWNSIM_CALIB_CRUCE_FRONTAL,1,deliberative,FRENAR,1,7.181266604125309,False,-160.03329467773438,-5.866575717926025,-14.213750839233398,,,,-92.91,False,,,"{""telemetry"": 1.5, ""graph"": 102.2}",True,2063.8,False,False,True,0.0,,0.0,False,0.0,,0.0,False,0.0,,0.0,False
174.409,869,slm,TOWNSIM_CALIB_CRUCE_FRONTAL,1,deliberative,FRENAR,1,7.181266604125309,False,-160.03329467773438,-5.866575717926025,-14.213750839233398,,,,-92.91,False,,,"{""telemetry"": 1.1, ""graph"": 120.9}",True,2063.8,False,False,True,0.0,,0.001,False,0.0,,0.0,False,0.0,,0.001,False
174.609,870,slm,TOWNSIM_CALIB_CRUCE_FRONTAL,1,deliberative,PERDER_ALTURA,1,7.181266604125309,False,-160.03329467773438,-5.866575717926025,-14.213750839233398,,,,-92.91,False,,,"{""telemetry"": 1.0, ""graph"": 120.6}",True,2210.8,False,False,True,0.0,,0.001,False,0.0,,0.0,False,0.0,,0.001,False
174.794,871,slm,TOWNSIM_CALIB_CRUCE_FRONTAL,1,deliberative,FRENAR,1,7.181266604125309,False,-160.03329467773438,-5.866575717926025,-14.213750839233398,,,,-92.91,False,,,"{""telemetry"": 0.8, ""graph"": 104.9}",True,2210.8,False,False,True,0.0,,0.0,False,0.0,,0.0,False,0.0,,0.0,False
174.984,872,slm,TOWNSIM_CALIB_CRUCE_FRONTAL,1,deliberative,FRENAR,1,7.181266604125309,False,-160.03329467773438,-5.866575717926025,-14.213750839233398,,,,-92.91,False,,,"{""telemetry"": 1.0, ""graph"": 95.1}",True,2210.8,False,False,True,0.0,,0.0,False,0.0,,0.0,False,0.0,,0.0,False
175.192,873,slm,TOWNSIM_CALIB_CRUCE_FRONTAL,1,deliberative,FRENAR,1,7.181266604125309,False,-160.03329467773438,-5.866575717926025,-14.213750839233398,,,,-92.91,False,,,"{""telemetry"": 1.0, ""graph"": 102.5}",True,2210.8,False,False,True,0.0,,0.0,False,0.0,,0.0,False,0.0,,0.0,False
175.391,874,slm,TOWNSIM_CALIB_CRUCE_FRONTAL,1,deliberative,FRENAR,1,7.181266604125309,False,-160.03329467773438,-5.866575717926025,-14.213750839233398,,,,-92.91,False,,,"{""telemetry"": 0.9, ""graph"": 100.6}",True,2210.8,False,False,True,0.0,,0.0,False,0.0,,0.0,False,0.0,,0.0,False
175.6,875,slm,TOWNSIM_CALIB_CRUCE_FRONTAL,1,deliberative,FRENAR,1,7.181266604125309,False,-160.03329467773438,-5.866575717926025,-14.213750839233398,,,,-92.91,False,,,"{""telemetry"": 1.1, ""graph"": 109.5}",True,2210.8,False,False,True,0.0,,0.0,False,0.0,,0.0,False,0.0,,0.0,False
175.836,876,slm,TOWNSIM_CALIB_CRUCE_FRONTAL,1,deliberative,FRENAR,1,7.181266604125309,False,-160.03329467773438,-5.866575717926025,-14.213750839233398,,,,-92.91,False,,,"{""telemetry"": 1.1, ""graph"": 145.2}",True,2210.8,False,False,True,0.0,,0.002,False,0.0,,0.0,False,0.0,,0.001,False
175.993,877,slm,TOWNSIM_CALIB_CRUCE_FRONTAL,1,deliberative,FRENAR,1,7.181266604125309,False,-160.03329467773438,-5.866575717926025,-14.213750839233398,,,,-92.91,False,,,"{""telemetry"": 1.5, ""graph"": 101.5}",True,2210.8,False,False,True,0.0,,0.0,False,0.0,,0.0,False,0.0,,0.0,False
176.233,878,slm,TOWNSIM_CALIB_CRUCE_FRONTAL,1,deliberative,FRENAR,1,7.181266604125309,False,-160.03329467773438,-5.866575717926025,-14.213750839233398,,,,-92.91,False,,,"{""telemetry"": 1.2, ""graph"": 141.3}",True,2210.8,False,False,True,0.0,,0.0,False,0.0,,0.0,False,0.0,,0.0,False
176.388,879,slm,TOWNSIM_CALIB_CRUCE_FRONTAL,1,deliberative,FRENAR,1,7.181266604125309,False,-160.03329467773438,-5.866575717926025,-14.213750839233398,,,,-92.91,False,,,"{""telemetry"": 1.0, ""graph"": 95.8}",True,2210.8,False,False,True,0.0,,0.0,False,0.0,,0.0,False,0.0,,0.0,False
176.605,880,slm,TOWNSIM_CALIB_CRUCE_FRONTAL,1,deliberative,FRENAR,1,7.181266604125309,False,-160.03329467773438,-5.866575717926025,-14.213750839233398,,,,-92.91,False,,,"{""telemetry"": 1.0, ""graph"": 113.2}",True,2210.8,False,False,True,0.0,,0.0,False,0.0,,0.0,False,0.0,,0.0,False
176.792,881,slm,TOWNSIM_CALIB_CRUCE_FRONTAL,1,deliberative,FRENAR,1,7.181266604125309,False,-160.03329467773438,-5.866575717926025,-14.213750839233398,,,,-92.91,False,,,"{""telemetry"": 0.8, ""graph"": 99.5}",True,2210.8,False,False,True,0.0,,0.0,False,0.0,,0.0,False,0.0,,0.0,False
177.005,882,slm,TOWNSIM_CALIB_CRUCE_FRONTAL,1,deliberative,FRENAR,1,7.181266604125309,False,-160.03329467773438,-5.866575717926025,-14.213750839233398,,,,-92.91,False,,,"{""telemetry"": 1.1, ""graph"": 111.5}",True,2210.8,False,False,True,0.0,,0.0,False,0.0,,0.0,False,0.0,,0.0,False
177.196,883,slm,TOWNSIM_CALIB_CRUCE_FRONTAL,1,deliberative,PERDER_ALTURA,1,7.181266604125309,False,-160.03329467773438,-5.866575717926025,-14.213750839233398,,,,-92.91,False,,,"{""telemetry"": 0.9, ""graph"": 102.4}",True,2220.7,False,False,True,0.0,,0.0,False,0.0,,0.0,False,0.0,,0.0,False
177.396,884,slm,TOWNSIM_CALIB_CRUCE_FRONTAL,1,deliberative,FRENAR,1,7.181266604125309,False,-160.03329467773438,-5.866575717926025,-14.213750839233398,,,,-92.91,False,,,"{""telemetry"": 1.0, ""graph"": 101.6}",True,2220.7,False,False,True,0.0,,0.0,False,0.0,,0.0,False,0.0,,0.0,False
177.597,885,slm,TOWNSIM_CALIB_CRUCE_FRONTAL,1,deliberative,FRENAR,1,7.181266604125309,False,-160.03329467773438,-5.866575717926025,-14.213750839233398,,,,-92.91,False,,,"{""telemetry"": 0.8, ""graph"": 102.7}",True,2220.7,False,False,True,0.0,,0.0,False,0.0,,0.0,False,0.0,,0.0,False
177.794,886,slm,TOWNSIM_CALIB_CRUCE_FRONTAL,1,deliberative,FRENAR,1,7.181266604125309,False,-160.03329467773438,-5.866575717926025,-14.213750839233398,,,,-92.91,False,,,"{""telemetry"": 0.8, ""graph"": 98.7}",True,2220.7,False,False,True,0.0,,0.0,False,0.0,,0.0,False,0.0,,0.0,False
178.021,887,slm,TOWNSIM_CALIB_CRUCE_FRONTAL,1,deliberative,FRENAR,1,7.181266604125309,False,-160.03329467773438,-5.866575717926025,-14.213750839233398,,,,-92.91,False,,,"{""telemetry"": 0.8, ""graph"": 125.1}",True,2220.7,False,False,True,0.0,,0.0,False,0.0,,0.0,False,0.0,,0.0,False
178.21,888,slm,TOWNSIM_CALIB_CRUCE_FRONTAL,1,deliberative,FRENAR,1,7.181266604125309,False,-160.03329467773438,-5.866575717926025,-14.213750839233398,,,,-92.91,False,,,"{""telemetry"": 0.9, ""graph"": 113.8}",True,2220.7,False,False,True,0.0,,0.002,False,0.0,,0.0,False,0.0,,0.001,False
178.416,889,slm,TOWNSIM_CALIB_CRUCE_FRONTAL,1,deliberative,FRENAR,1,7.181266604125309,False,-160.03329467773438,-5.866575717926025,-14.213750839233398,,,,-92.91,False,,,"{""telemetry"": 0.9, ""graph"": 119.4}",True,2220.7,False,False,True,0.0,,0.0,False,0.0,,0.0,False,0.0,,0.0,False
178.605,890,slm,TOWNSIM_CALIB_CRUCE_FRONTAL,1,deliberative,FRENAR,1,7.181266604125309,False,-160.03329467773438,-5.866575717926025,-14.213750839233398,,,,-92.91,False,,,"{""telemetry"": 0.9, ""graph"": 108.3}",True,2220.7,False,False,True,0.0,,0.0,False,0.0,,0.0,False,0.0,,0.0,False
178.81,891,slm,TOWNSIM_CALIB_CRUCE_FRONTAL,1,deliberative,FRENAR,1,7.181266604125309,False,-160.03329467773438,-5.866575717926025,-14.213750839233398,,,,-92.91,False,,,"{""telemetry"": 1.2, ""graph"": 112.5}",True,2220.7,False,False,True,0.0,,0.0,False,0.0,,0.0,False,0.0,,0.0,False
178.997,892,slm,TOWNSIM_CALIB_CRUCE_FRONTAL,1,deliberative,FRENAR,1,7.181266604125309,False,-160.03329467773438,-5.866575717926025,-14.213750839233398,,,,-92.91,False,,,"{""telemetry"": 1.0, ""graph"": 99.9}",True,2220.7,False,False,True,0.0,,0.0,False,0.0,,0.0,False,0.0,,0.0,False
179.192,893,slm,TOWNSIM_CALIB_CRUCE_FRONTAL,1,deliberative,FRENAR,1,7.181266604125309,False,-160.03329467773438,-5.866575717926025,-14.213750839233398,,,,-92.91,False,,,"{""telemetry"": 1.1, ""graph"": 94.5}",True,2220.7,False,False,True,0.0,,0.0,False,0.0,,0.0,False,0.0,,0.0,False
179.412,894,slm,TOWNSIM_CALIB_CRUCE_FRONTAL,1,deliberative,FRENAR,1,7.181266604125309,False,-160.03329467773438,-5.866575717926025,-14.213750839233398,,,,-92.91,False,,,"{""telemetry"": 0.9, ""graph"": 114.0}",True,2220.7,False,False,True,0.0,,0.0,False,0.0,,0.0,False,0.0,,0.0,False
179.584,895,slm,TOWNSIM_CALIB_CRUCE_FRONTAL,1,deliberative,FRENAR,1,7.181266604125309,False,-160.03329467773438,-5.866575717926025,-14.213750839233398,,,,-92.91,False,,,"{""telemetry"": 1.1, ""graph"": 85.4}",True,2220.7,False,False,True,0.0,,0.0,False,0.0,,0.0,False,0.0,,0.0,False
179.801,896,slm,TOWNSIM_CALIB_CRUCE_FRONTAL,1,deliberative,PERDER_ALTURA,1,7.181266604125309,False,-160.03329467773438,-5.866575717926025,-14.213750839233398,,,,-92.91,False,,,"{""telemetry"": 1.1, ""graph"": 103.0}",True,2250.2,False,False,True,0.0,,0.0,False,0.0,,0.0,False,0.0,,0.0,False
180.02,897,slm,TOWNSIM_CALIB_CRUCE_FRONTAL,1,deliberative,FRENAR,1,7.181266604125309,False,-160.03329467773438,-5.866575717926025,-14.213750839233398,,,,-92.91,False,,,"{""telemetry"": 0.8, ""graph"": 121.8}",True,2250.2,False,False,True,0.0,,0.0,False,0.0,,0.0,False,0.0,,0.0,False
180.214,898,slm,TOWNSIM_CALIB_CRUCE_FRONTAL,1,deliberative,FRENAR,1,7.181266604125309,False,-160.03329467773438,-5.866575717926025,-14.213750839233398,,,,-92.91,False,,,"{""telemetry"": 1.2, ""graph"": 114.8}",True,2250.2,False,False,True,0.0,,0.0,False,0.0,,0.0,False,0.0,,0.0,False
180.411,899,slm,TOWNSIM_CALIB_CRUCE_FRONTAL,1,deliberative,FRENAR,1,7.181266604125309,False,-160.03329467773438,-5.866575717926025,-14.213750839233398,,,,-92.91,False,,,"{""telemetry"": 0.7, ""graph"": 111.5}",True,2250.2,False,False,True,0.0,,0.0,False,0.0,,0.0,False,0.0,,0.0,False
180.625,900,slm,TOWNSIM_CALIB_CRUCE_FRONTAL,1,deliberative,FRENAR,1,7.181266604125309,False,-160.03329467773438,-5.866575717926025,-14.213750839233398,,,,-92.91,False,,,"{""telemetry"": 0.9, ""graph"": 125.8}",True,2250.2,False,False,True,0.0,,0.0,False,0.0,,0.0,False,0.0,,0.0,False
180.825,901,slm,TOWNSIM_CALIB_CRUCE_FRONTAL,1,deliberative,FRENAR,1,7.181266604125309,False,-160.03329467773438,-5.866575717926025,-14.213750839233398,,,,-92.91,False,,,"{""telemetry"": 1.7, ""graph"": 123.7}",True,2250.2,False,False,True,0.0,,0.001,False,0.0,,0.0,False,0.0,,0.001,False
181.002,902,slm,TOWNSIM_CALIB_CRUCE_FRONTAL,1,deliberative,FRENAR,1,7.181266604125309,False,-160.03329467773438,-5.866575717926025,-14.213750839233398,,,,-92.91,False,,,"{""telemetry"": 1.1, ""graph"": 101.4}",True,2250.2,False,False,True,0.0,,0.0,False,0.0,,0.0,False,0.0,,0.0,False
181.199,903,slm,TOWNSIM_CALIB_CRUCE_FRONTAL,1,deliberative,FRENAR,1,7.181266604125309,False,-160.03329467773438,-5.866575717926025,-14.213750839233398,,,,-92.91,False,,,"{""telemetry"": 0.9, ""graph"": 98.1}",True,2250.2,False,False,True,0.0,,0.0,False,0.0,,0.0,False,0.0,,0.0,False
181.396,904,slm,TOWNSIM_CALIB_CRUCE_FRONTAL,1,deliberative,FRENAR,1,7.181266604125309,False,-160.03329467773438,-5.866575717926025,-14.213750839233398,,,,-92.91,False,,,"{""telemetry"": 1.0, ""graph"": 95.3}",True,2250.2,False,False,True,0.0,,0.0,False,0.0,,0.0,False,0.0,,0.0,False
181.594,905,slm,TOWNSIM_CALIB_CRUCE_FRONTAL,1,deliberative,FRENAR,1,7.181266604125309,False,-160.03329467773438,-5.866575717926025,-14.213750839233398,,,,-92.91,False,,,"{""telemetry"": 1.1, ""graph"": 92.1}",True,2250.2,False,False,True,0.0,,0.0,False,0.0,,0.0,False,0.0,,0.0,False
181.806,906,slm,TOWNSIM_CALIB_CRUCE_FRONTAL,1,deliberative,FRENAR,1,7.181266604125309,False,-160.03329467773438,-5.866575717926025,-14.213750839233398,,,,-92.91,False,,,"{""telemetry"": 1.0, ""graph"": 103.5}",True,2250.2,False,False,True,0.0,,0.0,False,0.0,,0.0,False,0.0,,0.0,False
181.994,907,slm,TOWNSIM_CALIB_CRUCE_FRONTAL,1,deliberative,FRENAR,1,7.181266604125309,False,-160.03329467773438,-5.866575717926025,-14.213750839233398,,,,-92.91,False,,,"{""telemetry"": 1.0, ""graph"": 91.3}",True,2250.2,False,False,True,0.0,,0.0,False,0.0,,0.0,False,0.0,,0.0,False
182.191,908,slm,TOWNSIM_CALIB_CRUCE_FRONTAL,1,deliberative,FRENAR,1,7.181266604125309,False,-160.03329467773438,-5.866575717926025,-14.213750839233398,,,,-92.91,False,,,"{""telemetry"": 0.9, ""graph"": 88.3}",True,2250.2,False,False,True,0.0,,0.0,False,0.0,,0.0,False,0.0,,0.0,False
182.419,909,slm,TOWNSIM_CALIB_CRUCE_FRONTAL,1,deliberative,PERDER_ALTURA,1,7.181266604125309,False,-160.03329467773438,-5.866575717926025,-14.213750839233398,,,,-92.91,False,,,"{""telemetry"": 0.9, ""graph"": 116.3}",True,2214.9,False,False,True,0.0,,0.0,False,0.0,,0.0,False,0.0,,0.0,False
182.619,910,slm,TOWNSIM_CALIB_CRUCE_FRONTAL,1,deliberative,FRENAR,1,7.181266604125309,False,-160.03329467773438,-5.866575717926025,-14.213750839233398,,,,-92.91,False,,,"{""telemetry"": 1.4, ""graph"": 115.4}",True,2214.9,False,False,True,0.0,,0.0,False,0.0,,0.0,False,0.0,,0.0,False
182.826,911,slm,TOWNSIM_CALIB_CRUCE_FRONTAL,1,deliberative,FRENAR,1,7.181266604125309,False,-160.03329467773438,-5.866575717926025,-14.213750839233398,,,,-92.91,False,,,"{""telemetry"": 0.8, ""graph"": 122.3}",True,2214.9,False,False,True,0.0,,0.0,False,0.0,,0.0,False,0.0,,0.0,False
183.016,912,slm,TOWNSIM_CALIB_CRUCE_FRONTAL,1,deliberative,FRENAR,1,7.181266604125309,False,-160.03329467773438,-5.866575717926025,-14.213750839233398,,,,-92.91,False,,,"{""telemetry"": 0.9, ""graph"": 112.2}",True,2214.9,False,False,True,0.0,,0.0,False,0.0,,0.0,False,0.0,,0.0,False
183.203,913,slm,TOWNSIM_CALIB_CRUCE_FRONTAL,1,deliberative,FRENAR,1,7.181266604125309,False,-160.03329467773438,-5.866575717926025,-14.213750839233398,,,,-92.91,False,,,"{""telemetry"": 0.8, ""graph"": 98.3}",True,2214.9,False,False,True,0.0,,0.0,False,0.0,,0.0,False,0.0,,0.0,False
183.407,914,slm,TOWNSIM_CALIB_CRUCE_FRONTAL,1,deliberative,FRENAR,1,7.181266604125309,False,-160.03329467773438,-5.866575717926025,-14.213750839233398,,,,-92.91,False,,,"{""telemetry"": 1.0, ""graph"": 101.5}",True,2214.9,False,False,True,0.0,,0.0,False,0.0,,0.0,False,0.0,,0.0,False
183.62,915,slm,TOWNSIM_CALIB_CRUCE_FRONTAL,1,deliberative,FRENAR,1,7.181266604125309,False,-160.03329467773438,-5.866575717926025,-14.213750839233398,,,,-92.91,False,,,"{""telemetry"": 1.3, ""graph"": 114.3}",True,2214.9,False,False,True,0.0,,0.001,False,0.0,,0.0,False,0.0,,0.0,False
183.809,916,slm,TOWNSIM_CALIB_CRUCE_FRONTAL,1,deliberative,FRENAR,1,7.181266604125309,False,-160.03329467773438,-5.866575717926025,-14.213750839233398,,,,-92.91,False,,,"{""telemetry"": 1.6, ""graph"": 103.3}",True,2214.9,False,False,True,0.0,,0.0,False,0.0,,0.0,False,0.0,,0.0,False
184.043,917,slm,TOWNSIM_CALIB_CRUCE_FRONTAL,1,deliberative,FRENAR,1,7.181266604125309,False,-160.03329467773438,-5.866575717926025,-14.213750839233398,,,,-92.91,False,,,"{""telemetry"": 1.3, ""graph"": 136.4}",True,2214.9,False,False,True,0.0,,0.003,False,0.0,,0.0,False,0.0,,0.0,False
184.213,918,slm,TOWNSIM_CALIB_CRUCE_FRONTAL,1,deliberative,FRENAR,1,7.181266604125309,False,-160.03329467773438,-5.866575717926025,-14.213750839233398,,,,-92.91,False,,,"{""telemetry"": 1.1, ""graph"": 106.9}",True,2214.9,False,False,True,0.0,,0.0,False,0.0,,0.0,False,0.0,,0.0,False
184.406,919,slm,TOWNSIM_CALIB_CRUCE_FRONTAL,1,deliberative,FRENAR,1,7.181266604125309,False,-160.03329467773438,-5.866575717926025,-14.213750839233398,,,,-92.91,False,,,"{""telemetry"": 0.9, ""graph"": 98.9}",True,2214.9,False,False,True,0.0,,0.0,False,0.0,,0.0,False,0.0,,0.0,False
184.605,920,slm,TOWNSIM_CALIB_CRUCE_FRONTAL,1,deliberative,FRENAR,1,7.181266604125309,False,-160.03329467773438,-5.866575717926025,-14.213750839233398,,,,-92.91,False,,,"{""telemetry"": 1.2, ""graph"": 97.6}",True,2214.9,False,False,True,0.0,,0.0,False,0.0,,0.0,False,0.0,,0.0,False
184.804,921,slm,TOWNSIM_CALIB_CRUCE_FRONTAL,1,deliberative,FRENAR,1,7.181266604125309,False,-160.03329467773438,-5.866575717926025,-14.213750839233398,,,,-92.91,False,,,"{""telemetry"": 1.3, ""graph"": 96.3}",True,2214.9,False,False,True,0.0,,0.0,False,0.0,,0.0,False,0.0,,0.0,False
185.024,922,slm,TOWNSIM_CALIB_CRUCE_FRONTAL,1,deliberative,PERDER_ALTURA,1,7.181266604125309,False,-160.03329467773438,-5.866575717926025,-14.213750839233398,,,,-92.91,False,,,"{""telemetry"": 1.1, ""graph"": 116.2}",True,2268.0,False,False,True,0.0,,0.002,False,0.0,,0.0,False,0.0,,0.0,False
185.208,923,slm,TOWNSIM_CALIB_CRUCE_FRONTAL,1,deliberative,FRENAR,1,7.181266604125309,False,-160.03329467773438,-5.866575717926025,-14.213750839233398,,,,-92.91,False,,,"{""telemetry"": 1.6, ""graph"": 99.9}",True,2268.0,False,False,True,0.0,,0.0,False,0.0,,0.0,False,0.0,,0.0,False
185.4,924,slm,TOWNSIM_CALIB_CRUCE_FRONTAL,1,deliberative,FRENAR,1,7.181266604125309,False,-160.03329467773438,-5.866575717926025,-14.213750839233398,,,,-92.91,False,,,"{""telemetry"": 1.2, ""graph"": 92.3}",True,2268.0,False,False,True,0.0,,0.0,False,0.0,,0.0,False,0.0,,0.0,False
185.596,925,slm,TOWNSIM_CALIB_CRUCE_FRONTAL,1,deliberative,FRENAR,1,7.181266604125309,False,-160.03329467773438,-5.866575717926025,-14.213750839233398,,,,-92.91,False,,,"{""telemetry"": 1.2, ""graph"": 87.5}",True,2268.0,False,False,True,0.0,,0.0,False,0.0,,0.0,False,0.0,,0.0,False
185.857,926,slm,TOWNSIM_CALIB_CRUCE_FRONTAL,1,deliberative,FRENAR,1,7.181266604125309,False,-160.03329467773438,-5.866575717926025,-14.213750839233398,,,,-92.91,False,,,"{""telemetry"": 1.1, ""graph"": 148.0}",True,2268.0,False,False,True,0.0,,0.001,False,0.0,,0.0,False,0.0,,0.001,False
186.013,927,slm,TOWNSIM_CALIB_CRUCE_FRONTAL,1,deliberative,FRENAR,1,7.181266604125309,False,-160.03329467773438,-5.866575717926025,-14.213750839233398,,,,-92.91,False,,,"{""telemetry"": 1.0, ""graph"": 103.4}",True,2268.0,False,False,True,0.0,,0.0,False,0.0,,0.0,False,0.0,,0.0,False
186.209,928,slm,TOWNSIM_CALIB_CRUCE_FRONTAL,1,deliberative,FRENAR,1,7.181266604125309,False,-160.03329467773438,-5.866575717926025,-14.213750839233398,,,,-92.91,False,,,"{""telemetry"": 1.5, ""graph"": 98.1}",True,2268.0,False,False,True,0.0,,0.0,False,0.0,,0.0,False,0.0,,0.0,False
186.443,929,slm,TOWNSIM_CALIB_CRUCE_FRONTAL,1,deliberative,FRENAR,1,7.181266604125309,False,-160.03329467773438,-5.866575717926025,-14.213750839233398,,,,-92.91,False,,,"{""telemetry"": 1.0, ""graph"": 132.6}",True,2268.0,False,False,True,0.0,,0.0,False,0.0,,0.0,False,0.0,,0.0,False
186.604,930,slm,TOWNSIM_CALIB_CRUCE_FRONTAL,1,deliberative,FRENAR,1,7.181266604125309,False,-160.03329467773438,-5.866575717926025,-14.213750839233398,,,,-92.91,False,,,"{""telemetry"": 1.0, ""graph"": 92.8}",True,2268.0,False,False,True,0.0,,0.0,False,0.0,,0.0,False,0.0,,0.0,False
186.817,931,slm,TOWNSIM_CALIB_CRUCE_FRONTAL,1,deliberative,FRENAR,1,7.181266604125309,False,-160.03329467773438,-5.866575717926025,-14.213750839233398,,,,-92.91,False,,,"{""telemetry"": 1.0, ""graph"": 105.2}",True,2268.0,False,False,True,0.0,,0.0,False,0.0,,0.0,False,0.0,,0.0,False
187.01,932,slm,TOWNSIM_CALIB_CRUCE_FRONTAL,1,deliberative,FRENAR,1,7.181266604125309,False,-160.03329467773438,-5.866575717926025,-14.213750839233398,,,,-92.91,False,,,"{""telemetry"": 0.8, ""graph"": 98.3}",True,2268.0,False,False,True,0.0,,0.0,False,0.0,,0.0,False,0.0,,0.0,False
187.204,933,slm,TOWNSIM_CALIB_CRUCE_FRONTAL,1,deliberative,FRENAR,1,7.181266604125309,False,-160.03329467773438,-5.866575717926025,-14.213750839233398,,,,-92.91,False,,,"{""telemetry"": 1.0, ""graph"": 92.0}",True,2268.0,False,False,True,0.0,,0.0,False,0.0,,0.0,False,0.0,,0.0,False
187.402,934,slm,TOWNSIM_CALIB_CRUCE_FRONTAL,1,deliberative,FRENAR,1,7.181266604125309,False,-160.03329467773438,-5.866575717926025,-14.213750839233398,,,,-92.91,False,,,"{""telemetry"": 0.8, ""graph"": 90.2}",True,2268.0,False,False,True,0.0,,0.0,False,0.0,,0.0,False,0.0,,0.0,False
187.607,935,slm,TOWNSIM_CALIB_CRUCE_FRONTAL,1,deliberative,PERDER_ALTURA,1,7.181266604125309,False,-160.03329467773438,-5.866575717926025,-14.213750839233398,,,,-92.91,False,,,"{""telemetry"": 0.9, ""graph"": 94.2}",True,2220.9,False,False,True,0.0,,0.0,False,0.0,,0.0,False,0.0,,0.0,False
187.845,936,slm,TOWNSIM_CALIB_CRUCE_FRONTAL,1,deliberative,FRENAR,1,7.181266604125309,False,-160.03329467773438,-5.866575717926025,-14.213750839233398,,,,-92.91,False,,,"{""telemetry"": 0.8, ""graph"": 132.2}",True,2220.9,False,False,True,0.0,,0.001,False,0.0,,0.0,False,0.0,,0.001,False
188.02,937,slm,TOWNSIM_CALIB_CRUCE_FRONTAL,1,deliberative,FRENAR,1,7.181266604125309,False,-160.03329467773438,-5.866575717926025,-14.213750839233398,,,,-92.91,False,,,"{""telemetry"": 0.8, ""graph"": 106.2}",True,2220.9,False,False,True,0.0,,0.0,False,0.0,,0.0,False,0.0,,0.0,False
188.204,938,slm,TOWNSIM_CALIB_CRUCE_FRONTAL,1,deliberative,FRENAR,1,7.181266604125309,False,-160.03329467773438,-5.866575717926025,-14.213750839233398,,,,-92.91,False,,,"{""telemetry"": 0.8, ""graph"": 90.5}",True,2220.9,False,False,True,0.0,,0.0,False,0.0,,0.0,False,0.0,,0.0,False
188.429,939,slm,TOWNSIM_CALIB_CRUCE_FRONTAL,1,deliberative,FRENAR,1,7.181266604125309,False,-160.03329467773438,-5.866575717926025,-14.213750839233398,,,,-92.91,False,,,"{""telemetry"": 0.8, ""graph"": 114.7}",True,2220.9,False,False,True,0.0,,0.0,False,0.0,,0.0,False,0.0,,0.0,False
188.627,940,slm,TOWNSIM_CALIB_CRUCE_FRONTAL,1,deliberative,FRENAR,1,7.181266604125309,False,-160.03329467773438,-5.866575717926025,-14.213750839233398,,,,-92.91,False,,,"{""telemetry"": 1.0, ""graph"": 112.7}",True,2220.9,False,False,True,0.0,,0.0,False,0.0,,0.0,False,0.0,,0.0,False
188.843,941,slm,TOWNSIM_CALIB_CRUCE_FRONTAL,1,deliberative,FRENAR,1,7.181266604125309,False,-160.03329467773438,-5.866575717926025,-14.213750839233398,,,,-92.91,False,,,"{""telemetry"": 0.8, ""graph"": 128.9}",True,2220.9,False,False,True,0.0,,0.002,False,0.0,,0.0,False,0.0,,0.001,False
189.018,942,slm,TOWNSIM_CALIB_CRUCE_FRONTAL,1,deliberative,FRENAR,1,7.181266604125309,False,-160.03329467773438,-5.866575717926025,-14.213750839233398,,,,-92.91,False,,,"{""telemetry"": 1.0, ""graph"": 103.1}",True,2220.9,False,False,True,0.0,,0.0,False,0.0,,0.0,False,0.0,,0.0,False
189.215,943,slm,TOWNSIM_CALIB_CRUCE_FRONTAL,1,deliberative,FRENAR,1,7.181266604125309,False,-160.03329467773438,-5.866575717926025,-14.213750839233398,,,,-92.91,False,,,"{""telemetry"": 1.1, ""graph"": 99.8}",True,2220.9,False,False,True,0.0,,0.0,False,0.0,,0.0,False,0.0,,0.0,False
189.453,944,slm,TOWNSIM_CALIB_CRUCE_FRONTAL,1,deliberative,FRENAR,1,7.181266604125309,False,-160.03329467773438,-5.866575717926025,-14.213750839233398,,,,-92.91,False,,,"{""telemetry"": 0.9, ""graph"": 136.6}",True,2220.9,False,False,True,0.0,,0.0,False,0.0,,0.0,False,0.0,,0.0,False
189.608,945,slm,TOWNSIM_CALIB_CRUCE_FRONTAL,1,deliberative,FRENAR,1,7.181266604125309,False,-160.03329467773438,-5.866575717926025,-14.213750839233398,,,,-92.91,False,,,"{""telemetry"": 1.3, ""graph"": 91.2}",True,2220.9,False,False,True,0.0,,0.0,False,0.0,,0.0,False,0.0,,0.0,False
189.803,946,slm,TOWNSIM_CALIB_CRUCE_FRONTAL,1,deliberative,FRENAR,1,7.181266604125309,False,-160.03329467773438,-5.866575717926025,-14.213750839233398,,,,-92.91,False,,,"{""telemetry"": 0.9, ""graph"": 86.7}",True,2220.9,False,False,True,0.0,,0.0,False,0.0,,0.0,False,0.0,,0.0,False
190.029,947,slm,TOWNSIM_CALIB_CRUCE_FRONTAL,1,deliberative,FRENAR,1,7.181266604125309,False,-160.03329467773438,-5.866575717926025,-14.213750839233398,,,,-92.91,False,,,"{""telemetry"": 1.0, ""graph"": 111.7}",True,2220.9,False,False,True,0.0,,0.0,False,0.0,,0.0,False,0.0,,0.0,False
190.231,948,slm,TOWNSIM_CALIB_CRUCE_FRONTAL,1,deliberative,PERDER_ALTURA,1,7.181266604125309,False,-160.03329467773438,-5.866575717926025,-14.213750839233398,,,,-92.91,False,,,"{""telemetry"": 1.4, ""graph"": 113.4}",True,2288.5,False,False,True,0.0,,0.0,False,0.0,,0.0,False,0.0,,0.0,False
190.427,949,slm,TOWNSIM_CALIB_CRUCE_FRONTAL,1,deliberative,FRENAR,1,7.181266604125309,False,-160.03329467773438,-5.866575717926025,-14.213750839233398,,,,-92.91,False,,,"{""telemetry"": 0.7, ""graph"": 110.1}",True,2288.5,False,False,True,0.0,,0.0,False,0.0,,0.0,False,0.0,,0.0,False
190.645,950,slm,TOWNSIM_CALIB_CRUCE_FRONTAL,1,deliberative,FRENAR,1,7.181266604125309,False,-160.03329467773438,-5.866575717926025,-14.213750839233398,,,,-92.91,False,,,"{""telemetry"": 0.8, ""graph"": 128.2}",True,2288.5,False,False,True,0.0,,0.0,False,0.0,,0.0,False,0.0,,0.0,False
190.822,951,slm,TOWNSIM_CALIB_CRUCE_FRONTAL,1,deliberative,FRENAR,1,7.181266604125309,False,-160.03329467773438,-5.866575717926025,-14.213750839233398,,,,-92.91,False,,,"{""telemetry"": 1.0, ""graph"": 104.2}",True,2288.5,False,False,True,0.0,,0.0,False,0.0,,0.0,False,0.0,,0.0,False
191.026,952,slm,TOWNSIM_CALIB_CRUCE_FRONTAL,1,deliberative,FRENAR,1,7.181266604125309,False,-160.03329467773438,-5.866575717926025,-14.213750839233398,,,,-92.91,False,,,"{""telemetry"": 0.8, ""graph"": 107.6}",True,2288.5,False,False,True,0.0,,0.0,False,0.0,,0.0,False,0.0,,0.0,False
191.211,953,slm,TOWNSIM_CALIB_CRUCE_FRONTAL,1,deliberative,FRENAR,1,7.181266604125309,False,-160.03329467773438,-5.866575717926025,-14.213750839233398,,,,-92.91,False,,,"{""telemetry"": 1.6, ""graph"": 92.0}",True,2288.5,False,False,True,0.0,,0.0,False,0.0,,0.0,False,0.0,,0.0,False
191.44,954,slm,TOWNSIM_CALIB_CRUCE_FRONTAL,1,deliberative,FRENAR,1,7.181266604125309,False,-160.03329467773438,-5.866575717926025,-14.213750839233398,,,,-92.91,False,,,"{""telemetry"": 1.0, ""graph"": 121.1}",True,2288.5,False,False,True,0.0,,0.0,False,0.0,,0.0,False,0.0,,0.0,False
191.687,955,slm,TOWNSIM_CALIB_CRUCE_FRONTAL,1,deliberative,FRENAR,1,7.181266604125309,False,-160.03329467773438,-5.866575717926025,-14.213750839233398,,,,-92.91,False,,,"{""telemetry"": 1.4, ""graph"": 166.4}",True,2288.5,False,False,True,0.0,,0.003,False,0.0,,0.0,False,0.0,,0.0,False
191.858,956,slm,TOWNSIM_CALIB_CRUCE_FRONTAL,1,deliberative,FRENAR,1,7.181266604125309,False,-160.03329467773438,-5.866575717926025,-14.213750839233398,,,,-92.91,False,,,"{""telemetry"": 0.9, ""graph"": 138.1}",True,2288.5,False,False,True,0.0,,0.0,False,0.0,,0.0,False,0.0,,0.0,False
192.043,957,slm,TOWNSIM_CALIB_CRUCE_FRONTAL,1,deliberative,FRENAR,1,7.181266604125309,False,-160.03329467773438,-5.866575717926025,-14.213750839233398,,,,-92.91,False,,,"{""telemetry"": 0.9, ""graph"": 122.3}",True,2288.5,False,False,True,0.0,,0.0,False,0.0,,0.0,False,0.0,,0.0,False
192.247,958,slm,TOWNSIM_CALIB_CRUCE_FRONTAL,1,deliberative,FRENAR,1,7.181266604125309,False,-160.03329467773438,-5.866575717926025,-14.213750839233398,,,,-92.91,False,,,"{""telemetry"": 1.2, ""graph"": 126.1}",True,2288.5,False,False,True,0.0,,0.0,False,0.0,,0.0,False,0.0,,0.0,False
192.487,959,slm,TOWNSIM_CALIB_CRUCE_FRONTAL,1,deliberative,FRENAR,1,7.181266604125309,False,-160.03329467773438,-5.866575717926025,-14.213750839233398,,,,-92.91,False,,,"{""telemetry"": 1.4, ""graph"": 165.0}",True,2288.5,False,False,True,0.0,,0.003,False,0.0,,0.0,False,0.0,,0.0,False
192.653,960,slm,TOWNSIM_CALIB_CRUCE_FRONTAL,1,deliberative,FRENAR,1,7.181266604125309,False,-160.03329467773438,-5.866575717926025,-14.213750839233398,,,,-92.91,False,,,"{""telemetry"": 1.4, ""graph"": 130.7}",True,2288.5,False,False,True,0.0,,0.005,False,0.0,,0.0,False,0.0,,0.0,False
192.851,961,slm,TOWNSIM_CALIB_CRUCE_FRONTAL,1,deliberative,PERDER_ALTURA,1,7.181266604125309,False,-160.03329467773438,-5.866575717926025,-14.213750839233398,,,,-92.91,False,,,"{""telemetry"": 0.9, ""graph"": 128.5}",True,2231.6,False,False,True,0.0,,0.003,False,0.0,,0.0,False,0.0,,0.0,False
193.029,962,slm,TOWNSIM_CALIB_CRUCE_FRONTAL,1,deliberative,FRENAR,1,7.181266604125309,False,-160.03329467773438,-5.866575717926025,-14.213750839233398,,,,-92.91,False,,,"{""telemetry"": 0.9, ""graph"": 106.3}",True,2231.6,False,False,True,0.0,,0.0,False,0.0,,0.0,False,0.0,,0.0,False
193.232,963,slm,TOWNSIM_CALIB_CRUCE_FRONTAL,1,deliberative,FRENAR,1,7.181266604125309,False,-160.03329467773438,-5.866575717926025,-14.213750839233398,,,,-92.91,False,,,"{""telemetry"": 0.7, ""graph"": 109.5}",True,2231.6,False,False,True,0.0,,0.0,False,0.0,,0.0,False,0.0,,0.0,False
193.44,964,slm,TOWNSIM_CALIB_CRUCE_FRONTAL,1,deliberative,FRENAR,1,7.181266604125309,False,-160.03329467773438,-5.866575717926025,-14.213750839233398,,,,-92.91,False,,,"{""telemetry"": 1.1, ""graph"": 117.1}",True,2231.6,False,False,True,0.0,,0.0,False,0.0,,0.0,False,0.0,,0.0,False
193.652,965,slm,TOWNSIM_CALIB_CRUCE_FRONTAL,1,deliberative,FRENAR,1,7.181266604125309,False,-160.03329467773438,-5.866575717926025,-14.213750839233398,,,,-92.91,False,,,"{""telemetry"": 1.0, ""graph"": 128.3}",True,2231.6,False,False,True,0.0,,0.0,False,0.0,,0.0,False,0.0,,0.0,False
193.849,966,slm,TOWNSIM_CALIB_CRUCE_FRONTAL,1,deliberative,FRENAR,1,7.181266604125309,False,-160.03329467773438,-5.866575717926025,-14.213750839233398,,,,-92.91,False,,,"{""telemetry"": 0.9, ""graph"": 125.6}",True,2231.6,False,False,True,0.0,,0.0,False,0.0,,0.0,False,0.0,,0.0,False
194.027,967,slm,TOWNSIM_CALIB_CRUCE_FRONTAL,1,deliberative,FRENAR,1,7.181266604125309,False,-160.03329467773438,-5.866575717926025,-14.213750839233398,,,,-92.91,False,,,"{""telemetry"": 1.0, ""graph"": 102.7}",True,2231.6,False,False,True,0.0,,0.0,False,0.0,,0.0,False,0.0,,0.0,False
194.252,968,slm,TOWNSIM_CALIB_CRUCE_FRONTAL,1,deliberative,FRENAR,1,7.181266604125309,False,-160.03329467773438,-5.866575717926025,-14.213750839233398,,,,-92.91,False,,,"{""telemetry"": 1.0, ""graph"": 127.5}",True,2231.6,False,False,True,0.0,,0.002,False,0.0,,0.0,False,0.0,,0.0,False
194.441,969,slm,TOWNSIM_CALIB_CRUCE_FRONTAL,1,deliberative,FRENAR,1,7.181266604125309,False,-160.03329467773438,-5.866575717926025,-14.213750839233398,,,,-92.91,False,,,"{""telemetry"": 1.1, ""graph"": 116.6}",True,2231.6,False,False,True,0.0,,0.0,False,0.0,,0.0,False,0.0,,0.0,False
194.638,970,slm,TOWNSIM_CALIB_CRUCE_FRONTAL,1,deliberative,FRENAR,1,7.181266604125309,False,-160.03329467773438,-5.866575717926025,-14.213750839233398,,,,-92.91,False,,,"{""telemetry"": 1.2, ""graph"": 113.1}",True,2231.6,False,False,True,0.0,,0.0,False,0.0,,0.0,False,0.0,,0.0,False
194.841,971,slm,TOWNSIM_CALIB_CRUCE_FRONTAL,1,deliberative,FRENAR,1,7.181266604125309,False,-160.03329467773438,-5.866575717926025,-14.213750839233398,,,,-92.91,False,,,"{""telemetry"": 1.1, ""graph"": 115.3}",True,2231.6,False,False,True,0.0,,0.0,False,0.0,,0.0,False,0.0,,0.0,False
195.057,972,slm,TOWNSIM_CALIB_CRUCE_FRONTAL,1,deliberative,FRENAR,1,7.181266604125309,False,-160.03329467773438,-5.866575717926025,-14.213750839233398,,,,-92.91,False,,,"{""telemetry"": 1.1, ""graph"": 130.6}",True,2231.6,False,False,True,0.0,,0.0,False,0.0,,0.0,False,0.0,,0.0,False
195.256,973,slm,TOWNSIM_CALIB_CRUCE_FRONTAL,1,deliberative,FRENAR,1,7.181266604125309,False,-160.03329467773438,-5.866575717926025,-14.213750839233398,,,,-92.91,False,,,"{""telemetry"": 2.1, ""graph"": 128.0}",True,2231.6,False,False,True,0.0,,0.0,False,0.0,,0.0,False,0.0,,0.0,False
195.482,974,slm,TOWNSIM_CALIB_CRUCE_FRONTAL,1,deliberative,PERDER_ALTURA,1,7.181266604125309,False,-160.03329467773438,-5.866575717926025,-14.213750839233398,,,,-92.91,False,,,"{""telemetry"": 0.9, ""graph"": 154.7}",True,2263.1,False,False,True,0.0,,0.002,False,0.0,,0.0,False,0.0,,0.0,False
195.697,975,slm,TOWNSIM_CALIB_CRUCE_FRONTAL,1,deliberative,FRENAR,1,7.181266604125309,False,-160.03329467773438,-5.866575717926025,-14.213750839233398,,,,-92.91,False,,,"{""telemetry"": 0.8, ""graph"": 169.2}",True,2263.1,False,False,True,0.0,,0.002,False,0.0,,0.0,False,0.0,,0.0,False
195.841,976,slm,TOWNSIM_CALIB_CRUCE_FRONTAL,1,deliberative,FRENAR,1,7.181266604125309,False,-160.03329467773438,-5.866575717926025,-14.213750839233398,,,,-92.91,False,,,"{""telemetry"": 0.9, ""graph"": 113.0}",True,2263.1,False,False,True,0.0,,0.0,False,0.0,,0.0,False,0.0,,0.0,False
196.07,977,slm,TOWNSIM_CALIB_CRUCE_FRONTAL,1,deliberative,FRENAR,1,7.181266604125309,False,-160.03329467773438,-5.866575717926025,-14.213750839233398,,,,-92.91,False,,,"{""telemetry"": 0.8, ""graph"": 141.8}",True,2263.1,False,False,True,0.0,,0.0,False,0.0,,0.0,False,0.0,,0.0,False
196.264,978,slm,TOWNSIM_CALIB_CRUCE_FRONTAL,1,deliberative,FRENAR,1,7.181266604125309,False,-160.03329467773438,-5.866575717926025,-14.213750839233398,,,,-92.91,False,,,"{""telemetry"": 0.8, ""graph"": 135.5}",True,2263.1,False,False,True,0.0,,0.0,False,0.0,,0.0,False,0.0,,0.0,False
196.474,979,slm,TOWNSIM_CALIB_CRUCE_FRONTAL,1,deliberative,FRENAR,1,7.181266604125309,False,-160.03329467773438,-5.866575717926025,-14.213750839233398,,,,-92.91,False,,,"{""telemetry"": 1.1, ""graph"": 145.4}",True,2263.1,False,False,True,0.0,,0.0,False,0.0,,0.0,False,0.0,,0.0,False
196.641,980,slm,TOWNSIM_CALIB_CRUCE_FRONTAL,1,deliberative,FRENAR,1,7.181266604125309,False,-160.03329467773438,-5.866575717926025,-14.213750839233398,,,,-92.91,False,,,"{""telemetry"": 1.0, ""graph"": 111.9}",True,2263.1,False,False,True,0.0,,0.0,False,0.0,,0.0,False,0.0,,0.0,False
196.847,981,slm,TOWNSIM_CALIB_CRUCE_FRONTAL,1,deliberative,FRENAR,1,7.181266604125309,False,-160.03329467773438,-5.866575717926025,-14.213750839233398,,,,-92.91,False,,,"{""telemetry"": 1.3, ""graph"": 117.6}",True,2263.1,False,False,True,0.0,,0.0,False,0.0,,0.0,False,0.0,,0.0,False
197.044,982,slm,TOWNSIM_CALIB_CRUCE_FRONTAL,1,deliberative,FRENAR,1,7.181266604125309,False,-160.03329467773438,-5.866575717926025,-14.213750839233398,,,,-92.91,False,,,"{""telemetry"": 1.0, ""graph"": 114.9}",True,2263.1,False,False,True,0.0,,0.0,False,0.0,,0.0,False,0.0,,0.0,False
197.246,983,slm,TOWNSIM_CALIB_CRUCE_FRONTAL,1,deliberative,FRENAR,1,7.181266604125309,False,-160.03329467773438,-5.866575717926025,-14.213750839233398,,,,-92.91,False,,,"{""telemetry"": 0.9, ""graph"": 116.3}",True,2263.1,False,False,True,0.0,,0.0,False,0.0,,0.0,False,0.0,,0.0,False
197.452,984,slm,TOWNSIM_CALIB_CRUCE_FRONTAL,1,deliberative,FRENAR,1,7.181266604125309,False,-160.03329467773438,-5.866575717926025,-14.213750839233398,,,,-92.91,False,,,"{""telemetry"": 1.3, ""graph"": 121.0}",True,2263.1,False,False,True,0.0,,0.0,False,0.0,,0.0,False,0.0,,0.0,False
197.635,985,slm,TOWNSIM_CALIB_CRUCE_FRONTAL,1,deliberative,FRENAR,1,7.181266604125309,False,-160.03329467773438,-5.866575717926025,-14.213750839233398,,,,-92.91,False,,,"{""telemetry"": 1.3, ""graph"": 103.5}",True,2263.1,False,False,True,0.0,,0.0,False,0.0,,0.0,False,0.0,,0.0,False
197.828,986,slm,TOWNSIM_CALIB_CRUCE_FRONTAL,1,deliberative,PERDER_ALTURA,1,7.181266604125309,False,-160.03329467773438,-5.866575717926025,-14.213750839233398,,,,-92.91,False,,,"{""telemetry"": 1.2, ""graph"": 97.2}",True,2069.3,False,False,True,0.0,,0.0,False,0.0,,0.0,False,0.0,,0.0,False
198.048,987,slm,TOWNSIM_CALIB_CRUCE_FRONTAL,1,deliberative,FRENAR,1,7.181266604125309,False,-160.03329467773438,-5.866575717926025,-14.213750839233398,,,,-92.91,False,,,"{""telemetry"": 1.0, ""graph"": 116.1}",True,2069.3,False,False,True,0.0,,0.0,False,0.0,,0.0,False,0.0,,0.0,False
198.233,988,slm,TOWNSIM_CALIB_CRUCE_FRONTAL,1,deliberative,FRENAR,1,7.181266604125309,False,-160.03329467773438,-5.866575717926025,-14.213750839233398,,,,-92.91,False,,,"{""telemetry"": 0.8, ""graph"": 101.2}",True,2069.3,False,False,True,0.0,,0.0,False,0.0,,0.0,False,0.0,,0.0,False
198.437,989,slm,TOWNSIM_CALIB_CRUCE_FRONTAL,1,deliberative,FRENAR,1,7.181266604125309,False,-160.03329467773438,-5.866575717926025,-14.213750839233398,,,,-92.91,False,,,"{""telemetry"": 1.1, ""graph"": 105.1}",True,2069.3,False,False,True,0.0,,0.0,False,0.0,,0.0,False,0.0,,0.0,False
198.656,990,slm,TOWNSIM_CALIB_CRUCE_FRONTAL,1,deliberative,FRENAR,1,7.181266604125309,False,-160.03329467773438,-5.866575717926025,-14.213750839233398,,,,-92.91,False,,,"{""telemetry"": 1.0, ""graph"": 123.3}",True,2069.3,False,False,True,0.0,,0.0,False,0.0,,0.0,False,0.0,,0.0,False
198.847,991,slm,TOWNSIM_CALIB_CRUCE_FRONTAL,1,deliberative,FRENAR,1,7.181266604125309,False,-160.03329467773438,-5.866575717926025,-14.213750839233398,,,,-92.91,False,,,"{""telemetry"": 1.7, ""graph"": 112.6}",True,2069.3,False,False,True,0.0,,0.0,False,0.0,,0.0,False,0.0,,0.0,False
199.045,992,slm,TOWNSIM_CALIB_CRUCE_FRONTAL,1,deliberative,FRENAR,1,7.181266604125309,False,-160.03329467773438,-5.866575717926025,-14.213750839233398,,,,-92.91,False,,,"{""telemetry"": 1.1, ""graph"": 111.7}",True,2069.3,False,False,True,0.0,,0.0,False,0.0,,0.0,False,0.0,,0.0,False
199.242,993,slm,TOWNSIM_CALIB_CRUCE_FRONTAL,1,deliberative,FRENAR,1,7.181266604125309,False,-160.03329467773438,-5.866575717926025,-14.213750839233398,,,,-92.91,False,,,"{""telemetry"": 1.0, ""graph"": 106.9}",True,2069.3,False,False,True,0.0,,0.0,False,0.0,,0.0,False,0.0,,0.0,False
199.454,994,slm,TOWNSIM_CALIB_CRUCE_FRONTAL,1,deliberative,FRENAR,1,7.181266604125309,False,-160.03329467773438,-5.866575717926025,-14.213750839233398,,,,-92.91,False,,,"{""telemetry"": 1.5, ""graph"": 119.0}",True,2069.3,False,False,True,0.0,,0.0,False,0.0,,0.0,False,0.0,,0.0,False
199.647,995,slm,TOWNSIM_CALIB_CRUCE_FRONTAL,1,deliberative,FRENAR,1,7.181266604125309,False,-160.03329467773438,-5.866575717926025,-14.213750839233398,,,,-92.91,False,,,"{""telemetry"": 1.1, ""graph"": 112.5}",True,2069.3,False,False,True,0.0,,0.0,False,0.0,,0.0,False,0.0,,0.0,False
199.871,996,slm,TOWNSIM_CALIB_CRUCE_FRONTAL,1,deliberative,FRENAR,1,7.181266604125309,False,-160.03329467773438,-5.866575717926025,-14.213750839233398,,,,-92.91,False,,,"{""telemetry"": 1.1, ""graph"": 135.1}",True,2069.3,False,False,True,0.0,,0.0,False,0.0,,0.0,False,0.0,,0.0,False
200.044,997,slm,TOWNSIM_CALIB_CRUCE_FRONTAL,1,deliberative,FRENAR,1,7.181266604125309,False,-160.03329467773438,-5.866575717926025,-14.213750839233398,,,,-92.91,False,,,"{""telemetry"": 1.1, ""graph"": 107.5}",True,2069.3,False,False,True,0.0,,0.0,False,0.0,,0.0,False,0.0,,0.0,False
200.272,998,slm,TOWNSIM_CALIB_CRUCE_FRONTAL,1,deliberative,FRENAR,1,7.181266604125309,False,-160.03329467773438,-5.866575717926025,-14.213750839233398,,,,-92.91,False,,,"{""telemetry"": 0.9, ""graph"": 135.9}",True,2069.3,False,False,True,0.0,,0.001,False,0.0,,0.0,False,0.0,,0.0,False
200.468,999,slm,TOWNSIM_CALIB_CRUCE_FRONTAL,1,deliberative,PERDER_ALTURA,1,7.181266604125309,False,-160.03329467773438,-5.866575717926025,-14.213750839233398,,,,-92.91,False,,,"{""telemetry"": 1.2, ""graph"": 131.1}",True,2307.4,False,False,True,0.0,,0.001,False,0.0,,0.0,False,0.0,,0.0,False
200.639,1000,slm,TOWNSIM_CALIB_CRUCE_FRONTAL,1,deliberative,FRENAR,1,7.181266604125309,False,-160.03329467773438,-5.866575717926025,-14.213750839233398,,,,-92.91,False,,,"{""telemetry"": 0.8, ""graph"": 102.4}",True,2307.4,False,False,True,0.0,,0.0,False,0.0,,0.0,False,0.0,,0.0,False
200.844,1001,slm,TOWNSIM_CALIB_CRUCE_FRONTAL,1,deliberative,FRENAR,1,7.181266604125309,False,-160.03329467773438,-5.866575717926025,-14.213750839233398,,,,-92.91,False,,,"{""telemetry"": 0.9, ""graph"": 107.1}",True,2307.4,False,False,True,0.0,,0.0,False,0.0,,0.0,False,0.0,,0.0,False
201.05,1002,slm,TOWNSIM_CALIB_CRUCE_FRONTAL,1,deliberative,FRENAR,1,7.181266604125309,False,-160.03329467773438,-5.866575717926025,-14.213750839233398,,,,-92.91,False,,,"{""telemetry"": 1.2, ""graph"": 112.0}",True,2307.4,False,False,True,0.0,,0.0,False,0.0,,0.0,False,0.0,,0.0,False
201.243,1003,slm,TOWNSIM_CALIB_CRUCE_FRONTAL,1,deliberative,FRENAR,1,7.181266604125309,False,-160.03329467773438,-5.866575717926025,-14.213750839233398,,,,-92.91,False,,,"{""telemetry"": 0.8, ""graph"": 105.1}",True,2307.4,False,False,True,0.0,,0.0,False,0.0,,0.0,False,0.0,,0.0,False
201.497,1004,slm,TOWNSIM_CALIB_CRUCE_FRONTAL,1,deliberative,FRENAR,1,7.181266604125309,False,-160.03329467773438,-5.866575717926025,-14.213750839233398,,,,-92.91,False,,,"{""telemetry"": 1.2, ""graph"": 158.7}",True,2307.4,False,False,True,0.0,,0.002,False,0.0,,0.0,False,0.0,,0.0,False
201.672,1005,slm,TOWNSIM_CALIB_CRUCE_FRONTAL,1,deliberative,FRENAR,1,7.181266604125309,False,-160.03329467773438,-5.866575717926025,-14.213750839233398,,,,-92.91,False,,,"{""telemetry"": 1.4, ""graph"": 133.7}",True,2307.4,False,False,True,0.0,,0.0,False,0.0,,0.0,False,0.0,,0.0,False
201.866,1006,slm,TOWNSIM_CALIB_CRUCE_FRONTAL,1,deliberative,FRENAR,1,7.181266604125309,False,-160.03329467773438,-5.866575717926025,-14.213750839233398,,,,-92.91,False,,,"{""telemetry"": 0.9, ""graph"": 127.8}",True,2307.4,False,False,True,0.0,,0.0,False,0.0,,0.0,False,0.0,,0.0,False
202.061,1007,slm,TOWNSIM_CALIB_CRUCE_FRONTAL,1,deliberative,FRENAR,1,7.181266604125309,False,-160.03329467773438,-5.866575717926025,-14.213750839233398,,,,-92.91,False,,,"{""telemetry"": 1.2, ""graph"": 122.5}",True,2307.4,False,False,True,0.0,,0.0,False,0.0,,0.0,False,0.0,,0.0,False
202.263,1008,slm,TOWNSIM_CALIB_CRUCE_FRONTAL,1,deliberative,FRENAR,1,7.181266604125309,False,-160.03329467773438,-5.866575717926025,-14.213750839233398,,,,-92.91,False,,,"{""telemetry"": 0.9, ""graph"": 124.1}",True,2307.4,False,False,True,0.0,,0.0,False,0.0,,0.0,False,0.0,,0.0,False
202.463,1009,slm,TOWNSIM_CALIB_CRUCE_FRONTAL,1,deliberative,FRENAR,1,7.181266604125309,False,-160.03329467773438,-5.866575717926025,-14.213750839233398,,,,-92.91,False,,,"{""telemetry"": 1.2, ""graph"": 123.4}",True,2307.4,False,False,True,0.0,,0.0,False,0.0,,0.0,False,0.0,,0.0,False
202.648,1010,slm,TOWNSIM_CALIB_CRUCE_FRONTAL,1,deliberative,FRENAR,1,7.181266604125309,False,-160.03329467773438,-5.866575717926025,-14.213750839233398,,,,-92.91,False,,,"{""telemetry"": 1.2, ""graph"": 108.5}",True,2307.4,False,False,True,0.0,,0.0,False,0.0,,0.0,False,0.0,,0.0,False
202.86,1011,slm,TOWNSIM_CALIB_CRUCE_FRONTAL,1,deliberative,FRENAR,1,7.181266604125309,False,-160.03329467773438,-5.866575717926025,-14.213750839233398,,,,-92.91,False,,,"{""telemetry"": 1.2, ""graph"": 119.4}",True,2307.4,False,False,True,0.0,,0.0,False,0.0,,0.0,False,0.0,,0.0,False
203.065,1012,slm,TOWNSIM_CALIB_CRUCE_FRONTAL,1,deliberative,PERDER_ALTURA,1,7.181266604125309,False,-160.03329467773438,-5.866575717926025,-14.213750839233398,,,,-92.91,False,,,"{""telemetry"": 1.1, ""graph"": 124.0}",True,2258.1,False,False,True,0.0,,0.0,False,0.0,,0.0,False,0.0,,0.0,False
203.266,1013,slm,TOWNSIM_CALIB_CRUCE_FRONTAL,1,deliberative,FRENAR,1,7.181266604125309,False,-160.03329467773438,-5.866575717926025,-14.213750839233398,,,,-92.91,False,,,"{""telemetry"": 0.7, ""graph"": 125.1}",True,2258.1,False,False,True,0.0,,0.0,False,0.0,,0.0,False,0.0,,0.0,False
203.484,1014,slm,TOWNSIM_CALIB_CRUCE_FRONTAL,1,deliberative,FRENAR,1,7.181266604125309,False,-160.03329467773438,-5.866575717926025,-14.213750839233398,,,,-92.91,False,,,"{""telemetry"": 1.5, ""graph"": 142.2}",True,2258.1,False,False,True,0.0,,0.0,False,0.0,,0.0,False,0.0,,0.0,False
203.652,1015,slm,TOWNSIM_CALIB_CRUCE_FRONTAL,1,deliberative,FRENAR,1,7.181266604125309,False,-160.03329467773438,-5.866575717926025,-14.213750839233398,,,,-92.91,False,,,"{""telemetry"": 0.9, ""graph"": 110.1}",True,2258.1,False,False,True,0.0,,0.0,False,0.0,,0.0,False,0.0,,0.0,False
203.852,1016,slm,TOWNSIM_CALIB_CRUCE_FRONTAL,1,deliberative,FRENAR,1,7.181266604125309,False,-160.03329467773438,-5.866575717926025,-14.213750839233398,,,,-92.91,False,,,"{""telemetry"": 1.1, ""graph"": 110.3}",True,2258.1,False,False,True,0.0,,0.0,False,0.0,,0.0,False,0.0,,0.0,False
204.062,1017,slm,TOWNSIM_CALIB_CRUCE_FRONTAL,1,deliberative,FRENAR,1,7.181266604125309,False,-160.03329467773438,-5.866575717926025,-14.213750839233398,,,,-92.91,False,,,"{""telemetry"": 1.6, ""graph"": 118.6}",True,2258.1,False,False,True,0.0,,0.0,False,0.0,,0.0,False,0.0,,0.0,False
204.269,1018,slm,TOWNSIM_CALIB_CRUCE_FRONTAL,1,deliberative,FRENAR,1,7.181266604125309,False,-160.03329467773438,-5.866575717926025,-14.213750839233398,,,,-92.91,False,,,"{""telemetry"": 1.3, ""graph"": 125.9}",True,2258.1,False,False,True,0.0,,0.0,False,0.0,,0.0,False,0.0,,0.0,False
204.443,1019,slm,TOWNSIM_CALIB_CRUCE_FRONTAL,1,deliberative,FRENAR,1,7.181266604125309,False,-160.03329467773438,-5.866575717926025,-14.213750839233398,,,,-92.91,False,,,"{""telemetry"": 1.2, ""graph"": 99.5}",True,2258.1,False,False,True,0.0,,0.0,False,0.0,,0.0,False,0.0,,0.0,False
204.64,1020,slm,TOWNSIM_CALIB_CRUCE_FRONTAL,1,deliberative,FRENAR,1,7.181266604125309,False,-160.03329467773438,-5.866575717926025,-14.213750839233398,,,,-92.91,False,,,"{""telemetry"": 1.1, ""graph"": 95.8}",True,2258.1,False,False,True,0.0,,0.0,False,0.0,,0.0,False,0.0,,0.0,False
204.841,1021,slm,TOWNSIM_CALIB_CRUCE_FRONTAL,1,deliberative,FRENAR,1,7.181266604125309,False,-160.03329467773438,-5.866575717926025,-14.213750839233398,,,,-92.91,False,,,"{""telemetry"": 1.1, ""graph"": 96.9}",True,2258.1,False,False,True,0.0,,0.0,False,0.0,,0.0,False,0.0,,0.0,False
205.041,1022,slm,TOWNSIM_CALIB_CRUCE_FRONTAL,1,deliberative,FRENAR,1,7.181266604125309,False,-160.03329467773438,-5.866575717926025,-14.213750839233398,,,,-92.91,False,,,"{""telemetry"": 1.0, ""graph"": 96.1}",True,2258.1,False,False,True,0.0,,0.0,False,0.0,,0.0,False,0.0,,0.0,False
205.238,1023,slm,TOWNSIM_CALIB_CRUCE_FRONTAL,1,deliberative,FRENAR,1,7.181266604125309,False,-160.03329467773438,-5.866575717926025,-14.213750839233398,,,,-92.91,False,,,"{""telemetry"": 1.0, ""graph"": 92.3}",True,2258.1,False,False,True,0.0,,0.0,False,0.0,,0.0,False,0.0,,0.0,False
205.439,1024,slm,TOWNSIM_CALIB_CRUCE_FRONTAL,1,deliberative,FRENAR,1,7.181266604125309,False,-160.03329467773438,-5.866575717926025,-14.213750839233398,,,,-92.91,False,,,"{""telemetry"": 1.0, ""graph"": 92.8}",True,2258.1,False,False,True,0.0,,0.0,False,0.0,,0.0,False,0.0,,0.0,False
205.662,1025,slm,TOWNSIM_CALIB_CRUCE_FRONTAL,1,deliberative,PERDER_ALTURA,1,7.181266604125309,False,-160.03329467773438,-5.866575717926025,-14.213750839233398,,,,-92.91,False,,,"{""telemetry"": 1.1, ""graph"": 115.6}",True,2353.3,False,False,True,0.0,,0.0,False,0.0,,0.0,False,0.0,,0.0,False
205.869,1026,slm,TOWNSIM_CALIB_CRUCE_FRONTAL,1,deliberative,FRENAR,1,7.181266604125309,False,-160.03329467773438,-5.866575717926025,-14.213750839233398,,,,-92.91,False,,,"{""telemetry"": 0.8, ""graph"": 122.3}",True,2353.3,False,False,True,0.0,,0.003,False,0.0,,0.0,False,0.0,,0.0,False
206.086,1027,slm,TOWNSIM_CALIB_CRUCE_FRONTAL,1,deliberative,FRENAR,1,7.181266604125309,False,-160.03329467773438,-5.866575717926025,-14.213750839233398,,,,-92.91,False,,,"{""telemetry"": 2.0, ""graph"": 137.7}",True,2353.3,False,False,True,0.0,,0.0,False,0.0,,0.0,False,0.0,,0.0,False
206.261,1028,slm,TOWNSIM_CALIB_CRUCE_FRONTAL,1,deliberative,FRENAR,1,7.181266604125309,False,-160.03329467773438,-5.866575717926025,-14.213750839233398,,,,-92.91,False,,,"{""telemetry"": 0.7, ""graph"": 114.2}",True,2353.3,False,False,True,0.0,,0.002,False,0.0,,0.0,False,0.0,,0.0,False
206.461,1029,slm,TOWNSIM_CALIB_CRUCE_FRONTAL,1,deliberative,FRENAR,1,7.181266604125309,False,-160.03329467773438,-5.866575717926025,-14.213750839233398,,,,-92.91,False,,,"{""telemetry"": 0.7, ""graph"": 114.1}",True,2353.3,False,False,True,0.0,,0.003,False,0.0,,0.0,False,0.0,,0.0,False
206.643,1030,slm,TOWNSIM_CALIB_CRUCE_FRONTAL,1,deliberative,FRENAR,1,7.181266604125309,False,-160.03329467773438,-5.866575717926025,-14.213750839233398,,,,-92.91,False,,,"{""telemetry"": 1.0, ""graph"": 94.8}",True,2353.3,False,False,True,0.0,,0.0,False,0.0,,0.0,False,0.0,,0.0,False
206.845,1031,slm,TOWNSIM_CALIB_CRUCE_FRONTAL,1,deliberative,FRENAR,1,7.181266604125309,False,-160.03329467773438,-5.866575717926025,-14.213750839233398,,,,-92.91,False,,,"{""telemetry"": 1.0, ""graph"": 96.8}",True,2353.3,False,False,True,0.0,,0.0,False,0.0,,0.0,False,0.0,,0.0,False
207.039,1032,slm,TOWNSIM_CALIB_CRUCE_FRONTAL,1,deliberative,FRENAR,1,7.181266604125309,False,-160.03329467773438,-5.866575717926025,-14.213750839233398,,,,-92.91,False,,,"{""telemetry"": 0.9, ""graph"": 91.0}",True,2353.3,False,False,True,0.0,,0.0,False,0.0,,0.0,False,0.0,,0.0,False
207.24,1033,slm,TOWNSIM_CALIB_CRUCE_FRONTAL,1,deliberative,FRENAR,1,7.181266604125309,False,-160.03329467773438,-5.866575717926025,-14.213750839233398,,,,-92.91,False,,,"{""telemetry"": 0.9, ""graph"": 90.8}",True,2353.3,False,False,True,0.0,,0.0,False,0.0,,0.0,False,0.0,,0.0,False
207.443,1034,slm,TOWNSIM_CALIB_CRUCE_FRONTAL,1,deliberative,FRENAR,1,7.181266604125309,False,-160.03329467773438,-5.866575717926025,-14.213750839233398,,,,-92.91,False,,,"{""telemetry"": 0.9, ""graph"": 93.6}",True,2353.3,False,False,True,0.0,,0.0,False,0.0,,0.0,False,0.0,,0.0,False
207.657,1035,slm,TOWNSIM_CALIB_CRUCE_FRONTAL,1,deliberative,FRENAR,1,7.181266604125309,False,-160.03329467773438,-5.866575717926025,-14.213750839233398,,,,-92.91,False,,,"{""telemetry"": 0.9, ""graph"": 107.8}",True,2353.3,False,False,True,0.0,,0.002,False,0.0,,0.0,False,0.0,,0.001,False
207.856,1036,slm,TOWNSIM_CALIB_CRUCE_FRONTAL,1,deliberative,FRENAR,1,7.181266604125309,False,-160.03329467773438,-5.866575717926025,-14.213750839233398,,,,-92.91,False,,,"{""telemetry"": 1.2, ""graph"": 106.2}",True,2353.3,False,False,True,0.0,,0.0,False,0.0,,0.0,False,0.0,,0.0,False
208.049,1037,slm,TOWNSIM_CALIB_CRUCE_FRONTAL,1,deliberative,FRENAR,1,7.181266604125309,False,-160.03329467773438,-5.866575717926025,-14.213750839233398,,,,-92.91,False,,,"{""telemetry"": 1.1, ""graph"": 98.1}",True,2353.3,False,False,True,0.0,,0.0,False,0.0,,0.0,False,0.0,,0.0,False
208.253,1038,slm,TOWNSIM_CALIB_CRUCE_FRONTAL,1,deliberative,PERDER_ALTURA,1,7.181266604125309,False,-160.03329467773438,-5.866575717926025,-14.213750839233398,,,,-92.91,False,,,"{""telemetry"": 1.0, ""graph"": 102.3}",True,2215.4,False,False,True,0.0,,0.0,False,0.0,,0.0,False,0.0,,0.0,False
208.456,1039,slm,TOWNSIM_CALIB_CRUCE_FRONTAL,1,deliberative,FRENAR,1,7.181266604125309,False,-160.03329467773438,-5.866575717926025,-14.213750839233398,,,,-92.91,False,,,"{""telemetry"": 1.3, ""graph"": 103.7}",True,2215.4,False,False,True,0.0,,0.0,False,0.0,,0.0,False,0.0,,0.0,False
208.667,1040,slm,TOWNSIM_CALIB_CRUCE_FRONTAL,1,deliberative,FRENAR,1,7.181266604125309,False,-160.03329467773438,-5.866575717926025,-14.213750839233398,,,,-92.91,False,,,"{""telemetry"": 0.8, ""graph"": 115.7}",True,2215.4,False,False,True,0.0,,0.0,False,0.0,,0.0,False,0.0,,0.0,False
208.904,1041,slm,TOWNSIM_CALIB_CRUCE_FRONTAL,1,deliberative,FRENAR,1,7.181266604125309,False,-160.03329467773438,-5.866575717926025,-14.213750839233398,,,,-92.91,False,,,"{""telemetry"": 0.9, ""graph"": 152.1}",True,2215.4,False,False,True,0.0,,0.0,False,0.0,,0.0,False,0.0,,0.0,False
209.088,1042,slm,TOWNSIM_CALIB_CRUCE_FRONTAL,1,deliberative,FRENAR,1,7.181266604125309,False,-160.03329467773438,-5.866575717926025,-14.213750839233398,,,,-92.91,False,,,"{""telemetry"": 0.7, ""graph"": 136.4}",True,2215.4,False,False,True,0.0,,0.001,False,0.0,,0.0,False,0.0,,0.001,False
209.28,1043,slm,TOWNSIM_CALIB_CRUCE_FRONTAL,1,deliberative,FRENAR,1,7.181266604125309,False,-160.03329467773438,-5.866575717926025,-14.213750839233398,,,,-92.91,False,,,"{""telemetry"": 0.8, ""graph"": 128.0}",True,2215.4,False,False,True,0.0,,0.001,False,0.0,,0.0,False,0.0,,0.001,False
209.477,1044,slm,TOWNSIM_CALIB_CRUCE_FRONTAL,1,deliberative,FRENAR,1,7.181266604125309,False,-160.03329467773438,-5.866575717926025,-14.213750839233398,,,,-92.91,False,,,"{""telemetry"": 1.0, ""graph"": 124.0}",True,2215.4,False,False,True,0.0,,0.001,False,0.0,,0.0,False,0.0,,0.001,False
209.653,1045,slm,TOWNSIM_CALIB_CRUCE_FRONTAL,1,deliberative,FRENAR,1,7.181266604125309,False,-160.03329467773438,-5.866575717926025,-14.213750839233398,,,,-92.91,False,,,"{""telemetry"": 0.9, ""graph"": 99.6}",True,2215.4,False,False,True,0.0,,0.0,False,0.0,,0.0,False,0.0,,0.0,False
209.856,1046,slm,TOWNSIM_CALIB_CRUCE_FRONTAL,1,deliberative,FRENAR,1,7.181266604125309,False,-160.03329467773438,-5.866575717926025,-14.213750839233398,,,,-92.91,False,,,"{""telemetry"": 1.0, ""graph"": 102.3}",True,2215.4,False,False,True,0.0,,0.0,False,0.0,,0.0,False,0.0,,0.0,False
210.054,1047,slm,TOWNSIM_CALIB_CRUCE_FRONTAL,1,deliberative,FRENAR,1,7.181266604125309,False,-160.03329467773438,-5.866575717926025,-14.213750839233398,,,,-92.91,False,,,"{""telemetry"": 0.9, ""graph"": 99.9}",True,2215.4,False,False,True,0.0,,0.0,False,0.0,,0.0,False,0.0,,0.0,False
210.277,1048,slm,TOWNSIM_CALIB_CRUCE_FRONTAL,1,deliberative,FRENAR,1,7.181266604125309,False,-160.03329467773438,-5.866575717926025,-14.213750839233398,,,,-92.91,False,,,"{""telemetry"": 0.9, ""graph"": 122.5}",True,2215.4,False,False,True,0.0,,0.0,False,0.0,,0.0,False,0.0,,0.001,False
210.475,1049,slm,TOWNSIM_CALIB_CRUCE_FRONTAL,1,deliberative,FRENAR,1,7.181266604125309,False,-160.03329467773438,-5.866575717926025,-14.213750839233398,,,,-92.91,False,,,"{""telemetry"": 1.0, ""graph"": 120.4}",True,2215.4,False,False,True,0.0,,0.002,False,0.0,,0.0,False,0.0,,0.001,False
210.674,1050,slm,TOWNSIM_CALIB_CRUCE_FRONTAL,1,deliberative,FRENAR,1,7.181266604125309,False,-160.03329467773438,-5.866575717926025,-14.213750839233398,,,,-92.91,False,,,"{""telemetry"": 0.9, ""graph"": 119.3}",True,2215.4,False,False,True,0.0,,0.002,False,0.0,,0.0,False,0.0,,0.001,False
210.858,1051,slm,TOWNSIM_CALIB_CRUCE_FRONTAL,1,deliberative,FRENAR,1,7.181266604125309,False,-160.03329467773438,-5.866575717926025,-14.213750839233398,,,,-92.91,False,,,"{""telemetry"": 0.9, ""graph"": 102.3}",True,2215.4,False,False,True,0.0,,0.0,False,0.0,,0.0,False,0.0,,0.0,False
211.085,1052,slm,TOWNSIM_CALIB_CRUCE_FRONTAL,1,deliberative,PERDER_ALTURA,1,7.181266604125309,False,-160.03329467773438,-5.866575717926025,-14.213750839233398,,,,-92.91,False,,,"{""telemetry"": 0.8, ""graph"": 129.4}",True,2454.7,False,False,True,0.0,,0.001,False,0.0,,0.0,False,0.0,,0.0,False
211.267,1053,slm,TOWNSIM_CALIB_CRUCE_FRONTAL,1,deliberative,FRENAR,1,7.181266604125309,False,-160.03329467773438,-5.866575717926025,-14.213750839233398,,,,-92.91,False,,,"{""telemetry"": 0.7, ""graph"": 111.4}",True,2454.7,False,False,True,0.0,,0.0,False,0.0,,0.0,False,0.0,,0.0,False
211.494,1054,slm,TOWNSIM_CALIB_CRUCE_FRONTAL,1,deliberative,FRENAR,1,7.181266604125309,False,-160.03329467773438,-5.866575717926025,-14.213750839233398,,,,-92.91,False,,,"{""telemetry"": 0.7, ""graph"": 138.6}",True,2454.7,False,False,True,0.0,,0.002,False,0.0,,0.0,False,0.0,,0.001,False
211.664,1055,slm,TOWNSIM_CALIB_CRUCE_FRONTAL,1,deliberative,FRENAR,1,7.181266604125309,False,-160.03329467773438,-5.866575717926025,-14.213750839233398,,,,-92.91,False,,,"{""telemetry"": 0.9, ""graph"": 108.3}",True,2454.7,False,False,True,0.0,,0.0,False,0.0,,0.0,False,0.0,,0.0,False
211.858,1056,slm,TOWNSIM_CALIB_CRUCE_FRONTAL,1,deliberative,FRENAR,1,7.181266604125309,False,-160.03329467773438,-5.866575717926025,-14.213750839233398,,,,-92.91,False,,,"{""telemetry"": 0.7, ""graph"": 101.8}",True,2454.7,False,False,True,0.0,,0.0,False,0.0,,0.0,False,0.0,,0.0,False
212.065,1057,slm,TOWNSIM_CALIB_CRUCE_FRONTAL,1,deliberative,FRENAR,1,7.181266604125309,False,-160.03329467773438,-5.866575717926025,-14.213750839233398,,,,-92.91,False,,,"{""telemetry"": 0.9, ""graph"": 108.5}",True,2454.7,False,False,True,0.0,,0.0,False,0.0,,0.0,False,0.0,,0.0,False
212.266,1058,slm,TOWNSIM_CALIB_CRUCE_FRONTAL,1,deliberative,FRENAR,1,7.181266604125309,False,-160.03329467773438,-5.866575717926025,-14.213750839233398,,,,-92.91,False,,,"{""telemetry"": 1.0, ""graph"": 108.8}",True,2454.7,False,False,True,0.0,,0.0,False,0.0,,0.0,False,0.0,,0.0,False
212.483,1059,slm,TOWNSIM_CALIB_CRUCE_FRONTAL,1,deliberative,FRENAR,1,7.181266604125309,False,-160.03329467773438,-5.866575717926025,-14.213750839233398,,,,-92.91,False,,,"{""telemetry"": 1.0, ""graph"": 125.1}",True,2454.7,False,False,True,0.0,,0.002,False,0.0,,0.0,False,0.0,,0.001,False
212.665,1060,slm,TOWNSIM_CALIB_CRUCE_FRONTAL,1,deliberative,FRENAR,1,7.181266604125309,False,-160.03329467773438,-5.866575717926025,-14.213750839233398,,,,-92.91,False,,,"{""telemetry"": 0.9, ""graph"": 106.8}",True,2454.7,False,False,True,0.0,,0.0,False,0.0,,0.0,False,0.0,,0.0,False
212.867,1061,slm,TOWNSIM_CALIB_CRUCE_FRONTAL,1,deliberative,FRENAR,1,7.181266604125309,False,-160.03329467773438,-5.866575717926025,-14.213750839233398,,,,-92.91,False,,,"{""telemetry"": 0.8, ""graph"": 109.4}",True,2454.7,False,False,True,0.0,,0.0,False,0.0,,0.0,False,0.0,,0.0,False
213.062,1062,slm,TOWNSIM_CALIB_CRUCE_FRONTAL,1,deliberative,FRENAR,1,7.181266604125309,False,-160.03329467773438,-5.866575717926025,-14.213750839233398,,,,-92.91,False,,,"{""telemetry"": 1.4, ""graph"": 103.1}",True,2454.7,False,False,True,0.0,,0.0,False,0.0,,0.0,False,0.0,,0.0,False
213.275,1063,slm,TOWNSIM_CALIB_CRUCE_FRONTAL,1,deliberative,FRENAR,1,7.181266604125309,False,-160.03329467773438,-5.866575717926025,-14.213750839233398,,,,-92.91,False,,,"{""telemetry"": 1.3, ""graph"": 116.0}",True,2454.7,False,False,True,0.0,,0.0,False,0.0,,0.0,False,0.0,,0.0,False
213.46,1064,slm,TOWNSIM_CALIB_CRUCE_FRONTAL,1,deliberative,FRENAR,1,7.181266604125309,False,-160.03329467773438,-5.866575717926025,-14.213750839233398,,,,-92.91,False,,,"{""telemetry"": 1.6, ""graph"": 100.5}",True,2454.7,False,False,True,0.0,,0.0,False,0.0,,0.0,False,0.0,,0.0,False
213.668,1065,slm,TOWNSIM_CALIB_CRUCE_FRONTAL,1,deliberative,PERDER_ALTURA,1,7.181266604125309,False,-160.03329467773438,-5.866575717926025,-14.213750839233398,,,,-92.91,False,,,"{""telemetry"": 1.4, ""graph"": 108.1}",True,2332.8,False,False,True,0.0,,0.0,False,0.0,,0.0,False,0.0,,0.0,False
213.866,1066,slm,TOWNSIM_CALIB_CRUCE_FRONTAL,1,deliberative,FRENAR,1,7.181266604125309,False,-160.03329467773438,-5.866575717926025,-14.213750839233398,,,,-92.91,False,,,"{""telemetry"": 0.9, ""graph"": 106.3}",True,2332.8,False,False,True,0.0,,0.0,False,0.0,,0.0,False,0.0,,0.0,False
214.107,1067,slm,TOWNSIM_CALIB_CRUCE_FRONTAL,1,deliberative,FRENAR,1,7.181266604125309,False,-160.03329467773438,-5.866575717926025,-14.213750839233398,,,,-92.91,False,,,"{""telemetry"": 0.9, ""graph"": 147.5}",True,2332.8,False,False,True,0.0,,0.0,False,0.0,,0.0,False,0.0,,0.0,False
214.269,1068,slm,TOWNSIM_CALIB_CRUCE_FRONTAL,1,deliberative,FRENAR,1,7.181266604125309,False,-160.03329467773438,-5.866575717926025,-14.213750839233398,,,,-92.91,False,,,"{""telemetry"": 1.2, ""graph"": 109.1}",True,2332.8,False,False,True,0.0,,0.0,False,0.0,,0.0,False,0.0,,0.0,False
214.463,1069,slm,TOWNSIM_CALIB_CRUCE_FRONTAL,1,deliberative,FRENAR,1,7.181266604125309,False,-160.03329467773438,-5.866575717926025,-14.213750839233398,,,,-92.91,False,,,"{""telemetry"": 0.9, ""graph"": 102.9}",True,2332.8,False,False,True,0.0,,0.0,False,0.0,,0.0,False,0.0,,0.0,False
214.66,1070,slm,TOWNSIM_CALIB_CRUCE_FRONTAL,1,deliberative,FRENAR,1,7.181266604125309,False,-160.03329467773438,-5.866575717926025,-14.213750839233398,,,,-92.91,False,,,"{""telemetry"": 1.0, ""graph"": 99.1}",True,2332.8,False,False,True,0.0,,0.0,False,0.0,,0.0,False,0.0,,0.0,False
214.858,1071,slm,TOWNSIM_CALIB_CRUCE_FRONTAL,1,deliberative,FRENAR,1,7.181266604125309,False,-160.03329467773438,-5.866575717926025,-14.213750839233398,,,,-92.91,False,,,"{""telemetry"": 1.1, ""graph"": 97.4}",True,2332.8,False,False,True,0.0,,0.0,False,0.0,,0.0,False,0.0,,0.0,False
215.056,1072,slm,TOWNSIM_CALIB_CRUCE_FRONTAL,1,deliberative,FRENAR,1,7.181266604125309,False,-160.03329467773438,-5.866575717926025,-14.213750839233398,,,,-92.91,False,,,"{""telemetry"": 2.1, ""graph"": 93.1}",True,2332.8,False,False,True,0.0,,0.0,False,0.0,,0.0,False,0.0,,0.0,False
215.255,1073,slm,TOWNSIM_CALIB_CRUCE_FRONTAL,1,deliberative,FRENAR,1,7.181266604125309,False,-160.03329467773438,-5.866575717926025,-14.213750839233398,,,,-92.91,False,,,"{""telemetry"": 1.2, ""graph"": 92.6}",True,2332.8,False,False,True,0.0,,0.0,False,0.0,,0.0,False,0.0,,0.0,False
215.466,1074,slm,TOWNSIM_CALIB_CRUCE_FRONTAL,1,deliberative,FRENAR,1,7.181266604125309,False,-160.03329467773438,-5.866575717926025,-14.213750839233398,,,,-92.91,False,,,"{""telemetry"": 0.9, ""graph"": 104.1}",True,2332.8,False,False,True,0.0,,0.0,False,0.0,,0.0,False,0.0,,0.0,False
215.661,1075,slm,TOWNSIM_CALIB_CRUCE_FRONTAL,1,deliberative,FRENAR,1,7.181266604125309,False,-160.03329467773438,-5.866575717926025,-14.213750839233398,,,,-92.91,False,,,"{""telemetry"": 0.9, ""graph"": 98.0}",True,2332.8,False,False,True,0.0,,0.0,False,0.0,,0.0,False,0.0,,0.0,False
215.877,1076,slm,TOWNSIM_CALIB_CRUCE_FRONTAL,1,deliberative,FRENAR,1,7.181266604125309,False,-160.03329467773438,-5.866575717926025,-14.213750839233398,,,,-92.91,False,,,"{""telemetry"": 0.8, ""graph"": 114.3}",True,2332.8,False,False,True,0.0,,0.002,False,0.0,,0.0,False,0.0,,0.001,False
216.056,1077,slm,TOWNSIM_CALIB_CRUCE_FRONTAL,1,deliberative,FRENAR,1,7.181266604125309,False,-160.03329467773438,-5.866575717926025,-14.213750839233398,,,,-92.91,False,,,"{""telemetry"": 1.8, ""graph"": 90.8}",True,2332.8,False,False,True,0.0,,0.0,False,0.0,,0.0,False,0.0,,0.0,False
216.267,1078,slm,TOWNSIM_CALIB_CRUCE_FRONTAL,1,deliberative,FRENAR,1,7.181266604125309,False,-160.03329467773438,-5.866575717926025,-14.213750839233398,,,,-92.91,False,,,"{""telemetry"": 0.9, ""graph"": 102.9}",True,2332.8,False,False,True,0.0,,0.0,False,0.0,,0.0,False,0.0,,0.0,False
216.491,1079,slm,TOWNSIM_CALIB_CRUCE_FRONTAL,1,deliberative,PERDER_ALTURA,1,7.181266604125309,False,-160.03329467773438,-5.866575717926025,-14.213750839233398,,,,-92.91,False,,,"{""telemetry"": 0.9, ""graph"": 126.6}",True,2478.3,False,False,True,0.0,,0.002,False,0.0,,0.0,False,0.0,,0.0,False
216.677,1080,slm,TOWNSIM_CALIB_CRUCE_FRONTAL,1,deliberative,FRENAR,1,7.181266604125309,False,-160.03329467773438,-5.866575717926025,-14.213750839233398,,,,-92.91,False,,,"{""telemetry"": 0.8, ""graph"": 113.1}",True,2478.3,False,False,True,0.0,,0.0,False,0.0,,0.0,False,0.0,,0.0,False
216.914,1081,slm,TOWNSIM_CALIB_CRUCE_FRONTAL,1,deliberative,FRENAR,1,7.181266604125309,False,-160.03329467773438,-5.866575717926025,-14.213750839233398,,,,-92.91,False,,,"{""telemetry"": 0.9, ""graph"": 149.4}",True,2478.3,False,False,True,0.0,,0.0,False,0.0,,0.0,False,0.0,,0.0,False
217.092,1082,slm,TOWNSIM_CALIB_CRUCE_FRONTAL,1,deliberative,FRENAR,1,7.181266604125309,False,-160.03329467773438,-5.866575717926025,-14.213750839233398,,,,-92.91,False,,,"{""telemetry"": 0.9, ""graph"": 127.1}",True,2478.3,False,False,True,0.0,,0.0,False,0.0,,0.0,False,0.0,,0.0,False
217.273,1083,slm,TOWNSIM_CALIB_CRUCE_FRONTAL,1,deliberative,FRENAR,1,7.181266604125309,False,-160.03329467773438,-5.866575717926025,-14.213750839233398,,,,-92.91,False,,,"{""telemetry"": 0.7, ""graph"": 108.5}",True,2478.3,False,False,True,0.0,,0.0,False,0.0,,0.0,False,0.0,,0.0,False
217.512,1084,slm,TOWNSIM_CALIB_CRUCE_FRONTAL,1,deliberative,FRENAR,1,7.181266604125309,False,-160.03329467773438,-5.866575717926025,-14.213750839233398,,,,-92.91,False,,,"{""telemetry"": 0.9, ""graph"": 147.1}",True,2478.3,False,False,True,0.0,,0.001,False,0.0,,0.0,False,0.0,,0.0,False
217.69,1085,slm,TOWNSIM_CALIB_CRUCE_FRONTAL,1,deliberative,FRENAR,1,7.181266604125309,False,-160.03329467773438,-5.866575717926025,-14.213750839233398,,,,-92.91,False,,,"{""telemetry"": 0.9, ""graph"": 123.7}",True,2478.3,False,False,True,0.0,,0.004,False,0.0,,0.0,False,0.0,,0.001,False
217.875,1086,slm,TOWNSIM_CALIB_CRUCE_FRONTAL,1,deliberative,FRENAR,1,7.181266604125309,False,-160.03329467773438,-5.866575717926025,-14.213750839233398,,,,-92.91,False,,,"{""telemetry"": 0.8, ""graph"": 108.8}",True,2478.3,False,False,True,0.0,,0.0,False,0.0,,0.0,False,0.0,,0.0,False
218.088,1087,slm,TOWNSIM_CALIB_CRUCE_FRONTAL,1,deliberative,FRENAR,1,7.181266604125309,False,-160.03329467773438,-5.866575717926025,-14.213750839233398,,,,-92.91,False,,,"{""telemetry"": 0.9, ""graph"": 120.8}",True,2478.3,False,False,True,0.0,,0.001,False,0.0,,0.0,False,0.0,,0.001,False
218.287,1088,slm,TOWNSIM_CALIB_CRUCE_FRONTAL,1,deliberative,FRENAR,1,7.181266604125309,False,-160.03329467773438,-5.866575717926025,-14.213750839233398,,,,-92.91,False,,,"{""telemetry"": 1.5, ""graph"": 119.0}",True,2478.3,False,False,True,0.0,,0.002,False,0.0,,0.0,False,0.0,,0.001,False
218.465,1089,slm,TOWNSIM_CALIB_CRUCE_FRONTAL,1,deliberative,FRENAR,1,7.181266604125309,False,-160.03329467773438,-5.866575717926025,-14.213750839233398,,,,-92.91,False,,,"{""telemetry"": 0.9, ""graph"": 96.5}",True,2478.3,False,False,True,0.0,,0.0,False,0.0,,0.0,False,0.0,,0.0,False
218.664,1090,slm,TOWNSIM_CALIB_CRUCE_FRONTAL,1,deliberative,FRENAR,1,7.181266604125309,False,-160.03329467773438,-5.866575717926025,-14.213750839233398,,,,-92.91,False,,,"{""telemetry"": 0.8, ""graph"": 95.8}",True,2478.3,False,False,True,0.0,,0.0,False,0.0,,0.0,False,0.0,,0.0,False
218.857,1091,slm,TOWNSIM_CALIB_CRUCE_FRONTAL,1,deliberative,FRENAR,1,7.181266604125309,False,-160.03329467773438,-5.866575717926025,-14.213750839233398,,,,-92.91,False,,,"{""telemetry"": 0.9, ""graph"": 88.7}",True,2478.3,False,False,True,0.0,,0.0,False,0.0,,0.0,False,0.0,,0.0,False
219.068,1092,slm,TOWNSIM_CALIB_CRUCE_FRONTAL,1,deliberative,FRENAR,1,7.181266604125309,False,-160.03329467773438,-5.866575717926025,-14.213750839233398,,,,-92.91,False,,,"{""telemetry"": 0.9, ""graph"": 99.2}",True,2478.3,False,False,True,0.0,,0.0,False,0.0,,0.0,False,0.0,,0.0,False
219.31,1093,slm,TOWNSIM_CALIB_CRUCE_FRONTAL,1,deliberative,PERDER_ALTURA,1,7.181266604125309,False,-160.03329467773438,-5.866575717926025,-14.213750839233398,,,,-92.91,False,,,"{""telemetry"": 1.0, ""graph"": 141.0}",True,2395.1,False,False,True,0.0,,0.003,False,0.0,,0.0,False,0.0,,0.0,False
219.492,1094,slm,TOWNSIM_CALIB_CRUCE_FRONTAL,1,deliberative,FRENAR,1,7.181266604125309,False,-160.03329467773438,-5.866575717926025,-14.213750839233398,,,,-92.91,False,,,"{""telemetry"": 0.9, ""graph"": 121.8}",True,2395.1,False,False,True,0.0,,0.0,False,0.0,,0.0,False,0.0,,0.0,False
