t,cycle,arm,scenario,seed,route,action,wp_index,dist_to_wp_m,degraded,pos_x,pos_y,pos_z,vel_x,vel_y,vel_z,yaw_deg,has_collided,collision_object,min_obstacle_dist_m,latency_ms_json,slm_invoked,slm_latency_ms,slm_fallback,slm_timeout,slm_adherent,field_izquierda_occ,field_izquierda_ttc_s,field_izquierda_conf,field_izquierda_blocked,field_centro_occ,field_centro_ttc_s,field_centro_conf,field_centro_blocked,field_derecha_occ,field_derecha_ttc_s,field_derecha_conf,field_derecha_blocked
0.085,1,slm,TOWNSIM_CALIB_PILOT,1,reactive,MANTENER_RUMBO,0,77.4954189588345,False,0.0,0.0,-0.3548576831817627,,,,-60.0,False,,,"{""telemetry"": 0.6, ""graph"": 83.5}",False,,,,,0.0,,0.0,False,0.0,,0.0,False,0.0,,0.0,False
0.331,2,slm,TOWNSIM_CALIB_PILOT,1,reactive,MANTENER_RUMBO,0,77.4962587578691,False,9.447678166907281e-05,-0.00016368119395338,-0.3514564633369446,,,,-60.03,False,,,"{""telemetry"": 1.3, ""graph"": 128.3}",False,,,,,0.0,,0.055,False,0.0,,0.043,False,0.0,,0.035,False
0.532,3,slm,TOWNSIM_CALIB_PILOT,1,reactive,MANTENER_RUMBO,0,77.45683576964204,False,0.023515336215496063,-0.04076961427927017,-0.47642549872398376,,,,-60.87,False,,,"{""telemetry"": 0.7, ""graph"": 130.0}",False,,,,,0.0,,0.0,False,0.0,,0.0,False,0.0,,0.0,False
0.784,4,slm,TOWNSIM_CALIB_PILOT,1,deliberative,FRENAR,0,77.26997913252401,False,0.11465806514024734,-0.19879257678985596,-0.7621854543685913,,,,-62.68,False,,,"{""telemetry"": 0.8, ""graph"": 181.6}",False,,,,,0.06,0.92,0.361,True,0.055,0.28,0.361,True,0.037,0.99,0.361,True
0.968,5,slm,TOWNSIM_CALIB_PILOT,1,deliberative,FRENAR,0,77.01382118813996,False,0.23171304166316986,-0.4017079174518585,-0.9741981029510498,,,,-64.33,False,,,"{""telemetry"": 0.9, ""graph"": 164.5}",False,,,,,0.0,,0.0,False,0.0,,0.0,False,0.0,,0.0,False
1.198,6,slm,TOWNSIM_CALIB_PILOT,1,deliberative,FRENAR,0,76.75333927335105,False,0.3641263246536255,-0.6311129927635193,-1.0377954244613647,,,,-65.28,False,,,"{""telemetry"": 1.1, ""graph"": 193.4}",False,,,,,0.175,0.56,0.373,True,0.079,0.15,0.373,True,0.084,0.46,0.373,True
1.392,7,slm,TOWNSIM_CALIB_PILOT,1,deliberative,FRENAR,0,76.55237364379943,False,0.47581323981285095,-0.8243823647499084,-1.042797327041626,,,,-65.7,False,,,"{""telemetry"": 1.3, ""graph"": 185.4}",False,,,,,0.0,,0.004,False,0.0,,0.004,False,0.0,,0.004,False
1.583,8,slm,TOWNSIM_CALIB_PILOT,1,deliberative,FRENAR,0,76.38537193915045,False,0.5641956329345703,-0.9771568775177002,-1.0486292839050293,,,,-65.87,False,,,"{""telemetry"": 1.1, ""graph"": 176.5}",False,,,,,0.026,3.51,0.3,False,0.027,3.74,0.3,False,0.024,4.64,0.3,False
1.761,9,slm,TOWNSIM_CALIB_PILOT,1,deliberative,FRENAR,0,76.25752489390423,False,0.6331547498703003,-1.0962492227554321,-1.050648808479309,,,,-65.94,False,,,"{""telemetry"": 1.0, ""graph"": 154.2}",False,,,,,0.0,,0.0,False,0.0,,0.0,False,0.0,,0.0,False
1.945,10,slm,TOWNSIM_CALIB_PILOT,1,deliberative,FRENAR,0,76.16095740867443,False,0.6854380965232849,-1.1864781379699707,-1.04920494556427,,,,-65.97,False,,,"{""telemetry"": 0.9, ""graph"": 138.5}",False,,,,,0.0,,0.0,False,0.0,,0.0,False,0.0,,0.0,False
2.167,11,slm,TOWNSIM_CALIB_PILOT,1,deliberative,FRENAR,0,76.08890855028807,False,0.7303720116615295,-1.2639808654785156,-1.045215129852295,,,,-65.98,False,,,"{""telemetry"": 0.9, ""graph"": 160.0}",False,,,,,0.0,,0.0,False,0.0,,0.0,False,0.0,,0.0,False
2.363,12,slm,TOWNSIM_CALIB_PILOT,1,deliberative,FRENAR,0,76.03540681902038,False,0.7601587176322937,-1.3153373003005981,-1.040848970413208,,,,-65.99,False,,,"{""telemetry"": 1.1, ""graph"": 155.2}",False,,,,,0.0,,0.0,False,0.0,,0.0,False,0.0,,0.0,False
2.582,13,slm,TOWNSIM_CALIB_PILOT,1,deliberative,FRENAR,0,75.99574519246434,False,0.7836385369300842,-1.3558107614517212,-1.0362169742584229,,,,-65.99,False,,,"{""telemetry"": 1.1, ""graph"": 174.0}",False,,,,,0.0,,0.01,False,0.0,,0.01,False,0.0,,0.01,False
2.766,14,slm,TOWNSIM_CALIB_PILOT,1,deliberative,FRENAR,0,75.96636065496777,False,0.8004962801933289,-1.384865164756775,-1.0320801734924316,,,,-65.99,False,,,"{""telemetry"": 0.9, ""graph"": 157.5}",False,,,,,0.0,,0.008,False,0.0,,0.008,False,0.0,,0.008,False
2.986,15,slm,TOWNSIM_CALIB_PILOT,1,deliberative,FRENAR,0,75.94431795420999,False,0.8149358034133911,-1.409749984741211,-1.0278232097625732,,,,-65.99,False,,,"{""telemetry"": 1.5, ""graph"": 177.1}",False,,,,,0.0,,0.009,False,0.0,,0.009,False,0.0,,0.009,False
3.15,16,slm,TOWNSIM_CALIB_PILOT,1,deliberative,FRENAR,0,75.92828628236543,False,0.8234038352966309,-1.424343466758728,-1.024906039237976,,,,-65.99,False,,,"{""telemetry"": 1.7, ""graph"": 140.1}",False,,,,,0.0,,0.0,False,0.0,,0.0,False,0.0,,0.0,False
3.369,17,slm,TOWNSIM_CALIB_PILOT,1,deliberative,FRENAR,0,75.91643331542303,False,0.8309496641159058,-1.4373478889465332,-1.021928310394287,,,,-65.99,False,,,"{""telemetry"": 0.9, ""graph"": 159.7}",False,,,,,0.0,,0.001,False,0.0,,0.001,False,0.0,,0.001,False
3.556,18,slm,TOWNSIM_CALIB_PILOT,1,deliberative,FRENAR,0,75.90757045851998,False,0.8364834189414978,-1.4468857049942017,-1.0194096565246582,,,,-65.99,False,,,"{""telemetry"": 1.2, ""graph"": 145.8}",False,,,,,0.0,,0.0,False,0.0,,0.0,False,0.0,,0.0,False
3.777,19,slm,TOWNSIM_CALIB_PILOT,1,deliberative,FRENAR,0,75.90115874074294,False,0.8406111001968384,-1.454000473022461,-1.0172429084777832,,,,-65.99,False,,,"{""telemetry"": 2.2, ""graph"": 165.3}",False,,,,,0.0,,0.007,False,0.0,,0.007,False,0.0,,0.007,False
3.946,20,slm,TOWNSIM_CALIB_PILOT,1,deliberative,FRENAR,0,75.89639391470195,False,0.8434498906135559,-1.4588934183120728,-1.015527606010437,,,,-65.99,False,,,"{""telemetry"": 0.9, ""graph"": 134.6}",False,,,,,0.0,,0.0,False,0.0,,0.0,False,0.0,,0.0,False
4.141,21,slm,TOWNSIM_CALIB_PILOT,1,deliberative,MANTENER_RUMBO,0,75.89297650786517,False,0.8458073735237122,-1.462957501411438,-1.0138782262802124,,,,-65.99,False,,,"{""telemetry"": 1.3, ""graph"": 129.3}",True,3336.6,False,False,True,0.0,,0.0,False,0.0,,0.0,False,0.0,,0.0,False
4.357,22,slm,TOWNSIM_CALIB_PILOT,1,reactive,MANTENER_RUMBO,0,75.89051667797945,False,0.8477582931518555,-1.4664231538772583,-1.0149812698364258,,,,-66.03,False,,,"{""telemetry"": 0.7, ""graph"": 144.9}",False,,,,,0.0,,0.036,False,0.0,,0.035,False,0.0,,0.035,False
4.552,23,slm,TOWNSIM_CALIB_PILOT,1,reactive,MANTENER_RUMBO,0,75.84283893112733,False,0.8715783357620239,-1.5193252563476562,-1.159812331199646,,,,-66.76,False,,,"{""telemetry"": 0.8, ""graph"": 139.6}",False,,,,,0.0,,0.0,False,0.0,,0.0,False,0.0,,0.0,False
4.786,24,slm,TOWNSIM_CALIB_PILOT,1,reactive,MANTENER_RUMBO,0,75.64401251905687,False,0.9462254047393799,-1.6866116523742676,-1.4352809190750122,,,,-68.17,False,,,"{""telemetry"": 0.7, ""graph"": 173.2}",False,,,,,0.0,,0.035,False,0.0,,0.035,False,0.0,,0.035,False
4.972,25,slm,TOWNSIM_CALIB_PILOT,1,reactive,MANTENER_RUMBO,0,75.36813126097292,False,1.0508430004119873,-1.9213414192199707,-1.669929027557373,,,,-69.71,False,,,"{""telemetry"": 1.0, ""graph"": 158.8}",False,,,,,0.0,,0.0,False,0.0,,0.0,False,0.0,,0.0,False
5.156,26,slm,TOWNSIM_CALIB_PILOT,1,reactive,MANTENER_RUMBO,0,75.03673539253244,False,1.1681090593338013,-2.1845059394836426,-1.85715651512146,,,,-71.16,False,,,"{""telemetry"": 1.2, ""graph"": 142.4}",False,,,,,0.0,,0.0,False,0.0,,0.0,False,0.0,,0.0,False
5.367,27,slm,TOWNSIM_CALIB_PILOT,1,reactive,MANTENER_RUMBO,0,74.66937143293644,False,1.3221466541290283,-2.5302908420562744,-2.0460705757141113,,,,-72.8,False,,,"{""telemetry"": 0.6, ""graph"": 153.0}",False,,,,,0.0,,0.04,False,0.0,,0.04,False,0.0,,0.04,False
5.58,28,slm,TOWNSIM_CALIB_PILOT,1,reactive,MANTENER_RUMBO,0,74.27252280898658,False,1.4904812574386597,-2.9192168712615967,-2.2093758583068848,,,,-74.41,False,,,"{""telemetry"": 0.7, ""graph"": 165.7}",False,,,,,0.0,,0.022,False,0.0,,0.022,False,0.0,,0.022,False
5.805,29,slm,TOWNSIM_CALIB_PILOT,1,reactive,MANTENER_RUMBO,0,73.85332880381439,False,1.6860408782958984,-3.401975154876709,-2.3909952640533447,,,,-76.2,False,,,"{""telemetry"": 0.7, ""graph"": 189.9}",False,,,,,0.0,,0.0,False,0.0,,0.0,False,0.0,,0.0,False
5.989,30,slm,TOWNSIM_CALIB_PILOT,1,reactive,MANTENER_RUMBO,0,73.40041170541744,False,1.8301002979278564,-3.7785513401031494,-2.5230777263641357,,,,-77.47,False,,,"{""telemetry"": 1.2, ""graph"": 172.9}",False,,,,,0.0,,0.011,False,0.0,,0.011,False,0.0,,0.011,False
6.208,31,slm,TOWNSIM_CALIB_PILOT,1,deliberative,FRENAR,0,72.9241954367825,False,2.0015194416046143,-4.257434368133545,-2.6846704483032227,,,,-78.88,False,,,"{""telemetry"": 0.8, ""graph"": 192.4}",True,3336.6,False,False,True,0.052,2.3,0.279,False,0.064,2.0,0.279,False,0.029,2.33,0.279,False
6.38,32,slm,TOWNSIM_CALIB_PILOT,1,deliberative,FRENAR,0,72.43470390549166,False,2.1426477432250977,-4.683866024017334,-2.8160386085510254,,,,-80.16,False,,,"{""telemetry"": 0.9, ""graph"": 164.3}",True,3336.6,False,False,True,0.0,,0.005,False,0.0,,0.005,False,0.0,,0.005,False
6.573,33,slm,TOWNSIM_CALIB_PILOT,1,deliberative,FRENAR,0,71.96432547368943,False,2.2940356731414795,-5.160013675689697,-2.8868963718414307,,,,-81.16,False,,,"{""telemetry"": 0.8, ""graph"": 155.9}",True,3336.6,False,False,True,0.0,,0.0,False,0.0,,0.0,False,0.0,,0.0,False
6.758,34,slm,TOWNSIM_CALIB_PILOT,1,deliberative,FRENAR,0,71.56111015980782,False,2.4019877910614014,-5.506417751312256,-2.9595019817352295,,,,-81.45,False,,,"{""telemetry"": 1.1, ""graph"": 141.0}",True,3336.6,False,False,True,0.0,,0.0,False,0.0,,0.0,False,0.0,,0.0,False
6.963,35,slm,TOWNSIM_CALIB_PILOT,1,deliberative,FRENAR,0,71.23788046808839,False,2.4977033138275146,-5.815212726593018,-3.0233683586120605,,,,-81.52,False,,,"{""telemetry"": 0.8, ""graph"": 146.6}",True,3336.6,False,False,True,0.0,,0.0,False,0.0,,0.0,False,0.0,,0.0,False
7.192,36,slm,TOWNSIM_CALIB_PILOT,1,deliberative,FRENAR,0,70.99061257987915,False,2.575465202331543,-6.066086292266846,-3.057037591934204,,,,-81.52,False,,,"{""telemetry"": 0.8, ""graph"": 174.3}",True,3336.6,False,False,True,0.0,,0.0,False,0.0,,0.0,False,0.0,,0.0,False
7.359,37,slm,TOWNSIM_CALIB_PILOT,1,deliberative,FRENAR,0,70.8070316351154,False,2.6226019859313965,-6.217913627624512,-3.0524544715881348,,,,-81.5,False,,,"{""telemetry"": 0.8, ""graph"": 141.4}",True,3336.6,False,False,True,0.0,,0.0,False,0.0,,0.0,False,0.0,,0.0,False
7.606,38,slm,TOWNSIM_CALIB_PILOT,1,deliberative,FRENAR,0,70.67634979542939,False,2.6704084873199463,-6.3716230392456055,-3.0329248905181885,,,,-81.49,False,,,"{""telemetry"": 0.7, ""graph"": 188.3}",True,3336.6,False,False,True,0.0,,0.0,False,0.0,,0.0,False,0.0,,0.0,False
7.766,39,slm,TOWNSIM_CALIB_PILOT,1,deliberative,FRENAR,0,70.58177707927399,False,2.695734739303589,-6.45292329788208,-3.0144777297973633,,,,-81.48,False,,,"{""telemetry"": 1.0, ""graph"": 146.9}",True,3336.6,False,False,True,0.0,,0.0,False,0.0,,0.0,False,0.0,,0.0,False
7.974,40,slm,TOWNSIM_CALIB_PILOT,1,deliberative,FRENAR,0,70.51404639553725,False,2.7200844287872314,-6.531012535095215,-2.9886555671691895,,,,-81.47,False,,,"{""telemetry"": 1.2, ""graph"": 154.4}",True,3336.6,False,False,True,0.0,,0.0,False,0.0,,0.0,False,0.0,,0.0,False
8.159,41,slm,TOWNSIM_CALIB_PILOT,1,deliberative,FRENAR,0,70.46619298684283,False,2.736771583557129,-6.5844807624816895,-2.96386981010437,,,,-81.47,False,,,"{""telemetry"": 1.0, ""graph"": 139.2}",True,3336.6,False,False,True,0.0,,0.0,False,0.0,,0.0,False,0.0,,0.0,False
8.378,42,slm,TOWNSIM_CALIB_PILOT,1,deliberative,FRENAR,0,70.43263216329447,False,2.7506377696990967,-6.6288909912109375,-2.9384515285491943,,,,-81.47,False,,,"{""telemetry"": 0.7, ""graph"": 158.5}",True,3336.6,False,False,True,0.0,,0.0,False,0.0,,0.0,False,0.0,,0.0,False
8.589,43,slm,TOWNSIM_CALIB_PILOT,1,deliberative,EVADIR_IZQUIERDA,0,70.40755348710759,False,2.7606656551361084,-6.660995006561279,-2.92242693901062,,,,-81.47,False,,,"{""telemetry"": 0.7, ""graph"": 168.8}",True,2177.5,False,False,True,0.0,,0.0,False,0.0,,0.0,False,0.0,,0.0,False
8.769,44,slm,TOWNSIM_CALIB_PILOT,1,evasive,EVADIR_IZQUIERDA,0,70.38883657001024,False,2.7673230171203613,-6.682455539703369,-2.9211137294769287,,,,-81.57,False,,,"{""telemetry"": 0.7, ""graph"": 148.9}",False,,,,,0.0,,0.0,False,0.0,,0.0,False,0.0,,0.0,False
8.979,45,slm,TOWNSIM_CALIB_PILOT,1,evasive,EVADIR_IZQUIERDA,0,70.33700781558952,False,2.7749626636505127,-6.715900421142578,-3.0614888668060303,,,,-83.0,False,,,"{""telemetry"": 1.1, ""graph"": 158.0}",False,,,,,0.0,,0.0,False,0.0,,0.0,False,0.0,,0.0,False
9.116,46,slm,TOWNSIM_CALIB_PILOT,1,evasive,EVADIR_IZQUIERDA,0,70.23427331263218,False,2.7839293479919434,-6.764789581298828,-3.214357376098633,,,,-85.04,False,,,"{""telemetry"": 1.5, ""graph"": 94.2}",False,,,,,0.0,,0.0,False,0.0,,0.0,False,0.0,,0.0,False
9.32,47,slm,TOWNSIM_CALIB_PILOT,1,evasive,EVADIR_IZQUIERDA,0,70.10876702184038,False,2.7969470024108887,-6.842338562011719,-3.3859527111053467,,,,-87.76,False,,,"{""telemetry"": 1.1, ""graph"": 97.6}",False,,,,,0.0,,0.0,False,0.0,,0.0,False,0.0,,0.0,False
9.527,48,slm,TOWNSIM_CALIB_PILOT,1,evasive,EVADIR_IZQUIERDA,0,69.96341584028085,False,2.812880039215088,-6.9415459632873535,-3.557352304458618,,,,-90.71,False,,,"{""telemetry"": 0.9, ""graph"": 104.2}",False,,,,,0.0,,0.0,False,0.0,,0.0,False,0.0,,0.0,False
9.73,49,slm,TOWNSIM_CALIB_PILOT,1,reactive,MANTENER_RUMBO,0,69.80594682760169,False,2.8301753997802734,-7.051701545715332,-3.7193732261657715,,,,-93.61,False,,,"{""telemetry"": 0.9, ""graph"": 106.6}",False,,,,,0.0,,0.0,False,0.0,,0.0,False,0.0,,0.0,False
9.944,50,slm,TOWNSIM_CALIB_PILOT,1,reactive,MANTENER_RUMBO,0,69.63807118308017,False,2.850029945373535,-7.182946681976318,-3.8766329288482666,,,,-96.39,False,,,"{""telemetry"": 1.0, ""graph"": 120.0}",False,,,,,0.0,,0.0,False,0.0,,0.0,False,0.0,,0.0,False
10.221,51,slm,TOWNSIM_CALIB_PILOT,1,reactive,MANTENER_RUMBO,0,69.45100030616042,False,2.8611323833465576,-7.360940456390381,-4.0847883224487305,,,,-97.75,False,,,"{""telemetry"": 0.8, ""graph"": 196.1}",False,,,,,0.0,,0.052,False,0.0,,0.052,False,0.0,,0.052,False
10.386,52,slm,TOWNSIM_CALIB_PILOT,1,reactive,MANTENER_RUMBO,0,69.17170435876089,False,2.8598170280456543,-7.581067085266113,-4.280740737915039,,,,-98.37,False,,,"{""telemetry"": 0.8, ""graph"": 161.3}",False,,,,,0.0,,0.026,False,0.0,,0.026,False,0.0,,0.026,False
10.615,53,slm,TOWNSIM_CALIB_PILOT,1,reactive,MANTENER_RUMBO,0,68.815802040504,False,2.8408262729644775,-7.971120357513428,-4.526360034942627,,,,-98.68,False,,,"{""telemetry"": 0.9, ""graph"": 189.8}",False,,,,,0.0,,0.0,False,0.0,,0.0,False,0.0,,0.0,False
10.78,54,slm,TOWNSIM_CALIB_PILOT,1,reactive,MANTENER_RUMBO,0,68.40385886816816,False,2.814565896987915,-8.305776596069336,-4.6867899894714355,,,,-98.69,False,,,"{""telemetry"": 0.8, ""graph"": 154.5}",False,,,,,0.0,,0.0,False,0.0,,0.0,False,0.0,,0.0,False
11.0,55,slm,TOWNSIM_CALIB_PILOT,1,reactive,MANTENER_RUMBO,0,67.95407591369583,False,2.769944429397583,-8.764472961425781,-4.870596408843994,,,,-98.6,False,,,"{""telemetry"": 0.8, ""graph"": 174.1}",False,,,,,0.0,,0.0,False,0.0,,0.0,False,0.0,,0.0,False
11.211,56,slm,TOWNSIM_CALIB_PILOT,1,reactive,MANTENER_RUMBO,0,67.4695493832752,False,2.7130396366119385,-9.270846366882324,-5.048072338104248,,,,-98.32,False,,,"{""telemetry"": 0.6, ""graph"": 184.9}",False,,,,,0.0,,0.0,False,0.0,,0.0,False,0.0,,0.0,False
11.373,57,slm,TOWNSIM_CALIB_PILOT,1,reactive,MANTENER_RUMBO,0,66.95014922130719,False,2.664226531982422,-9.66917610168457,-5.177352428436279,,,,-98.06,False,,,"{""telemetry"": 0.7, ""graph"": 145.2}",False,,,,,0.0,,0.0,False,0.0,,0.0,False,0.0,,0.0,False
11.596,58,slm,TOWNSIM_CALIB_PILOT,1,reactive,MANTENER_RUMBO,0,66.41779871717489,False,2.592146158218384,-10.223193168640137,-5.348299026489258,,,,-97.66,False,,,"{""telemetry"": 1.7, ""graph"": 167.1}",False,,,,,0.0,,0.0,False,0.0,,0.0,False,0.0,,0.0,False
11.789,59,slm,TOWNSIM_CALIB_PILOT,1,reactive,MANTENER_RUMBO,0,65.86993447577136,False,2.526562213897705,-10.70522689819336,-5.491733074188232,,,,-97.3,False,,,"{""telemetry"": 0.8, ""graph"": 160.9}",False,,,,,0.0,,0.001,False,0.0,,0.001,False,0.0,,0.001,False
11.968,60,slm,TOWNSIM_CALIB_PILOT,1,reactive,MANTENER_RUMBO,0,65.31041873034415,False,2.450669527053833,-11.246354103088379,-5.649028301239014,,,,-96.9,False,,,"{""telemetry"": 0.8, ""graph"": 140.0}",False,,,,,0.0,,0.0,False,0.0,,0.0,False,0.0,,0.0,False
12.18,61,slm,TOWNSIM_CALIB_PILOT,1,reactive,MANTENER_RUMBO,0,64.73355075116386,False,2.370569944381714,-11.804405212402344,-5.8085198402404785,,,,-96.49,False,,,"{""telemetry"": 0.8, ""graph"": 151.4}",False,,,,,0.0,,0.108,False,0.0,,0.108,False,0.0,,0.108,False
12.378,62,slm,TOWNSIM_CALIB_PILOT,1,deliberative,FRENAR,0,64.15881669345853,False,2.291884660720825,-12.343558311462402,-5.960850238800049,,,,-96.09,False,,,"{""telemetry"": 1.0, ""graph"": 148.5}",True,2177.5,False,False,True,0.021,2.04,0.302,False,0.014,0.4,0.302,False,0.056,1.92,0.302,False
12.603,63,slm,TOWNSIM_CALIB_PILOT,1,deliberative,FRENAR,0,63.57053175469351,False,2.2002928256988525,-12.963345527648926,-6.126431941986084,,,,-95.65,False,,,"{""telemetry"": 1.0, ""graph"": 173.6}",True,2177.5,False,False,True,0.0,,0.037,False,0.0,,0.037,False,0.0,,0.037,False
12.813,64,slm,TOWNSIM_CALIB_PILOT,1,deliberative,FRENAR,0,63.01953449935817,False,2.1202585697174072,-13.501143455505371,-6.220002174377441,,,,-95.37,False,,,"{""telemetry"": 0.7, ""graph"": 183.2}",True,2177.5,False,False,True,0.105,0.67,0.159,False,0.036,0.26,0.159,False,0.0,0.44,0.159,False
13.023,65,slm,TOWNSIM_CALIB_PILOT,1,deliberative,FRENAR,0,62.54050336035745,False,2.0540690422058105,-13.943536758422852,-6.333857536315918,,,,-95.28,False,,,"{""telemetry"": 1.3, ""graph"": 191.5}",True,2177.5,False,False,True,0.0,,0.018,False,0.0,,0.018,False,0.0,,0.018,False
13.194,66,slm,TOWNSIM_CALIB_PILOT,1,deliberative,FRENAR,0,62.165044712487834,False,2.005218267440796,-14.268562316894531,-6.407403469085693,,,,-95.27,False,,,"{""telemetry"": 1.7, ""graph"": 162.5}",True,2177.5,False,False,True,0.0,,0.0,False,0.0,,0.0,False,0.0,,0.0,False
13.368,67,slm,TOWNSIM_CALIB_PILOT,1,deliberative,FRENAR,0,61.88135649451019,False,1.9725364446640015,-14.485245704650879,-6.428611755371094,,,,-95.28,False,,,"{""telemetry"": 0.7, ""graph"": 136.6}",True,2177.5,False,False,True,0.0,,0.0,False,0.0,,0.0,False,0.0,,0.0,False
13.576,68,slm,TOWNSIM_CALIB_PILOT,1,deliberative,FRENAR,0,61.66904203636715,False,1.9409300088882446,-14.694143295288086,-6.431560039520264,,,,-95.29,False,,,"{""telemetry"": 0.8, ""graph"": 144.5}",True,2177.5,False,False,True,0.0,,0.0,False,0.0,,0.0,False,0.0,,0.0,False
13.766,69,slm,TOWNSIM_CALIB_PILOT,1,deliberative,FRENAR,0,61.514392224864075,False,1.9177275896072388,-14.847088813781738,-6.419772148132324,,,,-95.3,False,,,"{""telemetry"": 1.1, ""graph"": 133.3}",True,2177.5,False,False,True,0.0,,0.0,False,0.0,,0.0,False,0.0,,0.0,False
13.994,70,slm,TOWNSIM_CALIB_PILOT,1,deliberative,FRENAR,0,61.405704493702224,False,1.8990715742111206,-14.969823837280273,-6.398144721984863,,,,-95.31,False,,,"{""telemetry"": 0.9, ""graph"": 161.0}",True,2177.5,False,False,True,0.0,,0.0,False,0.0,,0.0,False,0.0,,0.0,False
14.187,71,slm,TOWNSIM_CALIB_PILOT,1,deliberative,FRENAR,0,61.32629330434892,False,1.8860015869140625,-15.055699348449707,-6.373281478881836,,,,-95.31,False,,,"{""telemetry"": 0.9, ""graph"": 153.5}",True,2177.5,False,False,True,0.0,,0.0,False,0.0,,0.0,False,0.0,,0.0,False
14.4,72,slm,TOWNSIM_CALIB_PILOT,1,deliberative,MANTENER_RUMBO,0,61.270012924228254,False,1.875732421875,-15.12311840057373,-6.344668388366699,,,,-95.31,False,,,"{""telemetry"": 0.9, ""graph"": 166.2}",True,2015.8,False,False,True,0.0,,0.0,False,0.0,,0.0,False,0.0,,0.0,False
14.58,73,slm,TOWNSIM_CALIB_PILOT,1,reactive,MANTENER_RUMBO,0,61.23084045392985,False,1.8692688941955566,-15.165826797485352,-6.325982570648193,,,,-95.32,False,,,"{""telemetry"": 0.7, ""graph"": 146.1}",False,,,,,0.0,,0.0,False,0.0,,0.0,False,0.0,,0.0,False
14.779,74,slm,TOWNSIM_CALIB_PILOT,1,reactive,MANTENER_RUMBO,0,61.152064439406466,False,1.858284831047058,-15.263446807861328,-6.46553897857666,,,,-95.21,False,,,"{""telemetry"": 0.6, ""graph"": 144.5}",False,,,,,0.0,,0.0,False,0.0,,0.0,False,0.0,,0.0,False
15.027,75,slm,TOWNSIM_CALIB_PILOT,1,reactive,MANTENER_RUMBO,0,60.90279617550539,False,1.8358416557312012,-15.490893363952637,-6.756126403808594,,,,-94.99,False,,,"{""telemetry"": 0.7, ""graph"": 192.4}",False,,,,,0.0,,0.0,False,0.0,,0.0,False,0.0,,0.0,False
15.184,76,slm,TOWNSIM_CALIB_PILOT,1,reactive,MANTENER_RUMBO,0,60.56643024540903,False,1.8106755018234253,-15.752982139587402,-6.979894638061523,,,,-94.78,False,,,"{""telemetry"": 0.8, ""graph"": 148.5}",False,,,,,0.0,,0.0,False,0.0,,0.0,False,0.0,,0.0,False
15.382,77,slm,TOWNSIM_CALIB_PILOT,1,reactive,MANTENER_RUMBO,0,60.162749242179224,False,1.777308464050293,-16.104564666748047,-7.198466777801514,,,,-94.54,False,,,"{""telemetry"": 0.9, ""graph"": 146.8}",False,,,,,0.0,,0.0,False,0.0,,0.0,False,0.0,,0.0,False
15.574,78,slm,TOWNSIM_CALIB_PILOT,1,reactive,MANTENER_RUMBO,0,59.71932041231202,False,1.7391440868377686,-16.509387969970703,-7.39523983001709,,,,-94.28,False,,,"{""telemetry"": 0.8, ""graph"": 138.1}",False,,,,,0.0,,0.0,False,0.0,,0.0,False,0.0,,0.0,False
15.776,79,slm,TOWNSIM_CALIB_PILOT,1,reactive,MANTENER_RUMBO,0,59.231635790519455,False,1.6965628862380981,-16.962797164916992,-7.580526828765869,,,,-94.03,False,,,"{""telemetry"": 0.8, ""graph"": 139.6}",False,,,,,0.0,,0.0,False,0.0,,0.0,False,0.0,,0.0,False
16.063,80,slm,TOWNSIM_CALIB_PILOT,1,reactive,MANTENER_RUMBO,0,58.722130674904285,False,1.6310087442398071,-17.662565231323242,-7.829533100128174,,,,-93.65,False,,,"{""telemetry"": 1.0, ""graph"": 225.8}",False,,,,,0.0,,0.0,False,0.0,,0.0,False,0.0,,0.0,False
16.219,81,slm,TOWNSIM_CALIB_PILOT,1,reactive,MANTENER_RUMBO,0,58.100023725955474,False,1.5906862020492554,-18.093486785888672,-7.970363616943359,,,,-93.44,False,,,"{""telemetry"": 0.8, ""graph"": 153.1}",False,,,,,0.0,,0.0,False,0.0,,0.0,False,0.0,,0.0,False
16.415,82,slm,TOWNSIM_CALIB_PILOT,1,deliberative,FRENAR,0,57.549092867003296,False,1.546241283416748,-18.568632125854492,-8.118959426879883,,,,-93.2,False,,,"{""telemetry"": 1.0, ""graph"": 149.3}",True,2015.8,False,False,True,0.02,4.7,0.3,False,0.033,2.27,0.3,False,0.022,4.72,0.3,False
16.601,83,slm,TOWNSIM_CALIB_PILOT,1,deliberative,FRENAR,0,56.986143380365284,False,1.495428442955017,-19.111894607543945,-8.278562545776367,,,,-92.94,False,,,"{""telemetry"": 0.8, ""graph"": 134.9}",True,2015.8,False,False,True,0.0,,0.0,False,0.0,,0.0,False,0.0,,0.0,False
16.814,84,slm,TOWNSIM_CALIB_PILOT,1,deliberative,FRENAR,0,56.45189350713484,False,1.4460554122924805,-19.639347076416016,-8.35659408569336,,,,-92.73,False,,,"{""telemetry"": 0.6, ""graph"": 147.6}",True,2015.8,False,False,True,0.0,,0.112,False,0.0,,0.112,False,0.0,,0.112,False
17.029,85,slm,TOWNSIM_CALIB_PILOT,1,deliberative,FRENAR,0,55.99699406269822,False,1.4019078016281128,-20.109588623046875,-8.452414512634277,,,,-92.66,False,,,"{""telemetry"": 0.8, ""graph"": 161.6}",True,2015.8,False,False,True,0.0,,0.0,False,0.0,,0.0,False,0.0,,0.0,False
17.226,86,slm,TOWNSIM_CALIB_PILOT,1,deliberative,FRENAR,0,55.62938442602419,False,1.3721373081207275,-20.4252986907959,-8.51109790802002,,,,-92.66,False,,,"{""telemetry"": 0.8, ""graph"": 158.6}",True,2015.8,False,False,True,0.0,,0.0,False,0.0,,0.0,False,0.0,,0.0,False
17.437,87,slm,TOWNSIM_CALIB_PILOT,1,deliberative,FRENAR,0,55.35643416986421,False,1.3463066816329956,-20.69805908203125,-8.526659965515137,,,,-92.67,False,,,"{""telemetry"": 0.8, ""graph"": 169.3}",True,2015.8,False,False,True,0.0,,0.0,False,0.0,,0.0,False,0.0,,0.0,False
17.645,88,slm,TOWNSIM_CALIB_PILOT,1,deliberative,FRENAR,0,55.15221207803531,False,1.3287996053695679,-20.8821964263916,-8.520761489868164,,,,-92.68,False,,,"{""telemetry"": 0.9, ""graph"": 176.7}",True,2015.8,False,False,True,0.003,2.22,0.3,False,0.001,0.8,0.3,False,0.003,2.45,0.3,False
17.825,89,slm,TOWNSIM_CALIB_PILOT,1,deliberative,FRENAR,0,55.00531273437362,False,1.314776062965393,-21.02927017211914,-8.503647804260254,,,,-92.69,False,,,"{""telemetry"": 0.9, ""graph"": 157.2}",True,2015.8,False,False,True,0.0,,0.0,False,0.0,,0.0,False,0.0,,0.0,False
18.042,90,slm,TOWNSIM_CALIB_PILOT,1,deliberative,FRENAR,0,54.897463432557124,False,1.3034942150115967,-21.14732551574707,-8.478618621826172,,,,-92.7,False,,,"{""telemetry"": 0.9, ""graph"": 173.5}",True,2015.8,False,False,True,0.0,,0.0,False,0.0,,0.0,False,0.0,,0.0,False
18.216,91,slm,TOWNSIM_CALIB_PILOT,1,deliberative,FRENAR,0,54.82137382770105,False,1.2964138984680176,-21.2213134765625,-8.455329895019531,,,,-92.7,False,,,"{""telemetry"": 0.9, ""graph"": 147.4}",True,2015.8,False,False,True,0.0,,0.0,False,0.0,,0.0,False,0.0,,0.0,False
18.445,92,slm,TOWNSIM_CALIB_PILOT,1,deliberative,FRENAR,0,54.766718325345586,False,1.289592981338501,-21.292510986328125,-8.424077033996582,,,,-92.7,False,,,"{""telemetry"": 0.8, ""graph"": 175.3}",True,2015.8,False,False,True,0.0,,0.0,False,0.0,,0.0,False,0.0,,0.0,False
18.629,93,slm,TOWNSIM_CALIB_PILOT,1,deliberative,MANTENER_RUMBO,0,54.72885404288255,False,1.285477638244629,-21.335445404052734,-8.398378372192383,,,,-92.7,False,,,"{""telemetry"": 2.2, ""graph"": 158.0}",True,2113.0,False,False,True,0.0,,0.0,False,0.0,,0.0,False,0.0,,0.0,False
18.823,94,slm,TOWNSIM_CALIB_PILOT,1,reactive,MANTENER_RUMBO,0,54.703662173337804,False,1.2821286916732788,-21.37091827392578,-8.37864875793457,,,,-92.71,False,,,"{""telemetry"": 1.1, ""graph"": 152.6}",False,,,,,0.0,,0.0,False,0.0,,0.0,False,0.0,,0.0,False
19.052,95,slm,TOWNSIM_CALIB_PILOT,1,deliberative,FRENAR,0,54.63387763563544,False,1.276500940322876,-21.466140747070312,-8.530369758605957,,,,-92.66,False,,,"{""telemetry"": 1.3, ""graph"": 180.8}",True,2113.0,False,False,True,0.065,0.25,0.194,False,0.004,0.12,0.194,False,0.172,0.56,0.194,False
19.212,96,slm,TOWNSIM_CALIB_PILOT,1,deliberative,FRENAR,0,54.38728253532811,False,1.2674957513809204,-21.643390655517578,-8.76780891418457,,,,-92.58,False,,,"{""telemetry"": 0.9, ""graph"": 140.4}",True,2113.0,False,False,True,0.0,,0.0,False,0.0,,0.0,False,0.0,,0.0,False
19.47,97,slm,TOWNSIM_CALIB_PILOT,1,deliberative,FRENAR,0,54.0905622517962,False,1.253552794456482,-21.923931121826172,-8.909459114074707,,,,-92.52,False,,,"{""telemetry"": 1.1, ""graph"": 197.3}",True,2113.0,False,False,True,0.213,0.62,0.258,False,0.203,0.36,0.258,False,0.226,0.46,0.258,False
19.629,98,slm,TOWNSIM_CALIB_PILOT,1,deliberative,FRENAR,0,53.86606807187606,False,1.2433065176010132,-22.131301879882812,-8.911141395568848,,,,-92.5,False,,,"{""telemetry"": 0.9, ""graph"": 156.6}",True,2113.0,False,False,True,0.0,,0.0,False,0.0,,0.0,False,0.0,,0.0,False
19.857,99,slm,TOWNSIM_CALIB_PILOT,1,deliberative,FRENAR,0,53.68790901271326,False,1.2342733144760132,-22.314565658569336,-8.890149116516113,,,,-92.49,False,,,"{""telemetry"": 0.7, ""graph"": 184.3}",True,2113.0,False,False,True,0.0,,0.081,False,0.0,,0.081,False,0.0,,0.081,False
20.018,100,slm,TOWNSIM_CALIB_PILOT,1,deliberative,FRENAR,0,53.55447827981646,False,1.228127121925354,-22.439359664916992,-8.8680419921875,,,,-92.49,False,,,"{""telemetry"": 0.8, ""graph"": 144.6}",True,2113.0,False,False,True,0.0,,0.0,False,0.0,,0.0,False,0.0,,0.0,False
20.223,101,slm,TOWNSIM_CALIB_PILOT,1,deliberative,FRENAR,0,53.45568904013696,False,1.222661018371582,-22.550386428833008,-8.839254379272461,,,,-92.48,False,,,"{""telemetry"": 1.1, ""graph"": 148.8}",True,2113.0,False,False,True,0.0,,0.0,False,0.0,,0.0,False,0.0,,0.0,False
20.452,102,slm,TOWNSIM_CALIB_PILOT,1,deliberative,FRENAR,0,53.38345740957301,False,1.218201994895935,-22.640962600708008,-8.805142402648926,,,,-92.48,False,,,"{""telemetry"": 0.8, ""graph"": 177.7}",True,2113.0,False,False,True,0.0,,0.0,False,0.0,,0.0,False,0.0,,0.0,False
20.635,103,slm,TOWNSIM_CALIB_PILOT,1,deliberative,FRENAR,0,53.333336898859805,False,1.2155461311340332,-22.694900512695312,-8.781259536743164,,,,-92.48,False,,,"{""telemetry"": 1.1, ""graph"": 160.1}",True,2113.0,False,False,True,0.0,,0.0,False,0.0,,0.0,False,0.0,,0.0,False
20.84,104,slm,TOWNSIM_CALIB_PILOT,1,deliberative,FRENAR,0,53.29143417726957,False,1.2134190797805786,-22.738100051879883,-8.776497840881348,,,,-92.48,False,,,"{""telemetry"": 0.6, ""graph"": 165.8}",True,2113.0,False,False,True,0.001,8.12,0.3,False,0.004,2.79,0.3,False,0.003,8.31,0.3,False
21.019,105,slm,TOWNSIM_CALIB_PILOT,1,deliberative,FRENAR,0,53.258597763140685,False,1.211772084236145,-22.771556854248047,-8.773445129394531,,,,-92.48,False,,,"{""telemetry"": 0.7, ""graph"": 144.0}",True,2113.0,False,False,True,0.0,,0.0,False,0.0,,0.0,False,0.0,,0.0,False
21.224,106,slm,TOWNSIM_CALIB_PILOT,1,deliberative,FRENAR,0,53.233887794452976,False,1.210538387298584,-22.79661750793457,-8.770641326904297,,,,-92.48,False,,,"{""telemetry"": 0.9, ""graph"": 148.4}",True,2113.0,False,False,True,0.0,,0.0,False,0.0,,0.0,False,0.0,,0.0,False
21.418,107,slm,TOWNSIM_CALIB_PILOT,1,deliberative,MANTENER_RUMBO,0,53.21587996797536,False,1.2096388339996338,-22.814897537231445,-8.768196105957031,,,,-92.48,False,,,"{""telemetry"": 0.8, ""graph"": 141.3}",True,2174.4,False,False,True,0.0,,0.0,False,0.0,,0.0,False,0.0,,0.0,False
21.659,108,slm,TOWNSIM_CALIB_PILOT,1,reactive,MANTENER_RUMBO,0,53.202361700027524,False,1.2088096141815186,-22.83189582824707,-8.772642135620117,,,,-92.48,False,,,"{""telemetry"": 2.1, ""graph"": 181.2}",False,,,,,0.0,,0.0,False,0.0,,0.0,False,0.0,,0.0,False
21.869,109,slm,TOWNSIM_CALIB_PILOT,1,reactive,MANTENER_RUMBO,0,53.14152482054973,False,1.20526921749115,-22.912338256835938,-8.94290542602539,,,,-92.43,False,,,"{""telemetry"": 0.7, ""graph"": 192.0}",False,,,,,0.0,,0.068,False,0.0,,0.068,False,0.0,,0.068,False
22.067,110,slm,TOWNSIM_CALIB_PILOT,1,reactive,MANTENER_RUMBO,0,52.9076252293793,False,1.1969815492630005,-23.10269546508789,-9.20687484741211,,,,-92.35,False,,,"{""telemetry"": 0.7, ""graph"": 189.6}",False,,,,,0.0,,0.001,False,0.0,,0.001,False,0.0,,0.001,False
22.227,111,slm,TOWNSIM_CALIB_PILOT,1,reactive,MANTENER_RUMBO,0,52.58228537514698,False,1.1856690645217896,-23.3630428314209,-9.436759948730469,,,,-92.26,False,,,"{""telemetry"": 0.8, ""graph"": 149.5}",False,,,,,0.0,,0.0,False,0.0,,0.0,False,0.0,,0.0,False
22.432,112,slm,TOWNSIM_CALIB_PILOT,1,reactive,MANTENER_RUMBO,0,52.19186503196189,False,1.170363187789917,-23.715551376342773,-9.654865264892578,,,,-92.16,False,,,"{""telemetry"": 0.9, ""graph"": 153.5}",False,,,,,0.0,,0.0,False,0.0,,0.0,False,0.0,,0.0,False
22.631,113,slm,TOWNSIM_CALIB_PILOT,1,reactive,MANTENER_RUMBO,0,51.7590582582634,False,1.1527692079544067,-24.120840072631836,-9.847513198852539,,,,-92.05,False,,,"{""telemetry"": 0.8, ""graph"": 151.9}",False,,,,,0.0,,0.0,False,0.0,,0.0,False,0.0,,0.0,False
22.851,114,slm,TOWNSIM_CALIB_PILOT,1,reactive,MANTENER_RUMBO,0,51.28732370301133,False,1.131067156791687,-24.62069320678711,-10.04478931427002,,,,-91.94,False,,,"{""telemetry"": 0.9, ""graph"": 171.6}",False,,,,,0.0,,0.0,False,0.0,,0.0,False,0.0,,0.0,False
23.029,115,slm,TOWNSIM_CALIB_PILOT,1,reactive,MANTENER_RUMBO,0,50.784733799709834,False,1.1122139692306519,-25.05476951599121,-10.197022438049316,,,,-91.85,False,,,"{""telemetry"": 0.8, ""graph"": 149.7}",False,,,,,0.0,,0.0,False,0.0,,0.0,False,0.0,,0.0,False
23.232,116,slm,TOWNSIM_CALIB_PILOT,1,reactive,MANTENER_RUMBO,0,50.258242900280734,False,1.090416669845581,-25.556400299072266,-10.36036205291748,,,,-91.74,False,,,"{""telemetry"": 0.8, ""graph"": 152.0}",False,,,,,0.0,,0.0,False,0.0,,0.0,False,0.0,,0.0,False
23.479,117,slm,TOWNSIM_CALIB_PILOT,1,deliberative,FRENAR,0,49.70517178636532,False,1.0667394399642944,-26.100984573364258,-10.528274536132812,,,,-91.63,False,,,"{""telemetry"": 0.9, ""graph"": 198.6}",True,2174.4,False,False,True,0.02,5.32,0.3,False,0.027,2.19,0.3,False,0.025,5.36,0.3,False
23.668,118,slm,TOWNSIM_CALIB_PILOT,1,deliberative,FRENAR,0,49.14657599721781,False,1.0388524532318115,-26.74193000793457,-10.700037002563477,,,,-91.51,False,,,"{""telemetry"": 1.1, ""graph"": 185.9}",True,2174.4,False,False,True,0.0,,0.0,False,0.0,,0.0,False,0.0,,0.0,False
23.931,119,slm,TOWNSIM_CALIB_PILOT,1,deliberative,FRENAR,0,48.605120892674854,False,1.013861894607544,-27.31539535522461,-10.80306625366211,,,,-91.43,False,,,"{""telemetry"": 1.1, ""graph"": 249.2}",True,2174.4,False,False,True,0.173,0.41,0.196,False,0.234,0.19,0.196,False,0.225,0.54,0.196,False
24.089,120,slm,TOWNSIM_CALIB_PILOT,1,deliberative,FRENAR,0,48.050504663975296,False,0.9990601539611816,-27.654033660888672,-10.887554168701172,,,,-91.42,False,,,"{""telemetry"": 0.7, ""graph"": 154.9}",True,2174.4,False,False,True,0.0,,0.0,False,0.0,,0.0,False,0.0,,0.0,False
24.282,121,slm,TOWNSIM_CALIB_PILOT,1,deliberative,FRENAR,0,47.70241222995379,False,0.984825849533081,-27.978530883789062,-10.958680152893066,,,,-91.42,False,,,"{""telemetry"": 0.9, ""graph"": 147.9}",True,2174.4,False,False,True,0.0,,0.0,False,0.0,,0.0,False,0.0,,0.0,False
24.488,122,slm,TOWNSIM_CALIB_PILOT,1,deliberative,FRENAR,0,47.44636326140544,False,0.9739216566085815,-28.226181030273438,-10.977508544921875,,,,-91.43,False,,,"{""telemetry"": 0.8, ""graph"": 154.0}",True,2174.4,False,False,True,0.0,,0.0,False,0.0,,0.0,False,0.0,,0.0,False
24.681,123,slm,TOWNSIM_CALIB_PILOT,1,deliberative,FRENAR,0,47.25605864340084,False,0.9656434059143066,-28.41358757019043,-10.97424602508545,,,,-91.43,False,,,"{""telemetry"": 1.0, ""graph"": 146.1}",True,2174.4,False,False,True,0.0,,0.0,False,0.0,,0.0,False,0.0,,0.0,False
24.883,124,slm,TOWNSIM_CALIB_PILOT,1,deliberative,FRENAR,0,47.11979200106033,False,0.9597404599189758,-28.5468807220459,-10.960103988647461,,,,-91.43,False,,,"{""telemetry"": 1.0, ""graph"": 147.6}",True,2174.4,False,False,True,0.0,,0.0,False,0.0,,0.0,False,0.0,,0.0,False
25.075,125,slm,TOWNSIM_CALIB_PILOT,1,deliberative,FRENAR,0,47.0214739233818,False,0.9550691246986389,-28.652189254760742,-10.938925743103027,,,,-91.43,False,,,"{""telemetry"": 0.9, ""graph"": 138.9}",True,2174.4,False,False,True,0.0,,0.0,False,0.0,,0.0,False,0.0,,0.0,False
25.303,126,slm,TOWNSIM_CALIB_PILOT,1,deliberative,FRENAR,0,46.952179210698006,False,0.9515269994735718,-28.73195457458496,-10.913938522338867,,,,-91.44,False,,,"{""telemetry"": 0.9, ""graph"": 167.3}",True,2174.4,False,False,True,0.0,,0.035,False,0.0,,0.035,False,0.0,,0.035,False
25.476,127,slm,TOWNSIM_CALIB_PILOT,1,deliberative,FRENAR,0,46.901903007201035,False,0.9491280913352966,-28.78594398498535,-10.890048027038574,,,,-91.44,False,,,"{""telemetry"": 1.3, ""graph"": 138.9}",True,2174.4,False,False,True,0.0,,0.0,False,0.0,,0.0,False,0.0,,0.0,False
25.679,128,slm,TOWNSIM_CALIB_PILOT,1,deliberative,MANTENER_RUMBO,0,46.86791704255033,False,0.9471336007118225,-28.8308048248291,-10.863096237182617,,,,-91.44,False,,,"{""telemetry"": 1.2, ""graph"": 141.5}",True,2067.8,False,False,True,0.0,,0.0,False,0.0,,0.0,False,0.0,,0.0,False
25.887,129,slm,TOWNSIM_CALIB_PILOT,1,evasive,EVADIR_IZQUIERDA,0,46.845056678861496,False,0.9456787705421448,-28.86367416381836,-10.841084480285645,,,,-91.44,False,,,"{""telemetry"": 1.0, ""graph"": 149.4}",False,,,,,0.002,9.72,0.3,False,0.003,3.3,0.3,False,0.003,10.35,0.3,False
26.093,130,slm,TOWNSIM_CALIB_PILOT,1,deliberative,FRENAR,0,46.775195991200114,False,0.9433069229125977,-28.94097900390625,-10.961090087890625,,,,-91.51,False,,,"{""telemetry"": 1.6, ""graph"": 154.6}",True,2067.8,False,False,True,0.162,0.63,0.235,False,0.16,0.37,0.235,False,0.17,0.38,0.235,False
26.298,131,slm,TOWNSIM_CALIB_PILOT,1,deliberative,FRENAR,0,46.575824867654084,False,0.9385912418365479,-29.11589241027832,-11.153911590576172,,,,-92.89,False,,,"{""telemetry"": 1.1, ""graph"": 160.3}",True,2067.8,False,False,True,0.0,,0.0,False,0.0,,0.0,False,0.0,,0.0,False
26.476,132,slm,TOWNSIM_CALIB_PILOT,1,deliberative,FRENAR,0,46.38387729026919,False,0.9346160888671875,-29.26734161376953,-11.185250282287598,,,,-93.67,False,,,"{""telemetry"": 0.9, ""graph"": 136.7}",True,2067.8,False,False,True,0.0,,0.0,False,0.0,,0.0,False,0.0,,0.0,False
26.691,133,slm,TOWNSIM_CALIB_PILOT,1,deliberative,FRENAR,0,46.23779800214355,False,0.9306890964508057,-29.420007705688477,-11.187209129333496,,,,-94.08,False,,,"{""telemetry"": 1.2, ""graph"": 150.8}",True,2067.8,False,False,True,0.0,,0.0,False,0.0,,0.0,False,0.0,,0.0,False
26.895,134,slm,TOWNSIM_CALIB_PILOT,1,deliberative,FRENAR,0,46.120305139704776,False,0.9276285171508789,-29.540658950805664,-11.189372062683105,,,,-94.25,False,,,"{""telemetry"": 1.1, ""graph"": 155.2}",True,2067.8,False,False,True,0.0,,0.0,False,0.0,,0.0,False,0.0,,0.0,False
27.098,135,slm,TOWNSIM_CALIB_PILOT,1,deliberative,FRENAR,0,46.02787029751157,False,0.9253727197647095,-29.630290985107422,-11.18964672088623,,,,-94.33,False,,,"{""telemetry"": 1.2, ""graph"": 157.4}",True,2067.8,False,False,True,0.0,,0.0,False,0.0,,0.0,False,0.0,,0.0,False
27.286,136,slm,TOWNSIM_CALIB_PILOT,1,deliberative,FRENAR,0,45.95913352507072,False,0.9238073229789734,-29.692760467529297,-11.188569068908691,,,,-94.36,False,,,"{""telemetry"": 1.5, ""graph"": 144.1}",True,2067.8,False,False,True,0.0,,0.0,False,0.0,,0.0,False,0.0,,0.0,False
27.481,137,slm,TOWNSIM_CALIB_PILOT,1,deliberative,FRENAR,0,45.90769069672133,False,0.9225191473960876,-29.74431037902832,-11.186629295349121,,,,-94.37,False,,,"{""telemetry"": 0.9, ""graph"": 139.6}",True,2067.8,False,False,True,0.0,,0.0,False,0.0,,0.0,False,0.0,,0.0,False
27.709,138,slm,TOWNSIM_CALIB_PILOT,1,deliberative,FRENAR,0,45.8688563319896,False,0.9214411377906799,-29.787538528442383,-11.184076309204102,,,,-94.38,False,,,"{""telemetry"": 1.2, ""graph"": 167.0}",True,2067.8,False,False,True,0.0,,0.0,False,0.0,,0.0,False,0.0,,0.0,False
27.887,139,slm,TOWNSIM_CALIB_PILOT,1,deliberative,FRENAR,0,45.84009004014797,False,0.920799732208252,-29.813283920288086,-11.18203067779541,,,,-94.38,False,,,"{""telemetry"": 0.9, ""graph"": 144.7}",True,2067.8,False,False,True,0.0,,0.0,False,0.0,,0.0,False,0.0,,0.0,False
28.115,140,slm,TOWNSIM_CALIB_PILOT,1,deliberative,FRENAR,0,45.8193756599536,False,0.9202429056167603,-29.83563232421875,-11.179818153381348,,,,-94.38,False,,,"{""telemetry"": 0.9, ""graph"": 172.6}",True,2067.8,False,False,True,0.0,,0.007,False,0.0,,0.007,False,0.0,,0.007,False
28.296,141,slm,TOWNSIM_CALIB_PILOT,1,deliberative,GANAR_ALTURA,0,45.803525615597465,False,0.9198832511901855,-29.850067138671875,-11.178092956542969,,,,-94.38,False,,,"{""telemetry"": 0.9, ""graph"": 153.3}",True,2193.5,False,False,True,0.0,,0.038,False,0.0,,0.038,False,0.0,,0.038,False
28.516,142,slm,TOWNSIM_CALIB_PILOT,1,evasive,GANAR_ALTURA,0,45.79212819847484,False,0.919548511505127,-29.863496780395508,-11.172861099243164,,,,-94.37,False,,,"{""telemetry"": 1.5, ""graph"": 172.0}",False,,,,,0.0,,0.019,False,0.0,,0.019,False,0.0,,0.019,False
28.718,143,slm,TOWNSIM_CALIB_PILOT,1,evasive,GANAR_ALTURA,0,45.787919393683765,False,0.9193155169487,-29.872535705566406,-11.158842086791992,,,,-94.25,False,,,"{""telemetry"": 0.7, ""graph"": 174.9}",False,,,,,0.0,16.44,0.15,False,0.0,20.13,0.15,False,0.001,44.53,0.15,False
28.919,144,slm,TOWNSIM_CALIB_PILOT,1,evasive,GANAR_ALTURA,0,45.785297371966216,False,0.9191005229949951,-29.879383087158203,-11.150874137878418,,,,-94.05,False,,,"{""telemetry"": 0.7, ""graph"": 176.1}",False,,,,,0.0,33.67,0.199,False,0.0,17.12,0.199,False,0.002,48.8,0.199,False
29.103,145,slm,TOWNSIM_CALIB_PILOT,1,evasive,GANAR_ALTURA,0,45.782103045044764,False,0.9188867807388306,-29.884069442749023,-11.147904396057129,,,,-93.84,False,,,"{""telemetry"": 1.2, ""graph"": 159.2}",False,,,,,0.0,,0.137,False,0.0,,0.133,False,0.0,,0.136,False
29.288,146,slm,TOWNSIM_CALIB_PILOT,1,evasive,GANAR_ALTURA,0,45.7787589666654,False,0.9186087846755981,-29.887943267822266,-11.149801254272461,,,,-93.6,False,,,"{""telemetry"": 0.8, ""graph"": 143.9}",False,,,,,0.0,,0.055,False,0.0,,0.052,False,0.0,,0.056,False
29.482,147,slm,TOWNSIM_CALIB_PILOT,1,reactive,MANTENER_RUMBO,0,45.75720052566823,False,0.9183078408241272,-29.890623092651367,-11.223933219909668,,,,-93.45,False,,,"{""telemetry"": 0.9, ""graph"": 137.3}",False,,,,,0.0,,0.03,False,0.0,,0.031,False,0.0,,0.021,False
29.68,148,slm,TOWNSIM_CALIB_PILOT,1,reactive,MANTENER_RUMBO,0,45.71945261596961,False,0.9180156588554382,-29.893104553222656,-11.311895370483398,,,,-93.38,False,,,"{""telemetry"": 0.7, ""graph"": 136.0}",False,,,,,0.0,,0.033,False,0.0,,0.033,False,0.0,,0.033,False
29.894,149,slm,TOWNSIM_CALIB_PILOT,1,reactive,MANTENER_RUMBO,0,45.63592082377989,False,0.9145457744598389,-29.9497127532959,-11.51608943939209,,,,-93.26,False,,,"{""telemetry"": 0.7, ""graph"": 149.4}",False,,,,,0.0,,0.067,False,0.0,,0.067,False,0.0,,0.067,False
30.088,150,slm,TOWNSIM_CALIB_PILOT,1,reactive,MANTENER_RUMBO,0,45.4081989052806,False,0.9045524001121521,-30.116640090942383,-11.786932945251465,,,,-93.08,False,,,"{""telemetry"": 1.0, ""graph"": 142.5}",False,,,,,0.0,,0.0,False,0.0,,0.0,False,0.0,,0.0,False
30.282,151,slm,TOWNSIM_CALIB_PILOT,1,reactive,MANTENER_RUMBO,0,45.09885078252988,False,0.888440728187561,-30.38690757751465,-12.038877487182617,,,,-92.88,False,,,"{""telemetry"": 0.8, ""graph"": 137.0}",False,,,,,0.0,,0.0,False,0.0,,0.0,False,0.0,,0.0,False
30.492,152,slm,TOWNSIM_CALIB_PILOT,1,reactive,MANTENER_RUMBO,0,44.722474922867555,False,0.8678152561187744,-30.733381271362305,-12.254157066345215,,,,-92.68,False,,,"{""telemetry"": 0.7, ""graph"": 146.4}",False,,,,,0.0,,0.0,False,0.0,,0.0,False,0.0,,0.0,False
30.685,153,slm,TOWNSIM_CALIB_PILOT,1,reactive,MANTENER_RUMBO,0,44.3014804924131,False,0.8449556827545166,-31.11751365661621,-12.435630798339844,,,,-92.49,False,,,"{""telemetry"": 0.8, ""graph"": 139.1}",False,,,,,0.0,,0.0,False,0.0,,0.0,False,0.0,,0.0,False
30.838,154,slm,TOWNSIM_CALIB_PILOT,1,reactive,MANTENER_RUMBO,0,43.85165561241549,False,0.8197038173675537,-31.541170120239258,-12.565813064575195,,,,-88.49,False,,,"{""telemetry"": 0.9, ""graph"": 91.2}",False,,,,,0.0,,0.0,False,0.0,,0.0,False,0.0,,0.0,False
31.045,155,slm,TOWNSIM_CALIB_PILOT,1,reactive,MANTENER_RUMBO,0,43.444490337479316,False,0.7960692644119263,-31.930742263793945,-12.617096900939941,,,,-71.41,False,,,"{""telemetry"": 1.2, ""graph"": 98.0}",False,,,,,0.0,,0.0,False,0.0,,0.0,False,0.0,,0.0,False
31.23,156,slm,TOWNSIM_CALIB_PILOT,1,reactive,MANTENER_RUMBO,0,43.11880026334755,False,0.7778188586235046,-32.2237434387207,-12.650371551513672,,,,-52.8,False,,,"{""telemetry"": 1.0, ""graph"": 82.9}",False,,,,,0.0,,0.0,False,0.0,,0.0,False,0.0,,0.0,False
31.454,157,slm,TOWNSIM_CALIB_PILOT,1,reactive,MANTENER_RUMBO,0,42.8507654656072,False,0.7815355658531189,-32.52288818359375,-12.686684608459473,,,,-40.3,False,,,"{""telemetry"": 0.8, ""graph"": 107.0}",False,,,,,0.0,,0.0,False,0.0,,0.0,False,0.0,,0.0,False
31.648,158,slm,TOWNSIM_CALIB_PILOT,1,reactive,MANTENER_RUMBO,0,42.59359106604442,False,0.836257815361023,-32.77226257324219,-12.7659330368042,,,,-34.96,False,,,"{""telemetry"": 0.6, ""graph"": 100.5}",False,,,,,0.0,,0.0,False,0.0,,0.0,False,0.0,,0.0,False
31.854,159,slm,TOWNSIM_CALIB_PILOT,1,reactive,MANTENER_RUMBO,0,42.307388895339116,False,0.9522801637649536,-33.03263854980469,-12.907054901123047,,,,-32.67,False,,,"{""telemetry"": 0.8, ""graph"": 106.2}",False,,,,,0.0,,0.0,False,0.0,,0.0,False,0.0,,0.0,False
32.108,160,slm,TOWNSIM_CALIB_PILOT,1,reactive,MANTENER_RUMBO,0,42.02660926548869,False,1.1138224601745605,-33.285728454589844,-13.063639640808105,,,,-32.83,False,,,"{""telemetry"": 0.8, ""graph"": 159.7}",False,,,,,0.0,,0.0,False,0.0,,0.0,False,0.0,,0.0,False
32.317,161,slm,TOWNSIM_CALIB_PILOT,1,reactive,MANTENER_RUMBO,0,41.75631388266919,False,1.2870899438858032,-33.49968338012695,-13.207847595214844,,,,-34.31,False,,,"{""telemetry"": 0.8, ""graph"": 168.6}",False,,,,,0.0,,0.082,False,0.0,,0.082,False,0.0,,0.082,False
32.491,162,slm,TOWNSIM_CALIB_PILOT,1,reactive,MANTENER_RUMBO,0,41.49964115651298,False,1.47021484375,-33.691986083984375,-13.342890739440918,,,,-36.26,False,,,"{""telemetry"": 0.7, ""graph"": 141.3}",False,,,,,0.0,,0.139,False,0.0,,0.139,False,0.0,,0.139,False
32.631,163,slm,TOWNSIM_CALIB_PILOT,1,reactive,MANTENER_RUMBO,0,41.25239476552325,False,1.6931829452514648,-33.9001579284668,-13.493683815002441,,,,-38.8,False,,,"{""telemetry"": 0.7, ""graph"": 81.5}",False,,,,,0.0,,0.0,False,0.0,,0.0,False,0.0,,0.0,False
32.845,164,slm,TOWNSIM_CALIB_PILOT,1,reactive,MANTENER_RUMBO,0,41.00891126665367,False,1.9483367204666138,-34.11775207519531,-13.645265579223633,,,,-41.32,False,,,"{""telemetry"": 0.9, ""graph"": 94.2}",False,,,,,0.0,,0.0,False,0.0,,0.0,False,0.0,,0.0,False
33.074,165,slm,TOWNSIM_CALIB_PILOT,1,reactive,MANTENER_RUMBO,0,40.80099309991317,False,2.202418327331543,-34.324951171875,-13.711616516113281,,,,-31.07,False,,,"{""telemetry"": 1.2, ""graph"": 122.9}",False,,,,,0.0,,0.0,False,0.0,,0.0,False,0.0,,0.0,False
33.255,166,slm,TOWNSIM_CALIB_PILOT,1,reactive,MANTENER_RUMBO,0,40.64506542225263,False,2.3779468536376953,-34.46603775024414,-13.721858024597168,,,,-12.59,False,,,"{""telemetry"": 1.8, ""graph"": 103.3}",False,,,,,0.0,,0.0,False,0.0,,0.0,False,0.0,,0.0,False
33.441,167,slm,TOWNSIM_CALIB_PILOT,1,reactive,MANTENER_RUMBO,0,40.52835439089831,False,2.520547389984131,-34.579925537109375,-13.724161148071289,,,,7.89,False,,,"{""telemetry"": 0.9, ""graph"": 89.6}",False,,,,,0.0,,0.0,False,0.0,,0.0,False,0.0,,0.0,False
33.636,168,slm,TOWNSIM_CALIB_PILOT,1,reactive,MANTENER_RUMBO,0,40.43890848255603,False,2.6458451747894287,-34.67104721069336,-13.736289024353027,,,,20.21,False,,,"{""telemetry"": 0.7, ""graph"": 84.9}",False,,,,,0.0,,0.0,False,0.0,,0.0,False,0.0,,0.0,False
33.894,169,slm,TOWNSIM_CALIB_PILOT,1,reactive,MANTENER_RUMBO,0,40.3601816868421,False,2.7893195152282715,-34.752559661865234,-13.810077667236328,,,,25.7,False,,,"{""telemetry"": 0.8, ""graph"": 142.3}",False,,,,,0.0,,0.0,False,0.0,,0.0,False,0.0,,0.0,False
34.124,170,slm,TOWNSIM_CALIB_PILOT,1,evasive,EVADIR_DERECHA,0,40.28408374941685,False,2.8670356273651123,-34.7860221862793,-13.922650337219238,,,,24.81,False,,,"{""telemetry"": 0.7, ""graph"": 171.7}",False,,,,,0.023,0.5,0.23,False,0.006,4.04,0.23,False,0.0,6.45,0.23,False
34.245,171,slm,TOWNSIM_CALIB_PILOT,1,reactive,MANTENER_RUMBO,0,40.20246955317817,False,2.9411826133728027,-34.81184005737305,-14.055828094482422,,,,21.29,False,,,"{""telemetry"": 1.2, ""graph"": 92.2}",False,,,,,0.0,,0.0,False,0.0,,0.0,False,0.0,,0.0,False
34.481,172,slm,TOWNSIM_CALIB_PILOT,1,reactive,MANTENER_RUMBO,0,40.13261355257253,False,3.035646438598633,-34.8283805847168,-14.179516792297363,,,,19.05,False,,,"{""telemetry"": 0.7, ""graph"": 128.5}",False,,,,,0.0,,0.0,False,0.0,,0.0,False,0.0,,0.0,False
34.645,173,slm,TOWNSIM_CALIB_PILOT,1,reactive,MANTENER_RUMBO,0,40.119919656983,False,3.0980989933013916,-34.83393859863281,-14.158028602600098,,,,15.42,False,,,"{""telemetry"": 1.2, ""graph"": 91.1}",False,,,,,0.0,,0.0,False,0.0,,0.0,False,0.0,,0.0,False
34.879,174,slm,TOWNSIM_CALIB_PILOT,1,reactive,MANTENER_RUMBO,0,40.13242652144815,False,3.1667850017547607,-34.838130950927734,-14.128551483154297,,,,8.19,False,,,"{""telemetry"": 0.6, ""graph"": 125.2}",False,,,,,0.0,,0.0,False,0.0,,0.0,False,0.0,,0.0,False
35.074,175,slm,TOWNSIM_CALIB_PILOT,1,reactive,MANTENER_RUMBO,0,40.142379971902926,False,3.206259250640869,-34.84072494506836,-14.103898048400879,,,,5.82,False,,,"{""telemetry"": 1.1, ""graph"": 119.2}",False,,,,,0.0,,0.0,False,0.0,,0.0,False,0.0,,0.0,False
35.266,176,slm,TOWNSIM_CALIB_PILOT,1,reactive,MANTENER_RUMBO,0,40.14993351732532,False,3.233222007751465,-34.84272766113281,-14.091930389404297,,,,2.48,False,,,"{""telemetry"": 1.2, ""graph"": 109.5}",False,,,,,0.0,,0.0,False,0.0,,0.0,False,0.0,,0.0,False
35.466,177,slm,TOWNSIM_CALIB_PILOT,1,reactive,MANTENER_RUMBO,0,40.15435652427206,False,3.252858877182007,-34.84434127807617,-14.081522941589355,,,,-2.38,False,,,"{""telemetry"": 1.0, ""graph"": 110.4}",False,,,,,0.0,,0.0,False,0.0,,0.0,False,0.0,,0.0,False
35.665,178,slm,TOWNSIM_CALIB_PILOT,1,reactive,MANTENER_RUMBO,0,40.157980263341166,False,3.266733407974243,-34.84552001953125,-14.072918891906738,,,,-7.79,False,,,"{""telemetry"": 0.9, ""graph"": 108.7}",False,,,,,0.0,,0.0,False,0.0,,0.0,False,0.0,,0.0,False
35.844,179,slm,TOWNSIM_CALIB_PILOT,1,reactive,MANTENER_RUMBO,0,40.16099762950497,False,3.2756807804107666,-34.84630584716797,-14.066543579101562,,,,-12.74,False,,,"{""telemetry"": 0.9, ""graph"": 87.2}",False,,,,,0.0,,0.0,False,0.0,,0.0,False,0.0,,0.0,False
36.045,180,slm,TOWNSIM_CALIB_PILOT,1,reactive,MANTENER_RUMBO,0,40.1634995808726,False,3.2830307483673096,-34.84693145751953,-14.060361862182617,,,,-18.04,False,,,"{""telemetry"": 0.7, ""graph"": 88.7}",False,,,,,0.0,,0.0,False,0.0,,0.0,False,0.0,,0.0,False
36.258,181,slm,TOWNSIM_CALIB_PILOT,1,deliberative,GANAR_ALTURA,0,40.1656164595024,False,3.2884600162506104,-34.84736633300781,-14.055065155029297,,,,-23.1,False,,,"{""telemetry"": 0.8, ""graph"": 101.2}",True,2193.5,False,False,True,0.0,,0.0,False,0.0,,0.0,False,0.0,,0.0,False
36.445,182,slm,TOWNSIM_CALIB_PILOT,1,evasive,GANAR_ALTURA,0,40.16744281466533,False,3.291961908340454,-34.84760665893555,-14.051132202148438,,,,-27.34,False,,,"{""telemetry"": 0.8, ""graph"": 86.7}",False,,,,,0.0,,0.0,False,0.0,,0.0,False,0.0,,0.0,False
36.664,183,slm,TOWNSIM_CALIB_PILOT,1,evasive,GANAR_ALTURA,0,40.168884780760514,False,3.294827938079834,-34.84779739379883,-14.047789573669434,,,,-32.38,False,,,"{""telemetry"": 0.8, ""graph"": 105.8}",False,,,,,0.0,,0.0,False,0.0,,0.0,False,0.0,,0.0,False
36.897,184,slm,TOWNSIM_CALIB_PILOT,1,evasive,GANAR_ALTURA,0,40.169854934708766,False,3.296886444091797,-34.84779739379883,-14.046045303344727,,,,-38.41,False,,,"{""telemetry"": 0.8, ""graph"": 138.7}",False,,,,,0.0,,0.0,False,0.0,,0.0,False,0.0,,0.0,False
37.062,185,slm,TOWNSIM_CALIB_PILOT,1,evasive,GANAR_ALTURA,0,40.17038069108462,False,3.2977962493896484,-34.847660064697266,-14.045567512512207,,,,-42.81,False,,,"{""telemetry"": 1.7, ""graph"": 102.2}",False,,,,,0.0,,0.0,False,0.0,,0.0,False,0.0,,0.0,False
37.267,186,slm,TOWNSIM_CALIB_PILOT,1,evasive,GANAR_ALTURA,0,40.17078353871339,False,3.298412561416626,-34.84736633300781,-14.045482635498047,,,,-48.24,False,,,"{""telemetry"": 1.3, ""graph"": 106.8}",False,,,,,0.0,,0.0,False,0.0,,0.0,False,0.0,,0.0,False
37.464,187,slm,TOWNSIM_CALIB_PILOT,1,evasive,GANAR_ALTURA,0,40.171162478806664,False,3.2986056804656982,-34.84686279296875,-14.045714378356934,,,,-53.63,False,,,"{""telemetry"": 1.4, ""graph"": 104.5}",False,,,,,0.0,,0.0,False,0.0,,0.0,False,0.0,,0.0,False
37.674,188,slm,TOWNSIM_CALIB_PILOT,1,evasive,GANAR_ALTURA,0,40.17150059599002,False,3.2984917163848877,-34.84620666503906,-14.046130180358887,,,,-59.28,False,,,"{""telemetry"": 0.7, ""graph"": 114.3}",False,,,,,0.0,,0.0,False,0.0,,0.0,False,0.0,,0.0,False
37.861,189,slm,TOWNSIM_CALIB_PILOT,1,evasive,GANAR_ALTURA,0,40.17200130177752,False,3.298206090927124,-34.845497131347656,-14.046563148498535,,,,-64.37,False,,,"{""telemetry"": 0.9, ""graph"": 101.4}",False,,,,,0.0,,0.0,False,0.0,,0.0,False,0.0,,0.0,False
38.079,190,slm,TOWNSIM_CALIB_PILOT,1,reactive,MANTENER_RUMBO,0,40.17247475045173,False,3.297753095626831,-34.84468460083008,-14.04708480834961,,,,-70.19,False,,,"{""telemetry"": 1.0, ""graph"": 118.5}",False,,,,,0.0,,0.0,False,0.0,,0.0,False,0.0,,0.0,False
38.266,191,slm,TOWNSIM_CALIB_PILOT,1,reactive,MANTENER_RUMBO,0,40.17296304011922,False,3.2975594997406006,-34.8448600769043,-14.055747985839844,,,,-75.05,False,,,"{""telemetry"": 0.7, ""graph"": 105.4}",False,,,,,0.0,,0.0,False,0.0,,0.0,False,0.0,,0.0,False
38.479,192,slm,TOWNSIM_CALIB_PILOT,1,reactive,MANTENER_RUMBO,0,40.128071070884,False,3.31077241897583,-34.89048767089844,-14.193376541137695,,,,-78.76,False,,,"{""telemetry"": 0.7, ""graph"": 118.1}",False,,,,,0.0,,0.0,False,0.0,,0.0,False,0.0,,0.0,False
38.664,193,slm,TOWNSIM_CALIB_PILOT,1,reactive,MANTENER_RUMBO,0,39.98725290300054,False,3.3393027782440186,-34.99620056152344,-14.375323295593262,,,,-81.05,False,,,"{""telemetry"": 1.1, ""graph"": 102.3}",False,,,,,0.0,,0.0,False,0.0,,0.0,False,0.0,,0.0,False
38.929,194,slm,TOWNSIM_CALIB_PILOT,1,reactive,MANTENER_RUMBO,0,39.77387729516149,False,3.383136034011841,-35.17805480957031,-14.57216739654541,,,,-82.92,False,,,"{""telemetry"": 0.7, ""graph"": 167.5}",False,,,,,0.0,,0.017,False,0.0,,0.017,False,0.0,,0.017,False
39.104,195,slm,TOWNSIM_CALIB_PILOT,1,reactive,MANTENER_RUMBO,0,39.50796235709266,False,3.432516574859619,-35.41307830810547,-14.760711669921875,,,,-84.36,False,,,"{""telemetry"": 0.6, ""graph"": 141.6}",False,,,,,0.0,,0.0,False,0.0,,0.0,False,0.0,,0.0,False
39.316,196,slm,TOWNSIM_CALIB_PILOT,1,reactive,MANTENER_RUMBO,0,39.18200998266282,False,3.4874722957611084,-35.717254638671875,-14.95141315460205,,,,-85.64,False,,,"{""telemetry"": 0.7, ""graph"": 153.5}",False,,,,,0.0,,0.0,False,0.0,,0.0,False,0.0,,0.0,False
39.525,197,slm,TOWNSIM_CALIB_PILOT,1,reactive,MANTENER_RUMBO,0,38.80346502495596,False,3.5491132736206055,-36.108768463134766,-15.14352798461914,,,,-86.88,False,,,"{""telemetry"": 1.0, ""graph"": 162.3}",False,,,,,0.0,,0.0,False,0.0,,0.0,False,0.0,,0.0,False
39.73,198,slm,TOWNSIM_CALIB_PILOT,1,reactive,MANTENER_RUMBO,0,38.3746075855777,False,3.6065239906311035,-36.52882385253906,-15.316191673278809,,,,-87.88,False,,,"{""telemetry"": 0.8, ""graph"": 167.3}",False,,,,,0.0,,0.0,False,0.0,,0.0,False,0.0,,0.0,False
39.916,199,slm,TOWNSIM_CALIB_PILOT,1,reactive,MANTENER_RUMBO,0,37.915440663834474,False,3.6574623584747314,-36.95979690551758,-15.472524642944336,,,,-88.72,False,,,"{""telemetry"": 0.8, ""graph"": 152.0}",False,,,,,0.0,,0.0,False,0.0,,0.0,False,0.0,,0.0,False
40.103,200,slm,TOWNSIM_CALIB_PILOT,1,reactive,MANTENER_RUMBO,0,37.41979575856643,False,3.7044577598571777,-37.410545349121094,-15.622870445251465,,,,-89.51,False,,,"{""telemetry"": 0.7, ""graph"": 138.8}",False,,,,,0.0,,0.0,False,0.0,,0.0,False,0.0,,0.0,False
40.256,201,slm,TOWNSIM_CALIB_PILOT,1,reactive,MANTENER_RUMBO,0,36.91600014067583,False,3.749976873397827,-37.899269104003906,-15.748956680297852,,,,-96.93,False,,,"{""telemetry"": 0.6, ""graph"": 91.7}",False,,,,,0.0,,0.0,False,0.0,,0.0,False,0.0,,0.0,False
40.449,202,slm,TOWNSIM_CALIB_PILOT,1,reactive,MANTENER_RUMBO,0,36.466212718144895,False,3.7876508235931396,-38.31980895996094,-15.818559646606445,,,,-115.26,False,,,"{""telemetry"": 0.8, ""graph"": 84.4}",False,,,,,0.0,,0.0,False,0.0,,0.0,False,0.0,,0.0,False
40.67,203,slm,TOWNSIM_CALIB_PILOT,1,reactive,MANTENER_RUMBO,0,36.09799005549917,False,3.821183919906616,-38.70048904418945,-15.885693550109863,,,,-136.19,False,,,"{""telemetry"": 0.8, ""graph"": 105.5}",False,,,,,0.0,,0.0,False,0.0,,0.0,False,0.0,,0.0,False
40.869,204,slm,TOWNSIM_CALIB_PILOT,1,reactive,MANTENER_RUMBO,0,35.78979586938944,False,3.813906192779541,-38.9905891418457,-15.965320587158203,,,,-146.65,False,,,"{""telemetry"": 1.7, ""graph"": 103.3}",False,,,,,0.0,,0.0,False,0.0,,0.0,False,0.0,,0.0,False
41.065,205,slm,TOWNSIM_CALIB_PILOT,1,reactive,MANTENER_RUMBO,0,35.48109813606,False,3.7413439750671387,-39.263328552246094,-16.09482192993164,,,,-152.27,False,,,"{""telemetry"": 0.8, ""graph"": 99.9}",False,,,,,0.0,,0.0,False,0.0,,0.0,False,0.0,,0.0,False
41.266,206,slm,TOWNSIM_CALIB_PILOT,1,reactive,MANTENER_RUMBO,0,35.16394349929871,False,3.6072728633880615,-39.52934646606445,-16.252235412597656,,,,-154.51,False,,,"{""telemetry"": 0.9, ""graph"": 100.2}",False,,,,,0.0,,0.0,False,0.0,,0.0,False,0.0,,0.0,False
41.541,207,slm,TOWNSIM_CALIB_PILOT,1,reactive,MANTENER_RUMBO,0,34.859516221511356,False,3.441345453262329,-39.76451110839844,-16.392934799194336,,,,-154.59,False,,,"{""telemetry"": 0.9, ""graph"": 174.6}",False,,,,,0.0,,0.001,False,0.0,,0.001,False,0.0,,0.001,False
41.744,208,slm,TOWNSIM_CALIB_PILOT,1,deliberative,FRENAR,0,34.5852020886168,False,3.2423720359802246,-39.983036041259766,-16.549264907836914,,,,-153.08,False,,,"{""telemetry"": 1.0, ""graph"": 177.7}",True,2193.5,False,False,True,0.005,4.86,0.167,False,0.007,0.93,0.167,False,0.017,0.58,0.167,False
41.98,209,slm,TOWNSIM_CALIB_PILOT,1,deliberative,FRENAR,0,34.32036114696859,False,3.0050549507141113,-40.19435119628906,-16.700725555419922,,,,-151.11,False,,,"{""telemetry"": 0.8, ""graph"": 213.5}",True,2193.5,False,False,True,0.017,3.36,0.294,False,0.011,1.71,0.294,False,0.01,11.14,0.294,False
42.145,210,slm,TOWNSIM_CALIB_PILOT,1,deliberative,FRENAR,0,34.08660419154988,False,2.791079521179199,-40.369606018066406,-16.724483489990234,,,,-150.16,False,,,"{""telemetry"": 0.6, ""graph"": 162.8}",True,2193.5,False,False,True,0.0,,0.0,False,0.0,,0.0,False,0.0,,0.0,False
42.393,211,slm,TOWNSIM_CALIB_PILOT,1,deliberative,FRENAR,0,33.92589238198923,False,2.5905938148498535,-40.52760696411133,-16.738143920898438,,,,-149.61,False,,,"{""telemetry"": 1.0, ""graph"": 209.1}",True,2193.5,False,False,True,0.016,1.24,0.191,False,0.01,2.24,0.191,False,0.009,9.63,0.191,False
42.595,212,slm,TOWNSIM_CALIB_PILOT,1,deliberative,FRENAR,0,33.79555065681201,False,2.440347909927368,-40.644065856933594,-16.745563507080078,,,,-149.36,False,,,"{""telemetry"": 0.7, ""graph"": 200.1}",True,2193.5,False,False,True,0.0,,0.0,False,0.0,,0.0,False,0.0,,0.0,False
42.745,213,slm,TOWNSIM_CALIB_PILOT,1,deliberative,FRENAR,0,33.70015113416499,False,2.3614511489868164,-40.70487976074219,-16.746482849121094,,,,-149.28,False,,,"{""telemetry"": 0.8, ""graph"": 146.8}",True,2193.5,False,False,True,0.0,,0.0,False,0.0,,0.0,False,0.0,,0.0,False
42.959,214,slm,TOWNSIM_CALIB_PILOT,1,deliberative,FRENAR,0,33.63199141795537,False,2.2733349800109863,-40.772647857666016,-16.7441463470459,,,,-149.22,False,,,"{""telemetry"": 1.1, ""graph"": 159.8}",True,2193.5,False,False,True,0.0,,0.0,False,0.0,,0.0,False,0.0,,0.0,False
43.156,215,slm,TOWNSIM_CALIB_PILOT,1,deliberative,FRENAR,0,33.58117711569862,False,2.2140374183654785,-40.818206787109375,-16.740163803100586,,,,-149.2,False,,,"{""telemetry"": 1.0, ""graph"": 156.7}",True,2193.5,False,False,True,0.0,,0.0,False,0.0,,0.0,False,0.0,,0.0,False
43.354,216,slm,TOWNSIM_CALIB_PILOT,1,deliberative,FRENAR,0,33.544456645008786,False,2.1686782836914062,-40.8530387878418,-16.73554039001465,,,,-149.18,False,,,"{""telemetry"": 0.8, ""graph"": 154.5}",True,2193.5,False,False,True,0.0,,0.0,False,0.0,,0.0,False,0.0,,0.0,False
43.572,217,slm,TOWNSIM_CALIB_PILOT,1,deliberative,FRENAR,0,33.51708957213583,False,2.1350808143615723,-40.878841400146484,-16.73103904724121,,,,-149.18,False,,,"{""telemetry"": 1.9, ""graph"": 171.2}",True,2193.5,False,False,True,0.0,,0.01,False,0.0,,0.01,False,0.0,,0.01,False
43.752,218,slm,TOWNSIM_CALIB_PILOT,1,deliberative,FRENAR,0,33.49730942967304,False,2.109440803527832,-40.89852523803711,-16.726825714111328,,,,-149.18,False,,,"{""telemetry"": 0.9, ""graph"": 152.1}",True,2193.5,False,False,True,0.0,,0.0,False,0.0,,0.0,False,0.0,,0.0,False
43.977,219,slm,TOWNSIM_CALIB_PILOT,1,deliberative,MANTENER_RUMBO,0,33.48274525471404,False,2.090219020843506,-40.91328811645508,-16.72308349609375,,,,-149.17,False,,,"{""telemetry"": 0.8, ""graph"": 176.4}",True,2121.7,False,False,True,0.0,,0.0,False,0.0,,0.0,False,0.0,,0.0,False
44.174,220,slm,TOWNSIM_CALIB_PILOT,1,reactive,MANTENER_RUMBO,0,33.472045323399826,False,2.075354814529419,-40.92463302612305,-16.726289749145508,,,,-149.08,False,,,"{""telemetry"": 0.6, ""graph"": 173.8}",False,,,,,0.0,,0.057,False,0.0,,0.057,False,0.0,,0.057,False
44.361,221,slm,TOWNSIM_CALIB_PILOT,1,reactive,MANTENER_RUMBO,0,33.42688825254608,False,2.03737473487854,-40.94896697998047,-16.868091583251953,,,,-147.79,False,,,"{""telemetry"": 0.7, ""graph"": 160.0}",False,,,,,0.0,,0.0,False,0.0,,0.0,False,0.0,,0.0,False
44.51,222,slm,TOWNSIM_CALIB_PILOT,1,reactive,MANTENER_RUMBO,0,33.30674572003532,False,1.9445570707321167,-41.00563430786133,-17.08357048034668,,,,-145.42,False,,,"{""telemetry"": 0.6, ""graph"": 108.5}",False,,,,,0.0,,0.0,False,0.0,,0.0,False,0.0,,0.0,False
44.729,223,slm,TOWNSIM_CALIB_PILOT,1,reactive,MANTENER_RUMBO,0,33.160865628376435,False,1.798939824104309,-41.093509674072266,-17.29436492919922,,,,-142.52,False,,,"{""telemetry"": 0.8, ""graph"": 126.9}",False,,,,,0.0,,0.0,False,0.0,,0.0,False,0.0,,0.0,False
44.902,224,slm,TOWNSIM_CALIB_PILOT,1,reactive,MANTENER_RUMBO,0,32.995171190390806,False,1.6491960287094116,-41.183528900146484,-17.44792938232422,,,,-140.09,False,,,"{""telemetry"": 0.7, ""graph"": 100.1}",False,,,,,0.0,,0.0,False,0.0,,0.0,False,0.0,,0.0,False
45.104,225,slm,TOWNSIM_CALIB_PILOT,1,reactive,MANTENER_RUMBO,0,32.825694149451856,False,1.4568017721176147,-41.303253173828125,-17.602144241333008,,,,-137.27,False,,,"{""telemetry"": 1.0, ""graph"": 101.5}",False,,,,,0.0,,0.0,False,0.0,,0.0,False,0.0,,0.0,False
45.3,226,slm,TOWNSIM_CALIB_PILOT,1,reactive,MANTENER_RUMBO,0,32.64161266213732,False,1.2522621154785156,-41.43844985961914,-17.73135757446289,,,,-135.13,False,,,"{""telemetry"": 0.7, ""graph"": 96.6}",False,,,,,0.0,,0.0,False,0.0,,0.0,False,0.0,,0.0,False
45.493,227,slm,TOWNSIM_CALIB_PILOT,1,reactive,MANTENER_RUMBO,0,32.47792701378468,False,1.0570461750030518,-41.57121276855469,-17.768558502197266,,,,-142.29,False,,,"{""telemetry"": 0.8, ""graph"": 90.0}",False,,,,,0.0,,0.0,False,0.0,,0.0,False,0.0,,0.0,False
45.715,228,slm,TOWNSIM_CALIB_PILOT,1,reactive,MANTENER_RUMBO,0,32.35608197295577,False,0.872936487197876,-41.69804763793945,-17.765531539916992,,,,-153.79,False,,,"{""telemetry"": 0.8, ""graph"": 110.8}",False,,,,,0.0,,0.0,False,0.0,,0.0,False,0.0,,0.0,False
45.923,229,slm,TOWNSIM_CALIB_PILOT,1,reactive,MANTENER_RUMBO,0,32.26019600813875,False,0.7369046807289124,-41.79214096069336,-17.77041244506836,,,,-159.1,False,,,"{""telemetry"": 0.7, ""graph"": 118.2}",False,,,,,0.0,,0.0,False,0.0,,0.0,False,0.0,,0.0,False
46.191,230,slm,TOWNSIM_CALIB_PILOT,1,reactive,MANTENER_RUMBO,0,32.164184205047626,False,0.6121510863304138,-41.86957931518555,-17.874242782592773,,,,-160.32,False,,,"{""telemetry"": 1.0, ""graph"": 186.6}",False,,,,,0.0,,0.0,False,0.0,,0.0,False,0.0,,0.0,False
46.356,231,slm,TOWNSIM_CALIB_PILOT,1,reactive,MANTENER_RUMBO,0,32.046079559957455,False,0.4970073103904724,-41.93284225463867,-17.996583938598633,,,,-159.27,False,,,"{""telemetry"": 0.9, ""graph"": 151.2}",False,,,,,0.0,,0.0,False,0.0,,0.0,False,0.0,,0.0,False
46.503,232,slm,TOWNSIM_CALIB_PILOT,1,reactive,MANTENER_RUMBO,0,31.925696856564407,False,0.3579314649105072,-42.00326156616211,-18.14838409423828,,,,-156.39,False,,,"{""telemetry"": 1.8, ""graph"": 96.2}",False,,,,,0.0,,0.0,False,0.0,,0.0,False,0.0,,0.0,False
46.709,233,slm,TOWNSIM_CALIB_PILOT,1,reactive,MANTENER_RUMBO,0,31.812536490974967,False,0.23124732077121735,-42.06429672241211,-18.28485870361328,,,,-152.95,False,,,"{""telemetry"": 0.9, ""graph"": 103.2}",False,,,,,0.0,,0.0,False,0.0,,0.0,False,0.0,,0.0,False
46.905,234,slm,TOWNSIM_CALIB_PILOT,1,reactive,MANTENER_RUMBO,0,31.714171932141365,False,0.12940862774848938,-42.112205505371094,-18.426162719726562,,,,-149.3,False,,,"{""telemetry"": 1.4, ""graph"": 95.7}",False,,,,,0.0,,0.0,False,0.0,,0.0,False,0.0,,0.0,False
47.103,235,slm,TOWNSIM_CALIB_PILOT,1,reactive,MANTENER_RUMBO,0,31.622086666914498,False,0.041724395006895065,-42.15308380126953,-18.54026985168457,,,,-145.52,False,,,"{""telemetry"": 0.7, ""graph"": 94.9}",False,,,,,0.0,,0.0,False,0.0,,0.0,False,0.0,,0.0,False
47.307,236,slm,TOWNSIM_CALIB_PILOT,1,reactive,MANTENER_RUMBO,0,31.5813503798007,False,-0.034372203052043915,-42.18819808959961,-18.525388717651367,,,,-142.05,False,,,"{""telemetry"": 0.8, ""graph"": 98.0}",False,,,,,0.0,,0.0,False,0.0,,0.0,False,0.0,,0.0,False
47.503,237,slm,TOWNSIM_CALIB_PILOT,1,reactive,MANTENER_RUMBO,0,31.563457605602817,False,-0.09128949791193008,-42.213687896728516,-18.504487991333008,,,,-138.88,False,,,"{""telemetry"": 0.8, ""graph"": 94.4}",False,,,,,0.0,,0.0,False,0.0,,0.0,False,0.0,,0.0,False
47.738,238,slm,TOWNSIM_CALIB_PILOT,1,reactive,MANTENER_RUMBO,0,31.551352132530713,False,-0.1414911448955536,-42.23518371582031,-18.483600616455078,,,,-135.33,False,,,"{""telemetry"": 1.1, ""graph"": 127.9}",False,,,,,0.0,,0.0,False,0.0,,0.0,False,0.0,,0.0,False
47.913,239,slm,TOWNSIM_CALIB_PILOT,1,deliberative,GANAR_ALTURA,0,31.543756685964567,False,-0.16899482905864716,-42.246334075927734,-18.4714298248291,,,,-132.6,False,,,"{""telemetry"": 1.0, ""graph"": 103.3}",True,2121.7,False,False,True,0.0,,0.0,False,0.0,,0.0,False,0.0,,0.0,False
48.107,240,slm,TOWNSIM_CALIB_PILOT,1,evasive,GANAR_ALTURA,0,31.539150316928964,False,-0.19235660135746002,-42.255210876464844,-18.459354400634766,,,,-129.74,False,,,"{""telemetry"": 1.0, ""graph"": 96.8}",False,,,,,0.0,,0.0,False,0.0,,0.0,False,0.0,,0.0,False
48.315,241,slm,TOWNSIM_CALIB_PILOT,1,evasive,GANAR_ALTURA,0,31.536791621149092,False,-0.21066148579120636,-42.26167297363281,-18.449886322021484,,,,-126.77,False,,,"{""telemetry"": 1.0, ""graph"": 103.8}",False,,,,,0.0,,0.0,False,0.0,,0.0,False,0.0,,0.0,False
48.523,242,slm,TOWNSIM_CALIB_PILOT,1,evasive,GANAR_ALTURA,0,31.53490239817851,False,-0.2237439900636673,-42.26559829711914,-18.445236206054688,,,,-123.66,False,,,"{""telemetry"": 0.9, ""graph"": 111.3}",False,,,,,0.0,,0.0,False,0.0,,0.0,False,0.0,,0.0,False
48.702,243,slm,TOWNSIM_CALIB_PILOT,1,evasive,GANAR_ALTURA,0,31.533709906304402,False,-0.23213675618171692,-42.267147064208984,-18.44367027282715,,,,-120.85,False,,,"{""telemetry"": 1.0, ""graph"": 90.4}",False,,,,,0.0,,0.0,False,0.0,,0.0,False,0.0,,0.0,False
48.904,244,slm,TOWNSIM_CALIB_PILOT,1,evasive,GANAR_ALTURA,0,31.533632757015578,False,-0.23882617056369781,-42.26693344116211,-18.443620681762695,,,,-117.67,False,,,"{""telemetry"": 1.1, ""graph"": 91.7}",False,,,,,0.0,,0.0,False,0.0,,0.0,False,0.0,,0.0,False
49.111,245,slm,TOWNSIM_CALIB_PILOT,1,evasive,GANAR_ALTURA,0,31.534776136539076,False,-0.24342185258865356,-42.26490783691406,-18.444623947143555,,,,-114.42,False,,,"{""telemetry"": 2.0, ""graph"": 98.0}",False,,,,,0.0,,0.0,False,0.0,,0.0,False,0.0,,0.0,False
49.307,246,slm,TOWNSIM_CALIB_PILOT,1,evasive,GANAR_ALTURA,0,31.537018970927125,False,-0.24628406763076782,-42.26164627075195,-18.44609260559082,,,,-111.31,False,,,"{""telemetry"": 1.1, ""graph"": 93.5}",False,,,,,0.0,,0.0,False,0.0,,0.0,False,0.0,,0.0,False
49.504,247,slm,TOWNSIM_CALIB_PILOT,1,evasive,GANAR_ALTURA,0,31.54018405135896,False,-0.2480674535036087,-42.25739669799805,-18.447799682617188,,,,-108.15,False,,,"{""telemetry"": 1.0, ""graph"": 90.4}",False,,,,,0.0,,0.0,False,0.0,,0.0,False,0.0,,0.0,False
49.705,248,slm,TOWNSIM_CALIB_PILOT,1,reactive,MANTENER_RUMBO,0,31.543889565911527,False,-0.24903616309165955,-42.25251007080078,-18.44957733154297,,,,-104.94,False,,,"{""telemetry"": 1.1, ""graph"": 91.5}",False,,,,,0.0,,0.0,False,0.0,,0.0,False,0.0,,0.0,False
49.908,249,slm,TOWNSIM_CALIB_PILOT,1,reactive,MANTENER_RUMBO,0,31.548105193007405,False,-0.24949225783348083,-42.247894287109375,-18.454002380371094,,,,-102.06,False,,,"{""telemetry"": 0.6, ""graph"": 94.0}",False,,,,,0.0,,0.0,False,0.0,,0.0,False,0.0,,0.0,False
50.129,250,slm,TOWNSIM_CALIB_PILOT,1,reactive,MANTENER_RUMBO,0,31.509548944736803,False,-0.2605370879173279,-42.292198181152344,-18.568607330322266,,,,-99.89,False,,,"{""telemetry"": 0.7, ""graph"": 114.3}",False,,,,,0.0,,0.0,False,0.0,,0.0,False,0.0,,0.0,False
50.413,251,slm,TOWNSIM_CALIB_PILOT,1,reactive,MANTENER_RUMBO,0,31.365428343802783,False,-0.2927497923374176,-42.443084716796875,-18.810213088989258,,,,-98.26,False,,,"{""telemetry"": 1.0, ""graph"": 197.8}",False,,,,,0.0,,0.0,False,0.0,,0.0,False,0.0,,0.0,False
50.591,252,slm,TOWNSIM_CALIB_PILOT,1,reactive,MANTENER_RUMBO,0,31.106992955253045,False,-0.3320061266422272,-42.63755416870117,-19.011371612548828,,,,-97.12,False,,,"{""telemetry"": 0.7, ""graph"": 175.0}",False,,,,,0.0,,0.0,False,0.0,,0.0,False,0.0,,0.0,False
50.854,253,slm,TOWNSIM_CALIB_PILOT,1,reactive,MANTENER_RUMBO,0,30.780022783659213,False,-0.39986997842788696,-42.99919891357422,-19.2637882232666,,,,-95.8,False,,,"{""telemetry"": 0.8, ""graph"": 237.4}",False,,,,,0.0,,0.005,False,0.0,,0.005,False,0.0,,0.005,False
51.038,254,slm,TOWNSIM_CALIB_PILOT,1,reactive,MANTENER_RUMBO,0,30.31018956912421,False,-0.4671742916107178,-43.39302444458008,-19.463300704956055,,,,-94.79,False,,,"{""telemetry"": 1.1, ""graph"": 181.1}",False,,,,,0.0,,0.0,False,0.0,,0.0,False,0.0,,0.0,False
51.25,255,slm,TOWNSIM_CALIB_PILOT,1,reactive,MANTENER_RUMBO,0,29.866355006707895,False,-0.5374547243118286,-43.84776306152344,-19.65182876586914,,,,-93.91,False,,,"{""telemetry"": 0.9, ""graph"": 192.7}",False,,,,,0.0,,0.0,False,0.0,,0.0,False,0.0,,0.0,False
51.427,256,slm,TOWNSIM_CALIB_PILOT,1,reactive,MANTENER_RUMBO,0,29.39285913440362,False,-0.5936300754547119,-44.251670837402344,-19.799114227294922,,,,-93.27,False,,,"{""telemetry"": 0.7, ""graph"": 169.7}",False,,,,,0.0,,0.0,False,0.0,,0.0,False,0.0,,0.0,False
51.64,257,slm,TOWNSIM_CALIB_PILOT,1,reactive,MANTENER_RUMBO,0,28.883348358805573,False,-0.657311737537384,-44.75368881225586,-19.96721649169922,,,,-92.57,False,,,"{""telemetry"": 0.9, ""graph"": 181.7}",False,,,,,0.0,,0.0,False,0.0,,0.0,False,0.0,,0.0,False
51.862,258,slm,TOWNSIM_CALIB_PILOT,1,reactive,MANTENER_RUMBO,0,28.359182336313374,False,-0.7144746780395508,-45.25593566894531,-20.125869750976562,,,,-92.0,False,,,"{""telemetry"": 0.9, ""graph"": 203.3}",False,,,,,0.0,,0.015,False,0.0,,0.015,False,0.0,,0.015,False
52.048,259,slm,TOWNSIM_CALIB_PILOT,1,deliberative,FRENAR,0,27.809156670323777,False,-0.7616947889328003,-45.72669219970703,-20.26865005493164,,,,-91.54,False,,,"{""telemetry"": 0.8, ""graph"": 182.9}",True,2121.7,False,False,True,0.019,7.14,0.3,False,0.018,2.57,0.3,False,0.018,6.76,0.3,False
52.257,260,slm,TOWNSIM_CALIB_PILOT,1,deliberative,FRENAR,0,27.245335612541215,False,-0.8163480162620544,-46.348289489746094,-20.443912506103516,,,,-90.92,False,,,"{""telemetry"": 1.1, ""graph"": 190.7}",True,2121.7,False,False,True,0.0,,0.002,False,0.0,,0.002,False,0.0,,0.002,False
52.452,261,slm,TOWNSIM_CALIB_PILOT,1,deliberative,FRENAR,0,26.70497757699131,False,-0.8568381071090698,-46.845489501953125,-20.523317337036133,,,,-90.52,False,,,"{""telemetry"": 0.9, ""graph"": 185.8}",True,2121.7,False,False,True,0.054,0.35,0.464,True,0.091,0.31,0.464,True,0.016,1.21,0.464,True
52.632,262,slm,TOWNSIM_CALIB_PILOT,1,deliberative,FRENAR,0,26.249115717485406,False,-0.8907468318939209,-47.275611877441406,-20.624940872192383,,,,-90.4,False,,,"{""telemetry"": 1.0, ""graph"": 165.0}",True,2121.7,False,False,True,0.0,,0.0,False,0.0,,0.0,False,0.0,,0.0,False
52.819,263,slm,TOWNSIM_CALIB_PILOT,1,deliberative,FRENAR,0,25.880513352228828,False,-0.9152673482894897,-47.589054107666016,-20.695985794067383,,,,-90.39,False,,,"{""telemetry"": 0.8, ""graph"": 151.2}",True,2121.7,False,False,True,0.0,,0.0,False,0.0,,0.0,False,0.0,,0.0,False
53.02,264,slm,TOWNSIM_CALIB_PILOT,1,deliberative,FRENAR,0,25.602623603655147,False,-0.9355742931365967,-47.848262786865234,-20.721250534057617,,,,-90.4,False,,,"{""telemetry"": 1.0, ""graph"": 151.1}",True,2121.7,False,False,True,0.0,,0.0,False,0.0,,0.0,False,0.0,,0.0,False
53.23,265,slm,TOWNSIM_CALIB_PILOT,1,deliberative,FRENAR,0,25.40051469240701,False,-0.9522015452384949,-48.059608459472656,-20.722145080566406,,,,-90.41,False,,,"{""telemetry"": 0.9, ""graph"": 161.2}",True,2121.7,False,False,True,0.0,,0.0,False,0.0,,0.0,False,0.0,,0.0,False
53.421,266,slm,TOWNSIM_CALIB_PILOT,1,deliberative,FRENAR,0,25.250494465819433,False,-0.9632120728492737,-48.19895935058594,-20.710426330566406,,,,-90.42,False,,,"{""telemetry"": 1.5, ""graph"": 151.6}",True,2121.7,False,False,True,0.0,,0.0,False,0.0,,0.0,False,0.0,,0.0,False
53.623,267,slm,TOWNSIM_CALIB_PILOT,1,deliberative,FRENAR,0,25.14217394170028,False,-0.9722691774368286,-48.31321716308594,-20.69043731689453,,,,-90.43,False,,,"{""telemetry"": 1.0, ""graph"": 153.8}",True,2121.7,False,False,True,0.0,,0.0,False,0.0,,0.0,False,0.0,,0.0,False
53.829,268,slm,TOWNSIM_CALIB_PILOT,1,deliberative,FRENAR,0,25.065689114202915,False,-0.9791496396064758,-48.39981460571289,-20.666006088256836,,,,-90.43,False,,,"{""telemetry"": 1.1, ""graph"": 159.3}",True,2121.7,False,False,True,0.0,,0.0,False,0.0,,0.0,False,0.0,,0.0,False
54.043,269,slm,TOWNSIM_CALIB_PILOT,1,deliberative,FRENAR,0,25.010703876824017,False,-0.9844046831130981,-48.4658317565918,-20.63875389099121,,,,-90.43,False,,,"{""telemetry"": 0.8, ""graph"": 172.9}",True,2121.7,False,False,True,0.0,,0.0,False,0.0,,0.0,False,0.0,,0.0,False
54.237,270,slm,TOWNSIM_CALIB_PILOT,1,deliberative,FRENAR,0,24.973058885354067,False,-0.9880892038345337,-48.5120849609375,-20.612224578857422,,,,-90.44,False,,,"{""telemetry"": 1.3, ""graph"": 166.0}",True,2121.7,False,False,True,0.0,,0.0,False,0.0,,0.0,False,0.0,,0.0,False
54.444,271,slm,TOWNSIM_CALIB_PILOT,1,deliberative,FRENAR,0,24.947221723501276,False,-0.9909595847129822,-48.548095703125,-20.58421516418457,,,,-90.44,False,,,"{""telemetry"": 1.0, ""graph"": 173.0}",True,2121.7,False,False,True,0.0,,0.0,False,0.0,,0.0,False,0.0,,0.0,False
54.646,272,slm,TOWNSIM_CALIB_PILOT,1,deliberative,FRENAR,0,24.93082109864779,False,-0.9929763674736023,-48.57338333129883,-20.55784797668457,,,,-90.44,False,,,"{""telemetry"": 1.1, ""graph"": 173.8}",True,2121.7,False,False,True,0.0,,0.0,False,0.0,,0.0,False,0.0,,0.0,False
54.834,273,slm,TOWNSIM_CALIB_PILOT,1,deliberative,MANTENER_RUMBO,0,24.920951127791266,False,-0.9944307208061218,-48.59164047241211,-20.535053253173828,,,,-90.44,False,,,"{""telemetry"": 0.9, ""graph"": 162.2}",True,2689.1,False,False,True,0.0,,0.0,False,0.0,,0.0,False,0.0,,0.0,False
55.084,274,slm,TOWNSIM_CALIB_PILOT,1,reactive,MANTENER_RUMBO,0,24.909678395978702,False,-0.9957627654075623,-48.610233306884766,-20.544021606445312,,,,-90.43,False,,,"{""telemetry"": 1.2, ""graph"": 211.9}",False,,,,,0.0,,0.0,False,0.0,,0.0,False,0.0,,0.0,False
55.297,275,slm,TOWNSIM_CALIB_PILOT,1,reactive,MANTENER_RUMBO,0,24.834443172097274,False,-0.9971261024475098,-48.7030143737793,-20.73992347717285,,,,-90.29,False,,,"{""telemetry"": 1.0, ""graph"": 207.4}",False,,,,,0.0,,0.0,False,0.0,,0.0,False,0.0,,0.0,False
55.461,276,slm,TOWNSIM_CALIB_PILOT,1,reactive,MANTENER_RUMBO,0,24.573430537173795,False,-0.9990330338478088,-48.90085220336914,-21.013551712036133,,,,-90.08,False,,,"{""telemetry"": 0.8, ""graph"": 161.2}",False,,,,,0.0,,0.0,False,0.0,,0.0,False,0.0,,0.0,False
55.688,277,slm,TOWNSIM_CALIB_PILOT,1,deliberative,FRENAR,0,24.23094600277929,False,-1.0017808675765991,-49.2183837890625,-21.288732528686523,,,,-89.82,False,,,"{""telemetry"": 1.1, ""graph"": 187.2}",True,2689.1,False,False,True,0.022,2.36,0.3,False,0.024,0.81,0.3,False,0.019,2.47,0.3,False
55.866,278,slm,TOWNSIM_CALIB_PILOT,1,deliberative,FRENAR,0,23.836516055758917,False,-1.0044772624969482,-49.544761657714844,-21.483625411987305,,,,-89.6,False,,,"{""telemetry"": 1.0, ""graph"": 165.2}",True,2689.1,False,False,True,0.0,,0.114,False,0.0,,0.114,False,0.0,,0.114,False
56.056,279,slm,TOWNSIM_CALIB_PILOT,1,deliberative,FRENAR,0,23.437022197954008,False,-1.0073881149291992,-49.9007682800293,-21.563018798828125,,,,-89.46,False,,,"{""telemetry"": 0.8, ""graph"": 155.3}",True,2689.1,False,False,True,0.005,0.39,0.174,False,0.082,0.22,0.174,False,0.05,1.0,0.174,False
56.25,280,slm,TOWNSIM_CALIB_PILOT,1,deliberative,FRENAR,0,23.096535888356446,False,-1.0102059841156006,-50.243743896484375,-21.607133865356445,,,,-89.39,False,,,"{""telemetry"": 0.9, ""graph"": 148.4}",True,2689.1,False,False,True,0.0,,0.0,False,0.0,,0.0,False,0.0,,0.0,False
56.436,281,slm,TOWNSIM_CALIB_PILOT,1,deliberative,FRENAR,0,22.822923639398102,False,-1.012270450592041,-50.49241638183594,-21.64015007019043,,,,-89.36,False,,,"{""telemetry"": 0.9, ""graph"": 133.8}",True,2689.1,False,False,True,0.0,,0.0,False,0.0,,0.0,False,0.0,,0.0,False
56.649,282,slm,TOWNSIM_CALIB_PILOT,1,deliberative,FRENAR,0,22.59575250266138,False,-1.013534665107727,-50.72333908081055,-21.744815826416016,,,,-89.32,False,,,"{""telemetry"": 0.9, ""graph"": 146.9}",True,2689.1,False,False,True,0.0,,0.0,False,0.0,,0.0,False,0.0,,0.0,False
56.86,283,slm,TOWNSIM_CALIB_PILOT,1,deliberative,FRENAR,0,22.297755520513977,False,-1.013033151626587,-51.00534439086914,-21.949583053588867,,,,-89.14,False,,,"{""telemetry"": 1.0, ""graph"": 157.7}",True,2689.1,False,False,True,0.0,,0.0,False,0.0,,0.0,False,0.0,,0.0,False
57.031,284,slm,TOWNSIM_CALIB_PILOT,1,deliberative,FRENAR,0,21.955602655001808,False,-1.0118151903152466,-51.27827835083008,-22.04442024230957,,,,-87.88,False,,,"{""telemetry"": 0.9, ""graph"": 128.5}",True,2689.1,False,False,True,0.0,,0.0,False,0.0,,0.0,False,0.0,,0.0,False
57.198,285,slm,TOWNSIM_CALIB_PILOT,1,deliberative,FRENAR,0,21.67619976645391,False,-1.0103269815444946,-51.58354949951172,-22.051143646240234,,,,-85.61,False,,,"{""telemetry"": 1.0, ""graph"": 94.6}",True,2689.1,False,False,True,0.0,,0.0,False,0.0,,0.0,False,0.0,,0.0,False
57.411,286,slm,TOWNSIM_CALIB_PILOT,1,deliberative,FRENAR,0,21.446155617427678,False,-1.0091898441314697,-51.81960678100586,-22.05973243713379,,,,-82.85,False,,,"{""telemetry"": 0.8, ""graph"": 108.0}",True,2689.1,False,False,True,0.0,,0.0,False,0.0,,0.0,False,0.0,,0.0,False
57.6,287,slm,TOWNSIM_CALIB_PILOT,1,deliberative,FRENAR,0,21.263739808033883,False,-1.0084325075149536,-51.984195709228516,-22.062665939331055,,,,-80.19,False,,,"{""telemetry"": 0.9, ""graph"": 96.9}",True,2689.1,False,False,True,0.0,,0.0,False,0.0,,0.0,False,0.0,,0.0,False
57.786,288,slm,TOWNSIM_CALIB_PILOT,1,deliberative,FRENAR,0,21.126100242669697,False,-1.0078743696212769,-52.10971450805664,-22.06085777282715,,,,-77.48,False,,,"{""telemetry"": 1.0, ""graph"": 82.6}",True,2689.1,False,False,True,0.0,,0.0,False,0.0,,0.0,False,0.0,,0.0,False
58.005,289,slm,TOWNSIM_CALIB_PILOT,1,deliberative,MANTENER_RUMBO,0,21.025000354175145,False,-1.0073872804641724,-52.21974563598633,-22.054899215698242,,,,-74.39,False,,,"{""telemetry"": 0.9, ""graph"": 100.4}",True,2113.5,False,False,True,0.0,,0.0,False,0.0,,0.0,False,0.0,,0.0,False
58.262,290,slm,TOWNSIM_CALIB_PILOT,1,reactive,MANTENER_RUMBO,0,20.931678297389876,False,-1.0001180171966553,-52.31910705566406,-22.096643447875977,,,,-72.83,False,,,"{""telemetry"": 0.8, ""graph"": 157.2}",False,,,,,0.0,,0.0,False,0.0,,0.0,False,0.0,,0.0,False
58.446,291,slm,TOWNSIM_CALIB_PILOT,1,reactive,MANTENER_RUMBO,0,20.775247933133723,False,-0.9708544015884399,-52.46538543701172,-22.252437591552734,,,,-72.33,False,,,"{""telemetry"": 1.6, ""graph"": 140.1}",False,,,,,0.0,,0.0,False,0.0,,0.0,False,0.0,,0.0,False
58.658,292,slm,TOWNSIM_CALIB_PILOT,1,reactive,MANTENER_RUMBO,0,20.482291003161734,False,-0.9076308608055115,-52.71416473388672,-22.48703384399414,,,,-72.4,False,,,"{""telemetry"": 1.0, ""graph"": 152.3}",False,,,,,0.0,,0.08,False,0.0,,0.08,False,0.0,,0.08,False
58.869,293,slm,TOWNSIM_CALIB_PILOT,1,reactive,MANTENER_RUMBO,0,20.140566152988747,False,-0.8148584961891174,-53.04834747314453,-22.69288444519043,,,,-72.91,False,,,"{""telemetry"": 1.1, ""graph"": 162.8}",False,,,,,0.0,,0.0,False,0.0,,0.0,False,0.0,,0.0,False
59.056,294,slm,TOWNSIM_CALIB_PILOT,1,reactive,MANTENER_RUMBO,0,19.746429306755886,False,-0.7121776938438416,-53.400142669677734,-22.861352920532227,,,,-73.54,False,,,"{""telemetry"": 1.1, ""graph"": 149.5}",False,,,,,0.0,,0.0,False,0.0,,0.0,False,0.0,,0.0,False
59.237,295,slm,TOWNSIM_CALIB_PILOT,1,reactive,MANTENER_RUMBO,0,19.316196928829317,False,-0.6018150448799133,-53.768001556396484,-23.010940551757812,,,,-74.21,False,,,"{""telemetry"": 1.2, ""graph"": 129.6}",False,,,,,0.0,,0.0,False,0.0,,0.0,False,0.0,,0.0,False
59.472,296,slm,TOWNSIM_CALIB_PILOT,1,reactive,MANTENER_RUMBO,0,18.845577860296718,False,-0.4488917291164398,-54.26806640625,-23.19126319885254,,,,-75.1,False,,,"{""telemetry"": 1.0, ""graph"": 165.1}",False,,,,,0.0,,0.0,False,0.0,,0.0,False,0.0,,0.0,False
59.695,297,slm,TOWNSIM_CALIB_PILOT,1,deliberative,FRENAR,0,18.356211230220122,False,-0.30608516931533813,-54.72889709472656,-23.34456443786621,,,,-75.88,False,,,"{""telemetry"": 1.1, ""graph"": 187.7}",True,2113.5,False,False,True,0.017,4.43,0.3,False,0.017,1.44,0.3,False,0.016,4.2,0.3,False
59.88,298,slm,TOWNSIM_CALIB_PILOT,1,deliberative,FRENAR,0,17.839698604565378,False,-0.15866069495677948,-55.20072937011719,-23.488384246826172,,,,-76.63,False,,,"{""telemetry"": 1.1, ""graph"": 172.3}",True,2113.5,False,False,True,0.0,,0.0,False,0.0,,0.0,False,0.0,,0.0,False
60.082,299,slm,TOWNSIM_CALIB_PILOT,1,deliberative,FRENAR,0,17.35138064322295,False,-0.014176202937960625,-55.661190032958984,-23.556299209594727,,,,-77.14,False,,,"{""telemetry"": 0.9, ""graph"": 173.8}",True,2113.5,False,False,True,0.197,0.78,0.281,False,0.024,0.31,0.281,False,0.02,1.05,0.281,False
60.264,300,slm,TOWNSIM_CALIB_PILOT,1,deliberative,FRENAR,0,16.933657115126778,False,0.11339594423770905,-56.06630325317383,-23.642623901367188,,,,-77.35,False,,,"{""telemetry"": 0.9, ""graph"": 155.7}",True,2113.5,False,False,True,0.0,,0.0,False,0.0,,0.0,False,0.0,,0.0,False
60.477,301,slm,TOWNSIM_CALIB_PILOT,1,deliberative,FRENAR,0,16.595161857562868,False,0.21103732287883759,-56.375396728515625,-23.7080078125,,,,-77.39,False,,,"{""telemetry"": 1.4, ""graph"": 167.1}",True,2113.5,False,False,True,0.0,,0.0,False,0.0,,0.0,False,0.0,,0.0,False
60.673,302,slm,TOWNSIM_CALIB_PILOT,1,deliberative,FRENAR,0,16.34109099708226,False,0.28204089403152466,-56.59955596923828,-23.740440368652344,,,,-77.4,False,,,"{""telemetry"": 1.1, ""graph"": 164.0}",True,2113.5,False,False,True,0.0,,0.0,False,0.0,,0.0,False,0.0,,0.0,False
60.848,303,slm,TOWNSIM_CALIB_PILOT,1,deliberative,FRENAR,0,16.152858975490606,False,0.33433425426483154,-56.76431655883789,-23.73748016357422,,,,-77.39,False,,,"{""telemetry"": 1.1, ""graph"": 138.9}",True,2113.5,False,False,True,0.0,,0.0,False,0.0,,0.0,False,0.0,,0.0,False
61.06,304,slm,TOWNSIM_CALIB_PILOT,1,deliberative,FRENAR,0,16.019179646330517,False,0.3794921338558197,-56.90636444091797,-23.721410751342773,,,,-77.38,False,,,"{""telemetry"": 1.4, ""graph"": 149.6}",True,2113.5,False,False,True,0.0,,0.0,False,0.0,,0.0,False,0.0,,0.0,False
61.251,305,slm,TOWNSIM_CALIB_PILOT,1,deliberative,FRENAR,0,15.921555794798019,False,0.4118722677230835,-57.008094787597656,-23.69977569580078,,,,-77.38,False,,,"{""telemetry"": 1.2, ""graph"": 141.1}",True,2113.5,False,False,True,0.0,,0.0,False,0.0,,0.0,False,0.0,,0.0,False
61.464,306,slm,TOWNSIM_CALIB_PILOT,1,deliberative,FRENAR,0,15.853155699930873,False,0.4368634819984436,-57.0865478515625,-23.674291610717773,,,,-77.37,False,,,"{""telemetry"": 1.5, ""graph"": 152.9}",True,2113.5,False,False,True,0.0,,0.0,False,0.0,,0.0,False,0.0,,0.0,False
61.677,307,slm,TOWNSIM_CALIB_PILOT,1,deliberative,FRENAR,0,15.804478340296255,False,0.45592445135116577,-57.146385192871094,-23.6473331451416,,,,-77.37,False,,,"{""telemetry"": 1.3, ""graph"": 166.3}",True,2113.5,False,False,True,0.0,,0.0,False,0.0,,0.0,False,0.0,,0.0,False
61.857,308,slm,TOWNSIM_CALIB_PILOT,1,deliberative,FRENAR,0,15.767340467505365,False,0.46801871061325073,-57.184326171875,-23.642406463623047,,,,-77.37,False,,,"{""telemetry"": 0.8, ""graph"": 146.1}",True,2113.5,False,False,True,0.0,,0.0,False,0.0,,0.0,False,0.0,,0.0,False
62.053,309,slm,TOWNSIM_CALIB_PILOT,1,deliberative,FRENAR,0,15.735852841679705,False,0.4783381223678589,-57.21669387817383,-23.640567779541016,,,,-77.37,False,,,"{""telemetry"": 1.0, ""graph"": 142.2}",True,2113.5,False,False,True,0.0,,0.0,False,0.0,,0.0,False,0.0,,0.0,False
62.27,310,slm,TOWNSIM_CALIB_PILOT,1,deliberative,FRENAR,0,15.712824778819394,False,0.486282080411911,-57.24160385131836,-23.638675689697266,,,,-77.37,False,,,"{""telemetry"": 1.0, ""graph"": 158.6}",True,2113.5,False,False,True,0.0,,0.0,False,0.0,,0.0,False,0.0,,0.0,False
62.457,311,slm,TOWNSIM_CALIB_PILOT,1,deliberative,FRENAR,0,15.695518599192788,False,0.49138712882995605,-57.25761795043945,-23.637163162231445,,,,-77.37,False,,,"{""telemetry"": 0.7, ""graph"": 145.1}",True,2113.5,False,False,True,0.0,,0.0,False,0.0,,0.0,False,0.0,,0.0,False
62.677,312,slm,TOWNSIM_CALIB_PILOT,1,deliberative,FRENAR,0,15.682751156055987,False,0.49584224820137024,-57.27158737182617,-23.635522842407227,,,,-77.37,False,,,"{""telemetry"": 1.1, ""graph"": 164.6}",True,2113.5,False,False,True,0.0,,0.0,False,0.0,,0.0,False,0.0,,0.0,False
62.862,313,slm,TOWNSIM_CALIB_PILOT,1,deliberative,FRENAR,0,15.673467843797154,False,0.49870598316192627,-57.28057098388672,-23.63424301147461,,,,-77.37,False,,,"{""telemetry"": 1.5, ""graph"": 149.0}",True,2113.5,False,False,True,0.0,,0.0,False,0.0,,0.0,False,0.0,,0.0,False
63.084,314,slm,TOWNSIM_CALIB_PILOT,1,deliberative,FRENAR,0,15.666605646808073,False,0.5012649893760681,-57.28860092163086,-23.63286018371582,,,,-77.37,False,,,"{""telemetry"": 1.1, ""graph"": 170.4}",True,2113.5,False,False,True,0.0,,0.0,False,0.0,,0.0,False,0.0,,0.0,False
63.261,315,slm,TOWNSIM_CALIB_PILOT,1,deliberative,FRENAR,0,15.66154880191815,False,0.5029028058052063,-57.29373550415039,-23.631778717041016,,,,-77.37,False,,,"{""telemetry"": 1.4, ""graph"": 146.8}",True,2113.5,False,False,True,0.0,,0.0,False,0.0,,0.0,False,0.0,,0.0,False
63.461,316,slm,TOWNSIM_CALIB_PILOT,1,deliberative,FRENAR,0,15.657836365737984,False,0.5041457414627075,-57.297630310058594,-23.630794525146484,,,,-77.37,False,,,"{""telemetry"": 0.8, ""graph"": 147.0}",True,2113.5,False,False,True,0.0,102.87,0.298,False,0.0,142.52,0.338,False,0.001,34.22,0.407,False
63.661,317,slm,TOWNSIM_CALIB_PILOT,1,deliberative,FRENAR,0,15.655109464921276,False,0.5051785707473755,-57.300872802734375,-23.629762649536133,,,,-77.37,False,,,"{""telemetry"": 1.1, ""graph"": 147.4}",True,2113.5,False,False,True,0.0,,0.137,False,0.0,,0.114,False,0.0,203.36,0.154,False
63.846,318,slm,TOWNSIM_CALIB_PILOT,1,deliberative,FRENAR,0,15.653161773495068,False,0.5058631896972656,-57.30301284790039,-23.628934860229492,,,,-77.37,False,,,"{""telemetry"": 1.2, ""graph"": 132.0}",True,2113.5,False,False,True,0.0,,0.014,False,0.0,,0.005,False,0.0,,0.008,False
64.053,319,slm,TOWNSIM_CALIB_PILOT,1,deliberative,FRENAR,0,15.65177893507466,False,0.5064495205879211,-57.30485534667969,-23.628000259399414,,,,-77.37,False,,,"{""telemetry"": 1.2, ""graph"": 138.6}",True,2113.5,False,False,True,0.0,,0.017,False,0.0,,0.005,False,0.0,,0.009,False
64.228,320,slm,TOWNSIM_CALIB_PILOT,1,deliberative,FRENAR,0,15.650803209093722,False,0.5068155527114868,-57.30602264404297,-23.6273250579834,,,,-77.37,False,,,"{""telemetry"": 1.2, ""graph"": 113.6}",True,2113.5,False,False,True,0.0,,0.001,False,0.0,,0.0,False,0.0,,0.001,False
64.453,321,slm,TOWNSIM_CALIB_PILOT,1,deliberative,MANTENER_RUMBO,0,15.650130589725535,False,0.5071591734886169,-57.30708312988281,-23.62647819519043,,,,-77.37,False,,,"{""telemetry"": 1.1, ""graph"": 138.7}",True,4649.8,False,False,True,0.0,,0.011,False,0.0,,0.003,False,0.0,,0.002,False
64.619,322,slm,TOWNSIM_CALIB_PILOT,1,reactive,MANTENER_RUMBO,0,15.649718764515294,False,0.5074403285980225,-57.308074951171875,-23.62849235534668,,,,-77.38,False,,,"{""telemetry"": 1.1, ""graph"": 104.5}",False,,,,,0.0,,0.0,False,0.0,,0.0,False,0.0,,0.0,False
64.856,323,slm,TOWNSIM_CALIB_PILOT,1,reactive,MANTENER_RUMBO,0,15.652038509367678,False,0.5108954310417175,-57.323238372802734,-23.55445671081543,,,,-77.45,False,,,"{""telemetry"": 0.9, ""graph"": 141.7}",False,,,,,0.0,,0.0,False,0.0,,0.0,False,0.0,,0.0,False
65.085,324,slm,TOWNSIM_CALIB_PILOT,1,reactive,MANTENER_RUMBO,0,15.653292125436197,False,0.5299719572067261,-57.40848159790039,-23.523256301879883,,,,-77.79,False,,,"{""telemetry"": 1.0, ""graph"": 170.4}",False,,,,,0.0,,0.0,False,0.0,,0.0,False,0.0,,0.0,False
65.304,325,slm,TOWNSIM_CALIB_PILOT,1,reactive,MANTENER_RUMBO,0,15.459928939693174,False,0.5867531895637512,-57.66312026977539,-23.761991500854492,,,,-78.56,False,,,"{""telemetry"": 1.0, ""graph"": 188.7}",False,,,,,0.0,,0.0,False,0.0,,0.0,False,0.0,,0.0,False
65.519,326,slm,TOWNSIM_CALIB_PILOT,1,deliberative,FRENAR,0,15.09986292662136,False,0.6499373912811279,-57.94667053222656,-23.990264892578125,,,,-79.29,False,,,"{""telemetry"": 1.1, ""graph"": 203.0}",True,4649.8,False,False,True,0.019,2.46,0.3,False,0.02,0.86,0.3,False,0.017,2.64,0.3,False
65.716,327,slm,TOWNSIM_CALIB_PILOT,1,deliberative,FRENAR,0,14.672437248943181,False,0.7342702150344849,-58.32515335083008,-24.211923599243164,,,,-80.1,False,,,"{""telemetry"": 2.4, ""graph"": 191.8}",True,4649.8,False,False,True,0.0,,0.0,False,0.0,,0.0,False,0.0,,0.0,False
65.889,328,slm,TOWNSIM_CALIB_PILOT,1,deliberative,FRENAR,0,14.268358383208403,False,0.8079039454460144,-58.655452728271484,-24.287017822265625,,,,-80.53,False,,,"{""telemetry"": 1.1, ""graph"": 165.7}",True,4649.8,False,False,True,0.233,0.43,0.267,False,0.254,0.22,0.267,False,0.243,0.41,0.267,False
66.075,329,slm,TOWNSIM_CALIB_PILOT,1,deliberative,FRENAR,0,13.93569514338618,False,0.8824969530105591,-58.98958969116211,-24.347640991210938,,,,-80.76,False,,,"{""telemetry"": 1.0, ""graph"": 151.0}",True,4649.8,False,False,True,0.0,,0.0,False,0.0,,0.0,False,0.0,,0.0,False
66.266,330,slm,TOWNSIM_CALIB_PILOT,1,deliberative,FRENAR,0,13.659660399285299,False,0.9391880035400391,-59.243099212646484,-24.393198013305664,,,,-80.84,False,,,"{""telemetry"": 1.0, ""graph"": 141.4}",True,4649.8,False,False,True,0.0,,0.0,False,0.0,,0.0,False,0.0,,0.0,False
66.484,331,slm,TOWNSIM_CALIB_PILOT,1,deliberative,FRENAR,0,13.452469975230498,False,0.9886338710784912,-59.46384811401367,-24.387393951416016,,,,-80.87,False,,,"{""telemetry"": 1.2, ""graph"": 159.1}",True,4649.8,False,False,True,0.0,,0.0,False,0.0,,0.0,False,0.0,,0.0,False
66.676,332,slm,TOWNSIM_CALIB_PILOT,1,deliberative,FRENAR,0,13.304808557236564,False,1.0215511322021484,-59.610599517822266,-24.36982536315918,,,,-80.88,False,,,"{""telemetry"": 0.9, ""graph"": 151.3}",True,4649.8,False,False,True,0.0,,0.0,False,0.0,,0.0,False,0.0,,0.0,False
66.878,333,slm,TOWNSIM_CALIB_PILOT,1,deliberative,FRENAR,0,13.197928263808276,False,1.047512173652649,-59.7262077331543,-24.346086502075195,,,,-80.88,False,,,"{""telemetry"": 1.4, ""graph"": 152.3}",True,4649.8,False,False,True,0.0,,0.0,False,0.0,,0.0,False,0.0,,0.0,False
67.073,334,slm,TOWNSIM_CALIB_PILOT,1,deliberative,FRENAR,0,13.120692342544071,False,1.0674375295639038,-59.81486511230469,-24.31914520263672,,,,-80.88,False,,,"{""telemetry"": 1.1, ""graph"": 147.4}",True,4649.8,False,False,True,0.0,,0.0,False,0.0,,0.0,False,0.0,,0.0,False
67.276,335,slm,TOWNSIM_CALIB_PILOT,1,deliberative,FRENAR,0,13.06340112019827,False,1.0827854871749878,-59.88313674926758,-24.309106826782227,,,,-80.87,False,,,"{""telemetry"": 1.8, ""graph"": 148.6}",True,4649.8,False,False,True,0.0,,0.0,False,0.0,,0.0,False,0.0,,0.0,False
67.458,336,slm,TOWNSIM_CALIB_PILOT,1,deliberative,FRENAR,0,13.016866046967497,False,1.0929454565048218,-59.92830276489258,-24.304859161376953,,,,-80.87,False,,,"{""telemetry"": 0.9, ""graph"": 131.8}",True,4649.8,False,False,True,0.0,,0.0,False,0.0,,0.0,False,0.0,,0.0,False
67.663,337,slm,TOWNSIM_CALIB_PILOT,1,deliberative,FRENAR,0,12.983030266218185,False,1.101493239402771,-59.96629333496094,-24.30040740966797,,,,-80.87,False,,,"{""telemetry"": 1.2, ""graph"": 136.3}",True,4649.8,False,False,True,0.0,,0.0,False,0.0,,0.0,False,0.0,,0.0,False
67.87,338,slm,TOWNSIM_CALIB_PILOT,1,deliberative,FRENAR,0,12.957711831047332,False,1.1078429222106934,-59.99451446533203,-24.296377182006836,,,,-80.87,False,,,"{""telemetry"": 0.8, ""graph"": 143.3}",True,4649.8,False,False,True,0.0,,0.0,False,0.0,,0.0,False,0.0,,0.0,False
68.071,339,slm,TOWNSIM_CALIB_PILOT,1,deliberative,FRENAR,0,12.939328332031355,False,1.1125590801239014,-60.015480041503906,-24.292842864990234,,,,-80.87,False,,,"{""telemetry"": 1.1, ""graph"": 143.9}",True,4649.8,False,False,True,0.0,,0.0,False,0.0,,0.0,False,0.0,,0.0,False
68.281,340,slm,TOWNSIM_CALIB_PILOT,1,deliberative,FRENAR,0,12.925582253706413,False,1.1161060333251953,-60.03124237060547,-24.289751052856445,,,,-80.87,False,,,"{""telemetry"": 1.3, ""graph"": 153.1}",True,4649.8,False,False,True,0.0,,0.0,False,0.0,,0.0,False,0.0,,0.0,False
68.466,341,slm,TOWNSIM_CALIB_PILOT,1,deliberative,FRENAR,0,12.915625967981052,False,1.118432879447937,-60.041587829589844,-24.285818099975586,,,,-80.87,False,,,"{""telemetry"": 1.4, ""graph"": 137.8}",True,4649.8,False,False,True,0.0,,0.0,False,0.0,,0.0,False,0.0,,0.0,False
68.67,342,slm,TOWNSIM_CALIB_PILOT,1,deliberative,FRENAR,0,12.913139120388681,False,1.1204495429992676,-60.05055618286133,-24.26909828186035,,,,-80.87,False,,,"{""telemetry"": 1.0, ""graph"": 141.5}",True,4649.8,False,False,True,0.0,,0.0,False,0.0,,0.0,False,0.0,,0.0,False
68.894,343,slm,TOWNSIM_CALIB_PILOT,1,deliberative,FRENAR,0,12.913647201480428,False,1.1219704151153564,-60.05731201171875,-24.254114151000977,,,,-80.87,False,,,"{""telemetry"": 0.9, ""graph"": 164.9}",True,4649.8,False,False,True,0.0,62.94,0.436,False,0.0,18.25,0.436,False,0.0,49.31,0.436,False
69.085,344,slm,TOWNSIM_CALIB_PILOT,1,deliberative,PERDER_ALTURA,0,12.914522287654382,False,1.1230963468551636,-60.06231689453125,-24.242027282714844,,,,-80.87,False,,,"{""telemetry"": 1.4, ""graph"": 155.5}",True,3513.7,False,False,True,0.0,,0.0,False,0.0,,0.0,False,0.0,,0.0,False
69.251,345,slm,TOWNSIM_CALIB_PILOT,1,reactive,MANTENER_RUMBO,0,12.915530150069749,False,1.123871922492981,-60.06578826904297,-24.22559356689453,,,,-80.87,False,,,"{""telemetry"": 0.9, ""graph"": 121.8}",False,,,,,0.0,,0.0,False,0.0,,0.0,False,0.0,,0.0,False
69.479,346,slm,TOWNSIM_CALIB_PILOT,1,reactive,MANTENER_RUMBO,0,12.949887253833566,False,1.1262614727020264,-60.07942581176758,-24.097959518432617,,,,-80.9,False,,,"{""telemetry"": 1.0, ""graph"": 149.2}",False,,,,,0.0,,0.0,False,0.0,,0.0,False,0.0,,0.0,False
69.664,347,slm,TOWNSIM_CALIB_PILOT,1,reactive,MANTENER_RUMBO,0,12.937597501708899,False,1.1393132209777832,-60.15994644165039,-24.109466552734375,,,,-81.25,False,,,"{""telemetry"": 0.8, ""graph"": 134.5}",False,,,,,0.0,,0.0,False,0.0,,0.0,False,0.0,,0.0,False
69.901,348,slm,TOWNSIM_CALIB_PILOT,1,reactive,MANTENER_RUMBO,0,12.710268995262943,False,1.1770411729812622,-60.39450454711914,-24.35283660888672,,,,-81.96,False,,,"{""telemetry"": 0.9, ""graph"": 170.7}",False,,,,,0.0,,0.095,False,0.0,,0.095,False,0.0,,0.095,False
70.097,349,slm,TOWNSIM_CALIB_PILOT,1,deliberative,FRENAR,0,12.340545385262674,False,1.2244536876678467,-60.68961715698242,-24.60331916809082,,,,-82.71,False,,,"{""telemetry"": 1.8, ""graph"": 165.5}",True,3513.7,False,False,True,0.022,2.66,0.3,False,0.02,0.84,0.3,False,0.021,2.34,0.3,False
70.297,350,slm,TOWNSIM_CALIB_PILOT,1,deliberative,FRENAR,0,11.91822404406147,False,1.2864371538162231,-61.07546615600586,-24.83984375,,,,-83.52,False,,,"{""telemetry"": 1.1, ""graph"": 165.4}",True,3513.7,False,False,True,0.022,2.11,0.3,False,0.025,0.71,0.3,False,0.025,2.09,0.3,False
70.516,351,slm,TOWNSIM_CALIB_PILOT,1,deliberative,FRENAR,0,11.512329337139464,False,1.347554087638855,-61.455657958984375,-24.933223724365234,,,,-84.0,False,,,"{""telemetry"": 1.0, ""graph"": 183.6}",True,3513.7,False,False,True,0.17,0.69,0.213,False,0.1,0.28,0.213,False,0.02,0.86,0.213,False
70.686,352,slm,TOWNSIM_CALIB_PILOT,1,deliberative,FRENAR,0,11.172203255498621,False,1.401521921157837,-61.79071044921875,-24.995018005371094,,,,-84.22,False,,,"{""telemetry"": 0.8, ""graph"": 154.0}",True,3513.7,False,False,True,0.0,,0.0,False,0.0,,0.0,False,0.0,,0.0,False
70.897,353,slm,TOWNSIM_CALIB_PILOT,1,deliberative,FRENAR,0,10.904212723716892,False,1.4461709260940552,-62.06725311279297,-25.02886390686035,,,,-84.3,False,,,"{""telemetry"": 1.1, ""graph"": 164.1}",True,3513.7,False,False,True,0.0,,0.0,False,0.0,,0.0,False,0.0,,0.0,False
71.066,354,slm,TOWNSIM_CALIB_PILOT,1,deliberative,FRENAR,0,10.699537676522445,False,1.4736944437026978,-62.237335205078125,-25.03976058959961,,,,-84.32,False,,,"{""telemetry"": 0.8, ""graph"": 132.7}",True,3513.7,False,False,True,0.0,,0.0,False,0.0,,0.0,False,0.0,,0.0,False
71.275,355,slm,TOWNSIM_CALIB_PILOT,1,deliberative,FRENAR,0,10.551787948526606,False,1.4993200302124023,-62.39540100097656,-25.03913116455078,,,,-84.32,False,,,"{""telemetry"": 1.4, ""graph"": 141.5}",True,3513.7,False,False,True,0.0,,0.0,False,0.0,,0.0,False,0.0,,0.0,False
71.475,356,slm,TOWNSIM_CALIB_PILOT,1,deliberative,FRENAR,0,10.443891386892792,False,1.518884301185608,-62.51587677001953,-25.028478622436523,,,,-84.32,False,,,"{""telemetry"": 1.1, ""graph"": 141.3}",True,3513.7,False,False,True,0.0,,0.0,False,0.0,,0.0,False,0.0,,0.0,False
71.68,357,slm,TOWNSIM_CALIB_PILOT,1,deliberative,FRENAR,0,10.368569830531044,False,1.533675193786621,-62.60685348510742,-25.01158332824707,,,,-84.32,False,,,"{""telemetry"": 1.1, ""graph"": 145.6}",True,3513.7,False,False,True,0.0,,0.0,False,0.0,,0.0,False,0.0,,0.0,False
71.892,358,slm,TOWNSIM_CALIB_PILOT,1,deliberative,FRENAR,0,10.315240283800227,False,1.5447748899459839,-62.67509460449219,-24.990928649902344,,,,-84.32,False,,,"{""telemetry"": 1.0, ""graph"": 156.7}",True,3513.7,False,False,True,0.0,,0.0,False,0.0,,0.0,False,0.0,,0.0,False
72.098,359,slm,TOWNSIM_CALIB_PILOT,1,deliberative,FRENAR,0,10.279478511286193,False,1.552450180053711,-62.72223663330078,-24.96997833251953,,,,-84.32,False,,,"{""telemetry"": 1.2, ""graph"": 162.6}",True,3513.7,False,False,True,0.0,,0.0,False,0.0,,0.0,False,0.0,,0.0,False
72.286,360,slm,TOWNSIM_CALIB_PILOT,1,deliberative,MANTENER_RUMBO,0,10.255704774218763,False,1.5582271814346313,-62.757720947265625,-24.948081970214844,,,,-84.32,False,,,"{""telemetry"": 1.0, ""graph"": 150.7}",True,2176.2,False,False,True,0.0,,0.0,False,0.0,,0.0,False,0.0,,0.0,False
72.547,361,slm,TOWNSIM_CALIB_PILOT,1,reactive,MANTENER_RUMBO,0,10.241367218119002,False,1.564012050628662,-62.795230865478516,-24.942598342895508,,,,-84.39,False,,,"{""telemetry"": 1.3, ""graph"": 211.2}",False,,,,,0.0,,0.0,False,0.0,,0.0,False,0.0,,0.0,False
72.696,362,slm,TOWNSIM_CALIB_PILOT,1,reactive,MANTENER_RUMBO,0,10.165870514609239,False,1.5717586278915405,-62.86507797241211,-25.06637954711914,,,,-84.73,False,,,"{""telemetry"": 0.8, ""graph"": 145.3}",False,,,,,0.0,,0.0,False,0.0,,0.0,False,0.0,,0.0,False
72.919,363,slm,TOWNSIM_CALIB_PILOT,1,reactive,MANTENER_RUMBO,0,9.90115486871414,False,1.5943524837493896,-63.084503173828125,-25.368305206298828,,,,-85.5,False,,,"{""telemetry"": 1.4, ""graph"": 167.9}",False,,,,,0.0,,0.0,False,0.0,,0.0,False,0.0,,0.0,False
73.119,364,slm,TOWNSIM_CALIB_PILOT,1,deliberative,FRENAR,0,9.55198885441797,False,1.6222549676895142,-63.36022186279297,-25.612213134765625,,,,-86.28,False,,,"{""telemetry"": 1.1, ""graph"": 167.3}",True,2176.2,False,False,True,0.022,2.71,0.3,False,0.02,0.84,0.3,False,0.021,2.42,0.3,False
73.314,365,slm,TOWNSIM_CALIB_PILOT,1,deliberative,FRENAR,0,9.161856412506205,False,1.6556594371795654,-63.692420959472656,-25.8204402923584,,,,-87.05,False,,,"{""telemetry"": 1.1, ""graph"": 162.6}",True,2176.2,False,False,True,0.0,,0.001,False,0.0,,0.001,False,0.0,,0.001,False
73.545,366,slm,TOWNSIM_CALIB_PILOT,1,deliberative,FRENAR,0,8.781424065935383,False,1.6965364217758179,-64.099365234375,-25.91245460510254,,,,-87.6,False,,,"{""telemetry"": 1.0, ""graph"": 192.6}",True,2176.2,False,False,True,0.169,0.58,0.306,False,0.206,0.35,0.306,False,0.209,0.46,0.306,False
73.684,367,slm,TOWNSIM_CALIB_PILOT,1,deliberative,FRENAR,0,8.469535786207187,False,1.7243489027023315,-64.37566375732422,-25.948837280273438,,,,-87.79,False,,,"{""telemetry"": 0.9, ""graph"": 131.2}",True,2176.2,False,False,True,0.0,,0.0,False,0.0,,0.0,False,0.0,,0.0,False
73.904,368,slm,TOWNSIM_CALIB_PILOT,1,deliberative,FRENAR,0,8.22451665171577,False,1.7522284984588623,-64.65177917480469,-25.969799041748047,,,,-87.88,False,,,"{""telemetry"": 1.0, ""graph"": 150.0}",True,2176.2,False,False,True,0.0,,0.0,False,0.0,,0.0,False,0.0,,0.0,False
74.107,369,slm,TOWNSIM_CALIB_PILOT,1,deliberative,FRENAR,0,8.038448866835914,False,1.7710635662078857,-64.83767700195312,-25.973026275634766,,,,-87.9,False,,,"{""telemetry"": 1.0, ""graph"": 152.8}",True,2176.2,False,False,True,0.0,,0.0,False,0.0,,0.0,False,0.0,,0.0,False
74.307,370,slm,TOWNSIM_CALIB_PILOT,1,deliberative,FRENAR,0,7.905097176336927,False,1.7868397235870361,-64.99293518066406,-25.964757919311523,,,,-87.91,False,,,"{""telemetry"": 1.0, ""graph"": 152.7}",True,2176.2,False,False,True,0.0,,0.0,False,0.0,,0.0,False,0.0,,0.0,False
74.513,371,slm,TOWNSIM_CALIB_PILOT,1,deliberative,FRENAR,0,7.808618690915256,False,1.7984946966171265,-65.10734558105469,-25.94905662536621,,,,-87.91,False,,,"{""telemetry"": 1.0, ""graph"": 158.9}",True,2176.2,False,False,True,0.0,,0.0,False,0.0,,0.0,False,0.0,,0.0,False
74.698,372,slm,TOWNSIM_CALIB_PILOT,1,deliberative,FRENAR,0,7.742037264172583,False,1.806535005569458,-65.18614959716797,-25.931093215942383,,,,-87.91,False,,,"{""telemetry"": 1.2, ""graph"": 143.5}",True,2176.2,False,False,True,0.0,,0.0,False,0.0,,0.0,False,0.0,,0.0,False
74.915,373,slm,TOWNSIM_CALIB_PILOT,1,deliberative,FRENAR,0,7.6955902233403375,False,1.8131963014602661,-65.25139617919922,-25.909320831298828,,,,-87.91,False,,,"{""telemetry"": 0.9, ""graph"": 159.7}",True,2176.2,False,False,True,0.0,,0.0,False,0.0,,0.0,False,0.0,,0.0,False
75.145,374,slm,TOWNSIM_CALIB_PILOT,1,deliberative,FRENAR,0,7.66505988205575,False,1.8186887502670288,-65.30513000488281,-25.888525009155273,,,,-87.91,False,,,"{""telemetry"": 1.4, ""graph"": 189.7}",True,2176.2,False,False,True,0.0,,0.0,False,0.0,,0.0,False,0.0,,0.0,False
75.293,375,slm,TOWNSIM_CALIB_PILOT,1,deliberative,FRENAR,0,7.6375529909862445,False,1.8215348720550537,-65.33297729492188,-25.887176513671875,,,,-87.91,False,,,"{""telemetry"": 2.4, ""graph"": 136.3}",True,2176.2,False,False,True,0.0,,0.0,False,0.0,,0.0,False,0.0,,0.0,False
75.499,376,slm,TOWNSIM_CALIB_PILOT,1,deliberative,PERDER_ALTURA,0,7.614714991897149,False,1.824311375617981,-65.36012268066406,-25.886327743530273,,,,-87.91,False,,,"{""telemetry"": 1.1, ""graph"": 142.3}",True,2205.6,False,False,True,0.0,,0.0,False,0.0,,0.0,False,0.0,,0.0,False
75.778,377,slm,TOWNSIM_CALIB_PILOT,1,reactive,MANTENER_RUMBO,0,7.5980988069054725,False,1.826823353767395,-65.3851547241211,-25.85213279724121,,,,-87.9,False,,,"{""telemetry"": 1.3, ""graph"": 221.7}",False,,,,,0.0,,0.0,False,0.0,,0.0,False,0.0,,0.0,False
75.954,378,slm,TOWNSIM_CALIB_PILOT,1,reactive,MANTENER_RUMBO,0,7.638303783973169,False,1.8287359476089478,-65.4127197265625,-25.71656036376953,,,,-87.94,False,,,"{""telemetry"": 0.8, ""graph"": 171.9}",False,,,,,0.0,,0.0,False,0.0,,0.0,False,0.0,,0.0,False
76.154,379,slm,TOWNSIM_CALIB_PILOT,1,reactive,MANTENER_RUMBO,0,7.634407123979403,False,1.833364486694336,-65.52076721191406,-25.71844482421875,,,,-88.4,False,,,"{""telemetry"": 1.0, ""graph"": 171.7}",False,,,,,0.0,,0.0,False,0.0,,0.0,False,0.0,,0.0,False
76.388,380,slm,TOWNSIM_CALIB_PILOT,1,reactive,MANTENER_RUMBO,0,7.404886776736753,False,1.8440027236938477,-65.79877471923828,-25.9694881439209,,,,-89.3,False,,,"{""telemetry"": 0.8, ""graph"": 205.8}",False,,,,,0.0,,0.004,False,0.0,,0.004,False,0.0,,0.004,False
76.546,381,slm,TOWNSIM_CALIB_PILOT,1,reactive,MANTENER_RUMBO,0,7.000531008285377,False,1.8548203706741333,-66.08753204345703,-26.188812255859375,,,,-90.12,False,,,"{""telemetry"": 1.0, ""graph"": 154.7}",False,,,,,0.0,,0.0,False,0.0,,0.0,False,0.0,,0.0,False
76.773,382,slm,TOWNSIM_CALIB_PILOT,1,deliberative,FRENAR,0,6.581671988099741,False,1.86906099319458,-66.47018432617188,-26.412944793701172,,,,-91.09,False,,,"{""telemetry"": 1.1, ""graph"": 181.1}",True,2205.6,False,False,True,0.024,2.37,0.3,False,0.023,0.77,0.3,False,0.024,2.12,0.3,False
76.963,383,slm,TOWNSIM_CALIB_PILOT,1,deliberative,FRENAR,0,6.138440928048764,False,1.8856759071350098,-66.91770935058594,-26.618694305419922,,,,-92.08,False,,,"{""telemetry"": 1.0, ""graph"": 171.3}",True,2205.6,False,False,True,0.0,,0.0,False,0.0,,0.0,False,0.0,,0.0,False
77.213,384,slm,TOWNSIM_CALIB_PILOT,1,deliberative,FRENAR,0,5.728158931091855,False,1.904845952987671,-67.43148803710938,-26.718944549560547,,,,-92.77,False,,,"{""telemetry"": 0.9, ""graph"": 221.5}",True,2205.6,False,False,True,0.0,,0.0,False,0.0,,0.0,False,0.0,,0.0,False
77.386,385,slm,TOWNSIM_CALIB_PILOT,1,deliberative,FRENAR,0,5.354104159682903,False,1.9173353910446167,-67.76171875,-26.787694931030273,,,,-92.96,False,,,"{""telemetry"": 0.7, ""graph"": 169.8}",True,2205.6,False,False,True,0.0,,0.0,False,0.0,,0.0,False,0.0,,0.0,False
77.576,386,slm,TOWNSIM_CALIB_PILOT,1,deliberative,FRENAR,0,5.103442212568863,False,1.927314043045044,-68.0218505859375,-26.823333740234375,,,,-93.02,False,,,"{""telemetry"": 0.9, ""graph"": 159.3}",True,2205.6,False,False,True,0.0,,0.0,False,0.0,,0.0,False,0.0,,0.0,False
77.786,387,slm,TOWNSIM_CALIB_PILOT,1,deliberative,FRENAR,0,4.9225923696042635,False,1.9358865022659302,-68.24201965332031,-26.835962295532227,,,,-93.04,False,,,"{""telemetry"": 0.7, ""graph"": 169.0}",True,2205.6,False,False,True,0.0,,0.0,False,0.0,,0.0,False,0.0,,0.0,False
77.994,388,slm,TOWNSIM_CALIB_PILOT,1,deliberative,FRENAR,0,4.799532459267077,False,1.9424163103103638,-68.40744018554688,-26.83150863647461,,,,-93.04,False,,,"{""telemetry"": 1.0, ""graph"": 176.2}",True,2205.6,False,False,True,0.0,,0.0,False,0.0,,0.0,False,0.0,,0.0,False
78.208,389,slm,TOWNSIM_CALIB_PILOT,1,deliberative,FRENAR,0,4.715575332678232,False,1.947516679763794,-68.5352783203125,-26.815933227539062,,,,-93.03,False,,,"{""telemetry"": 1.0, ""graph"": 189.7}",True,2205.6,False,False,True,0.0,,0.0,False,0.0,,0.0,False,0.0,,0.0,False
78.395,390,slm,TOWNSIM_CALIB_PILOT,1,deliberative,FRENAR,0,4.661766612358436,False,1.9508247375488281,-68.61759948730469,-26.797395706176758,,,,-93.03,False,,,"{""telemetry"": 1.2, ""graph"": 176.2}",True,2205.6,False,False,True,0.0,,0.0,False,0.0,,0.0,False,0.0,,0.0,False
78.597,391,slm,TOWNSIM_CALIB_PILOT,1,deliberative,FRENAR,0,4.627886638848829,False,1.9535375833511353,-68.68480682373047,-26.774402618408203,,,,-93.03,False,,,"{""telemetry"": 1.0, ""graph"": 177.9}",True,2205.6,False,False,True,0.0,,0.0,False,0.0,,0.0,False,0.0,,0.0,False
78.79,392,slm,TOWNSIM_CALIB_PILOT,1,deliberative,FRENAR,0,4.609032398749221,False,1.9554622173309326,-68.73238372802734,-26.751211166381836,,,,-93.02,False,,,"{""telemetry"": 1.0, ""graph"": 171.2}",True,2205.6,False,False,True,0.0,,0.0,False,0.0,,0.0,False,0.0,,0.0,False
78.993,393,slm,TOWNSIM_CALIB_PILOT,1,deliberative,FRENAR,0,4.600378718882307,False,1.9570257663726807,-68.7709732055664,-26.72525978088379,,,,-93.02,False,,,"{""telemetry"": 1.1, ""graph"": 173.3}",True,2205.6,False,False,True,0.0,,0.0,False,0.0,,0.0,False,0.0,,0.0,False
79.181,394,slm,TOWNSIM_CALIB_PILOT,1,deliberative,FRENAR,0,4.599299198772874,False,1.9581137895584106,-68.79779815673828,-26.700756072998047,,,,-93.02,False,,,"{""telemetry"": 1.1, ""graph"": 160.9}",True,2205.6,False,False,True,0.0,,0.0,False,0.0,,0.0,False,0.0,,0.0,False
79.387,395,slm,TOWNSIM_CALIB_PILOT,1,deliberative,FRENAR,0,4.603529740460946,False,1.9589837789535522,-68.81919860839844,-26.67714500427246,,,,-93.02,False,,,"{""telemetry"": 0.7, ""graph"": 167.4}",True,2205.6,False,False,True,0.0,,0.0,False,0.0,,0.0,False,0.0,,0.0,False
79.601,396,slm,TOWNSIM_CALIB_PILOT,1,deliberative,FRENAR,0,4.6061542541206615,False,1.9596693515777588,-68.83612060546875,-26.659927368164062,,,,-93.02,False,,,"{""telemetry"": 1.0, ""graph"": 180.9}",True,2205.6,False,False,True,0.0,,0.0,False,0.0,,0.0,False,0.0,,0.0,False
79.786,397,slm,TOWNSIM_CALIB_PILOT,1,deliberative,FRENAR,0,4.608565911871474,False,1.960108757019043,-68.84696960449219,-26.64800453186035,,,,-93.02,False,,,"{""telemetry"": 0.8, ""graph"": 165.9}",True,2205.6,False,False,True,0.0,,0.0,False,0.0,,0.0,False,0.0,,0.0,False
80.001,398,slm,TOWNSIM_CALIB_PILOT,1,deliberative,FRENAR,0,4.6111087811278235,False,1.9604761600494385,-68.85604095458984,-26.637165069580078,,,,-93.02,False,,,"{""telemetry"": 0.9, ""graph"": 180.4}",True,2205.6,False,False,True,0.0,,0.0,False,0.0,,0.0,False,0.0,,0.0,False
80.205,399,slm,TOWNSIM_CALIB_PILOT,1,deliberative,MANTENER_RUMBO,0,4.613562832895656,False,1.9607306718826294,-68.8623275756836,-26.62896156311035,,,,-93.02,False,,,"{""telemetry"": 1.1, ""graph"": 183.5}",True,3318.2,False,False,True,0.0,60.71,0.21,False,0.0,16.56,0.21,False,0.001,50.47,0.21,False
80.399,400,slm,TOWNSIM_CALIB_PILOT,1,reactive,MANTENER_RUMBO,0,4.615898811760447,False,1.960763692855835,-68.87055206298828,-26.638919830322266,,,,-93.15,False,,,"{""telemetry"": 0.7, ""graph"": 177.5}",False,,,,,0.0,,0.0,False,0.0,,0.0,False,0.0,,0.0,False
80.597,401,slm,TOWNSIM_CALIB_PILOT,1,reactive,MANTENER_RUMBO,0,4.533222450218291,False,1.9574527740478516,-68.9378890991211,-26.798295974731445,,,,-93.99,False,,,"{""telemetry"": 0.7, ""graph"": 175.4}",False,,,,,0.0,,0.0,False,0.0,,0.0,False,0.0,,0.0,False
80.774,402,slm,TOWNSIM_CALIB_PILOT,1,reactive,MANTENER_RUMBO,0,4.269187996343075,False,1.9491536617279053,-69.09759521484375,-27.042743682861328,,,,-95.32,False,,,"{""telemetry"": 1.0, ""graph"": 151.7}",False,,,,,0.0,,0.0,False,0.0,,0.0,False,0.0,,0.0,False
80.978,403,slm,TOWNSIM_CALIB_PILOT,1,reactive,MANTENER_RUMBO,0,3.9510047620954114,False,1.9359846115112305,-69.3484878540039,-27.285064697265625,,,,-96.99,False,,,"{""telemetry"": 1.9, ""graph"": 155.2}",False,,,,,0.0,,0.0,False,0.0,,0.0,False,0.0,,0.0,False
81.176,404,slm,TOWNSIM_CALIB_PILOT,1,reactive,MANTENER_RUMBO,0,3.619723004798761,False,1.9192601442337036,-69.6653823852539,-27.49561882019043,,,,-98.74,False,,,"{""telemetry"": 2.0, ""graph"": 152.8}",False,,,,,0.0,,0.0,False,0.0,,0.0,False,0.0,,0.0,False
81.372,405,slm,TOWNSIM_CALIB_PILOT,1,reactive,FRENAR,1,0.0,False,1.899179220199585,-70.00447082519531,-27.662033081054688,,,,-100.51,False,,,"{""telemetry"": 1.0, ""graph"": 149.0}",False,,,,,0.0,,0.0,False,0.0,,0.0,False,0.0,,0.0,False
