t,cycle,arm,scenario,seed,route,action,wp_index,dist_to_wp_m,degraded,pos_x,pos_y,pos_z,vel_x,vel_y,vel_z,yaw_deg,has_collided,collision_object,min_obstacle_dist_m,latency_ms_json,slm_invoked,slm_latency_ms,slm_fallback,slm_timeout,slm_adherent,field_izquierda_occ,field_izquierda_ttc_s,field_izquierda_conf,field_izquierda_blocked,field_centro_occ,field_centro_ttc_s,field_centro_conf,field_centro_blocked,field_derecha_occ,field_derecha_ttc_s,field_derecha_conf,field_derecha_blocked
0.074,1,slm,TOWNSIM_INI,1,reactive,MANTENER_RUMBO,0,83.53462573232827,False,0.0,0.0,-0.3681582510471344,,,,-60.0,False,,,"{""telemetry"": 0.6, ""graph"": 72.8}",False,,,,,0.0,,0.0,False,0.0,,0.0,False,0.0,,0.0,False
0.37,2,slm,TOWNSIM_INI,1,evasive,EVADIR_IZQUIERDA,0,83.53546280718565,False,0.0,0.0,-0.3601224720478058,,,,-59.74,False,,,"{""telemetry"": 0.8, ""graph"": 168.5}",False,,,,,0.0,39.45,1.0,False,0.0,26.34,1.0,False,0.002,3.6,1.0,False
0.502,3,slm,TOWNSIM_INI,1,reactive,MANTENER_RUMBO,0,83.54075229680812,False,0.00020064982527401298,-0.00031628666329197586,-0.3534909784793854,,,,-56.72,False,,,"{""telemetry"": 0.7, ""graph"": 100.1}",False,,,,,0.0,,0.0,False,0.0,,0.0,False,0.0,,0.0,False
0.739,4,slm,TOWNSIM_INI,1,reactive,MANTENER_RUMBO,0,83.52441865310011,False,0.009038603864610195,-0.014327526092529297,-0.41364407539367676,,,,-55.25,False,,,"{""telemetry"": 0.8, ""graph"": 136.2}",False,,,,,0.0,,0.0,False,0.0,,0.0,False,0.0,,0.0,False
0.908,5,slm,TOWNSIM_INI,1,reactive,MANTENER_RUMBO,0,83.52711022253276,False,0.024762509390711784,-0.03914771229028702,-0.390989750623703,,,,-51.25,False,,,"{""telemetry"": 0.7, ""graph"": 105.7}",False,,,,,0.0,,0.0,False,0.0,,0.0,False,0.0,,0.0,False
1.097,6,slm,TOWNSIM_INI,1,reactive,MANTENER_RUMBO,0,83.53799448970352,False,0.038312818855047226,-0.059690892696380615,-0.37295326590538025,,,,-46.55,False,,,"{""telemetry"": 0.8, ""graph"": 93.4}",False,,,,,0.0,,0.0,False,0.0,,0.0,False,0.0,,0.0,False
1.295,7,slm,TOWNSIM_INI,1,reactive,MANTENER_RUMBO,0,83.54613768283947,False,0.050564300268888474,-0.07730389386415482,-0.35747280716896057,,,,-41.63,False,,,"{""telemetry"": 0.9, ""graph"": 91.1}",False,,,,,0.0,,0.0,False,0.0,,0.0,False,0.0,,0.0,False
1.494,8,slm,TOWNSIM_INI,1,reactive,MANTENER_RUMBO,0,83.55220866636921,False,0.06029307097196579,-0.09067953377962112,-0.34487617015838623,,,,-36.89,False,,,"{""telemetry"": 0.7, ""graph"": 90.1}",False,,,,,0.0,,0.0,False,0.0,,0.0,False,0.0,,0.0,False
1.693,9,slm,TOWNSIM_INI,1,reactive,MANTENER_RUMBO,0,83.55682906409088,False,0.06779766827821732,-0.10057254135608673,-0.3345896303653717,,,,-32.33,False,,,"{""telemetry"": 0.7, ""graph"": 89.5}",False,,,,,0.0,,0.0,False,0.0,,0.0,False,0.0,,0.0,False
1.905,10,slm,TOWNSIM_INI,1,reactive,MANTENER_RUMBO,0,83.56041348678121,False,0.07386729121208191,-0.10823918879032135,-0.3255826532840729,,,,-27.69,False,,,"{""telemetry"": 1.0, ""graph"": 100.6}",False,,,,,0.0,,0.0,False,0.0,,0.0,False,0.0,,0.0,False
2.094,11,slm,TOWNSIM_INI,1,reactive,MANTENER_RUMBO,0,83.56313642875924,False,0.07783947885036469,-0.11305561661720276,-0.31917425990104675,,,,-23.83,False,,,"{""telemetry"": 0.7, ""graph"": 89.8}",False,,,,,0.0,,0.0,False,0.0,,0.0,False,0.0,,0.0,False
2.298,12,slm,TOWNSIM_INI,1,reactive,MANTENER_RUMBO,0,83.56529421576698,False,0.08110637962818146,-0.1168704405426979,-0.3133583664894104,,,,-19.84,False,,,"{""telemetry"": 1.2, ""graph"": 92.8}",False,,,,,0.0,,0.0,False,0.0,,0.0,False,0.0,,0.0,False
2.496,13,slm,TOWNSIM_INI,1,reactive,MANTENER_RUMBO,0,83.56700104420034,False,0.08344611525535583,-0.11950497329235077,-0.30872032046318054,,,,-16.2,False,,,"{""telemetry"": 1.0, ""graph"": 90.1}",False,,,,,0.0,,0.0,False,0.0,,0.0,False,0.0,,0.0,False
2.698,14,slm,TOWNSIM_INI,1,reactive,MANTENER_RUMBO,0,83.56835421671245,False,0.08519340306520462,-0.12140922993421555,-0.3048199713230133,,,,-12.72,False,,,"{""telemetry"": 0.9, ""graph"": 91.8}",False,,,,,0.0,,0.0,False,0.0,,0.0,False,0.0,,0.0,False
2.901,15,slm,TOWNSIM_INI,1,reactive,MANTENER_RUMBO,0,83.56947756248839,False,0.08648514002561569,-0.1227765902876854,-0.3015342354774475,,,,-9.39,False,,,"{""telemetry"": 0.7, ""graph"": 94.4}",False,,,,,0.0,,0.0,False,0.0,,0.0,False,0.0,,0.0,False
3.101,16,slm,TOWNSIM_INI,1,reactive,MANTENER_RUMBO,0,83.57039672498871,False,0.08739597350358963,-0.12371721118688583,-0.2988685369491577,,,,-6.35,False,,,"{""telemetry"": 0.7, ""graph"": 94.5}",False,,,,,0.0,,0.0,False,0.0,,0.0,False,0.0,,0.0,False
3.301,17,slm,TOWNSIM_INI,1,reactive,MANTENER_RUMBO,0,83.57118296093856,False,0.08805830776691437,-0.12438774108886719,-0.29661574959754944,,,,-3.51,False,,,"{""telemetry"": 0.7, ""graph"": 94.1}",False,,,,,0.0,,0.0,False,0.0,,0.0,False,0.0,,0.0,False
3.502,18,slm,TOWNSIM_INI,1,reactive,MANTENER_RUMBO,0,83.57183421409745,False,0.08853735774755478,-0.12486512959003448,-0.29487350583076477,,,,-0.62,False,,,"{""telemetry"": 0.8, ""graph"": 94.8}",False,,,,,0.0,,0.0,False,0.0,,0.0,False,0.0,,0.0,False
3.71,19,slm,TOWNSIM_INI,1,reactive,MANTENER_RUMBO,0,83.57225090695825,False,0.0893007218837738,-0.1251891851425171,-0.3044322431087494,,,,2.31,False,,,"{""telemetry"": 0.7, ""graph"": 103.2}",False,,,,,0.0,,0.0,False,0.0,,0.0,False,0.0,,0.0,False
3.903,20,slm,TOWNSIM_INI,1,reactive,MANTENER_RUMBO,0,83.53793913337194,False,0.10723328590393066,-0.12489122897386551,-0.4149948060512543,,,,4.68,False,,,"{""telemetry"": 0.7, ""graph"": 95.6}",False,,,,,0.0,,0.0,False,0.0,,0.0,False,0.0,,0.0,False
4.106,21,slm,TOWNSIM_INI,1,reactive,MANTENER_RUMBO,0,83.45971126972259,False,0.16292986273765564,-0.12254694849252701,-0.5649747252464294,,,,6.97,False,,,"{""telemetry"": 0.8, ""graph"": 98.4}",False,,,,,0.0,,0.0,False,0.0,,0.0,False,0.0,,0.0,False
4.322,22,slm,TOWNSIM_INI,1,reactive,MANTENER_RUMBO,0,83.34106354842373,False,0.2729507386684418,-0.11519592255353928,-0.734804630279541,,,,9.19,False,,,"{""telemetry"": 0.7, ""graph"": 113.9}",False,,,,,0.0,,0.0,False,0.0,,0.0,False,0.0,,0.0,False
4.531,23,slm,TOWNSIM_INI,1,reactive,MANTENER_RUMBO,0,83.18515070389289,False,0.4333830177783966,-0.1001744270324707,-0.9109779596328735,,,,11.31,False,,,"{""telemetry"": 0.9, ""graph"": 122.8}",False,,,,,0.0,,0.0,False,0.0,,0.0,False,0.0,,0.0,False
4.723,24,slm,TOWNSIM_INI,1,reactive,MANTENER_RUMBO,0,82.98602589790003,False,0.629603922367096,-0.07651977986097336,-1.082091212272644,,,,13.34,False,,,"{""telemetry"": 0.7, ""graph"": 114.5}",False,,,,,0.0,,0.0,False,0.0,,0.0,False,0.0,,0.0,False
4.939,25,slm,TOWNSIM_INI,1,reactive,MANTENER_RUMBO,0,82.74026609310296,False,0.9098392128944397,-0.036702319979667664,-1.260698914527893,,,,15.59,False,,,"{""telemetry"": 0.6, ""graph"": 130.3}",False,,,,,0.0,,0.0,False,0.0,,0.0,False,0.0,,0.0,False
5.145,26,slm,TOWNSIM_INI,1,reactive,MANTENER_RUMBO,0,82.45980632203397,False,1.2118827104568481,0.01395484060049057,-1.4280742406845093,,,,17.62,False,,,"{""telemetry"": 0.6, ""graph"": 135.6}",False,,,,,0.0,,0.0,False,0.0,,0.0,False,0.0,,0.0,False
5.386,27,slm,TOWNSIM_INI,1,reactive,MANTENER_RUMBO,0,82.1415185859291,False,1.5370060205459595,0.07671163231134415,-1.5795252323150635,,,,19.5,False,,,"{""telemetry"": 0.9, ""graph"": 175.6}",False,,,,,0.0,,0.0,False,0.0,,0.0,False,0.0,,0.0,False
5.612,28,slm,TOWNSIM_INI,1,deliberative,FRENAR,0,81.79778002116963,False,1.905539870262146,0.15814097225666046,-1.7377464771270752,,,,21.33,False,,,"{""telemetry"": 0.8, ""graph"": 201.9}",False,,,,,0.022,0.27,0.322,False,0.024,0.17,0.322,False,0.059,1.78,0.322,False
5.81,29,slm,TOWNSIM_INI,1,deliberative,FRENAR,0,81.4089382451914,False,2.2959089279174805,0.2554897964000702,-1.8791109323501587,,,,23.16,False,,,"{""telemetry"": 0.9, ""graph"": 194.4}",False,,,,,0.0,,0.093,False,0.0,,0.093,False,0.0,,0.093,False
6.041,30,slm,TOWNSIM_INI,1,deliberative,FRENAR,0,81.03888371650703,False,2.6662704944610596,0.3520505130290985,-1.9157142639160156,,,,24.21,False,,,"{""telemetry"": 0.9, ""graph"": 224.1}",False,,,,,0.045,0.4,0.266,False,0.056,0.14,0.266,False,0.044,0.42,0.266,False
6.27,31,slm,TOWNSIM_INI,1,deliberative,FRENAR,0,80.70393082686677,False,3.0534286499023438,0.45504486560821533,-1.9651412963867188,,,,24.67,False,,,"{""telemetry"": 1.0, ""graph"": 226.7}",False,,,,,0.0,,0.006,False,0.0,,0.006,False,0.0,,0.006,False
6.427,32,slm,TOWNSIM_INI,1,deliberative,FRENAR,0,80.42621740833805,False,3.2521941661834717,0.5081892013549805,-1.9883590936660767,,,,24.75,False,,,"{""telemetry"": 0.7, ""graph"": 155.1}",False,,,,,0.0,,0.0,False,0.0,,0.0,False,0.0,,0.0,False
6.618,33,slm,TOWNSIM_INI,1,deliberative,FRENAR,0,80.24299216618425,False,3.4273576736450195,0.5550177097320557,-2.0023012161254883,,,,24.78,False,,,"{""telemetry"": 1.2, ""graph"": 145.0}",False,,,,,0.0,,0.0,False,0.0,,0.0,False,0.0,,0.0,False
6.821,34,slm,TOWNSIM_INI,1,deliberative,FRENAR,0,80.1057119400393,False,3.563375949859619,0.5913341641426086,-2.007368564605713,,,,24.78,False,,,"{""telemetry"": 1.0, ""graph"": 148.2}",False,,,,,0.0,,0.0,False,0.0,,0.0,False,0.0,,0.0,False
7.023,35,slm,TOWNSIM_INI,1,deliberative,FRENAR,0,80.00360883820112,False,3.6692564487457275,0.619562029838562,-2.0071678161621094,,,,24.78,False,,,"{""telemetry"": 0.8, ""graph"": 149.8}",False,,,,,0.0,,0.0,False,0.0,,0.0,False,0.0,,0.0,False
7.234,36,slm,TOWNSIM_INI,1,deliberative,FRENAR,0,79.92687748013796,False,3.751620054244995,0.641491174697876,-2.0041263103485107,,,,24.77,False,,,"{""telemetry"": 1.3, ""graph"": 159.8}",False,,,,,0.0,,0.0,False,0.0,,0.0,False,0.0,,0.0,False
7.45,37,slm,TOWNSIM_INI,1,deliberative,FRENAR,0,79.87169197177552,False,3.8124043941497803,0.6576597690582275,-1.999997854232788,,,,24.77,False,,,"{""telemetry"": 0.8, ""graph"": 175.9}",False,,,,,0.0,,0.0,False,0.0,,0.0,False,0.0,,0.0,False
7.62,38,slm,TOWNSIM_INI,1,deliberative,FRENAR,0,79.83003559188312,False,3.8504703044891357,0.667779266834259,-1.996440052986145,,,,24.77,False,,,"{""telemetry"": 1.3, ""graph"": 145.2}",False,,,,,0.0,,0.0,False,0.0,,0.0,False,0.0,,0.0,False
7.813,39,slm,TOWNSIM_INI,1,deliberative,FRENAR,0,79.79873398575755,False,3.8831095695495605,0.676453709602356,-1.9926491975784302,,,,24.77,False,,,"{""telemetry"": 1.1, ""graph"": 138.3}",False,,,,,0.0,,0.0,False,0.0,,0.0,False,0.0,,0.0,False
8.057,40,slm,TOWNSIM_INI,1,deliberative,EVADIR_IZQUIERDA,0,79.77591602335244,False,3.911501169204712,0.6839982271194458,-1.9886256456375122,,,,24.77,False,,,"{""telemetry"": 1.0, ""graph"": 181.6}",True,2217.1,False,False,True,0.0,,0.0,False,0.0,,0.0,False,0.0,,0.0,False
8.219,41,slm,TOWNSIM_INI,1,evasive,EVADIR_IZQUIERDA,0,79.75899617771384,False,3.927016258239746,0.6881652474403381,-1.995434045791626,,,,24.66,False,,,"{""telemetry"": 0.8, ""graph"": 144.2}",False,,,,,0.0,,0.0,False,0.0,,0.0,False,0.0,,0.0,False
8.469,42,slm,TOWNSIM_INI,1,evasive,EVADIR_IZQUIERDA,0,79.71203712366543,False,3.9564931392669678,0.6991677284240723,-2.1481146812438965,,,,23.18,False,,,"{""telemetry"": 0.8, ""graph"": 193.1}",False,,,,,0.0,,0.0,False,0.0,,0.0,False,0.0,,0.0,False
8.586,43,slm,TOWNSIM_INI,1,evasive,EVADIR_IZQUIERDA,0,79.61914764523989,False,4.002102851867676,0.7185695171356201,-2.3122735023498535,,,,21.06,False,,,"{""telemetry"": 0.7, ""graph"": 110.0}",False,,,,,0.0,,0.0,False,0.0,,0.0,False,0.0,,0.0,False
8.789,44,slm,TOWNSIM_INI,1,evasive,EVADIR_IZQUIERDA,0,79.50089423218172,False,4.073067665100098,0.7499576807022095,-2.489171028137207,,,,18.33,False,,,"{""telemetry"": 0.8, ""graph"": 112.8}",False,,,,,0.0,,0.0,False,0.0,,0.0,False,0.0,,0.0,False
9.006,45,slm,TOWNSIM_INI,1,evasive,EVADIR_IZQUIERDA,0,79.36276316100849,False,4.166928291320801,0.7922349572181702,-2.669842004776001,,,,15.29,False,,,"{""telemetry"": 0.9, ""graph"": 128.9}",False,,,,,0.0,,0.0,False,0.0,,0.0,False,0.0,,0.0,False
9.197,46,slm,TOWNSIM_INI,1,reactive,MANTENER_RUMBO,0,79.21227846797301,False,4.263522624969482,0.836146354675293,-2.827550172805786,,,,12.51,False,,,"{""telemetry"": 0.9, ""graph"": 120.1}",False,,,,,0.0,,0.0,False,0.0,,0.0,False,0.0,,0.0,False
9.399,47,slm,TOWNSIM_INI,1,reactive,MANTENER_RUMBO,0,79.05334696634286,False,4.375436305999756,0.8867828845977783,-2.9794514179229736,,,,10.02,False,,,"{""telemetry"": 1.0, ""graph"": 121.8}",False,,,,,0.0,,0.0,False,0.0,,0.0,False,0.0,,0.0,False
9.674,48,slm,TOWNSIM_INI,1,deliberative,FRENAR,0,78.87726013774974,False,4.536961555480957,0.9456435441970825,-3.1762659549713135,,,,9.63,False,,,"{""telemetry"": 0.7, ""graph"": 196.5}",True,2217.1,False,False,True,0.009,0.54,0.15,False,0.037,0.18,0.15,False,0.022,0.67,0.15,False
9.857,49,slm,TOWNSIM_INI,1,deliberative,FRENAR,0,78.63511976157432,False,4.7366437911987305,1.0042802095413208,-3.35020112991333,,,,10.15,False,,,"{""telemetry"": 0.7, ""graph"": 180.2}",True,2217.1,False,False,True,0.0,,0.036,False,0.0,,0.036,False,0.0,,0.036,False
10.068,50,slm,TOWNSIM_INI,1,deliberative,FRENAR,0,78.38040213047213,False,4.9957475662231445,1.0752846002578735,-3.400097608566284,,,,10.48,False,,,"{""telemetry"": 0.8, ""graph"": 190.2}",True,2217.1,False,False,True,0.083,0.39,0.216,False,0.155,0.13,0.216,False,0.134,0.36,0.216,False
10.239,51,slm,TOWNSIM_INI,1,deliberative,FRENAR,0,78.18094900725701,False,5.195582389831543,1.1285310983657837,-3.391488790512085,,,,10.64,False,,,"{""telemetry"": 0.8, ""graph"": 161.6}",True,2217.1,False,False,True,0.0,,0.0,False,0.0,,0.0,False,0.0,,0.0,False
10.457,52,slm,TOWNSIM_INI,1,deliberative,FRENAR,0,78.01789312262653,False,5.369081497192383,1.1741608381271362,-3.3855316638946533,,,,10.73,False,,,"{""telemetry"": 1.4, ""graph"": 178.6}",True,2217.1,False,False,True,0.0,,0.003,False,0.0,,0.003,False,0.0,,0.003,False
10.692,53,slm,TOWNSIM_INI,1,deliberative,FRENAR,0,77.89267611877143,False,5.526402473449707,1.2153037786483765,-3.3761157989501953,,,,10.78,False,,,"{""telemetry"": 0.8, ""graph"": 214.0}",True,2217.1,False,False,True,0.0,,0.0,False,0.0,,0.0,False,0.0,,0.0,False
10.856,54,slm,TOWNSIM_INI,1,deliberative,FRENAR,0,77.78886928705037,False,5.608138084411621,1.2366368770599365,-3.3683016300201416,,,,10.8,False,,,"{""telemetry"": 1.0, ""graph"": 161.3}",True,2217.1,False,False,True,0.0,,0.0,False,0.0,,0.0,False,0.0,,0.0,False
11.043,55,slm,TOWNSIM_INI,1,deliberative,FRENAR,0,77.71880321266048,False,5.679593563079834,1.2552766799926758,-3.3592581748962402,,,,10.81,False,,,"{""telemetry"": 0.7, ""graph"": 147.2}",True,2217.1,False,False,True,0.0,,0.0,False,0.0,,0.0,False,0.0,,0.0,False
11.256,56,slm,TOWNSIM_INI,1,deliberative,FRENAR,0,77.6667498575334,False,5.738544940948486,1.2706514596939087,-3.3498635292053223,,,,10.82,False,,,"{""telemetry"": 1.3, ""graph"": 159.9}",True,2217.1,False,False,True,0.0,,0.0,False,0.0,,0.0,False,0.0,,0.0,False
11.446,57,slm,TOWNSIM_INI,1,deliberative,FRENAR,0,77.62815780218742,False,5.77895975112915,1.281191110610962,-3.3421478271484375,,,,10.82,False,,,"{""telemetry"": 0.9, ""graph"": 150.1}",True,2217.1,False,False,True,0.0,,0.0,False,0.0,,0.0,False,0.0,,0.0,False
11.646,58,slm,TOWNSIM_INI,1,deliberative,FRENAR,0,77.59957769454549,False,5.81095027923584,1.2895336151123047,-3.335083484649658,,,,10.82,False,,,"{""telemetry"": 1.1, ""graph"": 149.2}",True,2217.1,False,False,True,0.0,,0.0,False,0.0,,0.0,False,0.0,,0.0,False
11.858,59,slm,TOWNSIM_INI,1,deliberative,MANTENER_RUMBO,0,77.57815558913279,False,5.835256099700928,1.2958722114562988,-3.328955888748169,,,,10.82,False,,,"{""telemetry"": 1.7, ""graph"": 160.2}",True,2136.8,False,False,True,0.0,,0.0,False,0.0,,0.0,False,0.0,,0.0,False
12.05,60,slm,TOWNSIM_INI,1,reactive,MANTENER_RUMBO,0,77.56279681745706,False,5.854482650756836,1.3008040189743042,-3.3326735496520996,,,,10.92,False,,,"{""telemetry"": 0.9, ""graph"": 152.7}",False,,,,,0.0,,0.0,False,0.0,,0.0,False,0.0,,0.0,False
12.263,61,slm,TOWNSIM_INI,1,reactive,MANTENER_RUMBO,0,77.50870626040202,False,5.930578231811523,1.3162301778793335,-3.5040462017059326,,,,11.99,False,,,"{""telemetry"": 0.9, ""graph"": 165.9}",False,,,,,0.0,,0.0,False,0.0,,0.0,False,0.0,,0.0,False
12.465,62,slm,TOWNSIM_INI,1,reactive,MANTENER_RUMBO,0,77.32484579060403,False,6.076064109802246,1.3446028232574463,-3.7276806831359863,,,,13.47,False,,,"{""telemetry"": 0.8, ""graph"": 167.3}",False,,,,,0.0,,0.026,False,0.0,,0.026,False,0.0,,0.026,False
12.604,63,slm,TOWNSIM_INI,1,reactive,MANTENER_RUMBO,0,77.07401386091736,False,6.320591926574707,1.3918726444244385,-3.969104766845703,,,,15.48,False,,,"{""telemetry"": 1.0, ""graph"": 105.3}",False,,,,,0.0,,0.0,False,0.0,,0.0,False,0.0,,0.0,False
12.808,64,slm,TOWNSIM_INI,1,reactive,MANTENER_RUMBO,0,76.77825659195581,False,6.626461982727051,1.4507266283035278,-4.181340217590332,,,,17.59,False,,,"{""telemetry"": 1.2, ""graph"": 108.4}",False,,,,,0.0,,0.0,False,0.0,,0.0,False,0.0,,0.0,False
13.061,65,slm,TOWNSIM_INI,1,reactive,MANTENER_RUMBO,0,76.4412223856167,False,6.979669570922852,1.5186153650283813,-4.361395835876465,,,,19.57,False,,,"{""telemetry"": 0.7, ""graph"": 162.0}",False,,,,,0.0,,0.0,False,0.0,,0.0,False,0.0,,0.0,False
13.235,66,slm,TOWNSIM_INI,1,reactive,MANTENER_RUMBO,0,76.09742365335822,False,7.381886005401611,1.6025806665420532,-4.528053283691406,,,,21.59,False,,,"{""telemetry"": 0.9, ""graph"": 135.4}",False,,,,,0.0,,0.0,False,0.0,,0.0,False,0.0,,0.0,False
13.466,67,slm,TOWNSIM_INI,1,reactive,MANTENER_RUMBO,0,75.72682075079632,False,7.70897102355957,1.6799291372299194,-4.651773929595947,,,,23.11,False,,,"{""telemetry"": 0.9, ""graph"": 166.7}",False,,,,,0.0,,0.003,False,0.0,,0.003,False,0.0,,0.003,False
13.636,68,slm,TOWNSIM_INI,1,reactive,MANTENER_RUMBO,0,75.33647152508485,False,8.103065490722656,1.784580111503601,-4.796046257019043,,,,24.73,False,,,"{""telemetry"": 0.9, ""graph"": 135.4}",False,,,,,0.0,,0.0,False,0.0,,0.0,False,0.0,,0.0,False
13.858,69,slm,TOWNSIM_INI,1,reactive,MANTENER_RUMBO,0,74.92048385669699,False,8.525967597961426,1.9112358093261719,-4.943611145019531,,,,26.38,False,,,"{""telemetry"": 0.9, ""graph"": 157.0}",False,,,,,0.0,,0.001,False,0.0,,0.001,False,0.0,,0.001,False
14.103,70,slm,TOWNSIM_INI,1,reactive,MANTENER_RUMBO,0,74.49621458295816,False,9.050338745117188,2.0875861644744873,-5.121586322784424,,,,28.12,False,,,"{""telemetry"": 0.8, ""graph"": 202.1}",False,,,,,0.0,,0.014,False,0.0,,0.014,False,0.0,,0.014,False
14.256,71,slm,TOWNSIM_INI,1,evasive,EVADIR_IZQUIERDA,0,74.03090186350134,False,9.393316268920898,2.21475887298584,-5.23831844329834,,,,29.23,False,,,"{""telemetry"": 0.7, ""graph"": 150.2}",False,,,,,0.033,3.73,0.3,False,0.038,3.45,0.3,False,0.045,2.26,0.3,False
14.465,72,slm,TOWNSIM_INI,1,reactive,MANTENER_RUMBO,0,73.56538127689974,False,9.908341407775879,2.4220991134643555,-5.408172607421875,,,,30.65,False,,,"{""telemetry"": 0.8, ""graph"": 158.9}",False,,,,,0.0,,0.0,False,0.0,,0.0,False,0.0,,0.0,False
14.667,73,slm,TOWNSIM_INI,1,reactive,MANTENER_RUMBO,0,73.08630897186562,False,10.337722778320312,2.6076738834381104,-5.55711030960083,,,,30.0,False,,,"{""telemetry"": 1.8, ""graph"": 159.7}",False,,,,,0.0,,0.0,False,0.0,,0.0,False,0.0,,0.0,False
14.863,74,slm,TOWNSIM_INI,1,reactive,MANTENER_RUMBO,0,72.62637218811084,False,10.749836921691895,2.797236204147339,-5.700292587280273,,,,29.84,False,,,"{""telemetry"": 0.7, ""graph"": 156.4}",False,,,,,0.0,,0.0,False,0.0,,0.0,False,0.0,,0.0,False
15.076,75,slm,TOWNSIM_INI,1,reactive,MANTENER_RUMBO,0,72.15264820514206,False,11.17376708984375,3.005683660507202,-5.852478981018066,,,,30.36,False,,,"{""telemetry"": 1.2, ""graph"": 168.1}",False,,,,,0.0,,0.013,False,0.0,,0.013,False,0.0,,0.013,False
15.282,76,slm,TOWNSIM_INI,1,reactive,MANTENER_RUMBO,0,71.66639035325244,False,11.609663009643555,3.2312395572662354,-6.006494045257568,,,,31.16,False,,,"{""telemetry"": 1.5, ""graph"": 173.4}",False,,,,,0.0,,0.015,False,0.0,,0.015,False,0.0,,0.015,False
15.463,77,slm,TOWNSIM_INI,1,reactive,MANTENER_RUMBO,0,71.16158594453981,False,12.050393104553223,3.4676268100738525,-6.158345699310303,,,,32.08,False,,,"{""telemetry"": 1.0, ""graph"": 155.1}",False,,,,,0.0,,0.0,False,0.0,,0.0,False,0.0,,0.0,False
15.661,78,slm,TOWNSIM_INI,1,reactive,MANTENER_RUMBO,0,70.64143671010548,False,12.500550270080566,3.7152111530303955,-6.310286521911621,,,,33.04,False,,,"{""telemetry"": 1.0, ""graph"": 153.0}",False,,,,,0.0,,0.0,False,0.0,,0.0,False,0.0,,0.0,False
15.859,79,slm,TOWNSIM_INI,1,reactive,MANTENER_RUMBO,0,70.10927353639165,False,12.965179443359375,3.975388526916504,-6.4648237228393555,,,,34.03,False,,,"{""telemetry"": 1.0, ""graph"": 150.0}",False,,,,,0.0,,0.0,False,0.0,,0.0,False,0.0,,0.0,False
16.065,80,slm,TOWNSIM_INI,1,reactive,MANTENER_RUMBO,0,69.57623210830461,False,13.413993835449219,4.229947090148926,-6.6104607582092285,,,,34.98,False,,,"{""telemetry"": 0.8, ""graph"": 156.5}",False,,,,,0.0,,0.015,False,0.0,,0.015,False,0.0,,0.015,False
16.262,81,slm,TOWNSIM_INI,1,reactive,MANTENER_RUMBO,0,69.02370462714659,False,13.879237174987793,4.499379634857178,-6.750969409942627,,,,35.87,False,,,"{""telemetry"": 1.2, ""graph"": 152.8}",False,,,,,0.0,,0.072,False,0.0,,0.072,False,0.0,,0.072,False
16.46,82,slm,TOWNSIM_INI,1,reactive,MANTENER_RUMBO,0,68.47325141344209,False,14.359309196472168,4.7872209548950195,-6.89817476272583,,,,36.73,False,,,"{""telemetry"": 0.8, ""graph"": 150.3}",False,,,,,0.0,,0.07,False,0.0,,0.07,False,0.0,,0.07,False
16.696,83,slm,TOWNSIM_INI,1,reactive,MANTENER_RUMBO,0,67.9071336433259,False,14.889481544494629,5.116288661956787,-7.063560485839844,,,,37.65,False,,,"{""telemetry"": 1.2, ""graph"": 185.6}",False,,,,,0.0,,0.101,False,0.0,,0.101,False,0.0,,0.101,False
16.883,84,slm,TOWNSIM_INI,1,reactive,MANTENER_RUMBO,0,67.34359363089833,False,15.354948043823242,5.413227081298828,-7.210871696472168,,,,38.44,False,,,"{""telemetry"": 0.6, ""graph"": 173.0}",False,,,,,0.0,,0.089,False,0.0,,0.089,False,0.0,,0.089,False
17.078,85,slm,TOWNSIM_INI,1,reactive,MANTENER_RUMBO,0,66.76636288730037,False,15.818951606750488,5.71828031539917,-7.3604888916015625,,,,39.12,False,,,"{""telemetry"": 0.7, ""graph"": 168.0}",False,,,,,0.0,,0.008,False,0.0,,0.008,False,0.0,,0.008,False
17.268,86,slm,TOWNSIM_INI,1,reactive,MANTENER_RUMBO,0,66.19266461661596,False,16.266027450561523,6.022895812988281,-7.506711483001709,,,,39.72,False,,,"{""telemetry"": 0.9, ""graph"": 157.5}",False,,,,,0.0,,0.022,False,0.0,,0.022,False,0.0,,0.022,False
17.461,87,slm,TOWNSIM_INI,1,reactive,MANTENER_RUMBO,0,65.62348823818344,False,16.710491180419922,6.335383415222168,-7.653629302978516,,,,40.29,False,,,"{""telemetry"": 1.0, ""graph"": 149.8}",False,,,,,0.0,,0.108,False,0.0,,0.108,False,0.0,,0.108,False
17.687,88,slm,TOWNSIM_INI,1,reactive,MANTENER_RUMBO,0,65.03335335128449,False,17.222763061523438,6.705392360687256,-7.824553489685059,,,,40.94,False,,,"{""telemetry"": 1.1, ""graph"": 175.6}",False,,,,,0.0,,0.109,False,0.0,,0.109,False,0.0,,0.109,False
17.872,89,slm,TOWNSIM_INI,1,reactive,MANTENER_RUMBO,0,64.45825310098088,False,17.65599822998047,7.02484130859375,-7.970300197601318,,,,41.48,False,,,"{""telemetry"": 0.8, ""graph"": 161.1}",False,,,,,0.0,,0.088,False,0.0,,0.088,False,0.0,,0.088,False
18.094,90,slm,TOWNSIM_INI,1,reactive,MANTENER_RUMBO,0,63.863086925397525,False,18.14905548095703,7.3973493576049805,-8.138418197631836,,,,41.99,False,,,"{""telemetry"": 1.4, ""graph"": 182.3}",False,,,,,0.0,,0.0,False,0.0,,0.0,False,0.0,,0.0,False
18.319,91,slm,TOWNSIM_INI,1,reactive,MANTENER_RUMBO,0,63.283176334038934,False,18.67168617248535,7.805716037750244,-8.3189115524292,,,,42.45,False,,,"{""telemetry"": 0.7, ""graph"": 207.7}",False,,,,,0.0,,0.088,False,0.0,,0.088,False,0.0,,0.088,False
18.507,92,slm,TOWNSIM_INI,1,reactive,MANTENER_RUMBO,0,62.656291428783156,False,19.101198196411133,8.15092658996582,-8.468639373779297,,,,42.81,False,,,"{""telemetry"": 0.8, ""graph"": 185.1}",False,,,,,0.0,,0.013,False,0.0,,0.013,False,0.0,,0.013,False
18.708,93,slm,TOWNSIM_INI,1,reactive,MANTENER_RUMBO,0,62.06344182362249,False,19.527973175048828,8.500985145568848,-8.618440628051758,,,,43.17,False,,,"{""telemetry"": 0.9, ""graph"": 185.5}",False,,,,,0.0,,0.008,False,0.0,,0.008,False,0.0,,0.008,False
18.883,94,slm,TOWNSIM_INI,1,reactive,MANTENER_RUMBO,0,61.478266496901334,False,19.939146041870117,8.843545913696289,-8.76356315612793,,,,43.5,False,,,"{""telemetry"": 0.9, ""graph"": 161.0}",False,,,,,0.0,,0.009,False,0.0,,0.009,False,0.0,,0.009,False
19.085,95,slm,TOWNSIM_INI,1,reactive,MANTENER_RUMBO,0,60.874066646718305,False,20.37556266784668,9.21157169342041,-8.918309211730957,,,,43.85,False,,,"{""telemetry"": 0.8, ""graph"": 162.3}",False,,,,,0.0,,0.002,False,0.0,,0.002,False,0.0,,0.002,False
19.287,96,slm,TOWNSIM_INI,1,reactive,MANTENER_RUMBO,0,60.278134838518795,False,20.82400131225586,9.593375205993652,-9.077920913696289,,,,44.22,False,,,"{""telemetry"": 0.8, ""graph"": 164.2}",False,,,,,0.0,,0.009,False,0.0,,0.009,False,0.0,,0.009,False
19.495,97,slm,TOWNSIM_INI,1,reactive,MANTENER_RUMBO,0,59.68166070209986,False,21.298004150390625,10.000051498413086,-9.24721908569336,,,,44.59,False,,,"{""telemetry"": 0.8, ""graph"": 171.9}",False,,,,,0.0,,0.016,False,0.0,,0.016,False,0.0,,0.016,False
19.683,98,slm,TOWNSIM_INI,1,reactive,MANTENER_RUMBO,0,59.08460804307512,False,21.709692001342773,10.358281135559082,-9.395533561706543,,,,44.83,False,,,"{""telemetry"": 0.7, ""graph"": 160.0}",False,,,,,0.0,,0.147,False,0.0,,0.147,False,0.0,,0.147,False
19.907,99,slm,TOWNSIM_INI,1,reactive,MANTENER_RUMBO,0,58.47760707199207,False,22.196443557739258,10.791826248168945,-9.572722434997559,,,,45.05,False,,,"{""telemetry"": 0.8, ""graph"": 183.0}",False,,,,,0.0,,0.019,False,0.0,,0.019,False,0.0,,0.019,False
20.092,100,slm,TOWNSIM_INI,1,reactive,MANTENER_RUMBO,0,57.878889849851284,False,22.620023727416992,11.177729606628418,-9.728269577026367,,,,45.21,False,,,"{""telemetry"": 1.0, ""graph"": 167.5}",False,,,,,0.0,,0.0,False,0.0,,0.0,False,0.0,,0.0,False
20.303,101,slm,TOWNSIM_INI,1,reactive,MANTENER_RUMBO,0,57.28864128671165,False,23.066329956054688,11.591609001159668,-9.89328384399414,,,,45.37,False,,,"{""telemetry"": 0.9, ""graph"": 178.3}",False,,,,,0.0,,0.0,False,0.0,,0.0,False,0.0,,0.0,False
20.486,102,slm,TOWNSIM_INI,1,reactive,MANTENER_RUMBO,0,56.67975069834388,False,23.44580841064453,11.948220252990723,-10.034344673156738,,,,45.5,False,,,"{""telemetry"": 1.0, ""graph"": 160.7}",False,,,,,0.0,,0.0,False,0.0,,0.0,False,0.0,,0.0,False
20.686,103,slm,TOWNSIM_INI,1,reactive,MANTENER_RUMBO,0,56.08868826115813,False,23.862119674682617,12.343316078186035,-10.189708709716797,,,,45.65,False,,,"{""telemetry"": 0.9, ""graph"": 160.3}",False,,,,,0.0,,0.0,False,0.0,,0.0,False,0.0,,0.0,False
20.865,104,slm,TOWNSIM_INI,1,reactive,MANTENER_RUMBO,0,55.4791928492319,False,24.25789451599121,12.721841812133789,-10.337882995605469,,,,45.79,False,,,"{""telemetry"": 1.0, ""graph"": 139.5}",False,,,,,0.0,,0.0,False,0.0,,0.0,False,0.0,,0.0,False
21.087,105,slm,TOWNSIM_INI,1,reactive,MANTENER_RUMBO,0,54.878617746179444,False,24.697216033935547,13.144537925720215,-10.502786636352539,,,,45.94,False,,,"{""telemetry"": 0.8, ""graph"": 161.0}",False,,,,,0.0,,0.106,False,0.0,,0.106,False,0.0,,0.106,False
21.301,106,slm,TOWNSIM_INI,1,deliberative,FRENAR,0,54.268832058224824,False,25.129289627075195,13.562211036682129,-10.665300369262695,,,,46.09,False,,,"{""telemetry"": 0.9, ""graph"": 174.3}",True,2136.8,False,False,True,0.003,1.46,0.245,False,0.089,0.48,0.245,False,0.019,0.1,0.245,False
21.49,107,slm,TOWNSIM_INI,1,deliberative,FRENAR,0,53.66807902051479,False,25.522480010986328,13.943531036376953,-10.80766773223877,,,,46.25,False,,,"{""telemetry"": 0.6, ""graph"": 163.3}",True,2136.8,False,False,True,0.053,1.18,0.259,False,0.037,0.23,0.259,False,0.047,0.11,0.259,False
21.697,108,slm,TOWNSIM_INI,1,deliberative,FRENAR,0,53.09758479853862,False,25.775712966918945,14.185575485229492,-10.866727828979492,,,,46.68,False,,,"{""telemetry"": 0.9, ""graph"": 170.1}",True,2136.8,False,False,True,0.0,,0.08,False,0.0,,0.08,False,0.0,,0.08,False
21.878,109,slm,TOWNSIM_INI,1,deliberative,FRENAR,0,53.19966660506868,False,25.706212997436523,14.121208190917969,-10.84756851196289,,,,48.17,False,,,"{""telemetry"": 1.0, ""graph"": 150.6}",True,2136.8,False,False,True,0.0,2.52,0.701,False,0.007,7.17,0.701,False,0.004,11.18,0.701,False
22.086,110,slm,TOWNSIM_INI,1,deliberative,FRENAR,0,53.16707110003036,False,25.72911834716797,14.13706111907959,-10.852869987487793,,,,49.64,False,,,"{""telemetry"": 0.9, ""graph"": 158.6}",True,2136.8,False,False,True,0.01,0.89,0.33,False,0.014,0.27,0.33,False,0.041,0.44,0.33,False
22.311,111,slm,TOWNSIM_INI,1,deliberative,FRENAR,0,53.149070974187204,False,25.7612247467041,14.155961990356445,-10.856943130493164,,,,50.57,False,,,"{""telemetry"": 0.9, ""graph"": 182.7}",True,2136.8,False,False,True,0.023,0.73,0.45,True,0.01,0.14,0.45,True,0.027,0.53,0.45,True
22.517,112,slm,TOWNSIM_INI,1,deliberative,FRENAR,0,53.1164871165915,False,25.78220558166504,14.166669845581055,-10.857582092285156,,,,51.01,False,,,"{""telemetry"": 1.0, ""graph"": 188.4}",True,2136.8,False,False,True,0.014,0.94,0.333,False,0.01,0.24,0.333,False,0.018,0.62,0.333,False
22.691,113,slm,TOWNSIM_INI,1,deliberative,FRENAR,0,53.1043461609635,False,25.797203063964844,14.173587799072266,-10.856989860534668,,,,51.22,False,,,"{""telemetry"": 0.8, ""graph"": 162.6}",True,2136.8,False,False,True,0.009,1.34,0.394,True,0.007,0.41,0.394,True,0.021,1.04,0.394,True
22.921,114,slm,TOWNSIM_INI,1,deliberative,FRENAR,0,53.09756791008901,False,25.804777145385742,14.17674732208252,-10.85615348815918,,,,51.36,False,,,"{""telemetry"": 1.1, ""graph"": 191.2}",True,2136.8,False,False,True,0.009,2.79,0.236,False,0.007,0.83,0.236,False,0.015,1.61,0.236,False
23.058,115,slm,TOWNSIM_INI,1,deliberative,FRENAR,0,53.09133217694641,False,25.811695098876953,14.179447174072266,-10.854992866516113,,,,51.41,False,,,"{""telemetry"": 1.9, ""graph"": 127.8}",True,2136.8,False,False,True,0.0,,0.0,False,0.0,,0.0,False,0.0,,0.0,False
23.27,116,slm,TOWNSIM_INI,1,deliberative,FRENAR,0,53.08756725415164,False,25.815649032592773,14.180883407592773,-10.853988647460938,,,,51.44,False,,,"{""telemetry"": 0.9, ""graph"": 140.0}",True,2136.8,False,False,True,0.0,,0.0,False,0.0,,0.0,False,0.0,,0.0,False
23.481,117,slm,TOWNSIM_INI,1,deliberative,FRENAR,0,53.084046936398614,False,25.81975746154785,14.182341575622559,-10.852728843688965,,,,51.46,False,,,"{""telemetry"": 0.8, ""graph"": 151.3}",True,2136.8,False,False,True,0.0,,0.143,False,0.0,,0.143,False,0.0,,0.143,False
23.716,118,slm,TOWNSIM_INI,1,deliberative,EVADIR_IZQUIERDA,0,53.081593486188666,False,25.822996139526367,14.183467864990234,-10.851462364196777,,,,51.47,False,,,"{""telemetry"": 0.8, ""graph"": 186.0}",True,2264.3,False,False,True,0.0,,0.137,False,0.0,,0.137,False,0.0,,0.137,False
23.901,119,slm,TOWNSIM_INI,1,deliberative,FRENAR,0,53.07990323711265,False,25.825145721435547,14.184430122375488,-10.862946510314941,,,,51.34,False,,,"{""telemetry"": 0.9, ""graph"": 170.4}",True,2264.3,False,False,True,0.003,19.82,0.151,False,0.004,1.74,0.151,False,0.002,4.79,0.151,False
24.079,120,slm,TOWNSIM_INI,1,deliberative,FRENAR,0,53.066147088002836,False,25.828580856323242,14.185043334960938,-10.897357940673828,,,,50.7,False,,,"{""telemetry"": 2.1, ""graph"": 146.6}",True,2264.3,False,False,True,0.0,,0.0,False,0.0,,0.0,False,0.0,,0.0,False
24.286,121,slm,TOWNSIM_INI,1,deliberative,FRENAR,0,53.07164676046407,False,25.827495574951172,14.176921844482422,-10.864824295043945,,,,50.49,False,,,"{""telemetry"": 1.4, ""graph"": 153.4}",True,2264.3,False,False,True,0.0,,0.0,False,0.0,,0.0,False,0.0,,0.0,False
24.489,122,slm,TOWNSIM_INI,1,deliberative,FRENAR,0,53.077788301270516,False,25.835586547851562,14.177721977233887,-10.8623046875,,,,50.46,False,,,"{""telemetry"": 1.0, ""graph"": 156.8}",True,2264.3,False,False,True,0.0,,0.0,False,0.0,,0.0,False,0.0,,0.0,False
24.681,123,slm,TOWNSIM_INI,1,deliberative,FRENAR,0,53.077176194069146,False,25.834936141967773,14.175335884094238,-10.860006332397461,,,,50.47,False,,,"{""telemetry"": 1.1, ""graph"": 147.7}",True,2264.3,False,False,True,0.0,,0.102,False,0.0,,0.102,False,0.0,,0.102,False
24.904,124,slm,TOWNSIM_INI,1,deliberative,FRENAR,0,53.07378325913394,False,25.83694076538086,14.17561149597168,-10.859102249145508,,,,50.5,False,,,"{""telemetry"": 1.0, ""graph"": 170.7}",True,2264.3,False,False,True,0.001,23.16,0.153,False,0.002,3.97,0.153,False,0.012,9.89,0.153,False
25.116,125,slm,TOWNSIM_INI,1,deliberative,FRENAR,0,53.07372230597982,False,25.837932586669922,14.175816535949707,-10.858656883239746,,,,50.52,False,,,"{""telemetry"": 1.0, ""graph"": 182.1}",True,2264.3,False,False,True,0.002,18.2,0.19,False,0.006,2.46,0.19,False,0.009,3.62,0.19,False
25.292,126,slm,TOWNSIM_INI,1,deliberative,FRENAR,0,53.07395463079256,False,25.837385177612305,14.175508499145508,-10.858697891235352,,,,50.54,False,,,"{""telemetry"": 1.2, ""graph"": 158.1}",True,2264.3,False,False,True,0.002,38.63,0.345,False,0.003,3.14,0.345,False,0.003,9.47,0.345,False
25.517,127,slm,TOWNSIM_INI,1,deliberative,FRENAR,0,53.07368230080897,False,25.838132858276367,14.175895690917969,-10.858497619628906,,,,50.55,False,,,"{""telemetry"": 0.8, ""graph"": 182.8}",True,2264.3,False,False,True,0.0,40.65,0.265,False,0.005,2.93,0.265,False,0.001,7.77,0.265,False
25.68,128,slm,TOWNSIM_INI,1,deliberative,FRENAR,0,53.07313898679487,False,25.838912963867188,14.176294326782227,-10.858177185058594,,,,50.56,False,,,"{""telemetry"": 0.9, ""graph"": 144.9}",True,2264.3,False,False,True,0.0,69.29,0.157,False,0.0,7.29,0.16,False,0.001,10.2,0.159,False
25.907,129,slm,TOWNSIM_INI,1,deliberative,FRENAR,0,53.072419985641965,False,25.83976173400879,14.17673397064209,-10.857646942138672,,,,50.56,False,,,"{""telemetry"": 0.9, ""graph"": 171.4}",True,2264.3,False,False,True,0.0,62.98,0.164,False,0.0,6.08,0.176,False,0.018,3.36,0.176,False
26.109,130,slm,TOWNSIM_INI,1,deliberative,GANAR_ALTURA,0,53.07194953611523,False,25.84034538269043,14.177031517028809,-10.857128143310547,,,,50.56,False,,,"{""telemetry"": 1.1, ""graph"": 173.3}",True,2103.1,False,False,True,0.0,,0.088,False,0.0,,0.114,False,0.0,,0.115,False
26.358,131,slm,TOWNSIM_INI,1,evasive,GANAR_ALTURA,0,53.071660037310345,False,25.840843200683594,14.177286148071289,-10.850013732910156,,,,50.53,False,,,"{""telemetry"": 0.8, ""graph"": 221.5}",False,,,,,0.0,90.1,0.153,False,0.0,12.43,0.164,False,0.001,11.19,0.163,False
26.556,132,slm,TOWNSIM_INI,1,deliberative,FRENAR,0,53.07617978855405,False,25.84110450744629,14.177419662475586,-10.83790397644043,,,,50.38,False,,,"{""telemetry"": 0.8, ""graph"": 195.4}",True,2103.1,False,False,True,0.003,7.76,0.691,False,0.003,1.37,0.691,True,0.001,1.19,0.691,True
26.746,133,slm,TOWNSIM_INI,1,deliberative,FRENAR,0,53.07962117807703,False,25.84134864807129,14.177519798278809,-10.828490257263184,,,,50.17,False,,,"{""telemetry"": 0.7, ""graph"": 184.5}",True,2103.1,False,False,True,0.003,10.93,0.639,False,0.004,1.9,0.639,True,0.003,0.95,0.639,True
26.924,134,slm,TOWNSIM_INI,1,deliberative,FRENAR,0,53.08471524887485,False,25.841487884521484,14.177582740783691,-10.812126159667969,,,,50.05,False,,,"{""telemetry"": 0.9, ""graph"": 162.3}",True,2103.1,False,False,True,0.0,,0.0,False,0.0,,0.0,False,0.0,,0.0,False
27.132,135,slm,TOWNSIM_INI,1,deliberative,FRENAR,0,53.09006245199473,False,25.84161949157715,14.177648544311523,-10.797563552856445,,,,49.99,False,,,"{""telemetry"": 1.0, ""graph"": 169.2}",True,2103.1,False,False,True,0.0,,0.0,False,0.0,,0.0,False,0.0,,0.0,False
27.311,136,slm,TOWNSIM_INI,1,deliberative,FRENAR,0,53.09447711824646,False,25.841733932495117,14.17766284942627,-10.787222862243652,,,,49.97,False,,,"{""telemetry"": 1.3, ""graph"": 147.7}",True,2103.1,False,False,True,0.0,,0.0,False,0.0,,0.0,False,0.0,,0.0,False
27.525,137,slm,TOWNSIM_INI,1,deliberative,FRENAR,0,53.098021179945526,False,25.841846466064453,14.17766284942627,-10.777484893798828,,,,49.95,False,,,"{""telemetry"": 1.3, ""graph"": 161.5}",True,2103.1,False,False,True,0.0,,0.0,False,0.0,,0.0,False,0.0,,0.0,False
27.726,138,slm,TOWNSIM_INI,1,deliberative,FRENAR,0,53.10100061770638,False,25.841846466064453,14.17766284942627,-10.769608497619629,,,,49.95,False,,,"{""telemetry"": 1.3, ""graph"": 162.3}",True,2103.1,False,False,True,0.0,,0.0,False,0.0,,0.0,False,0.0,,0.0,False
27.937,139,slm,TOWNSIM_INI,1,deliberative,FRENAR,0,53.10341337857453,False,25.841846466064453,14.17766284942627,-10.763294219970703,,,,49.95,False,,,"{""telemetry"": 1.0, ""graph"": 173.1}",True,2103.1,False,False,True,0.0,,0.0,False,0.0,,0.0,False,0.0,,0.0,False
28.139,140,slm,TOWNSIM_INI,1,deliberative,FRENAR,0,53.105396350819106,False,25.841846466064453,14.17766284942627,-10.75812816619873,,,,49.95,False,,,"{""telemetry"": 1.0, ""graph"": 174.3}",True,2103.1,False,False,True,0.0,,0.0,False,0.0,,0.0,False,0.0,,0.0,False
28.342,141,slm,TOWNSIM_INI,1,deliberative,FRENAR,0,53.10705668971134,False,25.841846466064453,14.17766284942627,-10.754277229309082,,,,49.94,False,,,"{""telemetry"": 1.8, ""graph"": 176.3}",True,2103.1,False,False,True,0.001,23.97,0.61,False,0.0,3.94,0.61,False,0.003,3.86,0.61,False
28.556,142,slm,TOWNSIM_INI,1,deliberative,FRENAR,0,53.10841216785647,False,25.841846466064453,14.17766284942627,-10.750640869140625,,,,49.94,False,,,"{""telemetry"": 2.6, ""graph"": 189.5}",True,2103.1,False,False,True,0.001,28.97,0.629,False,0.001,4.81,0.629,False,0.001,4.19,0.629,False
28.718,143,slm,TOWNSIM_INI,1,deliberative,FRENAR,0,53.10954559509723,False,25.841846466064453,14.17766284942627,-10.747941017150879,,,,49.94,False,,,"{""telemetry"": 1.5, ""graph"": 152.6}",True,2103.1,False,False,True,0.0,,0.0,False,0.0,,0.0,False,0.0,,0.0,False
28.937,144,slm,TOWNSIM_INI,1,deliberative,GANAR_ALTURA,0,53.11049940175244,False,25.841846466064453,14.17766284942627,-10.745285987854004,,,,49.94,False,,,"{""telemetry"": 1.3, ""graph"": 171.6}",True,2294.4,False,False,True,0.0,,0.0,False,0.0,,0.0,False,0.0,,0.0,False
29.115,145,slm,TOWNSIM_INI,1,evasive,GANAR_ALTURA,0,53.111308791515235,False,25.841846466064453,14.17766284942627,-10.741141319274902,,,,49.94,False,,,"{""telemetry"": 0.7, ""graph"": 149.0}",False,,,,,0.0,,0.0,False,0.0,,0.0,False,0.0,,0.0,False
29.353,146,slm,TOWNSIM_INI,1,deliberative,FRENAR,0,53.11583990515271,False,25.841846466064453,14.17766284942627,-10.726144790649414,,,,49.81,False,,,"{""telemetry"": 0.8, ""graph"": 187.3}",True,2294.4,False,False,True,0.003,8.38,0.664,False,0.001,1.77,0.664,True,0.001,1.71,0.664,True
29.574,147,slm,TOWNSIM_INI,1,deliberative,FRENAR,0,53.11978547959245,False,25.841846466064453,14.17766284942627,-10.714615821838379,,,,49.62,False,,,"{""telemetry"": 0.9, ""graph"": 207.4}",True,2294.4,False,False,True,0.002,11.2,0.753,False,0.002,2.3,0.753,True,0.001,1.76,0.753,True
29.749,148,slm,TOWNSIM_INI,1,deliberative,FRENAR,0,53.12529493534607,False,25.841846466064453,14.17766284942627,-10.698534965515137,,,,49.52,False,,,"{""telemetry"": 1.1, ""graph"": 172.3}",True,2294.4,False,False,True,0.0,,0.0,False,0.0,,0.0,False,0.0,,0.0,False
29.969,149,slm,TOWNSIM_INI,1,deliberative,FRENAR,0,53.13075512430439,False,25.841846466064453,14.17766284942627,-10.684027671813965,,,,49.47,False,,,"{""telemetry"": 0.8, ""graph"": 191.9}",True,2294.4,False,False,True,0.0,,0.0,False,0.0,,0.0,False,0.0,,0.0,False
30.129,150,slm,TOWNSIM_INI,1,deliberative,FRENAR,0,53.13527082018134,False,25.841846466064453,14.17766284942627,-10.67451000213623,,,,49.46,False,,,"{""telemetry"": 1.3, ""graph"": 151.9}",True,2294.4,False,False,True,0.0,,0.0,False,0.0,,0.0,False,0.0,,0.0,False
30.329,151,slm,TOWNSIM_INI,1,deliberative,FRENAR,0,53.138885191213085,False,25.841846466064453,14.17766284942627,-10.665226936340332,,,,49.45,False,,,"{""telemetry"": 1.1, ""graph"": 152.0}",True,2294.4,False,False,True,0.0,,0.0,False,0.0,,0.0,False,0.0,,0.0,False
30.542,152,slm,TOWNSIM_INI,1,deliberative,FRENAR,0,53.14183580982874,False,25.841846466064453,14.17766284942627,-10.657334327697754,,,,49.44,False,,,"{""telemetry"": 1.3, ""graph"": 164.6}",True,2294.4,False,False,True,0.0,,0.0,False,0.0,,0.0,False,0.0,,0.0,False
30.771,153,slm,TOWNSIM_INI,1,deliberative,FRENAR,0,53.14428442691361,False,25.841846466064453,14.17766284942627,-10.651008605957031,,,,49.44,False,,,"{""telemetry"": 0.9, ""graph"": 193.7}",True,2294.4,False,False,True,0.001,17.89,0.834,False,0.0,3.55,0.834,False,0.0,2.16,0.834,True
30.993,154,slm,TOWNSIM_INI,1,deliberative,FRENAR,0,53.146263924150425,False,25.841846466064453,14.17766284942627,-10.644820213317871,,,,49.44,False,,,"{""telemetry"": 0.9, ""graph"": 215.1}",True,2294.4,False,False,True,0.0,,0.0,False,0.0,,0.0,False,0.0,,0.0,False
31.176,155,slm,TOWNSIM_INI,1,deliberative,FRENAR,0,53.14803306740722,False,25.841846466064453,14.17766284942627,-10.641120910644531,,,,49.44,False,,,"{""telemetry"": 0.7, ""graph"": 181.1}",True,2294.4,False,False,True,0.0,,0.0,False,0.0,,0.0,False,0.0,,0.0,False
31.375,156,slm,TOWNSIM_INI,1,deliberative,FRENAR,0,53.1493683413658,False,25.841846466064453,14.17766284942627,-10.6379976272583,,,,49.44,False,,,"{""telemetry"": 1.0, ""graph"": 179.9}",True,2294.4,False,False,True,0.001,33.13,0.687,False,0.0,5.28,0.687,False,0.0,2.52,0.687,False
31.595,157,slm,TOWNSIM_INI,1,deliberative,FRENAR,0,53.15050057813849,False,25.841846466064453,14.17766284942627,-10.63498592376709,,,,49.44,False,,,"{""telemetry"": 1.4, ""graph"": 198.8}",True,2294.4,False,False,True,0.0,40.22,0.83,False,0.0,7.98,0.838,False,0.0,5.87,0.838,False
31.75,158,slm,TOWNSIM_INI,1,deliberative,GANAR_ALTURA,0,53.151451584247475,False,25.841846466064453,14.17766284942627,-10.632798194885254,,,,49.44,False,,,"{""telemetry"": 1.2, ""graph"": 151.8}",True,2280.6,False,False,True,0.0,,0.0,False,0.0,,0.0,False,0.0,,0.0,False
31.962,159,slm,TOWNSIM_INI,1,evasive,GANAR_ALTURA,0,53.15224666479706,False,25.841846466064453,14.17766284942627,-10.628339767456055,,,,49.43,False,,,"{""telemetry"": 1.0, ""graph"": 163.0}",False,,,,,0.0,53.71,0.56,False,0.0,7.24,0.611,False,0.0,7.46,0.611,False
32.197,160,slm,TOWNSIM_INI,1,deliberative,FRENAR,0,53.15678998214137,False,25.841846466064453,14.17766284942627,-10.613204956054688,,,,49.32,False,,,"{""telemetry"": 0.7, ""graph"": 198.1}",True,2280.6,False,False,True,0.002,9.54,0.595,False,0.0,1.79,0.595,True,0.0,1.57,0.595,True
32.373,161,slm,TOWNSIM_INI,1,deliberative,FRENAR,0,53.16075798394793,False,25.841846466064453,14.17766284942627,-10.60322093963623,,,,49.17,False,,,"{""telemetry"": 0.9, ""graph"": 172.7}",True,2280.6,False,False,True,0.0,,0.0,False,0.0,,0.0,False,0.0,,0.0,False
32.563,162,slm,TOWNSIM_INI,1,deliberative,FRENAR,0,53.166021370934956,False,25.841846466064453,14.17766284942627,-10.587326049804688,,,,49.08,False,,,"{""telemetry"": 0.7, ""graph"": 163.2}",True,2280.6,False,False,True,0.0,,0.0,False,0.0,,0.0,False,0.0,,0.0,False
32.76,163,slm,TOWNSIM_INI,1,deliberative,FRENAR,0,53.17163160944344,False,25.841846466064453,14.17766284942627,-10.57349967956543,,,,49.04,False,,,"{""telemetry"": 0.7, ""graph"": 159.3}",True,2280.6,False,False,True,0.0,,0.0,False,0.0,,0.0,False,0.0,,0.0,False
32.969,164,slm,TOWNSIM_INI,1,deliberative,FRENAR,0,53.17613658158431,False,25.841846466064453,14.17766284942627,-10.561910629272461,,,,49.03,False,,,"{""telemetry"": 0.8, ""graph"": 168.3}",True,2280.6,False,False,True,0.0,,0.0,False,0.0,,0.0,False,0.0,,0.0,False
33.168,165,slm,TOWNSIM_INI,1,deliberative,FRENAR,0,53.179802247748164,False,25.841846466064453,14.17766284942627,-10.552250862121582,,,,49.02,False,,,"{""telemetry"": 0.9, ""graph"": 167.2}",True,2280.6,False,False,True,0.0,,0.0,False,0.0,,0.0,False,0.0,,0.0,False
33.384,166,slm,TOWNSIM_INI,1,deliberative,FRENAR,0,53.182835722006125,False,25.841846466064453,14.17766284942627,-10.544633865356445,,,,49.01,False,,,"{""telemetry"": 1.4, ""graph"": 182.2}",True,2280.6,False,False,True,0.001,16.55,0.731,False,0.0,3.12,0.731,False,0.0,1.87,0.731,True
33.596,167,slm,TOWNSIM_INI,1,deliberative,FRENAR,0,53.185311320261945,False,25.841846466064453,14.17766284942627,-10.538244247436523,,,,49.01,False,,,"{""telemetry"": 1.1, ""graph"": 193.9}",True,2280.6,False,False,True,0.001,21.26,0.77,False,0.0,3.81,0.77,False,0.0,2.64,0.77,False
33.796,168,slm,TOWNSIM_INI,1,deliberative,FRENAR,0,53.187312299185194,False,25.841846466064453,14.17766284942627,-10.533442497253418,,,,49.01,False,,,"{""telemetry"": 1.6, ""graph"": 193.0}",True,2280.6,False,False,True,0.001,24.09,0.593,False,0.0,3.12,0.593,False,0.0,3.31,0.593,False
33.978,169,slm,TOWNSIM_INI,1,deliberative,FRENAR,0,53.188987018833785,False,25.841846466064453,14.17766284942627,-10.529378890991211,,,,49.01,False,,,"{""telemetry"": 1.0, ""graph"": 174.9}",True,2280.6,False,False,True,0.0,30.21,0.686,False,0.0,5.15,0.686,False,0.0,4.32,0.686,False
34.172,170,slm,TOWNSIM_INI,1,deliberative,FRENAR,0,53.19035552968885,False,25.841846466064453,14.17766284942627,-10.525832176208496,,,,49.01,False,,,"{""telemetry"": 1.2, ""graph"": 168.3}",True,2280.6,False,False,True,0.0,36.29,0.67,False,0.0,6.41,0.67,False,0.0,4.69,0.67,False
34.385,171,slm,TOWNSIM_INI,1,deliberative,FRENAR,0,53.191514403367385,False,25.841846466064453,14.17766284942627,-10.522708892822266,,,,49.01,False,,,"{""telemetry"": 1.1, ""graph"": 181.0}",True,2280.6,False,False,True,0.0,45.67,0.592,False,0.0,7.45,0.592,False,0.0,6.62,0.592,False
34.581,172,slm,TOWNSIM_INI,1,deliberative,FRENAR,0,53.19247402810915,False,25.841846466064453,14.17766284942627,-10.520306587219238,,,,49.01,False,,,"{""telemetry"": 1.0, ""graph"": 176.9}",True,2280.6,False,False,True,0.001,52.37,0.609,False,0.0,8.7,0.618,False,0.0,8.07,0.618,False
34.79,173,slm,TOWNSIM_INI,1,deliberative,GANAR_ALTURA,0,53.19328916837082,False,25.841846466064453,14.17766284942627,-10.518136978149414,,,,49.01,False,,,"{""telemetry"": 1.2, ""graph"": 186.4}",True,2388.3,False,False,True,0.001,60.58,0.574,False,0.0,9.66,0.657,False,0.0,7.81,0.657,False
34.964,174,slm,TOWNSIM_INI,1,evasive,GANAR_ALTURA,0,53.193996806239284,False,25.841846466064453,14.17766284942627,-10.513476371765137,,,,49.0,False,,,"{""telemetry"": 1.4, ""graph"": 159.3}",False,,,,,0.0,71.97,0.427,False,0.0,14.34,0.492,False,0.0,10.94,0.492,False
35.162,175,slm,TOWNSIM_INI,1,deliberative,FRENAR,0,53.19845988674604,False,25.841846466064453,14.17766284942627,-10.50019359588623,,,,48.92,False,,,"{""telemetry"": 0.9, ""graph"": 157.5}",True,2388.3,False,False,True,0.001,10.12,0.419,False,0.0,1.45,0.419,True,0.0,1.41,0.419,True
35.358,176,slm,TOWNSIM_INI,1,deliberative,FRENAR,0,53.202493899021924,False,25.841846466064453,14.17766284942627,-10.489540100097656,,,,48.78,False,,,"{""telemetry"": 1.2, ""graph"": 152.7}",True,2388.3,False,False,True,0.0,,0.0,False,0.0,,0.0,False,0.0,,0.0,False
35.567,177,slm,TOWNSIM_INI,1,deliberative,FRENAR,0,53.2077942420612,False,25.841846466064453,14.17766284942627,-10.471781730651855,,,,48.7,False,,,"{""telemetry"": 0.7, ""graph"": 161.4}",True,2388.3,False,False,True,0.0,,0.0,False,0.0,,0.0,False,0.0,,0.0,False
35.738,178,slm,TOWNSIM_INI,1,deliberative,FRENAR,0,53.21343128545915,False,25.841846466064453,14.17766284942627,-10.459742546081543,,,,48.67,False,,,"{""telemetry"": 0.8, ""graph"": 132.2}",True,2388.3,False,False,True,0.0,,0.0,False,0.0,,0.0,False,0.0,,0.0,False
35.947,179,slm,TOWNSIM_INI,1,deliberative,FRENAR,0,53.217956713570196,False,25.841846466064453,14.17766284942627,-10.447772026062012,,,,48.65,False,,,"{""telemetry"": 1.4, ""graph"": 140.0}",True,2388.3,False,False,True,0.0,,0.0,False,0.0,,0.0,False,0.0,,0.0,False
36.163,180,slm,TOWNSIM_INI,1,deliberative,FRENAR,0,53.2216900700761,False,25.841846466064453,14.17766284942627,-10.437615394592285,,,,48.65,False,,,"{""telemetry"": 1.1, ""graph"": 155.8}",True,2388.3,False,False,True,0.0,,0.0,False,0.0,,0.0,False,0.0,,0.0,False
36.372,181,slm,TOWNSIM_INI,1,deliberative,FRENAR,0,53.22472844864308,False,25.841846466064453,14.17766284942627,-10.430500984191895,,,,48.64,False,,,"{""telemetry"": 1.3, ""graph"": 164.0}",True,2388.3,False,False,True,0.001,19.22,0.702,False,0.0,3.55,0.702,False,0.0,2.81,0.702,False
36.575,182,slm,TOWNSIM_INI,1,deliberative,FRENAR,0,53.227175241275845,False,25.841846466064453,14.17766284942627,-10.424198150634766,,,,48.64,False,,,"{""telemetry"": 1.1, ""graph"": 167.0}",True,2388.3,False,False,True,0.001,23.84,0.444,False,0.0,3.59,0.444,False,0.0,3.19,0.444,False
36.739,183,slm,TOWNSIM_INI,1,deliberative,FRENAR,0,53.229185669961986,False,25.841846466064453,14.17766284942627,-10.41966438293457,,,,48.64,False,,,"{""telemetry"": 1.2, ""graph"": 130.0}",True,2388.3,False,False,True,0.0,,0.0,False,0.0,,0.0,False,0.0,,0.0,False
36.962,184,slm,TOWNSIM_INI,1,deliberative,FRENAR,0,53.23084537585817,False,25.841846466064453,14.17766284942627,-10.415308952331543,,,,48.64,False,,,"{""telemetry"": 1.1, ""graph"": 152.5}",True,2388.3,False,False,True,0.0,35.31,0.689,False,0.0,4.99,0.689,False,0.0,4.34,0.689,False
37.164,185,slm,TOWNSIM_INI,1,deliberative,FRENAR,0,53.23224257758213,False,25.841846466064453,14.17766284942627,-10.411515235900879,,,,48.64,False,,,"{""telemetry"": 1.0, ""graph"": 154.5}",True,2388.3,False,False,True,0.0,,0.0,False,0.0,,0.0,False,0.0,,0.0,False
37.366,186,slm,TOWNSIM_INI,1,deliberative,FRENAR,0,53.23339153216537,False,25.841846466064453,14.17766284942627,-10.408744812011719,,,,48.64,False,,,"{""telemetry"": 0.9, ""graph"": 156.3}",True,2388.3,False,False,True,0.0,51.24,0.667,False,0.0,6.73,0.667,False,0.0,5.57,0.667,False
37.561,187,slm,TOWNSIM_INI,1,deliberative,GANAR_ALTURA,0,53.23437111113822,False,25.841846466064453,14.17766284942627,-10.40611457824707,,,,48.64,False,,,"{""telemetry"": 0.9, ""graph"": 151.4}",True,2311.4,False,False,True,0.0,,0.0,False,0.0,,0.0,False,0.0,,0.0,False
37.776,188,slm,TOWNSIM_INI,1,evasive,GANAR_ALTURA,0,53.23519003057498,False,25.841846466064453,14.17766284942627,-10.400516510009766,,,,48.63,False,,,"{""telemetry"": 0.8, ""graph"": 166.3}",False,,,,,0.0,58.51,0.261,False,0.0,10.37,0.313,False,0.0,10.16,0.313,False
37.962,189,slm,TOWNSIM_INI,1,deliberative,FRENAR,0,53.23978947685578,False,25.841846466064453,14.17766284942627,-10.388099670410156,,,,48.57,False,,,"{""telemetry"": 1.0, ""graph"": 152.0}",True,2311.4,False,False,True,0.001,13.15,0.466,False,0.0,2.24,0.466,True,0.0,1.91,0.466,True
38.173,190,slm,TOWNSIM_INI,1,deliberative,FRENAR,0,53.243752600138734,False,25.841846466064453,14.17766284942627,-10.376980781555176,,,,48.44,False,,,"{""telemetry"": 0.9, ""graph"": 162.2}",True,2311.4,False,False,True,0.001,15.5,0.663,False,0.0,2.48,0.663,True,0.0,1.81,0.663,True
38.384,191,slm,TOWNSIM_INI,1,deliberative,GANAR_ALTURA,0,53.249110596173146,False,25.841846466064453,14.17766284942627,-10.3596830368042,,,,48.38,False,,,"{""telemetry"": 0.9, ""graph"": 172.8}",True,2311.4,False,False,True,0.0,,0.0,False,0.0,,0.0,False,0.0,,0.0,False
38.576,192,slm,TOWNSIM_INI,1,deliberative,FRENAR,0,53.254692981420504,False,25.841846466064453,14.17766284942627,-10.346100807189941,,,,48.34,False,,,"{""telemetry"": 0.7, ""graph"": 164.8}",True,2311.4,False,False,True,0.001,11.04,0.519,False,0.0,1.93,0.519,True,0.001,1.57,0.519,True
38.763,193,slm,TOWNSIM_INI,1,deliberative,FRENAR,0,53.260236128515025,False,25.841846466064453,14.17766284942627,-10.330726623535156,,,,48.27,False,,,"{""telemetry"": 0.8, ""graph"": 151.1}",True,2311.4,False,False,True,0.0,,0.0,False,0.0,,0.0,False,0.0,,0.0,False
38.963,194,slm,TOWNSIM_INI,1,deliberative,FRENAR,0,53.266141952062256,False,25.841846466064453,14.17766284942627,-10.31432056427002,,,,48.22,False,,,"{""telemetry"": 1.3, ""graph"": 150.6}",True,2311.4,False,False,True,0.0,,0.0,False,0.0,,0.0,False,0.0,,0.0,False
39.164,195,slm,TOWNSIM_INI,1,deliberative,FRENAR,0,53.27172755486372,False,25.841846466064453,14.17766284942627,-10.300268173217773,,,,48.2,False,,,"{""telemetry"": 0.8, ""graph"": 150.9}",True,2311.4,False,False,True,0.0,,0.0,False,0.0,,0.0,False,0.0,,0.0,False
39.383,196,slm,TOWNSIM_INI,1,deliberative,FRENAR,0,53.276203499980554,False,25.841846466064453,14.17766284942627,-10.288619041442871,,,,48.19,False,,,"{""telemetry"": 1.0, ""graph"": 169.7}",True,2311.4,False,False,True,0.0,,0.0,False,0.0,,0.0,False,0.0,,0.0,False
39.559,197,slm,TOWNSIM_INI,1,deliberative,FRENAR,0,53.27989656536087,False,25.841846466064453,14.17766284942627,-10.280709266662598,,,,48.18,False,,,"{""telemetry"": 1.1, ""graph"": 145.1}",True,2311.4,False,False,True,0.0,,0.0,False,0.0,,0.0,False,0.0,,0.0,False
39.758,198,slm,TOWNSIM_INI,1,deliberative,FRENAR,0,53.282902098386614,False,25.841846466064453,14.17766284942627,-10.27306079864502,,,,48.18,False,,,"{""telemetry"": 0.9, ""graph"": 144.1}",True,2311.4,False,False,True,0.0,,0.0,False,0.0,,0.0,False,0.0,,0.0,False
39.959,199,slm,TOWNSIM_INI,1,deliberative,FRENAR,0,53.28532283161799,False,25.841846466064453,14.17766284942627,-10.266827583312988,,,,48.18,False,,,"{""telemetry"": 1.2, ""graph"": 144.0}",True,2311.4,False,False,True,0.0,,0.0,False,0.0,,0.0,False,0.0,,0.0,False
40.18,200,slm,TOWNSIM_INI,1,deliberative,FRENAR,0,53.287340520408954,False,25.841846466064453,14.17766284942627,-10.261723518371582,,,,48.18,False,,,"{""telemetry"": 2.0, ""graph"": 164.3}",True,2311.4,False,False,True,0.001,30.5,0.471,False,0.0,5.31,0.471,False,0.0,4.77,0.471,False
40.404,201,slm,TOWNSIM_INI,1,deliberative,FRENAR,0,53.28898066599427,False,25.841846466064453,14.17766284942627,-10.257298469543457,,,,48.18,False,,,"{""telemetry"": 1.7, ""graph"": 187.8}",True,2311.4,False,False,True,0.001,38.93,0.456,False,0.0,6.18,0.456,False,0.0,5.03,0.456,False
40.602,202,slm,TOWNSIM_INI,1,deliberative,FRENAR,0,53.290342690785636,False,25.841846466064453,14.17766284942627,-10.254229545593262,,,,48.18,False,,,"{""telemetry"": 1.3, ""graph"": 185.7}",True,2311.4,False,False,True,0.001,41.3,0.354,False,0.0,5.62,0.354,False,0.0,4.93,0.354,False
40.759,203,slm,TOWNSIM_INI,1,deliberative,FRENAR,0,53.291417979285086,False,25.841846466064453,14.17766284942627,-10.251775741577148,,,,48.18,False,,,"{""telemetry"": 1.3, ""graph"": 142.1}",True,2311.4,False,False,True,0.001,51.68,0.585,False,0.0,7.44,0.586,False,0.0,5.64,0.586,False
40.963,204,slm,TOWNSIM_INI,1,deliberative,FRENAR,0,53.292387375237396,False,25.841846466064453,14.17766284942627,-10.249302864074707,,,,48.18,False,,,"{""telemetry"": 1.0, ""graph"": 145.5}",True,2311.4,False,False,True,0.001,58.68,0.562,False,0.0,8.73,0.59,False,0.0,6.8,0.59,False
41.164,205,slm,TOWNSIM_INI,1,deliberative,FRENAR,0,53.2932105475634,False,25.841846466064453,14.17766284942627,-10.247137069702148,,,,48.18,False,,,"{""telemetry"": 0.9, ""graph"": 146.3}",True,2311.4,False,False,True,0.001,67.17,0.296,False,0.0,10.19,0.336,False,0.0,8.52,0.336,False
41.368,206,slm,TOWNSIM_INI,1,deliberative,FRENAR,0,53.293915379420156,False,25.841846466064453,14.17766284942627,-10.245281219482422,,,,48.18,False,,,"{""telemetry"": 0.8, ""graph"": 150.7}",True,2311.4,False,False,True,0.001,74.43,0.318,False,0.0,15.66,0.446,False,0.0,12.48,0.446,False
41.586,207,slm,TOWNSIM_INI,1,deliberative,FRENAR,0,53.29453542533901,False,25.841846466064453,14.17766284942627,-10.243632316589355,,,,48.18,False,,,"{""telemetry"": 0.8, ""graph"": 168.5}",True,2311.4,False,False,True,0.001,89.87,0.282,False,0.0,19.64,0.449,False,0.0,13.74,0.449,False
41.765,208,slm,TOWNSIM_INI,1,deliberative,FRENAR,0,53.295069606110474,False,25.841846466064453,14.17766284942627,-10.242324829101562,,,,48.18,False,,,"{""telemetry"": 0.8, ""graph"": 146.8}",True,2311.4,False,False,True,0.0,109.47,0.188,False,0.0,25.78,0.384,False,0.0,13.3,0.384,False
41.977,209,slm,TOWNSIM_INI,1,deliberative,FRENAR,0,53.2955483115408,False,25.841846466064453,14.17766284942627,-10.241037368774414,,,,48.18,False,,,"{""telemetry"": 0.9, ""graph"": 157.9}",True,2311.4,False,False,True,0.001,120.67,0.172,False,0.0,24.99,0.422,False,0.0,9.66,0.422,False
42.162,210,slm,TOWNSIM_INI,1,deliberative,FRENAR,0,53.29597188581856,False,25.841846466064453,14.17766284942627,-10.239990234375,,,,48.18,False,,,"{""telemetry"": 0.8, ""graph"": 143.7}",True,2311.4,False,False,True,0.0,,0.091,False,0.0,27.65,0.293,False,0.0,11.27,0.293,False
42.418,211,slm,TOWNSIM_INI,1,deliberative,FRENAR,0,53.296361536237,False,25.841846466064453,14.17766284942627,-10.238764762878418,,,,48.18,False,,,"{""telemetry"": 1.1, ""graph"": 199.1}",True,2311.4,False,False,True,0.0,,0.061,False,0.0,34.9,0.311,False,0.0,11.0,0.311,False
42.594,212,slm,TOWNSIM_INI,1,deliberative,FRENAR,0,53.29672008698621,False,25.841846466064453,14.17766284942627,-10.237979888916016,,,,48.18,False,,,"{""telemetry"": 0.9, ""graph"": 172.4}",True,2311.4,False,False,True,0.0,,0.052,False,0.0,34.74,0.263,False,0.0,12.42,0.263,False
42.759,213,slm,TOWNSIM_INI,1,deliberative,GANAR_ALTURA,0,53.29704682688287,False,25.841846466064453,14.17766284942627,-10.237238883972168,,,,48.18,False,,,"{""telemetry"": 0.9, ""graph"": 136.7}",True,2306.7,False,False,True,0.0,,0.009,False,0.0,48.7,0.193,False,0.0,15.92,0.232,False
42.983,214,slm,TOWNSIM_INI,1,evasive,GANAR_ALTURA,0,53.297362970302174,False,25.841846466064453,14.17766284942627,-10.231956481933594,,,,48.17,False,,,"{""telemetry"": 0.7, ""graph"": 161.1}",False,,,,,0.0,,0.026,False,0.0,48.03,0.241,False,0.0,18.3,0.264,False
43.154,215,slm,TOWNSIM_INI,1,evasive,GANAR_ALTURA,0,53.30225585144076,False,25.841846466064453,14.17766284942627,-10.219063758850098,,,,48.12,False,,,"{""telemetry"": 0.8, ""graph"": 130.9}",False,,,,,0.0,,0.0,False,0.0,,0.0,False,0.0,,0.0,False
43.391,216,slm,TOWNSIM_INI,1,deliberative,FRENAR,0,53.30615781087783,False,25.841846466064453,14.17766284942627,-10.21056842803955,,,,48.02,False,,,"{""telemetry"": 0.7, ""graph"": 167.5}",True,2306.7,False,False,True,0.001,15.71,0.574,False,0.0,2.23,0.574,True,0.0,1.7,0.574,True
43.611,217,slm,TOWNSIM_INI,1,deliberative,FRENAR,0,53.307895067564495,False,25.841846466064453,14.17766284942627,-10.20370101928711,,,,47.9,False,,,"{""telemetry"": 0.8, ""graph"": 186.9}",True,2306.7,False,False,True,0.001,38.55,0.615,False,0.001,5.99,0.615,False,0.0,3.14,0.615,False
43.796,218,slm,TOWNSIM_INI,1,deliberative,FRENAR,0,53.312859192483266,False,25.841846466064453,14.17766284942627,-10.187352180480957,,,,47.85,False,,,"{""telemetry"": 1.0, ""graph"": 171.5}",True,2306.7,False,False,True,0.0,,0.0,False,0.0,,0.0,False,0.0,,0.0,False
43.973,219,slm,TOWNSIM_INI,1,deliberative,FRENAR,0,53.318550803717784,False,25.841846466064453,14.17766284942627,-10.174739837646484,,,,47.82,False,,,"{""telemetry"": 0.8, ""graph"": 148.4}",True,2306.7,False,False,True,0.0,,0.0,False,0.0,,0.0,False,0.0,,0.0,False
44.183,220,slm,TOWNSIM_INI,1,deliberative,FRENAR,0,53.32320294795718,False,25.841846466064453,14.17766284942627,-10.16219425201416,,,,47.81,False,,,"{""telemetry"": 0.9, ""graph"": 158.0}",True,2306.7,False,False,True,0.0,,0.0,False,0.0,,0.0,False,0.0,,0.0,False
44.375,221,slm,TOWNSIM_INI,1,deliberative,FRENAR,0,53.32704138960122,False,25.841846466064453,14.17766284942627,-10.153047561645508,,,,47.8,False,,,"{""telemetry"": 1.1, ""graph"": 149.3}",True,2306.7,False,False,True,0.0,,0.0,False,0.0,,0.0,False,0.0,,0.0,False
44.573,222,slm,TOWNSIM_INI,1,deliberative,FRENAR,0,53.33012112012467,False,25.841846466064453,14.17766284942627,-10.146185874938965,,,,47.8,False,,,"{""telemetry"": 0.8, ""graph"": 147.6}",True,2306.7,False,False,True,0.0,20.76,0.738,False,0.0,3.17,0.738,False,0.0,2.39,0.738,True
44.787,223,slm,TOWNSIM_INI,1,deliberative,FRENAR,0,53.33264159323872,False,25.841846466064453,14.17766284942627,-10.139655113220215,,,,47.8,False,,,"{""telemetry"": 0.9, ""graph"": 161.1}",True,2306.7,False,False,True,0.001,26.03,0.627,False,0.0,3.32,0.627,False,0.0,2.52,0.627,False
45.004,224,slm,TOWNSIM_INI,1,deliberative,FRENAR,0,53.33471348703785,False,25.841846466064453,14.17766284942627,-10.133959770202637,,,,47.8,False,,,"{""telemetry"": 0.9, ""graph"": 177.8}",True,2306.7,False,False,True,0.001,29.28,0.55,False,0.0,3.47,0.55,False,0.0,3.44,0.55,False
45.203,225,slm,TOWNSIM_INI,1,deliberative,FRENAR,0,53.33642244747438,False,25.841846466064453,14.17766284942627,-10.129691123962402,,,,47.8,False,,,"{""telemetry"": 0.9, ""graph"": 177.4}",True,2306.7,False,False,True,0.001,34.02,0.425,False,0.0,4.82,0.425,False,0.0,4.26,0.425,False
45.425,226,slm,TOWNSIM_INI,1,deliberative,FRENAR,0,53.337840385968214,False,25.841846466064453,14.17766284942627,-10.125814437866211,,,,47.8,False,,,"{""telemetry"": 1.1, ""graph"": 199.1}",True,2306.7,False,False,True,0.001,40.22,0.307,False,0.0,5.54,0.308,False,0.0,4.79,0.308,False
45.589,227,slm,TOWNSIM_INI,1,deliberative,FRENAR,0,53.33904071813175,False,25.841846466064453,14.17766284942627,-10.123434066772461,,,,47.8,False,,,"{""telemetry"": 0.8, ""graph"": 160.8}",True,2306.7,False,False,True,0.001,47.7,0.332,False,0.0,6.6,0.333,False,0.0,5.57,0.333,False
45.785,228,slm,TOWNSIM_INI,1,deliberative,MANTENER_RUMBO,0,53.340047875610836,False,25.841846466064453,14.17766284942627,-10.120903015136719,,,,47.8,False,,,"{""telemetry"": 0.9, ""graph"": 157.0}",True,2260.5,False,False,True,0.0,55.57,0.319,False,0.0,7.84,0.334,False,0.0,6.69,0.334,False
45.997,229,slm,TOWNSIM_INI,1,reactive,MANTENER_RUMBO,0,53.34088844839008,False,25.842559814453125,14.178452491760254,-10.12621021270752,,,,47.8,False,,,"{""telemetry"": 1.1, ""graph"": 167.5}",False,,,,,0.001,50.52,0.335,False,0.0,6.85,0.335,False,0.0,8.05,0.335,False
46.178,230,slm,TOWNSIM_INI,1,deliberative,FRENAR,0,53.288337215343105,False,25.881532669067383,14.221436500549316,-10.273998260498047,,,,47.8,False,,,"{""telemetry"": 0.8, ""graph"": 148.5}",True,2260.5,False,False,True,0.032,0.87,0.337,False,0.027,0.73,0.337,False,0.045,1.59,0.337,False
46.41,231,slm,TOWNSIM_INI,1,deliberative,FRENAR,0,53.05650327294222,False,25.955549240112305,14.302700996398926,-10.462696075439453,,,,47.87,False,,,"{""telemetry"": 0.7, ""graph"": 180.1}",True,2260.5,False,False,True,0.028,0.66,0.689,True,0.01,0.4,0.689,True,0.033,0.94,0.689,True
46.593,232,slm,TOWNSIM_INI,1,deliberative,FRENAR,0,53.024110001784884,False,25.960853576660156,14.30657958984375,-10.466681480407715,,,,48.7,False,,,"{""telemetry"": 0.9, ""graph"": 163.4}",True,2260.5,False,False,True,0.064,0.94,0.222,False,0.044,0.4,0.222,False,0.121,0.74,0.222,False
46.808,233,slm,TOWNSIM_INI,1,deliberative,FRENAR,0,53.04890481360899,False,25.98311996459961,14.313706398010254,-10.45443058013916,,,,49.83,False,,,"{""telemetry"": 0.9, ""graph"": 178.2}",True,2260.5,False,False,True,0.0,,0.0,False,0.0,,0.0,False,0.0,,0.0,False
47.01,234,slm,TOWNSIM_INI,1,deliberative,FRENAR,0,53.04949905925193,False,25.959924697875977,14.30502700805664,-10.465485572814941,,,,50.39,False,,,"{""telemetry"": 1.3, ""graph"": 179.2}",True,2260.5,False,False,True,0.0,,0.0,False,0.0,,0.0,False,0.0,,0.0,False
47.202,235,slm,TOWNSIM_INI,1,deliberative,FRENAR,0,53.04982199889751,False,25.959585189819336,14.304695129394531,-10.465584754943848,,,,50.67,False,,,"{""telemetry"": 1.1, ""graph"": 171.4}",True,2260.5,False,False,True,0.0,,0.0,False,0.0,,0.0,False,0.0,,0.0,False
47.436,236,slm,TOWNSIM_INI,1,deliberative,FRENAR,0,53.04469181169492,False,25.97637176513672,14.305296897888184,-10.451798439025879,,,,50.81,False,,,"{""telemetry"": 1.0, ""graph"": 205.6}",True,2260.5,False,False,True,0.0,,0.0,False,0.0,,0.0,False,0.0,,0.0,False
47.618,237,slm,TOWNSIM_INI,1,deliberative,FRENAR,0,53.04458199330241,False,25.982730865478516,14.304801940917969,-10.445367813110352,,,,50.88,False,,,"{""telemetry"": 1.1, ""graph"": 178.5}",True,2260.5,False,False,True,0.0,,0.0,False,0.0,,0.0,False,0.0,,0.0,False
47.828,238,slm,TOWNSIM_INI,1,deliberative,FRENAR,0,53.044749711157735,False,25.9835147857666,14.304535865783691,-10.444098472595215,,,,50.93,False,,,"{""telemetry"": 0.8, ""graph"": 188.6}",True,2260.5,False,False,True,0.0,,0.0,False,0.0,,0.0,False,0.0,,0.0,False
48.006,239,slm,TOWNSIM_INI,1,deliberative,FRENAR,0,53.04392427501541,False,25.987424850463867,14.304525375366211,-10.439251899719238,,,,50.95,False,,,"{""telemetry"": 0.9, ""graph"": 166.0}",True,2260.5,False,False,True,0.0,,0.0,False,0.0,,0.0,False,0.0,,0.0,False
48.251,240,slm,TOWNSIM_INI,1,deliberative,FRENAR,0,53.04355523746867,False,25.990856170654297,14.304519653320312,-10.434126853942871,,,,50.97,False,,,"{""telemetry"": 0.9, ""graph"": 210.7}",True,2260.5,False,False,True,0.0,,0.0,False,0.0,,0.0,False,0.0,,0.0,False
48.411,241,slm,TOWNSIM_INI,1,deliberative,FRENAR,0,53.04345737969488,False,25.992597579956055,14.304522514343262,-10.43102741241455,,,,50.97,False,,,"{""telemetry"": 1.3, ""graph"": 156.0}",True,2260.5,False,False,True,0.0,,0.0,False,0.0,,0.0,False,0.0,,0.0,False
48.649,242,slm,TOWNSIM_INI,1,deliberative,GANAR_ALTURA,0,53.043652830420434,False,25.994335174560547,14.304523468017578,-10.427464485168457,,,,50.98,False,,,"{""telemetry"": 1.0, ""graph"": 193.4}",True,2345.8,False,False,True,0.0,,0.0,False,0.0,,0.0,False,0.0,,0.0,False
48.826,243,slm,TOWNSIM_INI,1,evasive,GANAR_ALTURA,0,53.04378264973766,False,25.995975494384766,14.30450439453125,-10.42188835144043,,,,50.97,False,,,"{""telemetry"": 0.9, ""graph"": 170.3}",False,,,,,0.0,,0.0,False,0.0,,0.0,False,0.0,,0.0,False
49.035,244,slm,TOWNSIM_INI,1,evasive,GANAR_ALTURA,0,53.04582597140657,False,25.997831344604492,14.304420471191406,-10.411874771118164,,,,50.82,False,,,"{""telemetry"": 0.7, ""graph"": 178.6}",False,,,,,0.0,,0.0,False,0.0,,0.0,False,0.0,,0.0,False
49.24,245,slm,TOWNSIM_INI,1,evasive,GANAR_ALTURA,0,53.04864780154568,False,25.999759674072266,14.30427360534668,-10.403331756591797,,,,50.59,False,,,"{""telemetry"": 0.8, ""graph"": 183.0}",False,,,,,0.0,,0.0,False,0.0,,0.0,False,0.0,,0.0,False
49.415,246,slm,TOWNSIM_INI,1,evasive,GANAR_ALTURA,0,53.04981967360706,False,26.000986099243164,14.304067611694336,-10.399867057800293,,,,50.33,False,,,"{""telemetry"": 1.0, ""graph"": 157.8}",False,,,,,0.0,,0.0,False,0.0,,0.0,False,0.0,,0.0,False
49.618,247,slm,TOWNSIM_INI,1,evasive,GANAR_ALTURA,0,53.05000351295792,False,26.001863479614258,14.303719520568848,-10.399004936218262,,,,50.03,False,,,"{""telemetry"": 1.0, ""graph"": 160.9}",False,,,,,0.0,,0.0,False,0.0,,0.0,False,0.0,,0.0,False
49.82,248,slm,TOWNSIM_INI,1,deliberative,PERDER_ALTURA,0,53.04975656668549,False,26.002304077148438,14.303232192993164,-10.400016784667969,,,,49.71,False,,,"{""telemetry"": 1.0, ""graph"": 162.5}",True,2345.8,False,False,True,0.0,,0.0,False,0.0,,0.0,False,0.0,,0.0,False
50.038,249,slm,TOWNSIM_INI,1,evasive,PERDER_ALTURA,0,53.04938352181569,False,26.00244903564453,14.302711486816406,-10.392047882080078,,,,49.4,False,,,"{""telemetry"": 0.8, ""graph"": 179.7}",False,,,,,0.0,,0.0,False,0.0,,0.0,False,0.0,,0.0,False
50.259,250,slm,TOWNSIM_INI,1,deliberative,FRENAR,0,53.076186381652214,False,26.007286071777344,14.3076810836792,-10.277070045471191,,,,49.31,False,,,"{""telemetry"": 1.2, ""graph"": 199.7}",True,2345.8,False,False,True,0.106,0.49,0.342,False,0.031,0.58,0.342,False,0.024,4.0,0.342,False
50.446,251,slm,TOWNSIM_INI,1,deliberative,FRENAR,0,53.080655385805166,False,26.0052490234375,14.305386543273926,-10.311445236206055,,,,49.52,False,,,"{""telemetry"": 0.9, ""graph"": 184.6}",True,2345.8,False,False,True,0.0,,0.0,False,0.0,,0.0,False,0.0,,0.0,False
50.637,252,slm,TOWNSIM_INI,1,deliberative,FRENAR,0,53.07821050142976,False,26.00581169128418,14.30553913116455,-10.312418937683105,,,,49.85,False,,,"{""telemetry"": 0.9, ""graph"": 174.9}",True,2345.8,False,False,True,0.0,,0.0,False,0.0,,0.0,False,0.0,,0.0,False
50.812,253,slm,TOWNSIM_INI,1,deliberative,FRENAR,0,53.075528448408086,False,26.005117416381836,14.30513858795166,-10.312638282775879,,,,50.1,False,,,"{""telemetry"": 1.1, ""graph"": 149.0}",True,2345.8,False,False,True,0.0,,0.0,False,0.0,,0.0,False,0.0,,0.0,False
51.073,254,slm,TOWNSIM_INI,1,deliberative,FRENAR,0,53.07749435618365,False,26.00545310974121,14.30512523651123,-10.312480926513672,,,,50.32,False,,,"{""telemetry"": 1.1, ""graph"": 209.8}",True,2345.8,False,False,True,0.0,,0.0,False,0.0,,0.0,False,0.0,,0.0,False
51.24,255,slm,TOWNSIM_INI,1,deliberative,FRENAR,0,53.07899011146601,False,26.00722312927246,14.305274963378906,-10.311617851257324,,,,50.39,False,,,"{""telemetry"": 1.0, ""graph"": 163.6}",True,2345.8,False,False,True,0.0,,0.0,False,0.0,,0.0,False,0.0,,0.0,False
51.441,256,slm,TOWNSIM_INI,1,deliberative,FRENAR,0,53.07906838839699,False,26.004791259765625,14.30491828918457,-10.312685012817383,,,,50.44,False,,,"{""telemetry"": 1.2, ""graph"": 164.1}",True,2345.8,False,False,True,0.0,,0.0,False,0.0,,0.0,False,0.0,,0.0,False
51.634,257,slm,TOWNSIM_INI,1,deliberative,FRENAR,0,53.0788651961954,False,26.007112503051758,14.304981231689453,-10.310916900634766,,,,50.46,False,,,"{""telemetry"": 1.0, ""graph"": 157.8}",True,2345.8,False,False,True,0.0,,0.0,False,0.0,,0.0,False,0.0,,0.0,False
51.862,258,slm,TOWNSIM_INI,1,deliberative,FRENAR,0,53.07830099920707,False,26.00739097595215,14.304914474487305,-10.310506820678711,,,,50.47,False,,,"{""telemetry"": 1.1, ""graph"": 184.3}",True,2345.8,False,False,True,0.0,,0.0,False,0.0,,0.0,False,0.0,,0.0,False
52.061,259,slm,TOWNSIM_INI,1,deliberative,FRENAR,0,53.07827486864723,False,26.007774353027344,14.304898262023926,-10.310065269470215,,,,50.48,False,,,"{""telemetry"": 1.0, ""graph"": 182.7}",True,2345.8,False,False,True,0.0,,0.0,False,0.0,,0.0,False,0.0,,0.0,False
52.269,260,slm,TOWNSIM_INI,1,deliberative,FRENAR,0,53.07821860717497,False,26.00908851623535,14.30489730834961,-10.308174133300781,,,,50.48,False,,,"{""telemetry"": 1.0, ""graph"": 191.5}",True,2345.8,False,False,True,0.0,,0.0,False,0.0,,0.0,False,0.0,,0.0,False
52.451,261,slm,TOWNSIM_INI,1,deliberative,FRENAR,0,53.07812986726784,False,26.010284423828125,14.30489730834961,-10.306164741516113,,,,50.48,False,,,"{""telemetry"": 1.0, ""graph"": 172.5}",True,2345.8,False,False,True,0.0,,0.0,False,0.0,,0.0,False,0.0,,0.0,False
52.676,262,slm,TOWNSIM_INI,1,deliberative,GANAR_ALTURA,0,53.07816902939641,False,26.01131820678711,14.30489730834961,-10.30413818359375,,,,50.48,False,,,"{""telemetry"": 1.3, ""graph"": 197.0}",True,2279.8,False,False,True,0.0,,0.0,False,0.0,,0.0,False,0.0,,0.0,False
52.871,263,slm,TOWNSIM_INI,1,evasive,GANAR_ALTURA,0,53.07828682847152,False,26.012012481689453,14.30489730834961,-10.298351287841797,,,,50.46,False,,,"{""telemetry"": 0.8, ""graph"": 191.9}",False,,,,,0.0,,0.0,False,0.0,,0.0,False,0.0,,0.0,False
53.085,264,slm,TOWNSIM_INI,1,deliberative,FRENAR,0,53.08102227481222,False,26.01231575012207,14.304850578308105,-10.289217948913574,,,,50.34,False,,,"{""telemetry"": 0.9, ""graph"": 205.6}",True,2279.8,False,False,True,0.002,10.24,0.181,False,0.001,1.3,0.181,False,0.001,1.65,0.181,False
53.273,265,slm,TOWNSIM_INI,1,deliberative,FRENAR,0,53.08535880620169,False,26.01270866394043,14.304783821105957,-10.277383804321289,,,,50.13,False,,,"{""telemetry"": 0.7, ""graph"": 185.2}",True,2279.8,False,False,True,0.0,,0.0,False,0.0,,0.0,False,0.0,,0.0,False
53.489,266,slm,TOWNSIM_INI,1,deliberative,FRENAR,0,53.09066522033924,False,26.012964248657227,14.304719924926758,-10.260804176330566,,,,50.01,False,,,"{""telemetry"": 0.9, ""graph"": 200.8}",True,2279.8,False,False,True,0.0,,0.0,False,0.0,,0.0,False,0.0,,0.0,False
53.683,267,slm,TOWNSIM_INI,1,deliberative,FRENAR,0,53.096240616821866,False,26.013158798217773,14.304656982421875,-10.24704647064209,,,,49.96,False,,,"{""telemetry"": 1.0, ""graph"": 191.3}",True,2279.8,False,False,True,0.0,,0.0,False,0.0,,0.0,False,0.0,,0.0,False
53.862,268,slm,TOWNSIM_INI,1,deliberative,FRENAR,0,53.100774007484674,False,26.013277053833008,14.304597854614258,-10.236475944519043,,,,49.94,False,,,"{""telemetry"": 1.0, ""graph"": 169.7}",True,2279.8,False,False,True,0.0,,0.0,False,0.0,,0.0,False,0.0,,0.0,False
54.061,269,slm,TOWNSIM_INI,1,deliberative,FRENAR,0,53.10450651743785,False,26.013402938842773,14.304534912109375,-10.227252960205078,,,,49.93,False,,,"{""telemetry"": 0.9, ""graph"": 168.3}",True,2279.8,False,False,True,0.0,,0.0,False,0.0,,0.0,False,0.0,,0.0,False
54.254,270,slm,TOWNSIM_INI,1,deliberative,FRENAR,0,53.107493497341366,False,26.013526916503906,14.304498672485352,-10.21982192993164,,,,49.93,False,,,"{""telemetry"": 1.4, ""graph"": 160.4}",True,2279.8,False,False,True,0.0,,0.0,False,0.0,,0.0,False,0.0,,0.0,False
54.454,271,slm,TOWNSIM_INI,1,deliberative,FRENAR,0,53.1099472906367,False,26.013572692871094,14.304498672485352,-10.213544845581055,,,,49.93,False,,,"{""telemetry"": 0.9, ""graph"": 161.0}",True,2279.8,False,False,True,0.0,,0.0,False,0.0,,0.0,False,0.0,,0.0,False
54.657,272,slm,TOWNSIM_INI,1,deliberative,FRENAR,0,53.111978906811025,False,26.013572692871094,14.304498672485352,-10.208462715148926,,,,49.92,False,,,"{""telemetry"": 0.9, ""graph"": 163.2}",True,2279.8,False,False,True,0.0,,0.0,False,0.0,,0.0,False,0.0,,0.0,False
54.905,273,slm,TOWNSIM_INI,1,deliberative,FRENAR,0,53.11365558414498,False,26.013572692871094,14.304498672485352,-10.204143524169922,,,,49.92,False,,,"{""telemetry"": 1.3, ""graph"": 211.0}",True,2279.8,False,False,True,0.0,,0.0,False,0.0,,0.0,False,0.0,,0.0,False
55.127,274,slm,TOWNSIM_INI,1,deliberative,FRENAR,0,53.11512534551178,False,26.013572692871094,14.304498672485352,-10.200098037719727,,,,49.92,False,,,"{""telemetry"": 0.9, ""graph"": 219.1}",True,2279.8,False,False,True,0.001,27.96,0.711,False,0.0,4.29,0.711,False,0.0,4.34,0.711,False
55.313,275,slm,TOWNSIM_INI,1,deliberative,GANAR_ALTURA,0,53.11637173003033,False,26.013572692871094,14.304498672485352,-10.197430610656738,,,,49.92,False,,,"{""telemetry"": 0.8, ""graph"": 182.6}",True,2186.3,False,False,True,0.001,31.68,0.447,False,0.0,5.92,0.447,False,0.0,5.67,0.447,False
55.531,276,slm,TOWNSIM_INI,1,evasive,GANAR_ALTURA,0,53.117326726795234,False,26.013572692871094,14.304498672485352,-10.192879676818848,,,,49.92,False,,,"{""telemetry"": 0.7, ""graph"": 200.7}",False,,,,,0.001,42.17,0.212,False,0.0,5.32,0.212,False,0.0,5.9,0.212,False
55.689,277,slm,TOWNSIM_INI,1,evasive,GANAR_ALTURA,0,53.12184893851589,False,26.013572692871094,14.304498672485352,-10.17877197265625,,,,49.81,False,,,"{""telemetry"": 1.0, ""graph"": 154.6}",False,,,,,0.0,,0.0,False,0.0,,0.0,False,0.0,,0.0,False
55.909,278,slm,TOWNSIM_INI,1,evasive,GANAR_ALTURA,0,53.125926127232695,False,26.013572692871094,14.304498672485352,-10.170053482055664,,,,49.61,False,,,"{""telemetry"": 0.9, ""graph"": 174.0}",False,,,,,0.0,,0.0,False,0.0,,0.0,False,0.0,,0.0,False
56.123,279,slm,TOWNSIM_INI,1,evasive,GANAR_ALTURA,0,53.1278323016327,False,26.013572692871094,14.304498672485352,-10.166668891906738,,,,49.38,False,,,"{""telemetry"": 0.9, ""graph"": 188.2}",False,,,,,0.0,,0.099,False,0.0,,0.099,False,0.0,,0.099,False
56.306,280,slm,TOWNSIM_INI,1,evasive,GANAR_ALTURA,0,53.1283666758153,False,26.013572692871094,14.304498672485352,-10.166342735290527,,,,49.17,False,,,"{""telemetry"": 0.9, ""graph"": 170.3}",False,,,,,0.002,18.73,0.249,False,0.001,6.93,0.25,False,0.001,19.12,0.25,False
56.484,281,slm,TOWNSIM_INI,1,reactive,MANTENER_RUMBO,0,53.12809040627063,False,26.013572692871094,14.304498672485352,-10.16756534576416,,,,48.94,False,,,"{""telemetry"": 1.4, ""graph"": 147.5}",False,,,,,0.0,,0.0,False,0.0,,0.0,False,0.0,,0.0,False
56.711,282,slm,TOWNSIM_INI,1,deliberative,GIRAR_90,0,53.12738232806746,False,26.013992309570312,14.304981231689453,-10.175069808959961,,,,48.69,False,,,"{""telemetry"": 0.7, ""graph"": 174.6}",True,2186.3,False,False,True,0.0,,0.085,False,0.0,,0.086,False,0.0,,0.086,False
56.924,283,slm,TOWNSIM_INI,1,girar_90,GIRAR_90,0,23.15334930428585,False,26.01569175720215,14.303874969482422,-10.183028221130371,,,,48.54,False,,,"{""telemetry"": 0.7, ""graph"": 188.4}",False,,,,,0.06,0.81,0.586,True,0.029,0.3,0.586,True,0.038,1.32,0.586,True
57.12,284,slm,TOWNSIM_INI,1,girar_90,GIRAR_90,0,23.163676281883937,False,26.026737213134766,14.311502456665039,-10.179866790771484,,,,47.75,False,,,"{""telemetry"": 1.0, ""graph"": 182.9}",False,,,,,0.105,0.91,0.434,True,0.017,0.55,0.434,True,0.021,1.28,0.434,True
57.302,285,slm,TOWNSIM_INI,1,evasive,GIRAR_90,0,23.16421442122037,False,26.0311279296875,14.309757232666016,-10.176584243774414,,,,46.67,False,,,"{""telemetry"": 0.9, ""graph"": 164.3}",False,,,,,0.0,,0.0,False,0.0,,0.0,False,0.0,,0.0,False
57.535,286,slm,TOWNSIM_INI,1,evasive,GIRAR_90,0,23.15905603618228,False,26.058244705200195,14.31134033203125,-10.167692184448242,,,,44.71,False,,,"{""telemetry"": 0.8, ""graph"": 197.7}",False,,,,,0.0,,0.065,False,0.0,,0.065,False,0.0,,0.065,False
57.635,287,slm,TOWNSIM_INI,1,evasive,GIRAR_90,0,23.153425225575813,False,26.071880340576172,14.309931755065918,-10.162772178649902,,,,42.64,False,,,"{""telemetry"": 0.7, ""graph"": 97.2}",False,,,,,0.0,,0.0,False,0.0,,0.0,False,0.0,,0.0,False
57.873,288,slm,TOWNSIM_INI,1,evasive,GIRAR_90,0,23.15021818445142,False,26.095678329467773,14.308085441589355,-10.152725219726562,,,,39.67,False,,,"{""telemetry"": 0.7, ""graph"": 135.3}",False,,,,,0.0,,0.0,False,0.0,,0.0,False,0.0,,0.0,False
58.04,289,slm,TOWNSIM_INI,1,evasive,GIRAR_90,0,23.147977157918287,False,26.10800552368164,14.30695629119873,-10.146927833557129,,,,37.37,False,,,"{""telemetry"": 1.2, ""graph"": 101.2}",False,,,,,0.0,,0.0,False,0.0,,0.0,False,0.0,,0.0,False
58.251,290,slm,TOWNSIM_INI,1,reactive,MANTENER_RUMBO,0,23.14682355433931,False,26.119813919067383,14.305801391601562,-10.140832901000977,,,,34.38,False,,,"{""telemetry"": 2.3, ""graph"": 111.8}",False,,,,,0.0,,0.0,False,0.0,,0.0,False,0.0,,0.0,False
58.423,291,slm,TOWNSIM_INI,1,reactive,MANTENER_RUMBO,0,23.146489562431576,False,26.12757110595703,14.305204391479492,-10.139033317565918,,,,31.89,False,,,"{""telemetry"": 0.7, ""graph"": 84.7}",False,,,,,0.0,,0.0,False,0.0,,0.0,False,0.0,,0.0,False
58.626,292,slm,TOWNSIM_INI,1,reactive,MANTENER_RUMBO,0,23.126662055912146,False,26.13434600830078,14.304829597473145,-10.16287899017334,,,,29.83,False,,,"{""telemetry"": 0.7, ""graph"": 87.9}",False,,,,,0.0,,0.0,False,0.0,,0.0,False,0.0,,0.0,False
58.88,293,slm,TOWNSIM_INI,1,reactive,MANTENER_RUMBO,0,23.07543576415978,False,26.14337730407715,14.305831909179688,-10.18335247039795,,,,28.98,False,,,"{""telemetry"": 1.3, ""graph"": 141.1}",False,,,,,0.0,,0.0,False,0.0,,0.0,False,0.0,,0.0,False
59.08,294,slm,TOWNSIM_INI,1,reactive,MANTENER_RUMBO,0,23.078555611506783,False,26.149574279785156,14.30740737915039,-10.191184043884277,,,,28.35,False,,,"{""telemetry"": 0.7, ""graph"": 141.3}",False,,,,,0.0,,0.0,False,0.0,,0.0,False,0.0,,0.0,False
59.314,295,slm,TOWNSIM_INI,1,reactive,MANTENER_RUMBO,0,23.06342952848132,False,26.1710262298584,14.309778213500977,-10.212851524353027,,,,27.83,False,,,"{""telemetry"": 0.7, ""graph"": 174.7}",False,,,,,0.0,,0.028,False,0.0,,0.028,False,0.0,,0.028,False
59.486,296,slm,TOWNSIM_INI,1,reactive,MANTENER_RUMBO,0,23.054095486714807,False,26.21086883544922,14.313563346862793,-10.244729042053223,,,,27.53,False,,,"{""telemetry"": 0.6, ""graph"": 146.2}",False,,,,,0.0,,0.0,False,0.0,,0.0,False,0.0,,0.0,False
59.704,297,slm,TOWNSIM_INI,1,reactive,MANTENER_RUMBO,0,23.057827651541228,False,26.17922019958496,14.3102388381958,-10.21610164642334,,,,27.33,False,,,"{""telemetry"": 0.9, ""graph"": 162.9}",False,,,,,0.0,,0.0,False,0.0,,0.0,False,0.0,,0.0,False
59.874,298,slm,TOWNSIM_INI,1,reactive,MANTENER_RUMBO,0,23.06541804794212,False,26.168750762939453,14.309320449829102,-10.20816421508789,,,,27.21,False,,,"{""telemetry"": 0.8, ""graph"": 133.7}",False,,,,,0.0,,0.0,False,0.0,,0.0,False,0.0,,0.0,False
60.085,299,slm,TOWNSIM_INI,1,reactive,MANTENER_RUMBO,0,23.034356646628527,False,26.169939041137695,14.30939769744873,-10.208823204040527,,,,27.12,False,,,"{""telemetry"": 0.8, ""graph"": 143.9}",False,,,,,0.0,,0.0,False,0.0,,0.0,False,0.0,,0.0,False
60.292,300,slm,TOWNSIM_INI,1,reactive,MANTENER_RUMBO,0,23.03831694159745,False,26.230234146118164,14.314115524291992,-10.247392654418945,,,,27.07,False,,,"{""telemetry"": 0.9, ""graph"": 150.7}",False,,,,,0.0,,0.0,False,0.0,,0.0,False,0.0,,0.0,False
60.504,301,slm,TOWNSIM_INI,1,reactive,MANTENER_RUMBO,0,23.05664309899249,False,26.23188018798828,14.314167976379395,-10.247933387756348,,,,27.03,False,,,"{""telemetry"": 1.2, ""graph"": 162.4}",False,,,,,0.0,,0.0,False,0.0,,0.0,False,0.0,,0.0,False
60.712,302,slm,TOWNSIM_INI,1,reactive,MANTENER_RUMBO,0,23.05575585882714,False,26.232595443725586,14.314054489135742,-10.24833869934082,,,,27.02,False,,,"{""telemetry"": 1.0, ""graph"": 170.1}",False,,,,,0.0,,0.009,False,0.0,,0.009,False,0.0,,0.009,False
60.888,303,slm,TOWNSIM_INI,1,deliberative,GANAR_ALTURA,0,23.02568579347011,False,26.1723575592041,14.309555053710938,-10.210249900817871,,,,27.0,False,,,"{""telemetry"": 1.1, ""graph"": 145.5}",True,2186.3,False,False,True,0.0,,0.012,False,0.0,,0.012,False,0.0,,0.012,False
61.087,304,slm,TOWNSIM_INI,1,evasive,GANAR_ALTURA,0,23.02555872057965,False,26.172893524169922,14.309409141540527,-10.209635734558105,,,,27.41,False,,,"{""telemetry"": 0.7, ""graph"": 144.2}",False,,,,,0.0,,0.0,False,0.0,,0.0,False,0.0,,0.0,False
61.304,305,slm,TOWNSIM_INI,1,evasive,GANAR_ALTURA,0,23.029139239631235,False,26.261276245117188,14.308005332946777,-10.211441040039062,,,,27.97,False,,,"{""telemetry"": 0.7, ""graph"": 161.6}",False,,,,,0.0,,0.092,False,0.0,,0.092,False,0.0,,0.092,False
61.491,306,slm,TOWNSIM_INI,1,evasive,GANAR_ALTURA,0,23.02063942058279,False,26.29730796813965,14.307808876037598,-10.211151123046875,,,,27.71,False,,,"{""telemetry"": 0.7, ""graph"": 148.4}",False,,,,,0.0,,0.0,False,0.0,,0.0,False,0.0,,0.0,False
61.719,307,slm,TOWNSIM_INI,1,evasive,GANAR_ALTURA,0,22.945097582355448,False,26.461687088012695,14.308706283569336,-10.209473609924316,,,,26.74,False,,,"{""telemetry"": 1.2, ""graph"": 174.9}",False,,,,,0.0,,0.036,False,0.0,,0.036,False,0.0,,0.036,False
61.905,308,slm,TOWNSIM_INI,1,evasive,GANAR_ALTURA,0,22.879966907373902,False,26.570751190185547,14.306486129760742,-10.207104682922363,,,,25.34,False,,,"{""telemetry"": 1.1, ""graph"": 161.1}",False,,,,,0.0,,0.064,False,0.0,,0.064,False,0.0,,0.064,False
62.094,309,slm,TOWNSIM_INI,1,deliberative,FRENAR,0,22.837523957787536,False,26.64158821105957,14.29845905303955,-10.204034805297852,,,,23.69,False,,,"{""telemetry"": 1.1, ""graph"": 148.9}",True,2186.3,False,False,True,0.009,5.26,0.153,False,0.041,1.05,0.153,False,0.028,0.88,0.153,False
62.289,310,slm,TOWNSIM_INI,1,deliberative,FRENAR,0,22.816726982471256,False,26.676855087280273,14.282369613647461,-10.198436737060547,,,,21.84,False,,,"{""telemetry"": 0.8, ""graph"": 144.1}",True,2186.3,False,False,True,0.0,,0.0,False,0.0,,0.0,False,0.0,,0.0,False
62.503,311,slm,TOWNSIM_INI,1,deliberative,FRENAR,0,22.820645594510967,False,26.68476104736328,14.26307487487793,-10.182188987731934,,,,20.81,False,,,"{""telemetry"": 0.7, ""graph"": 158.4}",True,2186.3,False,False,True,0.0,,0.0,False,0.0,,0.0,False,0.0,,0.0,False
62.68,312,slm,TOWNSIM_INI,1,deliberative,FRENAR,0,22.833132690718095,False,26.68387794494629,14.247011184692383,-10.168819427490234,,,,20.4,False,,,"{""telemetry"": 1.0, ""graph"": 134.4}",True,2186.3,False,False,True,0.0,,0.0,False,0.0,,0.0,False,0.0,,0.0,False
62.903,313,slm,TOWNSIM_INI,1,deliberative,FRENAR,0,22.845352599235582,False,26.68063735961914,14.232612609863281,-10.156756401062012,,,,20.19,False,,,"{""telemetry"": 0.8, ""graph"": 157.1}",True,2186.3,False,False,True,0.0,,0.103,False,0.0,,0.103,False,0.0,,0.103,False
63.112,314,slm,TOWNSIM_INI,1,deliberative,FRENAR,0,22.855676145765752,False,26.677249908447266,14.221356391906738,-10.146803855895996,,,,20.1,False,,,"{""telemetry"": 0.9, ""graph"": 166.1}",True,2186.3,False,False,True,0.0,,0.0,False,0.0,,0.0,False,0.0,,0.0,False
63.295,315,slm,TOWNSIM_INI,1,deliberative,FRENAR,0,22.86433452794425,False,26.674991607666016,14.214543342590332,-10.140332221984863,,,,20.07,False,,,"{""telemetry"": 0.9, ""graph"": 149.0}",True,2186.3,False,False,True,0.0,81.9,0.51,False,0.004,12.05,0.512,False,0.0,2.87,0.512,False
63.503,316,slm,TOWNSIM_INI,1,deliberative,FRENAR,0,22.871294419953507,False,26.672754287719727,14.208072662353516,-10.1336669921875,,,,20.05,False,,,"{""telemetry"": 0.8, ""graph"": 156.4}",True,2186.3,False,False,True,0.0,98.46,0.478,False,0.003,10.66,0.506,False,0.0,4.75,0.509,False
63.715,317,slm,TOWNSIM_INI,1,deliberative,FRENAR,0,22.877045806274605,False,26.6711368560791,14.203486442565918,-10.128458976745605,,,,20.04,False,,,"{""telemetry"": 0.9, ""graph"": 168.1}",True,2186.3,False,False,True,0.004,44.07,0.229,False,0.003,12.2,0.308,False,0.0,4.94,0.309,False
63.895,318,slm,TOWNSIM_INI,1,deliberative,FRENAR,0,22.881662384714794,False,26.669998168945312,14.20029067993164,-10.124458312988281,,,,20.04,False,,,"{""telemetry"": 1.0, ""graph"": 147.0}",True,2186.3,False,False,True,0.0,,0.106,False,0.001,12.62,0.223,False,0.0,5.03,0.233,False
64.113,319,slm,TOWNSIM_INI,1,deliberative,FRENAR,0,22.885495683778153,False,26.669038772583008,14.197599411010742,-10.120713233947754,,,,20.04,False,,,"{""telemetry"": 1.5, ""graph"": 164.5}",True,2186.3,False,False,True,0.0,,0.111,False,0.0,17.32,0.256,False,0.0,6.45,0.289,False
64.308,320,slm,TOWNSIM_INI,1,deliberative,FRENAR,0,22.88860644917449,False,26.66835594177246,14.195720672607422,-10.117773056030273,,,,20.04,False,,,"{""telemetry"": 1.5, ""graph"": 158.9}",True,2186.3,False,False,True,0.0,,0.034,False,0.0,66.95,0.159,False,0.0,7.14,0.205,False
64.498,321,slm,TOWNSIM_INI,1,deliberative,EVADIR_IZQUIERDA,0,22.891189749123793,False,26.667888641357422,14.194429397583008,-10.115501403808594,,,,20.04,False,,,"{""telemetry"": 1.0, ""graph"": 149.0}",True,2270.8,False,False,True,0.0,,0.029,False,0.0,,0.114,False,0.0,8.65,0.186,False
64.727,322,slm,TOWNSIM_INI,1,evasive,EVADIR_IZQUIERDA,0,22.89338289498976,False,26.668041229248047,14.193500518798828,-10.129112243652344,,,,19.88,False,,,"{""telemetry"": 1.1, ""graph"": 177.3}",False,,,,,0.002,58.26,0.2,False,0.0,24.03,0.2,False,0.0,5.39,0.2,False
64.906,323,slm,TOWNSIM_INI,1,deliberative,FRENAR,0,22.816728610292486,False,26.682252883911133,14.198128700256348,-10.264321327209473,,,,18.61,False,,,"{""telemetry"": 1.0, ""graph"": 156.1}",True,2270.8,False,False,True,0.032,1.07,0.168,False,0.006,0.46,0.168,False,0.0,5.77,0.168,False
65.063,324,slm,TOWNSIM_INI,1,deliberative,FRENAR,0,22.64646351779449,False,26.725997924804688,14.213580131530762,-10.443721771240234,,,,16.31,False,,,"{""telemetry"": 1.0, ""graph"": 112.8}",True,2270.8,False,False,True,0.0,,0.0,False,0.0,,0.0,False,0.0,,0.0,False
65.313,325,slm,TOWNSIM_INI,1,deliberative,FRENAR,0,22.539880219455583,False,26.772010803222656,14.230021476745605,-10.473322868347168,,,,15.18,False,,,"{""telemetry"": 1.2, ""graph"": 162.1}",True,2270.8,False,False,True,0.0,,0.0,False,0.0,,0.0,False,0.0,,0.0,False
65.525,326,slm,TOWNSIM_INI,1,deliberative,FRENAR,0,22.517612762027955,False,26.821964263916016,14.247970581054688,-10.467296600341797,,,,14.57,False,,,"{""telemetry"": 0.8, ""graph"": 174.5}",True,2270.8,False,False,True,0.0,,0.02,False,0.0,,0.02,False,0.0,,0.02,False
65.719,327,slm,TOWNSIM_INI,1,deliberative,FRENAR,0,22.501853698238882,False,26.857023239135742,14.260600090026855,-10.462669372558594,,,,14.34,False,,,"{""telemetry"": 0.9, ""graph"": 167.4}",True,2270.8,False,False,True,0.0,,0.097,False,0.0,,0.097,False,0.0,,0.097,False
65.913,328,slm,TOWNSIM_INI,1,deliberative,FRENAR,0,22.489620819816178,False,26.886316299438477,14.271162033081055,-10.458488464355469,,,,14.23,False,,,"{""telemetry"": 1.1, ""graph"": 161.4}",True,2270.8,False,False,True,0.0,,0.013,False,0.0,,0.013,False,0.0,,0.013,False
66.095,329,slm,TOWNSIM_INI,1,deliberative,FRENAR,0,22.480506389276304,False,26.908363342285156,14.279118537902832,-10.454923629760742,,,,14.18,False,,,"{""telemetry"": 0.9, ""graph"": 143.1}",True,2270.8,False,False,True,0.0,,0.0,False,0.0,,0.0,False,0.0,,0.0,False
66.318,330,slm,TOWNSIM_INI,1,deliberative,FRENAR,0,22.474099644502076,False,26.926847457885742,14.285795211791992,-10.4514799118042,,,,14.16,False,,,"{""telemetry"": 1.0, ""graph"": 165.6}",True,2270.8,False,False,True,0.0,,0.0,False,0.0,,0.0,False,0.0,,0.0,False
66.494,331,slm,TOWNSIM_INI,1,deliberative,FRENAR,0,22.46960454568482,False,26.93840217590332,14.28996753692627,-10.44900131225586,,,,14.15,False,,,"{""telemetry"": 0.9, ""graph"": 140.4}",True,2270.8,False,False,True,0.0,,0.0,False,0.0,,0.0,False,0.0,,0.0,False
66.719,332,slm,TOWNSIM_INI,1,deliberative,FRENAR,0,22.466472575646183,False,26.948265075683594,14.29353141784668,-10.446578979492188,,,,14.15,False,,,"{""telemetry"": 1.4, ""graph"": 164.6}",True,2270.8,False,False,True,0.0,,0.025,False,0.0,,0.025,False,0.0,,0.025,False
66.894,333,slm,TOWNSIM_INI,1,deliberative,FRENAR,0,22.464409884271475,False,26.955015182495117,14.295969009399414,-10.444665908813477,,,,14.14,False,,,"{""telemetry"": 1.3, ""graph"": 139.6}",True,2270.8,False,False,True,0.0,,0.0,False,0.0,,0.0,False,0.0,,0.0,False
67.131,334,slm,TOWNSIM_INI,1,deliberative,FRENAR,0,22.46308335251465,False,26.96076202392578,14.298047065734863,-10.442770957946777,,,,14.14,False,,,"{""telemetry"": 0.9, ""graph"": 176.4}",True,2270.8,False,False,True,0.0,,0.045,False,0.0,,0.045,False,0.0,,0.045,False
67.301,335,slm,TOWNSIM_INI,1,deliberative,EVADIR_IZQUIERDA,0,22.462287929644713,False,26.96455192565918,14.299417495727539,-10.441303253173828,,,,14.14,False,,,"{""telemetry"": 0.8, ""graph"": 145.9}",True,2246.5,False,False,True,0.0,,0.0,False,0.0,,0.0,False,0.0,,0.0,False
67.518,336,slm,TOWNSIM_INI,1,evasive,EVADIR_IZQUIERDA,0,22.461871328099797,False,26.967979431152344,14.300605773925781,-10.453455924987793,,,,14.0,False,,,"{""telemetry"": 0.8, ""graph"": 162.3}",False,,,,,0.0,,0.0,False,0.0,,0.0,False,0.0,,0.0,False
67.716,337,slm,TOWNSIM_INI,1,girar_90,GIRAR_90,0,22.38546242649911,False,26.984376907348633,14.304924964904785,-10.58865737915039,,,,12.74,False,,,"{""telemetry"": 0.8, ""graph"": 159.9}",False,,,,,0.026,0.68,0.517,True,0.002,0.69,0.517,True,0.023,4.08,0.517,False
67.866,338,slm,TOWNSIM_INI,1,evasive,GIRAR_90,0,22.21651950767408,False,27.02995491027832,14.316551208496094,-10.765509605407715,,,,10.28,False,,,"{""telemetry"": 0.8, ""graph"": 109.9}",False,,,,,0.0,,0.0,False,0.0,,0.0,False,0.0,,0.0,False
68.065,339,slm,TOWNSIM_INI,1,evasive,GIRAR_90,0,22.10838858405542,False,27.08108901977539,14.329556465148926,-10.791321754455566,,,,7.46,False,,,"{""telemetry"": 0.8, ""graph"": 108.6}",False,,,,,0.0,,0.0,False,0.0,,0.0,False,0.0,,0.0,False
68.264,340,slm,TOWNSIM_INI,1,evasive,GIRAR_90,0,22.09398440650781,False,27.130006790161133,14.342036247253418,-10.775360107421875,,,,4.53,False,,,"{""telemetry"": 0.6, ""graph"": 107.4}",False,,,,,0.0,,0.0,False,0.0,,0.0,False,0.0,,0.0,False
68.445,341,slm,TOWNSIM_INI,1,evasive,GIRAR_90,0,22.085385414652436,False,27.164867401123047,14.350955963134766,-10.763544082641602,,,,1.93,False,,,"{""telemetry"": 0.8, ""graph"": 87.7}",False,,,,,0.0,,0.0,False,0.0,,0.0,False,0.0,,0.0,False
68.651,342,slm,TOWNSIM_INI,1,evasive,GIRAR_90,0,22.079104197799207,False,27.196876525878906,14.35915470123291,-10.752147674560547,,,,-1.14,False,,,"{""telemetry"": 0.9, ""graph"": 92.8}",False,,,,,0.0,,0.0,False,0.0,,0.0,False,0.0,,0.0,False
68.88,343,slm,TOWNSIM_INI,1,reactive,MANTENER_RUMBO,0,22.074866186638303,False,27.222497940063477,14.36571979522705,-10.7421875,,,,-4.46,False,,,"{""telemetry"": 0.9, ""graph"": 121.7}",False,,,,,0.0,,0.0,False,0.0,,0.0,False,0.0,,0.0,False
69.048,344,slm,TOWNSIM_INI,1,reactive,MANTENER_RUMBO,0,22.072483660008846,False,27.237506866455078,14.3694429397583,-10.736776351928711,,,,-6.77,False,,,"{""telemetry"": 0.7, ""graph"": 89.0}",False,,,,,0.0,,0.0,False,0.0,,0.0,False,0.0,,0.0,False
69.307,345,slm,TOWNSIM_INI,1,reactive,MANTENER_RUMBO,0,22.056978751903085,False,27.28169059753418,14.341226577758789,-10.791677474975586,,,,-8.08,False,,,"{""telemetry"": 0.9, ""graph"": 147.4}",False,,,,,0.0,,0.0,False,0.0,,0.0,False,0.0,,0.0,False
69.552,346,slm,TOWNSIM_INI,1,deliberative,GANAR_ALTURA,0,22.020075175147127,False,27.292844772338867,14.308908462524414,-10.766737937927246,,,,-8.09,False,,,"{""telemetry"": 1.3, ""graph"": 191.1}",True,2246.5,False,False,True,0.0,,0.021,False,0.0,,0.021,False,0.0,,0.021,False
69.725,347,slm,TOWNSIM_INI,1,evasive,GANAR_ALTURA,0,22.009448012481137,False,27.282426834106445,14.321063041687012,-10.762480735778809,,,,-7.43,False,,,"{""telemetry"": 0.9, ""graph"": 164.4}",False,,,,,0.0,,0.0,False,0.0,,0.0,False,0.0,,0.0,False
69.94,348,slm,TOWNSIM_INI,1,evasive,GANAR_ALTURA,0,21.90141002491009,False,27.548633575439453,14.226287841796875,-10.834122657775879,,,,-6.51,False,,,"{""telemetry"": 0.7, ""graph"": 179.2}",False,,,,,0.0,,0.019,False,0.0,,0.019,False,0.0,,0.019,False
70.126,349,slm,TOWNSIM_INI,1,evasive,GANAR_ALTURA,0,21.77538766272878,False,27.81372833251953,14.137883186340332,-10.809910774230957,,,,-5.82,False,,,"{""telemetry"": 0.8, ""graph"": 164.2}",False,,,,,0.0,,0.0,False,0.0,,0.0,False,0.0,,0.0,False
70.333,350,slm,TOWNSIM_INI,1,evasive,GANAR_ALTURA,0,21.69073743177352,False,27.991636276245117,14.083152770996094,-10.796649932861328,,,,-5.31,False,,,"{""telemetry"": 1.2, ""graph"": 169.9}",False,,,,,0.0,,0.0,False,0.0,,0.0,False,0.0,,0.0,False
70.521,351,slm,TOWNSIM_INI,1,evasive,GANAR_ALTURA,0,21.63844417169084,False,28.093456268310547,14.056912422180176,-10.78164291381836,,,,-4.89,False,,,"{""telemetry"": 1.0, ""graph"": 158.0}",False,,,,,0.0,,0.0,False,0.0,,0.0,False,0.0,,0.0,False
70.713,352,slm,TOWNSIM_INI,1,evasive,GANAR_ALTURA,0,21.623961348005164,False,28.129619598388672,14.055018424987793,-10.762460708618164,,,,-4.52,False,,,"{""telemetry"": 0.8, ""graph"": 149.6}",False,,,,,0.0,,0.0,False,0.0,,0.0,False,0.0,,0.0,False
70.922,353,slm,TOWNSIM_INI,1,evasive,GANAR_ALTURA,0,21.642431238476632,False,28.10713768005371,14.074959754943848,-10.741423606872559,,,,-4.13,False,,,"{""telemetry"": 0.9, ""graph"": 158.7}",False,,,,,0.0,,0.0,False,0.0,,0.0,False,0.0,,0.0,False
71.112,354,slm,TOWNSIM_INI,1,evasive,GANAR_ALTURA,0,21.68426295126792,False,28.033790588378906,14.112323760986328,-10.724285125732422,,,,-3.73,False,,,"{""telemetry"": 0.8, ""graph"": 149.1}",False,,,,,0.0,,0.0,False,0.0,,0.0,False,0.0,,0.0,False
71.397,355,slm,TOWNSIM_INI,1,deliberative,FRENAR,0,21.741352121354254,False,27.895458221435547,14.1724214553833,-10.713507652282715,,,,-3.21,False,,,"{""telemetry"": 1.2, ""graph"": 233.4}",True,2246.5,False,False,True,0.005,0.79,1.0,True,0.0,1.18,1.0,True,0.0,2.36,1.0,True
71.597,356,slm,TOWNSIM_INI,1,deliberative,FRENAR,0,21.815070903610025,False,27.744348526000977,14.231903076171875,-10.708168029785156,,,,-2.73,False,,,"{""telemetry"": 0.8, ""graph"": 197.3}",True,2246.5,False,False,True,0.004,0.58,1.0,True,0.0,1.07,1.0,True,0.0,1.82,1.0,True
71.779,357,slm,TOWNSIM_INI,1,deliberative,FRENAR,0,21.890733909385432,False,27.614208221435547,14.280686378479004,-10.696950912475586,,,,-2.48,False,,,"{""telemetry"": 1.0, ""graph"": 178.9}",True,2246.5,False,False,True,0.0,,0.0,False,0.0,,0.0,False,0.0,,0.0,False
71.975,358,slm,TOWNSIM_INI,1,deliberative,FRENAR,0,21.95699169547711,False,27.505386352539062,14.320820808410645,-10.691437721252441,,,,-2.38,False,,,"{""telemetry"": 0.9, ""graph"": 174.1}",True,2246.5,False,False,True,0.0,2.52,1.0,False,0.0,2.32,1.0,True,0.0,2.15,1.0,True
72.164,359,slm,TOWNSIM_INI,1,deliberative,FRENAR,0,22.008532400465164,False,27.418058395385742,14.352832794189453,-10.686729431152344,,,,-2.35,False,,,"{""telemetry"": 0.8, ""graph"": 162.6}",True,2246.5,False,False,True,0.0,3.89,1.0,False,0.0,5.05,1.0,False,0.0,2.73,1.0,False
72.36,360,slm,TOWNSIM_INI,1,deliberative,FRENAR,0,22.050220944848014,False,27.35173797607422,14.377095222473145,-10.681838989257812,,,,-2.34,False,,,"{""telemetry"": 1.8, ""graph"": 157.1}",True,2246.5,False,False,True,0.0,0.9,1.0,True,0.0,3.57,1.0,False,0.0,2.61,1.0,False
72.583,361,slm,TOWNSIM_INI,1,deliberative,FRENAR,0,22.082755537816066,False,27.295635223388672,14.397608757019043,-10.676262855529785,,,,-2.34,False,,,"{""telemetry"": 1.1, ""graph"": 180.6}",True,2246.5,False,False,True,0.0,1.54,1.0,True,0.0,4.15,1.0,False,0.0,3.22,1.0,False
72.775,362,slm,TOWNSIM_INI,1,deliberative,FRENAR,0,22.108370765416275,False,27.2584171295166,14.411221504211426,-10.671585083007812,,,,-2.34,False,,,"{""telemetry"": 1.1, ""graph"": 171.9}",True,2246.5,False,False,True,0.0,3.96,1.0,False,0.0,4.99,1.0,False,0.004,3.92,1.0,False
72.972,363,slm,TOWNSIM_INI,1,deliberative,FRENAR,0,22.12867426179655,False,27.230209350585938,14.421528816223145,-10.667344093322754,,,,-2.34,False,,,"{""telemetry"": 1.1, ""graph"": 168.1}",True,2246.5,False,False,True,0.0,4.93,1.0,False,0.0,6.17,1.0,False,0.0,4.84,1.0,False
73.203,364,slm,TOWNSIM_INI,1,deliberative,FRENAR,0,22.144230319444894,False,27.20521354675293,14.430672645568848,-10.662895202636719,,,,-2.34,False,,,"{""telemetry"": 1.8, ""graph"": 198.1}",True,2246.5,False,False,True,0.0,6.92,1.0,False,0.0,7.93,1.0,False,0.0,6.71,1.0,False
73.376,365,slm,TOWNSIM_INI,1,deliberative,FRENAR,0,22.156500859240104,False,27.191009521484375,14.43586540222168,-10.659957885742188,,,,-2.34,False,,,"{""telemetry"": 1.3, ""graph"": 169.6}",True,2246.5,False,False,True,0.0,8.21,1.0,False,0.0,9.88,1.0,False,0.0,6.76,1.0,False
73.571,366,slm,TOWNSIM_INI,1,deliberative,FRENAR,0,22.165894623810114,False,27.17938232421875,14.440114974975586,-10.65722942352295,,,,-2.34,False,,,"{""telemetry"": 0.9, ""graph"": 164.5}",True,2246.5,False,False,True,0.0,11.22,1.0,False,0.0,12.37,1.0,False,0.0,8.69,1.0,False
73.796,367,slm,TOWNSIM_INI,1,deliberative,PERDER_ALTURA,0,22.16848855060574,False,27.179443359375,14.436633110046387,-10.655917167663574,,,,-2.37,False,,,"{""telemetry"": 0.9, ""graph"": 188.8}",True,2339.5,False,False,True,0.0,,0.0,False,0.0,,0.0,False,0.0,,0.0,False
74.014,368,slm,TOWNSIM_INI,1,reactive,MANTENER_RUMBO,0,22.171571027744225,False,27.17784881591797,14.433476448059082,-10.632235527038574,,,,-2.39,False,,,"{""telemetry"": 0.9, ""graph"": 205.7}",False,,,,,0.002,21.45,0.298,False,0.0,24.85,0.264,False,0.002,39.79,0.298,False
74.171,369,slm,TOWNSIM_INI,1,reactive,MANTENER_RUMBO,0,22.244824320118955,False,27.189760208129883,14.43048095703125,-10.514305114746094,,,,-2.4,False,,,"{""telemetry"": 0.9, ""graph"": 153.8}",False,,,,,0.0,,0.0,False,0.0,,0.0,False,0.0,,0.0,False
74.374,370,slm,TOWNSIM_INI,1,reactive,MANTENER_RUMBO,0,22.27713164660883,False,27.291208267211914,14.424304962158203,-10.54705810546875,,,,-2.35,False,,,"{""telemetry"": 1.5, ""graph"": 155.9}",False,,,,,0.0,,0.0,False,0.0,,0.0,False,0.0,,0.0,False
74.602,371,slm,TOWNSIM_INI,1,reactive,MANTENER_RUMBO,0,22.047480823171277,False,27.43009376525879,14.416048049926758,-10.684310913085938,,,,-2.18,False,,,"{""telemetry"": 0.8, ""graph"": 184.6}",False,,,,,0.0,,0.003,False,0.0,,0.003,False,0.0,,0.003,False
74.766,372,slm,TOWNSIM_INI,1,deliberative,GANAR_ALTURA,0,21.977219829122692,False,27.452394485473633,14.410862922668457,-10.700206756591797,,,,-1.57,False,,,"{""telemetry"": 1.5, ""graph"": 146.7}",True,2339.5,False,False,True,0.0,,0.0,False,0.0,,0.0,False,0.0,,0.0,False
74.963,373,slm,TOWNSIM_INI,1,evasive,GANAR_ALTURA,0,21.950036450310147,False,27.594621658325195,14.377056121826172,-10.783378601074219,,,,-0.61,False,,,"{""telemetry"": 0.9, ""graph"": 144.5}",False,,,,,0.0,,0.0,False,0.0,,0.0,False,0.0,,0.0,False
75.207,374,slm,TOWNSIM_INI,1,deliberative,FRENAR,0,21.812843093149223,False,27.843982696533203,14.325621604919434,-10.797013282775879,,,,0.43,False,,,"{""telemetry"": 1.6, ""graph"": 186.8}",True,2339.5,False,False,True,0.032,0.36,0.238,False,0.051,0.21,0.238,False,0.046,1.35,0.238,False
75.386,375,slm,TOWNSIM_INI,1,deliberative,FRENAR,0,21.65546846772533,False,28.137630462646484,14.266338348388672,-10.79903793334961,,,,0.75,False,,,"{""telemetry"": 0.8, ""graph"": 166.6}",True,2339.5,False,False,True,0.0,,0.0,False,0.0,,0.0,False,0.0,,0.0,False
75.564,376,slm,TOWNSIM_INI,1,deliberative,FRENAR,0,21.52434377652372,False,28.329973220825195,14.228800773620605,-10.821754455566406,,,,0.77,False,,,"{""telemetry"": 0.8, ""graph"": 143.8}",True,2339.5,False,False,True,0.0,,0.0,False,0.0,,0.0,False,0.0,,0.0,False
75.784,377,slm,TOWNSIM_INI,1,deliberative,FRENAR,0,21.42551827031712,False,28.511505126953125,14.193806648254395,-10.834468841552734,,,,0.76,False,,,"{""telemetry"": 1.4, ""graph"": 162.2}",True,2339.5,False,False,True,0.0,,0.0,False,0.0,,0.0,False,0.0,,0.0,False
75.99,378,slm,TOWNSIM_INI,1,deliberative,FRENAR,0,21.35963386400999,False,28.63112449645996,14.170849800109863,-10.836758613586426,,,,0.76,False,,,"{""telemetry"": 0.9, ""graph"": 169.2}",True,2339.5,False,False,True,0.0,,0.0,False,0.0,,0.0,False,0.0,,0.0,False
76.181,379,slm,TOWNSIM_INI,1,deliberative,FRENAR,0,21.31449444165894,False,28.718597412109375,14.154078483581543,-10.835153579711914,,,,0.75,False,,,"{""telemetry"": 1.4, ""graph"": 158.7}",True,2339.5,False,False,True,0.0,,0.0,False,0.0,,0.0,False,0.0,,0.0,False
76.402,380,slm,TOWNSIM_INI,1,deliberative,FRENAR,0,21.283285197435944,False,28.785696029663086,14.141205787658691,-10.831853866577148,,,,0.75,False,,,"{""telemetry"": 1.0, ""graph"": 179.8}",True,2339.5,False,False,True,0.0,,0.008,False,0.0,,0.008,False,0.0,,0.008,False
76.6,381,slm,TOWNSIM_INI,1,deliberative,FRENAR,0,21.26156069290623,False,28.837574005126953,14.131251335144043,-10.827881813049316,,,,0.74,False,,,"{""telemetry"": 1.1, ""graph"": 177.1}",True,2339.5,False,False,True,0.0,,0.061,False,0.0,,0.061,False,0.0,,0.061,False
76.795,382,slm,TOWNSIM_INI,1,deliberative,FRENAR,0,21.24638228695563,False,28.87580108642578,14.123916625976562,-10.82400131225586,,,,0.74,False,,,"{""telemetry"": 0.8, ""graph"": 172.5}",True,2339.5,False,False,True,0.0,,0.017,False,0.0,,0.017,False,0.0,,0.017,False
76.977,383,slm,TOWNSIM_INI,1,deliberative,FRENAR,0,21.23576352462839,False,28.90406608581543,14.118489265441895,-10.82047176361084,,,,0.74,False,,,"{""telemetry"": 0.9, ""graph"": 154.2}",True,2339.5,False,False,True,0.0,,0.0,False,0.0,,0.0,False,0.0,,0.0,False
77.169,384,slm,TOWNSIM_INI,1,deliberative,FRENAR,0,21.228356413582592,False,28.92534065246582,14.114402770996094,-10.817317962646484,,,,0.74,False,,,"{""telemetry"": 0.8, ""graph"": 146.3}",True,2339.5,False,False,True,0.0,,0.0,False,0.0,,0.0,False,0.0,,0.0,False
77.367,385,slm,TOWNSIM_INI,1,deliberative,FRENAR,0,21.223164884517075,False,28.941347122192383,14.111329078674316,-10.81455135345459,,,,0.74,False,,,"{""telemetry"": 0.8, ""graph"": 143.8}",True,2339.5,False,False,True,0.0,,0.0,False,0.0,,0.0,False,0.0,,0.0,False
77.572,386,slm,TOWNSIM_INI,1,deliberative,MANTENER_RUMBO,0,21.219677920316954,False,28.95355796813965,14.10898494720459,-10.812110900878906,,,,0.74,False,,,"{""telemetry"": 1.0, ""graph"": 147.8}",True,2165.3,False,False,True,0.0,,0.0,False,0.0,,0.0,False,0.0,,0.0,False
77.789,387,slm,TOWNSIM_INI,1,reactive,MANTENER_RUMBO,0,21.217316126059167,False,28.965330123901367,14.107108116149902,-10.820903778076172,,,,0.73,False,,,"{""telemetry"": 0.8, ""graph"": 164.4}",False,,,,,0.0,,0.0,False,0.0,,0.0,False,0.0,,0.0,False
77.991,388,slm,TOWNSIM_INI,1,reactive,MANTENER_RUMBO,0,21.135692356028652,False,29.046615600585938,14.106973648071289,-11.001986503601074,,,,0.73,False,,,"{""telemetry"": 1.0, ""graph"": 165.8}",False,,,,,0.0,,0.0,False,0.0,,0.0,False,0.0,,0.0,False
78.217,389,slm,TOWNSIM_INI,1,deliberative,FRENAR,0,20.984282997174965,False,29.048057556152344,14.106066703796387,-11.001495361328125,,,,1.03,False,,,"{""telemetry"": 0.8, ""graph"": 191.2}",True,2165.3,False,False,True,0.011,8.32,0.58,False,0.01,2.22,0.58,True,0.01,2.0,0.58,True
78.391,390,slm,TOWNSIM_INI,1,deliberative,FRENAR,0,20.971402812349655,False,29.079689025878906,14.098687171936035,-11.027706146240234,,,,1.71,False,,,"{""telemetry"": 0.8, ""graph"": 165.4}",True,2165.3,False,False,True,0.0,,0.0,False,0.0,,0.0,False,0.0,,0.0,False
78.58,391,slm,TOWNSIM_INI,1,deliberative,FRENAR,0,20.83484655193225,False,29.364084243774414,14.04100227355957,-11.118314743041992,,,,2.31,False,,,"{""telemetry"": 0.7, ""graph"": 153.8}",True,2165.3,False,False,True,0.0,,0.0,False,0.0,,0.0,False,0.0,,0.0,False
78.776,392,slm,TOWNSIM_INI,1,deliberative,FRENAR,0,20.69774725413591,False,29.61050796508789,13.996225357055664,-11.138525009155273,,,,2.51,False,,,"{""telemetry"": 1.2, ""graph"": 149.5}",True,2165.3,False,False,True,0.0,,0.0,False,0.0,,0.0,False,0.0,,0.0,False
78.998,393,slm,TOWNSIM_INI,1,deliberative,FRENAR,0,20.58640356026774,False,29.81564712524414,13.960827827453613,-11.159448623657227,,,,2.55,False,,,"{""telemetry"": 1.1, ""graph"": 170.6}",True,2165.3,False,False,True,0.026,7.67,0.169,False,0.025,2.39,0.169,False,0.0,0.39,0.169,False
79.175,394,slm,TOWNSIM_INI,1,deliberative,FRENAR,0,20.499799271651273,False,29.974834442138672,13.93392276763916,-11.173080444335938,,,,2.54,False,,,"{""telemetry"": 1.1, ""graph"": 146.7}",True,2165.3,False,False,True,0.0,,0.0,False,0.0,,0.0,False,0.0,,0.0,False
79.412,395,slm,TOWNSIM_INI,1,deliberative,FRENAR,0,20.43792273309116,False,30.10883140563965,13.911455154418945,-11.180346488952637,,,,2.53,False,,,"{""telemetry"": 1.2, ""graph"": 183.6}",True,2165.3,False,False,True,0.0,,0.064,False,0.0,,0.064,False,0.0,,0.064,False
79.63,396,slm,TOWNSIM_INI,1,deliberative,FRENAR,0,20.39575557236416,False,30.201019287109375,13.896024703979492,-11.182373046875,,,,2.52,False,,,"{""telemetry"": 1.1, ""graph"": 199.5}",True,2165.3,False,False,True,0.0,,0.039,False,0.0,,0.039,False,0.0,,0.039,False
79.794,397,slm,TOWNSIM_INI,1,deliberative,FRENAR,0,20.365689309322725,False,30.26255226135254,13.885733604431152,-11.182126998901367,,,,2.51,False,,,"{""telemetry"": 0.9, ""graph"": 160.8}",True,2165.3,False,False,True,0.0,,0.0,False,0.0,,0.0,False,0.0,,0.0,False
80.023,398,slm,TOWNSIM_INI,1,deliberative,FRENAR,0,20.34458700162162,False,30.3150691986084,13.876947402954102,-11.180737495422363,,,,2.51,False,,,"{""telemetry"": 2.3, ""graph"": 189.0}",True,2165.3,False,False,True,0.0,,0.015,False,0.0,,0.015,False,0.0,,0.015,False
80.204,399,slm,TOWNSIM_INI,1,deliberative,FRENAR,0,20.32954196581623,False,30.35050392150879,13.871017456054688,-11.179071426391602,,,,2.5,False,,,"{""telemetry"": 1.4, ""graph"": 170.0}",True,2165.3,False,False,True,0.0,,0.053,False,0.0,,0.053,False,0.0,,0.053,False
80.412,400,slm,TOWNSIM_INI,1,deliberative,FRENAR,0,20.319124989524042,False,30.3790340423584,13.866242408752441,-11.177183151245117,,,,2.5,False,,,"{""telemetry"": 1.9, ""graph"": 176.9}",True,2165.3,False,False,True,0.0,,0.008,False,0.0,,0.008,False,0.0,,0.008,False
80.586,401,slm,TOWNSIM_INI,1,deliberative,PERDER_ALTURA,0,20.31178065427757,False,30.400131225585938,13.862709999084473,-11.175390243530273,,,,2.5,False,,,"{""telemetry"": 2.0, ""graph"": 150.9}",True,2332.8,False,False,True,0.0,,0.0,False,0.0,,0.0,False,0.0,,0.0,False
80.808,402,slm,TOWNSIM_INI,1,reactive,MANTENER_RUMBO,0,20.306631165279608,False,30.416297912597656,13.860038757324219,-11.161816596984863,,,,2.5,False,,,"{""telemetry"": 0.7, ""graph"": 173.0}",False,,,,,0.0,,0.011,False,0.0,,0.011,False,0.0,,0.011,False
80.983,403,slm,TOWNSIM_INI,1,reactive,MANTENER_RUMBO,0,20.37479923964918,False,30.440826416015625,13.85833740234375,-11.040319442749023,,,,2.48,False,,,"{""telemetry"": 0.7, ""graph"": 147.7}",False,,,,,0.0,,0.0,False,0.0,,0.0,False,0.0,,0.0,False
81.21,404,slm,TOWNSIM_INI,1,deliberative,FRENAR,0,20.413667341672156,False,30.557981491088867,13.861437797546387,-11.074377059936523,,,,2.48,False,,,"{""telemetry"": 0.7, ""graph"": 174.9}",True,2332.8,False,False,True,0.029,0.6,0.307,False,0.023,0.15,0.307,False,0.025,0.39,0.307,False
81.401,405,slm,TOWNSIM_INI,1,deliberative,FRENAR,0,20.18332935743349,False,30.812715530395508,13.871278762817383,-11.314123153686523,,,,2.5,False,,,"{""telemetry"": 0.9, ""graph"": 165.6}",True,2332.8,False,False,True,0.0,,0.0,False,0.0,,0.0,False,0.0,,0.0,False
81.614,406,slm,TOWNSIM_INI,1,deliberative,FRENAR,0,19.996222590122166,False,30.832744598388672,13.860434532165527,-11.298861503601074,,,,2.75,False,,,"{""telemetry"": 0.9, ""graph"": 177.3}",True,2332.8,False,False,True,0.0,,0.0,False,0.0,,0.0,False,0.0,,0.0,False
81.782,407,slm,TOWNSIM_INI,1,deliberative,FRENAR,0,20.028299050622373,False,30.921119689941406,13.84592056274414,-11.29847526550293,,,,3.02,False,,,"{""telemetry"": 0.9, ""graph"": 145.7}",True,2332.8,False,False,True,0.0,,0.0,False,0.0,,0.0,False,0.0,,0.0,False
82.011,408,slm,TOWNSIM_INI,1,deliberative,FRENAR,0,19.998022455744575,False,30.94809913635254,13.838032722473145,-11.296004295349121,,,,3.29,False,,,"{""telemetry"": 1.3, ""graph"": 173.7}",True,2332.8,False,False,True,0.0,,0.123,False,0.0,,0.123,False,0.0,,0.123,False
82.208,409,slm,TOWNSIM_INI,1,deliberative,FRENAR,0,19.977151828194316,False,31.005733489990234,13.836597442626953,-11.306628227233887,,,,3.55,False,,,"{""telemetry"": 0.9, ""graph"": 171.1}",True,2332.8,False,False,True,0.0,,0.0,False,0.0,,0.0,False,0.0,,0.0,False
82.423,410,slm,TOWNSIM_INI,1,deliberative,FRENAR,0,19.954498031084157,False,31.068904876708984,13.833707809448242,-11.31638240814209,,,,3.72,False,,,"{""telemetry"": 1.1, ""graph"": 185.5}",True,2332.8,False,False,True,0.0,,0.003,False,0.0,,0.003,False,0.0,,0.003,False
82.628,411,slm,TOWNSIM_INI,1,deliberative,FRENAR,0,19.921821791879236,False,31.126920700073242,13.830930709838867,-11.324357986450195,,,,3.8,False,,,"{""telemetry"": 1.2, ""graph"": 190.6}",True,2332.8,False,False,True,0.0,,0.026,False,0.0,,0.026,False,0.0,,0.026,False
82.824,412,slm,TOWNSIM_INI,1,deliberative,FRENAR,0,19.898488994285447,False,31.168317794799805,13.828893661499023,-11.329527854919434,,,,3.84,False,,,"{""telemetry"": 1.0, ""graph"": 185.4}",True,2332.8,False,False,True,0.0,,0.059,False,0.0,,0.059,False,0.0,,0.059,False
83.009,413,slm,TOWNSIM_INI,1,deliberative,FRENAR,0,19.881545135632905,False,31.203393936157227,13.827144622802734,-11.333601951599121,,,,3.85,False,,,"{""telemetry"": 1.4, ""graph"": 170.2}",True,2332.8,False,False,True,0.0,,0.0,False,0.0,,0.0,False,0.0,,0.0,False
83.203,414,slm,TOWNSIM_INI,1,deliberative,FRENAR,0,19.86912460402256,False,31.2252140045166,13.826048851013184,-11.335992813110352,,,,3.86,False,,,"{""telemetry"": 1.2, ""graph"": 164.4}",True,2332.8,False,False,True,0.0,,0.0,False,0.0,,0.0,False,0.0,,0.0,False
83.414,415,slm,TOWNSIM_INI,1,deliberative,FRENAR,0,19.859860690456493,False,31.244823455810547,13.825060844421387,-11.338020324707031,,,,3.86,False,,,"{""telemetry"": 1.1, ""graph"": 174.2}",True,2332.8,False,False,True,0.0,,0.0,False,0.0,,0.0,False,0.0,,0.0,False
83.632,416,slm,TOWNSIM_INI,1,deliberative,PERDER_ALTURA,0,19.853152493969784,False,31.258258819580078,13.824383735656738,-11.339314460754395,,,,3.87,False,,,"{""telemetry"": 1.0, ""graph"": 192.2}",True,2221.4,False,False,True,0.0,,0.038,False,0.0,,0.038,False,0.0,,0.038,False
83.824,417,slm,TOWNSIM_INI,1,reactive,MANTENER_RUMBO,0,19.84815883353146,False,31.2683048248291,13.8239107131958,-11.322663307189941,,,,3.86,False,,,"{""telemetry"": 1.0, ""graph"": 183.5}",False,,,,,0.0,,0.001,False,0.0,,0.001,False,0.0,,0.001,False
83.999,418,slm,TOWNSIM_INI,1,reactive,MANTENER_RUMBO,0,19.917289266696137,False,31.28852081298828,13.824355125427246,-11.206886291503906,,,,3.86,False,,,"{""telemetry"": 0.8, ""graph"": 158.4}",False,,,,,0.0,,0.0,False,0.0,,0.0,False,0.0,,0.0,False
84.208,419,slm,TOWNSIM_INI,1,reactive,MANTENER_RUMBO,0,19.956245575287447,False,31.38740348815918,13.830392837524414,-11.235098838806152,,,,3.86,False,,,"{""telemetry"": 1.0, ""graph"": 165.1}",False,,,,,0.0,,0.042,False,0.0,,0.042,False,0.0,,0.042,False
84.408,420,slm,TOWNSIM_INI,1,reactive,MANTENER_RUMBO,0,19.735148837872693,False,31.45757484436035,13.834480285644531,-11.300200462341309,,,,3.99,False,,,"{""telemetry"": 0.8, ""graph"": 164.9}",False,,,,,0.0,,0.0,False,0.0,,0.0,False,0.0,,0.0,False
84.587,421,slm,TOWNSIM_INI,1,reactive,MANTENER_RUMBO,0,19.80484604031155,False,31.558734893798828,13.825733184814453,-11.375296592712402,,,,4.55,False,,,"{""telemetry"": 0.9, ""graph"": 143.5}",False,,,,,0.0,,0.0,False,0.0,,0.0,False,0.0,,0.0,False
84.818,422,slm,TOWNSIM_INI,1,reactive,MANTENER_RUMBO,0,19.753519296287518,False,31.600669860839844,13.820116996765137,-11.393603324890137,,,,5.0,False,,,"{""telemetry"": 1.4, ""graph"": 172.9}",False,,,,,0.0,,0.0,False,0.0,,0.0,False,0.0,,0.0,False
85.018,423,slm,TOWNSIM_INI,1,reactive,MANTENER_RUMBO,0,19.699995069378133,False,31.553367614746094,13.825236320495605,-11.364041328430176,,,,5.15,False,,,"{""telemetry"": 1.1, ""graph"": 172.5}",False,,,,,0.0,,0.0,False,0.0,,0.0,False,0.0,,0.0,False
85.198,424,slm,TOWNSIM_INI,1,reactive,MANTENER_RUMBO,0,19.720443975809385,False,31.658477783203125,13.814726829528809,-11.420138359069824,,,,5.18,False,,,"{""telemetry"": 1.2, ""graph"": 152.2}",False,,,,,0.0,,0.0,False,0.0,,0.0,False,0.0,,0.0,False
85.422,425,slm,TOWNSIM_INI,1,reactive,MANTENER_RUMBO,0,19.710193470785175,False,31.571216583251953,13.823494911193848,-11.373443603515625,,,,5.17,False,,,"{""telemetry"": 1.7, ""graph"": 175.0}",False,,,,,0.0,,0.0,False,0.0,,0.0,False,0.0,,0.0,False
85.619,426,slm,TOWNSIM_INI,1,reactive,MANTENER_RUMBO,0,19.680943354162395,False,31.57135009765625,13.823517799377441,-11.373502731323242,,,,5.17,False,,,"{""telemetry"": 0.9, ""graph"": 172.9}",False,,,,,0.0,,0.05,False,0.0,52.05,0.161,False,0.001,5.92,0.221,False
85.828,427,slm,TOWNSIM_INI,1,reactive,MANTENER_RUMBO,0,19.666987937852056,False,31.571317672729492,13.823538780212402,-11.373466491699219,,,,5.17,False,,,"{""telemetry"": 1.2, ""graph"": 181.0}",False,,,,,0.0,18.25,0.222,False,0.0,,0.063,False,0.0,,0.113,False
86.046,428,slm,TOWNSIM_INI,1,reactive,MANTENER_RUMBO,0,19.713780798615208,False,31.674768447875977,13.815287590026855,-11.426812171936035,,,,5.19,False,,,"{""telemetry"": 7.2, ""graph"": 191.4}",False,,,,,0.0,23.39,0.258,False,0.0,,0.131,False,0.0,,0.04,False
86.23,429,slm,TOWNSIM_INI,1,reactive,MANTENER_RUMBO,0,19.71378756932277,False,31.605772018432617,13.820887565612793,-11.390904426574707,,,,5.18,False,,,"{""telemetry"": 1.2, ""graph"": 180.3}",False,,,,,0.001,13.21,0.241,False,0.001,32.76,0.188,False,0.0,,0.104,False
86.395,430,slm,TOWNSIM_INI,1,deliberative,GANAR_ALTURA,0,19.6956495619723,False,31.571245193481445,13.823568344116211,-11.373393058776855,,,,5.18,False,,,"{""telemetry"": 1.2, ""graph"": 144.9}",True,2221.4,False,False,True,0.0,,0.0,False,0.0,,0.0,False,0.0,,0.0,False
86.595,431,slm,TOWNSIM_INI,1,evasive,GANAR_ALTURA,0,19.663536090586177,False,31.644798278808594,13.819110870361328,-11.41529655456543,,,,5.44,False,,,"{""telemetry"": 0.9, ""graph"": 144.5}",False,,,,,0.0,,0.0,False,0.0,,0.0,False,0.0,,0.0,False
86.831,432,slm,TOWNSIM_INI,1,girar_90,GIRAR_90,0,19.70197442337697,False,31.701847076416016,13.778111457824707,-11.46485710144043,,,,5.98,False,,,"{""telemetry"": 0.9, ""graph"": 179.9}",False,,,,,0.128,0.56,0.405,True,0.167,0.13,0.405,True,0.169,0.28,0.405,True
87.002,433,slm,TOWNSIM_INI,1,evasive,GIRAR_90,0,19.64183173820963,False,31.69304656982422,13.713186264038086,-11.4013032913208,,,,5.97,False,,,"{""telemetry"": 0.9, ""graph"": 151.0}",False,,,,,0.0,,0.0,False,0.0,,0.0,False,0.0,,0.0,False
87.244,434,slm,TOWNSIM_INI,1,evasive,GIRAR_90,0,19.5633327740168,False,31.772024154663086,13.684545516967773,-11.430144309997559,,,,4.44,False,,,"{""telemetry"": 0.9, ""graph"": 192.4}",False,,,,,0.0,,0.089,False,0.0,,0.089,False,0.0,,0.089,False
87.419,435,slm,TOWNSIM_INI,1,evasive,GIRAR_90,0,19.570771803984364,False,31.934598922729492,13.64303207397461,-11.424391746520996,,,,2.45,False,,,"{""telemetry"": 0.7, ""graph"": 167.0}",False,,,,,0.0,,0.055,False,0.0,,0.055,False,0.0,,0.055,False
87.587,436,slm,TOWNSIM_INI,1,evasive,GIRAR_90,0,19.539954705012054,False,32.085147857666016,13.603872299194336,-11.404019355773926,,,,-0.56,False,,,"{""telemetry"": 0.7, ""graph"": 135.1}",False,,,,,0.0,,0.0,False,0.0,,0.0,False,0.0,,0.0,False
87.777,437,slm,TOWNSIM_INI,1,evasive,GIRAR_90,0,19.523842714757137,False,32.17792892456055,13.579475402832031,-11.386750221252441,,,,-3.25,False,,,"{""telemetry"": 1.1, ""graph"": 123.0}",False,,,,,0.0,,0.0,False,0.0,,0.0,False,0.0,,0.0,False
87.973,438,slm,TOWNSIM_INI,1,reactive,MANTENER_RUMBO,0,19.515784422615543,False,32.25066375732422,13.56023120880127,-11.37016773223877,,,,-6.11,False,,,"{""telemetry"": 0.8, ""graph"": 119.7}",False,,,,,0.0,,0.0,False,0.0,,0.0,False,0.0,,0.0,False
88.169,439,slm,TOWNSIM_INI,1,reactive,MANTENER_RUMBO,0,19.512704441276526,False,32.306983947753906,13.545483589172363,-11.363863945007324,,,,-8.71,False,,,"{""telemetry"": 0.9, ""graph"": 114.7}",False,,,,,0.0,,0.0,False,0.0,,0.0,False,0.0,,0.0,False
88.419,440,slm,TOWNSIM_INI,1,reactive,MANTENER_RUMBO,0,19.444231241075794,False,32.407501220703125,13.526607513427734,-11.473605155944824,,,,-9.92,False,,,"{""telemetry"": 0.7, ""graph"": 164.4}",False,,,,,0.0,,0.0,False,0.0,,0.0,False,0.0,,0.0,False
88.637,441,slm,TOWNSIM_INI,1,reactive,MANTENER_RUMBO,0,19.25347498983219,False,32.47349166870117,13.511482238769531,-11.548541069030762,,,,-9.98,False,,,"{""telemetry"": 0.7, ""graph"": 182.0}",False,,,,,0.0,,0.0,False,0.0,,0.0,False,0.0,,0.0,False
88.842,442,slm,TOWNSIM_INI,1,evasive,EVADIR_IZQUIERDA,0,19.271514187875837,False,32.52085876464844,13.49582290649414,-11.580721855163574,,,,-9.32,False,,,"{""telemetry"": 0.8, ""graph"": 186.7}",False,,,,,0.002,1.57,0.261,False,0.004,4.56,0.261,False,0.006,13.13,0.261,False
89.046,443,slm,TOWNSIM_INI,1,reactive,MANTENER_RUMBO,0,19.23956790420216,False,32.68185806274414,13.443466186523438,-11.65954875946045,,,,-8.53,False,,,"{""telemetry"": 0.9, ""graph"": 190.0}",False,,,,,0.0,,0.0,False,0.0,,0.0,False,0.0,,0.0,False
89.259,444,slm,TOWNSIM_INI,1,reactive,MANTENER_RUMBO,0,19.02890044599428,False,33.01036834716797,13.34653091430664,-11.811482429504395,,,,-9.33,False,,,"{""telemetry"": 0.9, ""graph"": 202.9}",False,,,,,0.0,,0.016,False,0.0,,0.016,False,0.0,,0.016,False
89.453,445,slm,TOWNSIM_INI,1,reactive,MANTENER_RUMBO,0,18.7771989807375,False,33.37237548828125,13.253740310668945,-11.983744621276855,,,,-9.28,False,,,"{""telemetry"": 0.7, ""graph"": 192.2}",False,,,,,0.0,,0.099,False,0.0,,0.099,False,0.0,,0.099,False
89.673,446,slm,TOWNSIM_INI,1,reactive,MANTENER_RUMBO,0,18.518841782641445,False,33.796932220458984,13.158726692199707,-12.168564796447754,,,,-8.51,False,,,"{""telemetry"": 1.2, ""graph"": 211.1}",False,,,,,0.0,,0.022,False,0.0,,0.022,False,0.0,,0.022,False
89.86,447,slm,TOWNSIM_INI,1,reactive,MANTENER_RUMBO,0,18.245120694439724,False,34.205596923828125,13.075960159301758,-12.327653884887695,,,,-7.56,False,,,"{""telemetry"": 0.6, ""graph"": 184.4}",False,,,,,0.0,,0.056,False,0.0,,0.056,False,0.0,,0.056,False
90.054,448,slm,TOWNSIM_INI,1,reactive,MANTENER_RUMBO,0,17.990671528746056,False,34.71025085449219,12.981538772583008,-12.506629943847656,,,,-6.19,False,,,"{""telemetry"": 0.7, ""graph"": 178.0}",False,,,,,0.0,,0.0,False,0.0,,0.0,False,0.0,,0.0,False
90.259,449,slm,TOWNSIM_INI,1,reactive,MANTENER_RUMBO,0,17.749534989756132,False,35.14910125732422,12.904621124267578,-12.653176307678223,,,,-4.93,False,,,"{""telemetry"": 0.7, ""graph"": 183.5}",False,,,,,0.0,,0.044,False,0.0,,0.044,False,0.0,,0.044,False
90.448,450,slm,TOWNSIM_INI,1,reactive,MANTENER_RUMBO,0,17.5192598800732,False,35.63745880126953,12.82487964630127,-12.810394287109375,,,,-3.41,False,,,"{""telemetry"": 0.9, ""graph"": 171.5}",False,,,,,0.0,,0.043,False,0.0,,0.043,False,0.0,,0.043,False
90.631,451,slm,TOWNSIM_INI,1,reactive,MANTENER_RUMBO,0,17.297695380134954,False,36.08857345581055,12.757145881652832,-12.95248794555664,,,,-1.93,False,,,"{""telemetry"": 0.8, ""graph"": 153.8}",False,,,,,0.0,,0.002,False,0.0,,0.002,False,0.0,,0.002,False
90.796,452,slm,TOWNSIM_INI,1,reactive,MANTENER_RUMBO,0,17.09246444558789,False,36.66730880737305,12.679712295532227,-13.133061408996582,,,,0.21,False,,,"{""telemetry"": 0.8, ""graph"": 118.8}",False,,,,,0.0,,0.0,False,0.0,,0.0,False,0.0,,0.0,False
91.045,453,slm,TOWNSIM_INI,1,reactive,MANTENER_RUMBO,0,16.900880920923026,False,37.13539505004883,12.626408576965332,-13.270337104797363,,,,2.16,False,,,"{""telemetry"": 0.7, ""graph"": 167.5}",False,,,,,0.0,,0.139,False,0.0,,0.139,False,0.0,,0.139,False
91.166,454,slm,TOWNSIM_INI,1,reactive,MANTENER_RUMBO,0,16.741738198589562,False,37.59358596801758,12.583064079284668,-13.406468391418457,,,,4.22,False,,,"{""telemetry"": 0.8, ""graph"": 87.3}",False,,,,,0.0,,0.0,False,0.0,,0.0,False,0.0,,0.0,False
91.388,455,slm,TOWNSIM_INI,1,reactive,MANTENER_RUMBO,0,16.5910996527422,False,38.10245895385742,12.54682731628418,-13.556641578674316,,,,6.99,False,,,"{""telemetry"": 0.7, ""graph"": 109.5}",False,,,,,0.0,,0.0,False,0.0,,0.0,False,0.0,,0.0,False
91.567,456,slm,TOWNSIM_INI,1,reactive,MANTENER_RUMBO,0,16.448116681940974,False,38.474395751953125,12.527806282043457,-13.701912879943848,,,,9.49,False,,,"{""telemetry"": 0.8, ""graph"": 87.2}",False,,,,,0.0,,0.0,False,0.0,,0.0,False,0.0,,0.0,False
91.789,457,slm,TOWNSIM_INI,1,reactive,MANTENER_RUMBO,0,16.292204892202978,False,38.86445236206055,12.513798713684082,-13.88593578338623,,,,13.04,False,,,"{""telemetry"": 0.7, ""graph"": 109.6}",False,,,,,0.0,,0.0,False,0.0,,0.0,False,0.0,,0.0,False
91.98,458,slm,TOWNSIM_INI,1,reactive,MANTENER_RUMBO,0,16.142594475489666,False,39.13774108886719,12.507174491882324,-14.053197860717773,,,,16.73,False,,,"{""telemetry"": 1.0, ""graph"": 99.4}",False,,,,,0.0,,0.0,False,0.0,,0.0,False,0.0,,0.0,False
92.199,459,slm,TOWNSIM_INI,1,reactive,MANTENER_RUMBO,0,15.998044790183885,False,39.38062286376953,12.503414154052734,-14.222210884094238,,,,21.44,False,,,"{""telemetry"": 0.9, ""graph"": 118.1}",False,,,,,0.0,,0.0,False,0.0,,0.0,False,0.0,,0.0,False
92.402,460,slm,TOWNSIM_INI,1,reactive,MANTENER_RUMBO,0,15.865522830676042,False,39.55781936645508,12.501843452453613,-14.353530883789062,,,,26.51,False,,,"{""telemetry"": 0.7, ""graph"": 120.8}",False,,,,,0.0,,0.0,False,0.0,,0.0,False,0.0,,0.0,False
92.589,461,slm,TOWNSIM_INI,1,reactive,MANTENER_RUMBO,0,15.83067552691896,False,39.69565200805664,12.500478744506836,-14.343770027160645,,,,32.1,False,,,"{""telemetry"": 0.8, ""graph"": 107.6}",False,,,,,0.0,,0.0,False,0.0,,0.0,False,0.0,,0.0,False
92.789,462,slm,TOWNSIM_INI,1,reactive,MANTENER_RUMBO,0,15.871081830138868,False,39.80236053466797,12.496197700500488,-14.317914962768555,,,,38.59,False,,,"{""telemetry"": 0.8, ""graph"": 107.5}",False,,,,,0.0,,0.0,False,0.0,,0.0,False,0.0,,0.0,False
92.985,463,slm,TOWNSIM_INI,1,reactive,MANTENER_RUMBO,0,15.903434123621322,False,39.86873245239258,12.486470222473145,-14.300389289855957,,,,44.96,False,,,"{""telemetry"": 0.8, ""graph"": 102.7}",False,,,,,0.0,,0.0,False,0.0,,0.0,False,0.0,,0.0,False
93.193,464,slm,TOWNSIM_INI,1,reactive,MANTENER_RUMBO,0,15.926148699005584,False,39.91166305541992,12.466845512390137,-14.285243034362793,,,,51.79,False,,,"{""telemetry"": 1.3, ""graph"": 110.0}",False,,,,,0.0,,0.0,False,0.0,,0.0,False,0.0,,0.0,False
93.385,465,slm,TOWNSIM_INI,1,reactive,MANTENER_RUMBO,0,15.94493720102122,False,39.932029724121094,12.447084426879883,-14.273611068725586,,,,57.34,False,,,"{""telemetry"": 0.8, ""graph"": 102.3}",False,,,,,0.0,,0.0,False,0.0,,0.0,False,0.0,,0.0,False
93.58,466,slm,TOWNSIM_INI,1,reactive,MANTENER_RUMBO,0,15.960114319602233,False,39.944740295410156,12.42920970916748,-14.263291358947754,,,,62.56,False,,,"{""telemetry"": 0.9, ""graph"": 96.9}",False,,,,,0.0,,0.0,False,0.0,,0.0,False,0.0,,0.0,False
93.785,467,slm,TOWNSIM_INI,1,reactive,MANTENER_RUMBO,0,15.97238283988755,False,39.95326614379883,12.414262771606445,-14.254376411437988,,,,67.48,False,,,"{""telemetry"": 0.8, ""graph"": 101.2}",False,,,,,0.0,,0.0,False,0.0,,0.0,False,0.0,,0.0,False
94.008,468,slm,TOWNSIM_INI,1,reactive,MANTENER_RUMBO,0,15.982365791471038,False,39.959312438964844,12.402090072631836,-14.246585845947266,,,,72.31,False,,,"{""telemetry"": 2.3, ""graph"": 122.6}",False,,,,,0.0,,0.0,False,0.0,,0.0,False,0.0,,0.0,False
94.176,469,slm,TOWNSIM_INI,1,reactive,MANTENER_RUMBO,0,15.99020096064973,False,39.962623596191406,12.394847869873047,-14.241707801818848,,,,75.98,False,,,"{""telemetry"": 1.4, ""graph"": 91.6}",False,,,,,0.0,,0.0,False,0.0,,0.0,False,0.0,,0.0,False
94.382,470,slm,TOWNSIM_INI,1,reactive,MANTENER_RUMBO,0,15.99653749727301,False,39.965431213378906,12.388389587402344,-14.23685073852539,,,,79.95,False,,,"{""telemetry"": 0.8, ""graph"": 97.6}",False,,,,,0.0,,0.0,False,0.0,,0.0,False,0.0,,0.0,False
94.587,471,slm,TOWNSIM_INI,1,reactive,MANTENER_RUMBO,0,16.001722044727735,False,39.967533111572266,12.383340835571289,-14.232637405395508,,,,83.72,False,,,"{""telemetry"": 0.9, ""graph"": 102.2}",False,,,,,0.0,,0.0,False,0.0,,0.0,False,0.0,,0.0,False
94.82,472,slm,TOWNSIM_INI,1,reactive,MANTENER_RUMBO,0,16.005957701803176,False,39.96919631958008,12.379232406616211,-14.228797912597656,,,,87.58,False,,,"{""telemetry"": 0.7, ""graph"": 134.5}",False,,,,,0.0,,0.0,False,0.0,,0.0,False,0.0,,0.0,False
94.997,473,slm,TOWNSIM_INI,1,reactive,MANTENER_RUMBO,0,16.0094307550391,False,39.970149993896484,12.376860618591309,-14.226442337036133,,,,90.63,False,,,"{""telemetry"": 0.8, ""graph"": 111.5}",False,,,,,0.0,,0.0,False,0.0,,0.0,False,0.0,,0.0,False
95.177,474,slm,TOWNSIM_INI,1,reactive,MANTENER_RUMBO,0,16.012197111383518,False,39.97084426879883,12.375062942504883,-14.224393844604492,,,,93.49,False,,,"{""telemetry"": 1.0, ""graph"": 91.3}",False,,,,,0.0,,0.0,False,0.0,,0.0,False,0.0,,0.0,False
95.425,475,slm,TOWNSIM_INI,1,deliberative,GANAR_ALTURA,0,16.014605237470683,False,39.97138595581055,12.374924659729004,-14.249500274658203,,,,96.93,False,,,"{""telemetry"": 1.1, ""graph"": 138.1}",True,2221.4,False,False,True,0.0,,0.0,False,0.0,,0.0,False,0.0,,0.0,False
95.608,476,slm,TOWNSIM_INI,1,evasive,GANAR_ALTURA,0,15.930985008229607,False,39.9696044921875,12.395686149597168,-14.364171028137207,,,,99.43,False,,,"{""telemetry"": 0.7, ""graph"": 121.0}",False,,,,,0.0,,0.0,False,0.0,,0.0,False,0.0,,0.0,False
95.795,477,slm,TOWNSIM_INI,1,evasive,GANAR_ALTURA,0,15.863612997653942,False,39.96687698364258,12.425661087036133,-14.352776527404785,,,,102.05,False,,,"{""telemetry"": 0.8, ""graph"": 108.0}",False,,,,,0.0,,0.0,False,0.0,,0.0,False,0.0,,0.0,False
95.992,478,slm,TOWNSIM_INI,1,evasive,GANAR_ALTURA,0,15.90282721678403,False,39.96390151977539,12.456340789794922,-14.311771392822266,,,,104.88,False,,,"{""telemetry"": 0.7, ""graph"": 104.1}",False,,,,,0.0,,0.0,False,0.0,,0.0,False,0.0,,0.0,False
96.185,479,slm,TOWNSIM_INI,1,evasive,GANAR_ALTURA,0,15.930449317935752,False,39.96066665649414,12.4814453125,-14.287394523620605,,,,107.7,False,,,"{""telemetry"": 0.9, ""graph"": 97.3}",False,,,,,0.0,,0.0,False,0.0,,0.0,False,0.0,,0.0,False
96.408,480,slm,TOWNSIM_INI,1,evasive,GANAR_ALTURA,0,15.944791278886717,False,39.9561767578125,12.503303527832031,-14.273025512695312,,,,110.98,False,,,"{""telemetry"": 1.0, ""graph"": 119.0}",False,,,,,0.0,,0.0,False,0.0,,0.0,False,0.0,,0.0,False
96.574,481,slm,TOWNSIM_INI,1,evasive,GANAR_ALTURA,0,15.950536482403598,False,39.95181655883789,12.515149116516113,-14.268324851989746,,,,113.46,False,,,"{""telemetry"": 0.9, ""graph"": 84.9}",False,,,,,0.0,,0.0,False,0.0,,0.0,False,0.0,,0.0,False
96.799,482,slm,TOWNSIM_INI,1,evasive,GANAR_ALTURA,0,15.951273958726855,False,39.94437026977539,12.525341033935547,-14.266949653625488,,,,116.75,False,,,"{""telemetry"": 0.9, ""graph"": 109.3}",False,,,,,0.0,,0.0,False,0.0,,0.0,False,0.0,,0.0,False
96.99,483,slm,TOWNSIM_INI,1,evasive,GANAR_ALTURA,0,15.949116176403034,False,39.93619918823242,12.529656410217285,-14.268362045288086,,,,119.6,False,,,"{""telemetry"": 1.1, ""graph"": 100.5}",False,,,,,0.0,,0.0,False,0.0,,0.0,False,0.0,,0.0,False
97.171,484,slm,TOWNSIM_INI,1,reactive,MANTENER_RUMBO,0,15.94540502396295,False,39.927101135253906,12.530187606811523,-14.270846366882324,,,,122.27,False,,,"{""telemetry"": 1.3, ""graph"": 80.7}",False,,,,,0.0,,0.0,False,0.0,,0.0,False,0.0,,0.0,False
97.382,485,slm,TOWNSIM_INI,1,reactive,MANTENER_RUMBO,0,15.942508801811547,False,39.915061950683594,12.527446746826172,-14.274575233459473,,,,124.94,False,,,"{""telemetry"": 0.7, ""graph"": 92.3}",False,,,,,0.0,,0.0,False,0.0,,0.0,False,0.0,,0.0,False
97.647,486,slm,TOWNSIM_INI,1,reactive,MANTENER_RUMBO,0,15.873996049886856,False,39.875328063964844,12.564135551452637,-14.384488105773926,,,,126.8,False,,,"{""telemetry"": 0.7, ""graph"": 156.8}",False,,,,,0.0,,0.0,False,0.0,,0.0,False,0.0,,0.0,False
97.826,487,slm,TOWNSIM_INI,1,reactive,MANTENER_RUMBO,0,15.700954305878014,False,39.79889678955078,12.659329414367676,-14.575390815734863,,,,128.01,False,,,"{""telemetry"": 0.8, ""graph"": 134.6}",False,,,,,0.0,,0.0,False,0.0,,0.0,False,0.0,,0.0,False
98.047,488,slm,TOWNSIM_INI,1,deliberative,FRENAR,0,15.437168423634338,False,39.67150115966797,12.826362609863281,-14.795247077941895,,,,129.11,False,,,"{""telemetry"": 0.9, ""graph"": 156.0}",True,2221.4,False,False,True,0.047,0.71,0.51,True,0.042,0.3,0.51,True,0.038,1.12,0.51,True
98.249,489,slm,TOWNSIM_INI,1,deliberative,FRENAR,0,15.200762347061247,False,39.479454040527344,13.079756736755371,-15.002605438232422,,,,130.15,False,,,"{""telemetry"": 0.8, ""graph"": 158.0}",True,2221.4,False,False,True,0.0,,0.0,False,0.0,,0.0,False,0.0,,0.0,False
98.448,490,slm,TOWNSIM_INI,1,deliberative,FRENAR,0,15.049501506167289,False,39.29964828491211,13.315645217895508,-15.05090045928955,,,,130.66,False,,,"{""telemetry"": 0.7, ""graph"": 155.8}",True,2221.4,False,False,True,0.0,,0.098,False,0.0,,0.098,False,0.0,,0.098,False
98.671,491,slm,TOWNSIM_INI,1,deliberative,FRENAR,0,15.020638042094523,False,39.108734130859375,13.565645217895508,-15.050168991088867,,,,130.92,False,,,"{""telemetry"": 0.7, ""graph"": 178.6}",True,2221.4,False,False,True,0.0,,0.0,False,0.0,,0.0,False,0.0,,0.0,False
98.863,492,slm,TOWNSIM_INI,1,deliberative,FRENAR,0,14.99845397328297,False,38.98974609375,13.721385955810547,-15.05188274383545,,,,131.0,False,,,"{""telemetry"": 1.0, ""graph"": 170.1}",True,2221.4,False,False,True,0.0,,0.002,False,0.0,,0.002,False,0.0,,0.002,False
99.037,493,slm,TOWNSIM_INI,1,deliberative,FRENAR,0,14.98573459436633,False,38.89463806152344,13.845861434936523,-15.04937744140625,,,,131.03,False,,,"{""telemetry"": 0.8, ""graph"": 144.5}",True,2221.4,False,False,True,0.0,,0.0,False,0.0,,0.0,False,0.0,,0.0,False
99.248,494,slm,TOWNSIM_INI,1,deliberative,FRENAR,0,14.982640132980642,False,38.81376266479492,13.951742172241211,-15.042376518249512,,,,131.04,False,,,"{""telemetry"": 0.9, ""graph"": 154.9}",True,2221.4,False,False,True,0.0,,0.0,False,0.0,,0.0,False,0.0,,0.0,False
99.462,495,slm,TOWNSIM_INI,1,deliberative,FRENAR,0,14.985321449199112,False,38.75184631347656,14.032782554626465,-15.033019065856934,,,,131.04,False,,,"{""telemetry"": 1.4, ""graph"": 167.8}",True,2221.4,False,False,True,0.0,,0.0,False,0.0,,0.0,False,0.0,,0.0,False
99.652,496,slm,TOWNSIM_INI,1,deliberative,FRENAR,0,14.990729550543179,False,38.7107048034668,14.08667278289795,-15.02442741394043,,,,131.04,False,,,"{""telemetry"": 1.0, ""graph"": 158.1}",True,2221.4,False,False,True,0.0,,0.0,False,0.0,,0.0,False,0.0,,0.0,False
99.836,497,slm,TOWNSIM_INI,1,deliberative,FRENAR,0,14.997176718831223,False,38.680686950683594,14.125991821289062,-15.016693115234375,,,,131.04,False,,,"{""telemetry"": 1.6, ""graph"": 141.1}",True,2221.4,False,False,True,0.0,,0.0,False,0.0,,0.0,False,0.0,,0.0,False
100.058,498,slm,TOWNSIM_INI,1,deliberative,FRENAR,0,15.003411100835784,False,38.65265655517578,14.162702560424805,-15.008069038391113,,,,131.04,False,,,"{""telemetry"": 0.9, ""graph"": 163.0}",True,2221.4,False,False,True,0.0,,0.0,False,0.0,,0.0,False,0.0,,0.0,False
100.26,499,slm,TOWNSIM_INI,1,deliberative,FRENAR,0,15.009270391615603,False,38.63525390625,14.185503959655762,-15.00182056427002,,,,131.04,False,,,"{""telemetry"": 1.0, ""graph"": 164.5}",True,2221.4,False,False,True,0.0,,0.0,False,0.0,,0.0,False,0.0,,0.0,False
100.439,500,slm,TOWNSIM_INI,1,deliberative,FRENAR,0,15.014477681464102,False,38.62220764160156,14.202588081359863,-14.996529579162598,,,,131.04,False,,,"{""telemetry"": 0.8, ""graph"": 143.0}",True,2221.4,False,False,True,0.0,,0.0,False,0.0,,0.0,False,0.0,,0.0,False
100.645,501,slm,TOWNSIM_INI,1,deliberative,PERDER_ALTURA,0,15.019071656161811,False,38.61143112182617,14.216700553894043,-14.99160385131836,,,,131.04,False,,,"{""telemetry"": 0.9, ""graph"": 149.1}",True,2486.9,False,False,True,0.0,,0.0,False,0.0,,0.0,False,0.0,,0.0,False
100.85,502,slm,TOWNSIM_INI,1,reactive,MANTENER_RUMBO,0,15.022952815746795,False,38.60326385498047,14.227391242980957,-14.97553539276123,,,,131.04,False,,,"{""telemetry"": 0.8, ""graph"": 152.9}",False,,,,,0.0,,0.0,False,0.0,,0.0,False,0.0,,0.0,False
101.033,503,slm,TOWNSIM_INI,1,reactive,MANTENER_RUMBO,0,15.105076153244433,False,38.5911750793457,14.242227554321289,-14.858799934387207,,,,131.11,False,,,"{""telemetry"": 0.7, ""graph"": 136.1}",False,,,,,0.0,,0.0,False,0.0,,0.0,False,0.0,,0.0,False
101.274,504,slm,TOWNSIM_INI,1,reactive,MANTENER_RUMBO,0,15.174178991897788,False,38.517513275146484,14.327640533447266,-14.889647483825684,,,,132.65,False,,,"{""telemetry"": 0.7, ""graph"": 176.7}",False,,,,,0.0,,0.0,False,0.0,,0.0,False,0.0,,0.0,False
101.411,505,slm,TOWNSIM_INI,1,reactive,MANTENER_RUMBO,0,15.01940108607393,False,38.3972282409668,14.466093063354492,-15.096213340759277,,,,134.66,False,,,"{""telemetry"": 0.7, ""graph"": 113.3}",False,,,,,0.0,,0.0,False,0.0,,0.0,False,0.0,,0.0,False
101.635,506,slm,TOWNSIM_INI,1,reactive,MANTENER_RUMBO,0,14.784138430887564,False,38.20966720581055,14.679313659667969,-15.322444915771484,,,,137.36,False,,,"{""telemetry"": 0.7, ""graph"": 136.9}",False,,,,,0.0,,0.0,False,0.0,,0.0,False,0.0,,0.0,False
101.796,507,slm,TOWNSIM_INI,1,reactive,MANTENER_RUMBO,0,14.622352175092264,False,38.06051254272461,14.84504222869873,-15.437417984008789,,,,139.47,False,,,"{""telemetry"": 0.7, ""graph"": 97.5}",False,,,,,0.0,,0.0,False,0.0,,0.0,False,0.0,,0.0,False
102.004,508,slm,TOWNSIM_INI,1,reactive,MANTENER_RUMBO,0,14.495985415031077,False,37.861751556396484,15.060148239135742,-15.567680358886719,,,,142.79,False,,,"{""telemetry"": 0.8, ""graph"": 105.5}",False,,,,,0.0,,0.0,False,0.0,,0.0,False,0.0,,0.0,False
102.185,509,slm,TOWNSIM_INI,1,reactive,MANTENER_RUMBO,0,14.379844792251934,False,37.70663833618164,15.223945617675781,-15.688982963562012,,,,146.32,False,,,"{""telemetry"": 1.0, ""graph"": 86.4}",False,,,,,0.0,,0.0,False,0.0,,0.0,False,0.0,,0.0,False
102.407,510,slm,TOWNSIM_INI,1,reactive,MANTENER_RUMBO,0,14.253113397310864,False,37.54438018798828,15.391571044921875,-15.843486785888672,,,,151.6,False,,,"{""telemetry"": 0.7, ""graph"": 107.9}",False,,,,,0.0,,0.0,False,0.0,,0.0,False,0.0,,0.0,False
102.605,511,slm,TOWNSIM_INI,1,reactive,MANTENER_RUMBO,0,14.126484821280599,False,37.428958892822266,15.508247375488281,-15.987564086914062,,,,157.25,False,,,"{""telemetry"": 0.7, ""graph"": 104.9}",False,,,,,0.0,,0.0,False,0.0,,0.0,False,0.0,,0.0,False
102.81,512,slm,TOWNSIM_INI,1,reactive,MANTENER_RUMBO,0,13.995106729591305,False,37.33266067504883,15.60365104675293,-16.146282196044922,,,,164.48,False,,,"{""telemetry"": 1.2, ""graph"": 109.8}",False,,,,,0.0,,0.0,False,0.0,,0.0,False,0.0,,0.0,False
102.997,513,slm,TOWNSIM_INI,1,reactive,MANTENER_RUMBO,0,13.855016359180187,False,37.264427185058594,15.669941902160645,-16.26090431213379,,,,171.18,False,,,"{""telemetry"": 1.6, ""graph"": 96.1}",False,,,,,0.0,,0.0,False,0.0,,0.0,False,0.0,,0.0,False
103.214,514,slm,TOWNSIM_INI,1,reactive,MANTENER_RUMBO,0,13.833135964194812,False,37.197208404541016,15.734517097473145,-16.24741554260254,,,,179.36,False,,,"{""telemetry"": 1.0, ""graph"": 112.4}",False,,,,,0.0,,0.0,False,0.0,,0.0,False,0.0,,0.0,False
103.396,515,slm,TOWNSIM_INI,1,reactive,MANTENER_RUMBO,0,13.87166031577073,False,37.1550178527832,15.774505615234375,-16.222476959228516,,,,-172.99,False,,,"{""telemetry"": 1.6, ""graph"": 93.1}",False,,,,,0.0,,0.0,False,0.0,,0.0,False,0.0,,0.0,False
103.613,516,slm,TOWNSIM_INI,1,reactive,MANTENER_RUMBO,0,13.897543655370132,False,37.12490463256836,15.803448677062988,-16.203018188476562,,,,-164.56,False,,,"{""telemetry"": 0.7, ""graph"": 110.0}",False,,,,,0.0,,0.0,False,0.0,,0.0,False,0.0,,0.0,False
103.794,517,slm,TOWNSIM_INI,1,reactive,MANTENER_RUMBO,0,13.917003420404498,False,37.11004638671875,15.818408012390137,-16.189115524291992,,,,-157.89,False,,,"{""telemetry"": 1.1, ""graph"": 90.1}",False,,,,,0.0,,0.0,False,0.0,,0.0,False,0.0,,0.0,False
104.021,518,slm,TOWNSIM_INI,1,reactive,MANTENER_RUMBO,0,13.93302116661872,False,37.099056243896484,15.829978942871094,-16.17487335205078,,,,-150.64,False,,,"{""telemetry"": 0.7, ""graph"": 117.7}",False,,,,,0.0,,0.0,False,0.0,,0.0,False,0.0,,0.0,False
104.224,519,slm,TOWNSIM_INI,1,reactive,MANTENER_RUMBO,0,13.94569078773922,False,37.09260177612305,15.837078094482422,-16.16448974609375,,,,-144.37,False,,,"{""telemetry"": 1.0, ""graph"": 120.1}",False,,,,,0.0,,0.0,False,0.0,,0.0,False,0.0,,0.0,False
104.408,520,slm,TOWNSIM_INI,1,reactive,MANTENER_RUMBO,0,13.955660412555229,False,37.08852005004883,15.841769218444824,-16.156606674194336,,,,-138.72,False,,,"{""telemetry"": 0.7, ""graph"": 103.8}",False,,,,,0.0,,0.0,False,0.0,,0.0,False,0.0,,0.0,False
104.601,521,slm,TOWNSIM_INI,1,reactive,MANTENER_RUMBO,0,13.964045014126205,False,37.085609436035156,15.845279693603516,-16.149831771850586,,,,-133.49,False,,,"{""telemetry"": 0.7, ""graph"": 96.9}",False,,,,,0.0,,0.0,False,0.0,,0.0,False,0.0,,0.0,False
104.798,522,slm,TOWNSIM_INI,1,reactive,MANTENER_RUMBO,0,13.970804185448387,False,37.083473205566406,15.847965240478516,-16.14405632019043,,,,-128.66,False,,,"{""telemetry"": 0.7, ""graph"": 93.4}",False,,,,,0.0,,0.0,False,0.0,,0.0,False,0.0,,0.0,False
104.995,523,slm,TOWNSIM_INI,1,reactive,MANTENER_RUMBO,0,13.976312582561345,False,37.08193588256836,15.84998893737793,-16.13921546936035,,,,-124.17,False,,,"{""telemetry"": 0.7, ""graph"": 89.2}",False,,,,,0.0,,0.0,False,0.0,,0.0,False,0.0,,0.0,False
105.189,524,slm,TOWNSIM_INI,1,reactive,MANTENER_RUMBO,0,13.980829232587162,False,37.08086013793945,15.851454734802246,-16.135311126708984,,,,-120.14,False,,,"{""telemetry"": 0.7, ""graph"": 83.6}",False,,,,,0.0,,0.0,False,0.0,,0.0,False,0.0,,0.0,False
105.389,525,slm,TOWNSIM_INI,1,reactive,MANTENER_RUMBO,0,13.984616305397868,False,37.08005905151367,15.852591514587402,-16.13194465637207,,,,-116.28,False,,,"{""telemetry"": 0.8, ""graph"": 82.6}",False,,,,,0.0,,0.0,False,0.0,,0.0,False,0.0,,0.0,False
105.6,526,slm,TOWNSIM_INI,1,reactive,MANTENER_RUMBO,0,13.987740350521095,False,37.079471588134766,15.853486061096191,-16.128934860229492,,,,-112.68,False,,,"{""telemetry"": 0.7, ""graph"": 93.2}",False,,,,,0.0,,0.0,False,0.0,,0.0,False,0.0,,0.0,False
105.784,527,slm,TOWNSIM_INI,1,deliberative,GANAR_ALTURA,0,13.990340217567336,False,37.07905578613281,15.854069709777832,-16.126766204833984,,,,-109.74,False,,,"{""telemetry"": 0.7, ""graph"": 77.2}",True,2486.9,False,False,True,0.0,,0.0,False,0.0,,0.0,False,0.0,,0.0,False
106.003,528,slm,TOWNSIM_INI,1,evasive,GANAR_ALTURA,0,13.992569512363426,False,37.07878112792969,15.854589462280273,-16.124530792236328,,,,-106.59,False,,,"{""telemetry"": 0.6, ""graph"": 95.9}",False,,,,,0.0,,0.0,False,0.0,,0.0,False,0.0,,0.0,False
106.19,529,slm,TOWNSIM_INI,1,evasive,GANAR_ALTURA,0,13.994407622353203,False,37.07854080200195,15.854924201965332,-16.12303352355957,,,,-103.69,False,,,"{""telemetry"": 0.7, ""graph"": 82.5}",False,,,,,0.0,,0.0,False,0.0,,0.0,False,0.0,,0.0,False
106.402,530,slm,TOWNSIM_INI,1,evasive,GANAR_ALTURA,0,13.9955478626504,False,37.07827377319336,15.855209350585938,-16.122089385986328,,,,-100.01,False,,,"{""telemetry"": 0.8, ""graph"": 93.4}",False,,,,,0.0,,0.0,False,0.0,,0.0,False,0.0,,0.0,False
106.592,531,slm,TOWNSIM_INI,1,evasive,GANAR_ALTURA,0,13.996145410996064,False,37.0782585144043,15.855399131774902,-16.121673583984375,,,,-96.51,False,,,"{""telemetry"": 0.9, ""graph"": 83.5}",False,,,,,0.0,,0.0,False,0.0,,0.0,False,0.0,,0.0,False
106.851,532,slm,TOWNSIM_INI,1,evasive,GANAR_ALTURA,0,13.996405527948262,False,37.0782585144043,15.855589866638184,-16.121498107910156,,,,-91.74,False,,,"{""telemetry"": 0.9, ""graph"": 142.0}",False,,,,,0.0,,0.0,False,0.0,,0.0,False,0.0,,0.0,False
107.006,533,slm,TOWNSIM_INI,1,evasive,GANAR_ALTURA,0,13.996463018255007,False,37.0782585144043,15.85568904876709,-16.12150001525879,,,,-88.75,False,,,"{""telemetry"": 0.9, ""graph"": 96.6}",False,,,,,0.0,,0.0,False,0.0,,0.0,False,0.0,,0.0,False
107.206,534,slm,TOWNSIM_INI,1,evasive,GANAR_ALTURA,0,13.996395668845288,False,37.0782585144043,15.855774879455566,-16.121627807617188,,,,-84.89,False,,,"{""telemetry"": 2.0, ""graph"": 94.8}",False,,,,,0.0,,0.0,False,0.0,,0.0,False,0.0,,0.0,False
107.425,535,slm,TOWNSIM_INI,1,evasive,GANAR_ALTURA,0,13.996276056142788,False,37.0782585144043,15.855843544006348,-16.12176513671875,,,,-80.74,False,,,"{""telemetry"": 0.7, ""graph"": 114.6}",False,,,,,0.0,,0.0,False,0.0,,0.0,False,0.0,,0.0,False
107.611,536,slm,TOWNSIM_INI,1,reactive,MANTENER_RUMBO,0,13.996158229131078,False,37.0782585144043,15.855901718139648,-16.12188148498535,,,,-77.21,False,,,"{""telemetry"": 0.8, ""graph"": 99.5}",False,,,,,0.0,,0.0,False,0.0,,0.0,False,0.0,,0.0,False
107.808,537,slm,TOWNSIM_INI,1,reactive,MANTENER_RUMBO,0,13.996070840736033,False,37.07840347290039,15.855352401733398,-16.126930236816406,,,,-73.78,False,,,"{""telemetry"": 0.6, ""graph"": 96.9}",False,,,,,0.0,,0.0,False,0.0,,0.0,False,0.0,,0.0,False
108.01,538,slm,TOWNSIM_INI,1,reactive,MANTENER_RUMBO,0,13.92771925864708,False,37.089988708496094,15.81309700012207,-16.230953216552734,,,,-71.35,False,,,"{""telemetry"": 0.7, ""graph"": 97.9}",False,,,,,0.0,,0.0,False,0.0,,0.0,False,0.0,,0.0,False
108.287,539,slm,TOWNSIM_INI,1,reactive,MANTENER_RUMBO,0,13.761273580002232,False,37.126686096191406,15.687355041503906,-16.4259033203125,,,,-69.64,False,,,"{""telemetry"": 1.4, ""graph"": 173.6}",False,,,,,0.0,,0.129,False,0.0,,0.129,False,0.0,,0.129,False
108.466,540,slm,TOWNSIM_INI,1,reactive,MANTENER_RUMBO,0,13.551211387615304,False,37.18390655517578,15.504737854003906,-16.62826156616211,,,,-68.37,False,,,"{""telemetry"": 0.8, ""graph"": 152.9}",False,,,,,0.0,,0.0,False,0.0,,0.0,False,0.0,,0.0,False
108.658,541,slm,TOWNSIM_INI,1,reactive,MANTENER_RUMBO,0,13.313033353352568,False,37.26488494873047,15.259377479553223,-16.824291229248047,,,,-67.21,False,,,"{""telemetry"": 0.8, ""graph"": 144.0}",False,,,,,0.0,,0.0,False,0.0,,0.0,False,0.0,,0.0,False
108.867,542,slm,TOWNSIM_INI,1,reactive,MANTENER_RUMBO,0,13.097107556453734,False,37.3795051574707,14.928191184997559,-17.0158634185791,,,,-66.09,False,,,"{""telemetry"": 0.8, ""graph"": 152.9}",False,,,,,0.0,,0.0,False,0.0,,0.0,False,0.0,,0.0,False
109.049,543,slm,TOWNSIM_INI,1,reactive,MANTENER_RUMBO,0,12.900984928652123,False,37.50020980834961,14.595721244812012,-17.170936584472656,,,,-65.18,False,,,"{""telemetry"": 0.7, ""graph"": 134.0}",False,,,,,0.0,,0.0,False,0.0,,0.0,False,0.0,,0.0,False
109.288,544,slm,TOWNSIM_INI,1,reactive,MANTENER_RUMBO,0,12.72168070835674,False,37.67605972290039,14.129141807556152,-17.354053497314453,,,,-64.05,False,,,"{""telemetry"": 1.0, ""graph"": 172.4}",False,,,,,0.0,,0.095,False,0.0,,0.095,False,0.0,,0.095,False
109.508,545,slm,TOWNSIM_INI,1,reactive,MANTENER_RUMBO,0,12.574511023438678,False,37.852325439453125,13.680251121520996,-17.50507164001465,,,,-62.61,False,,,"{""telemetry"": 0.8, ""graph"": 193.0}",False,,,,,0.0,,0.027,False,0.0,,0.027,False,0.0,,0.027,False
109.618,546,slm,TOWNSIM_INI,1,reactive,MANTENER_RUMBO,0,12.450085457760423,False,38.00967025756836,13.295159339904785,-17.643177032470703,,,,-60.49,False,,,"{""telemetry"": 0.7, ""graph"": 102.5}",False,,,,,0.0,,0.0,False,0.0,,0.0,False,0.0,,0.0,False
109.816,547,slm,TOWNSIM_INI,1,reactive,MANTENER_RUMBO,0,12.318939414012217,False,38.17127990722656,12.910957336425781,-17.80590057373047,,,,-56.92,False,,,"{""telemetry"": 0.8, ""graph"": 99.3}",False,,,,,0.0,,0.0,False,0.0,,0.0,False,0.0,,0.0,False
110.012,548,slm,TOWNSIM_INI,1,reactive,MANTENER_RUMBO,0,12.191883294961402,False,38.304630279541016,12.601083755493164,-17.974323272705078,,,,-52.57,False,,,"{""telemetry"": 0.8, ""graph"": 96.1}",False,,,,,0.0,,0.0,False,0.0,,0.0,False,0.0,,0.0,False
110.209,549,slm,TOWNSIM_INI,1,reactive,MANTENER_RUMBO,0,12.065067384163404,False,38.415260314941406,12.348817825317383,-18.139904022216797,,,,-47.44,False,,,"{""telemetry"": 0.9, ""graph"": 92.1}",False,,,,,0.0,,0.0,False,0.0,,0.0,False,0.0,,0.0,False
110.41,550,slm,TOWNSIM_INI,1,reactive,MANTENER_RUMBO,0,11.945292654485339,False,38.505409240722656,12.146735191345215,-18.281784057617188,,,,-41.73,False,,,"{""telemetry"": 1.5, ""graph"": 92.4}",False,,,,,0.0,,0.0,False,0.0,,0.0,False,0.0,,0.0,False
110.63,551,slm,TOWNSIM_INI,1,reactive,MANTENER_RUMBO,0,11.939093600901657,False,38.5905876159668,11.95939826965332,-18.282703399658203,,,,-34.11,False,,,"{""telemetry"": 1.1, ""graph"": 111.8}",False,,,,,0.0,,0.0,False,0.0,,0.0,False,0.0,,0.0,False
110.844,552,slm,TOWNSIM_INI,1,reactive,MANTENER_RUMBO,0,11.989128104581049,False,38.65353775024414,11.834382057189941,-18.26280975341797,,,,-25.75,False,,,"{""telemetry"": 3.1, ""graph"": 121.8}",False,,,,,0.0,,0.0,False,0.0,,0.0,False,0.0,,0.0,False
111.002,553,slm,TOWNSIM_INI,1,reactive,MANTENER_RUMBO,0,12.027696942978238,False,38.69090270996094,11.775416374206543,-18.250608444213867,,,,-19.2,False,,,"{""telemetry"": 1.0, ""graph"": 81.5}",False,,,,,0.0,,0.0,False,0.0,,0.0,False,0.0,,0.0,False
111.21,554,slm,TOWNSIM_INI,1,reactive,MANTENER_RUMBO,0,12.05352449417511,False,38.72806167602539,11.740092277526855,-18.237281799316406,,,,-10.42,False,,,"{""telemetry"": 1.2, ""graph"": 88.3}",False,,,,,0.0,,0.0,False,0.0,,0.0,False,0.0,,0.0,False
111.43,555,slm,TOWNSIM_INI,1,reactive,MANTENER_RUMBO,0,12.067354810580985,False,38.75071716308594,11.749770164489746,-18.225645065307617,,,,-0.87,False,,,"{""telemetry"": 0.9, ""graph"": 108.5}",False,,,,,0.0,,0.0,False,0.0,,0.0,False,0.0,,0.0,False
111.658,556,slm,TOWNSIM_INI,1,reactive,MANTENER_RUMBO,0,12.070816918356668,False,38.75281524658203,11.79779052734375,-18.214250564575195,,,,8.05,False,,,"{""telemetry"": 0.8, ""graph"": 136.1}",False,,,,,0.0,,0.0,False,0.0,,0.0,False,0.0,,0.0,False
111.816,557,slm,TOWNSIM_INI,1,reactive,MANTENER_RUMBO,0,12.07030651518197,False,38.747314453125,11.838830947875977,-18.207605361938477,,,,14.11,False,,,"{""telemetry"": 1.4, ""graph"": 93.1}",False,,,,,0.0,,0.0,False,0.0,,0.0,False,0.0,,0.0,False
112.044,558,slm,TOWNSIM_INI,1,reactive,MANTENER_RUMBO,0,12.066662892312307,False,38.73845291137695,11.889513969421387,-18.200654983520508,,,,21.83,False,,,"{""telemetry"": 0.7, ""graph"": 121.0}",False,,,,,0.0,,0.0,False,0.0,,0.0,False,0.0,,0.0,False
112.232,559,slm,TOWNSIM_INI,1,reactive,MANTENER_RUMBO,0,12.06351368490195,False,38.73237228393555,11.922210693359375,-18.196237564086914,,,,27.6,False,,,"{""telemetry"": 0.7, ""graph"": 108.9}",False,,,,,0.0,,0.0,False,0.0,,0.0,False,0.0,,0.0,False
112.449,560,slm,TOWNSIM_INI,1,reactive,MANTENER_RUMBO,0,12.06150334113321,False,38.7272834777832,11.950334548950195,-18.19188690185547,,,,33.82,False,,,"{""telemetry"": 0.7, ""graph"": 125.3}",False,,,,,0.0,,0.0,False,0.0,,0.0,False,0.0,,0.0,False
112.636,561,slm,TOWNSIM_INI,1,reactive,MANTENER_RUMBO,0,12.06058278688686,False,38.72425079345703,11.96840763092041,-18.188621520996094,,,,38.9,False,,,"{""telemetry"": 0.9, ""graph"": 111.8}",False,,,,,0.0,,0.0,False,0.0,,0.0,False,0.0,,0.0,False
112.848,562,slm,TOWNSIM_INI,1,reactive,MANTENER_RUMBO,0,12.060423592532482,False,38.72201919555664,11.98337173461914,-18.185434341430664,,,,44.21,False,,,"{""telemetry"": 0.8, ""graph"": 123.3}",False,,,,,0.0,,0.0,False,0.0,,0.0,False,0.0,,0.0,False
113.028,563,slm,TOWNSIM_INI,1,reactive,MANTENER_RUMBO,0,12.060742575449318,False,38.720829010009766,11.992792129516602,-18.183120727539062,,,,48.45,False,,,"{""telemetry"": 0.7, ""graph"": 103.5}",False,,,,,0.0,,0.0,False,0.0,,0.0,False,0.0,,0.0,False
113.241,564,slm,TOWNSIM_INI,1,reactive,MANTENER_RUMBO,0,12.06134815486594,False,38.7199592590332,12.00098991394043,-18.18068504333496,,,,52.92,False,,,"{""telemetry"": 0.6, ""graph"": 116.0}",False,,,,,0.0,,0.0,False,0.0,,0.0,False,0.0,,0.0,False
113.444,565,slm,TOWNSIM_INI,1,reactive,MANTENER_RUMBO,0,12.062101677236544,False,38.71950912475586,12.006595611572266,-18.178773880004883,,,,56.83,False,,,"{""telemetry"": 0.9, ""graph"": 118.1}",False,,,,,0.0,,0.0,False,0.0,,0.0,False,0.0,,0.0,False
113.627,566,slm,TOWNSIM_INI,1,reactive,MANTENER_RUMBO,0,12.062912582121614,False,38.71928024291992,12.010334014892578,-18.177289962768555,,,,60.15,False,,,"{""telemetry"": 1.4, ""graph"": 100.9}",False,,,,,0.0,,0.0,False,0.0,,0.0,False,0.0,,0.0,False
113.84,567,slm,TOWNSIM_INI,1,deliberative,PERDER_ALTURA,0,12.06374668968519,False,38.71917724609375,12.013534545898438,-18.17575454711914,,,,63.57,False,,,"{""telemetry"": 0.9, ""graph"": 113.5}",True,2486.9,False,False,True,0.0,,0.0,False,0.0,,0.0,False,0.0,,0.0,False
114.02,568,slm,TOWNSIM_INI,1,evasive,PERDER_ALTURA,0,12.064583686652547,False,38.71920394897461,12.015727996826172,-18.166418075561523,,,,66.23,False,,,"{""telemetry"": 1.2, ""graph"": 92.8}",False,,,,,0.0,,0.0,False,0.0,,0.0,False,0.0,,0.0,False
114.295,569,slm,TOWNSIM_INI,1,evasive,PERDER_ALTURA,0,12.14384823536253,False,38.72389221191406,12.028105735778809,-18.011962890625,,,,67.12,False,,,"{""telemetry"": 0.7, ""graph"": 167.9}",False,,,,,0.0,,0.0,False,0.0,,0.0,False,0.0,,0.0,False
114.493,570,slm,TOWNSIM_INI,1,evasive,PERDER_ALTURA,0,12.305960427472787,False,38.74003219604492,12.064684867858887,-17.85430145263672,,,,66.35,False,,,"{""telemetry"": 0.7, ""graph"": 165.2}",False,,,,,0.0,,0.149,False,0.0,,0.149,False,0.0,,0.149,False
114.683,571,slm,TOWNSIM_INI,1,evasive,PERDER_ALTURA,0,12.466447930320042,False,38.77064514160156,12.132486343383789,-17.68714714050293,,,,65.31,False,,,"{""telemetry"": 1.4, ""graph"": 154.5}",False,,,,,0.0,,0.0,False,0.0,,0.0,False,0.0,,0.0,False
114.901,572,slm,TOWNSIM_INI,1,evasive,PERDER_ALTURA,0,12.618642795324375,False,38.8181037902832,12.236764907836914,-17.502159118652344,,,,64.79,False,,,"{""telemetry"": 1.0, ""graph"": 171.9}",False,,,,,0.0,,0.0,False,0.0,,0.0,False,0.0,,0.0,False
115.088,573,slm,TOWNSIM_INI,1,evasive,PERDER_ALTURA,0,12.773355348755585,False,38.86882781982422,12.347829818725586,-17.340824127197266,,,,64.9,False,,,"{""telemetry"": 1.4, ""graph"": 158.1}",False,,,,,0.0,,0.0,False,0.0,,0.0,False,0.0,,0.0,False
115.271,574,slm,TOWNSIM_INI,1,evasive,PERDER_ALTURA,0,12.924457856923071,False,38.92618179321289,12.473104476928711,-17.180377960205078,,,,65.2,False,,,"{""telemetry"": 1.5, ""graph"": 140.9}",False,,,,,0.0,,0.0,False,0.0,,0.0,False,0.0,,0.0,False
115.514,575,slm,TOWNSIM_INI,1,evasive,PERDER_ALTURA,0,13.077286100211177,False,38.99683380126953,12.62723445892334,-17.00084686279297,,,,65.43,False,,,"{""telemetry"": 1.2, ""graph"": 184.3}",False,,,,,0.0,6.28,0.632,False,0.007,6.17,0.632,False,0.006,10.77,0.632,False
115.676,576,slm,TOWNSIM_INI,1,reactive,MANTENER_RUMBO,0,13.227956049861834,False,39.06355667114258,12.772663116455078,-16.842710494995117,,,,65.45,False,,,"{""telemetry"": 1.0, ""graph"": 145.8}",False,,,,,0.0,,0.0,False,0.0,,0.0,False,0.0,,0.0,False
115.917,577,slm,TOWNSIM_INI,1,reactive,MANTENER_RUMBO,0,13.381633744338988,False,39.144588470458984,12.949189186096191,-16.678407669067383,,,,65.53,False,,,"{""telemetry"": 0.9, ""graph"": 186.2}",False,,,,,0.0,9.93,0.602,False,0.008,6.5,0.602,False,0.009,6.58,0.602,False
116.093,578,slm,TOWNSIM_INI,1,reactive,MANTENER_RUMBO,0,13.444554455261244,False,39.22356033325195,13.121261596679688,-16.703298568725586,,,,66.83,False,,,"{""telemetry"": 1.0, ""graph"": 162.4}",False,,,,,0.0,,0.0,False,0.0,,0.0,False,0.0,,0.0,False
116.236,579,slm,TOWNSIM_INI,1,reactive,MANTENER_RUMBO,0,13.306924256998666,False,39.31108093261719,13.312511444091797,-16.872766494750977,,,,69.27,False,,,"{""telemetry"": 1.1, ""graph"": 104.7}",False,,,,,0.0,,0.0,False,0.0,,0.0,False,0.0,,0.0,False
116.444,580,slm,TOWNSIM_INI,1,reactive,MANTENER_RUMBO,0,13.118375425711383,False,39.40104675292969,13.510040283203125,-17.046058654785156,,,,72.46,False,,,"{""telemetry"": 0.9, ""graph"": 113.3}",False,,,,,0.0,,0.0,False,0.0,,0.0,False,0.0,,0.0,False
116.651,581,slm,TOWNSIM_INI,1,reactive,MANTENER_RUMBO,0,12.968600926002042,False,39.477046966552734,13.678019523620605,-17.193166732788086,,,,75.96,False,,,"{""telemetry"": 0.8, ""graph"": 119.5}",False,,,,,0.0,,0.0,False,0.0,,0.0,False,0.0,,0.0,False
116.838,582,slm,TOWNSIM_INI,1,reactive,MANTENER_RUMBO,0,12.82971449475961,False,39.53337478637695,13.803699493408203,-17.326322555541992,,,,79.5,False,,,"{""telemetry"": 0.7, ""graph"": 105.8}",False,,,,,0.0,,0.0,False,0.0,,0.0,False,0.0,,0.0,False
117.025,583,slm,TOWNSIM_INI,1,reactive,MANTENER_RUMBO,0,12.691964453054537,False,39.5786247253418,13.905723571777344,-17.44585609436035,,,,83.33,False,,,"{""telemetry"": 0.7, ""graph"": 93.1}",False,,,,,0.0,,0.0,False,0.0,,0.0,False,0.0,,0.0,False
117.233,584,slm,TOWNSIM_INI,1,reactive,MANTENER_RUMBO,0,12.65475156242455,False,39.62140655517578,14.002538681030273,-17.43762969970703,,,,88.09,False,,,"{""telemetry"": 0.8, ""graph"": 99.9}",False,,,,,0.0,,0.0,False,0.0,,0.0,False,0.0,,0.0,False
117.442,585,slm,TOWNSIM_INI,1,reactive,MANTENER_RUMBO,0,12.688366702566812,False,39.65501403808594,14.078126907348633,-17.407875061035156,,,,93.45,False,,,"{""telemetry"": 0.9, ""graph"": 109.1}",False,,,,,0.0,,0.0,False,0.0,,0.0,False,0.0,,0.0,False
117.624,586,slm,TOWNSIM_INI,1,reactive,MANTENER_RUMBO,0,12.712684636903582,False,39.67638397216797,14.126530647277832,-17.39225196838379,,,,98.16,False,,,"{""telemetry"": 0.9, ""graph"": 90.0}",False,,,,,0.0,,0.0,False,0.0,,0.0,False,0.0,,0.0,False
117.827,587,slm,TOWNSIM_INI,1,reactive,MANTENER_RUMBO,0,12.726914563038179,False,39.69355773925781,14.168787002563477,-17.382232666015625,,,,103.59,False,,,"{""telemetry"": 1.3, ""graph"": 93.0}",False,,,,,0.0,,0.0,False,0.0,,0.0,False,0.0,,0.0,False
118.042,588,slm,TOWNSIM_INI,1,reactive,MANTENER_RUMBO,0,12.73426483838285,False,39.7032470703125,14.202750205993652,-17.377588272094727,,,,109.4,False,,,"{""telemetry"": 1.0, ""graph"": 108.1}",False,,,,,0.0,,0.0,False,0.0,,0.0,False,0.0,,0.0,False
118.275,589,slm,TOWNSIM_INI,1,reactive,MANTENER_RUMBO,0,12.736978749838118,False,39.70362091064453,14.230114936828613,-17.371829986572266,,,,115.21,False,,,"{""telemetry"": 1.0, ""graph"": 140.1}",False,,,,,0.0,,0.0,False,0.0,,0.0,False,0.0,,0.0,False
118.427,590,slm,TOWNSIM_INI,1,reactive,MANTENER_RUMBO,0,12.7445348072754,False,39.70071792602539,14.244324684143066,-17.365602493286133,,,,118.87,False,,,"{""telemetry"": 0.9, ""graph"": 92.1}",False,,,,,0.0,,0.0,False,0.0,,0.0,False,0.0,,0.0,False
118.633,591,slm,TOWNSIM_INI,1,reactive,MANTENER_RUMBO,0,12.75128793150216,False,39.69610595703125,14.25900650024414,-17.358293533325195,,,,123.29,False,,,"{""telemetry"": 1.0, ""graph"": 97.6}",False,,,,,0.0,,0.0,False,0.0,,0.0,False,0.0,,0.0,False
118.839,592,slm,TOWNSIM_INI,1,reactive,MANTENER_RUMBO,0,12.757016314412036,False,39.69192123413086,14.269848823547363,-17.352298736572266,,,,127.1,False,,,"{""telemetry"": 0.9, ""graph"": 102.8}",False,,,,,0.0,,0.0,False,0.0,,0.0,False,0.0,,0.0,False
119.043,593,slm,TOWNSIM_INI,1,deliberative,GANAR_ALTURA,0,12.761665038062564,False,39.688472747802734,14.277791976928711,-17.34735679626465,,,,130.53,False,,,"{""telemetry"": 0.9, ""graph"": 106.2}",True,2486.9,False,False,True,0.0,,0.0,False,0.0,,0.0,False,0.0,,0.0,False
119.249,594,slm,TOWNSIM_INI,1,evasive,GANAR_ALTURA,0,12.765497188952036,False,39.68574523925781,14.283574104309082,-17.343360900878906,,,,133.83,False,,,"{""telemetry"": 0.7, ""graph"": 111.8}",False,,,,,0.0,,0.0,False,0.0,,0.0,False,0.0,,0.0,False
119.43,595,slm,TOWNSIM_INI,1,evasive,GANAR_ALTURA,0,12.76865926398784,False,39.683841705322266,14.287320137023926,-17.34067726135254,,,,136.76,False,,,"{""telemetry"": 1.0, ""graph"": 92.0}",False,,,,,0.0,,0.0,False,0.0,,0.0,False,0.0,,0.0,False
119.647,596,slm,TOWNSIM_INI,1,evasive,GANAR_ALTURA,0,12.770496465182388,False,39.682098388671875,14.290393829345703,-17.338993072509766,,,,140.32,False,,,"{""telemetry"": 0.8, ""graph"": 109.0}",False,,,,,0.0,,0.0,False,0.0,,0.0,False,0.0,,0.0,False
119.833,597,slm,TOWNSIM_INI,1,evasive,GANAR_ALTURA,0,12.771293833457769,False,39.68083953857422,14.292071342468262,-17.338369369506836,,,,143.52,False,,,"{""telemetry"": 1.1, ""graph"": 94.0}",False,,,,,0.0,,0.0,False,0.0,,0.0,False,0.0,,0.0,False
120.059,598,slm,TOWNSIM_INI,1,evasive,GANAR_ALTURA,0,12.771433199435458,False,39.679595947265625,14.292906761169434,-17.3382511138916,,,,147.37,False,,,"{""telemetry"": 0.8, ""graph"": 119.7}",False,,,,,0.0,,0.0,False,0.0,,0.0,False,0.0,,0.0,False
120.23,599,slm,TOWNSIM_INI,1,evasive,GANAR_ALTURA,0,12.771199316365859,False,39.67880630493164,14.292767524719238,-17.33842658996582,,,,150.35,False,,,"{""telemetry"": 0.8, ""graph"": 90.5}",False,,,,,0.0,,0.0,False,0.0,,0.0,False,0.0,,0.0,False
120.44,600,slm,TOWNSIM_INI,1,evasive,GANAR_ALTURA,0,12.770782311724824,False,39.678077697753906,14.291788101196289,-17.33881378173828,,,,154.01,False,,,"{""telemetry"": 0.8, ""graph"": 100.2}",False,,,,,0.0,,0.0,False,0.0,,0.0,False,0.0,,0.0,False
120.639,601,slm,TOWNSIM_INI,1,evasive,GANAR_ALTURA,0,12.770298331055535,False,39.67767333984375,14.290201187133789,-17.339275360107422,,,,157.47,False,,,"{""telemetry"": 0.9, ""graph"": 99.4}",False,,,,,0.0,,0.0,False,0.0,,0.0,False,0.0,,0.0,False
120.888,602,slm,TOWNSIM_INI,1,reactive,MANTENER_RUMBO,0,12.769775185573065,False,39.677616119384766,14.287601470947266,-17.339879989624023,,,,161.76,False,,,"{""telemetry"": 1.0, ""graph"": 147.7}",False,,,,,0.0,,0.0,False,0.0,,0.0,False,0.0,,0.0,False
121.032,603,slm,TOWNSIM_INI,1,reactive,MANTENER_RUMBO,0,12.769356071726953,False,39.677459716796875,14.286009788513184,-17.344018936157227,,,,164.2,False,,,"{""telemetry"": 0.7, ""graph"": 92.3}",False,,,,,0.0,,0.0,False,0.0,,0.0,False,0.0,,0.0,False
121.255,604,slm,TOWNSIM_INI,1,reactive,MANTENER_RUMBO,0,12.702879961091758,False,39.632080078125,14.297274589538574,-17.456707000732422,,,,166.94,False,,,"{""telemetry"": 0.9, ""graph"": 114.4}",False,,,,,0.0,,0.0,False,0.0,,0.0,False,0.0,,0.0,False
121.506,605,slm,TOWNSIM_INI,1,girar_90,GIRAR_90,0,12.532059542406515,False,39.52364730834961,14.326228141784668,-17.63447380065918,,,,168.53,False,,,"{""telemetry"": 0.8, ""graph"": 164.5}",False,,,,,0.005,1.02,0.372,True,0.03,0.23,0.372,True,0.033,0.83,0.372,True
121.723,606,slm,TOWNSIM_INI,1,evasive,GIRAR_90,0,12.309759125199482,False,39.307220458984375,14.381135940551758,-17.858013153076172,,,,170.26,False,,,"{""telemetry"": 0.8, ""graph"": 181.3}",False,,,,,0.0,,0.007,False,0.0,,0.007,False,0.0,,0.007,False
121.859,607,slm,TOWNSIM_INI,1,evasive,GIRAR_90,0,12.150285166170542,False,39.07914352416992,14.437299728393555,-17.90913963317871,,,,172.96,False,,,"{""telemetry"": 0.9, ""graph"": 116.8}",False,,,,,0.0,,0.0,False,0.0,,0.0,False,0.0,,0.0,False
122.045,608,slm,TOWNSIM_INI,1,evasive,GIRAR_90,0,12.141412259830322,False,38.89508819580078,14.482361793518066,-17.890064239501953,,,,175.65,False,,,"{""telemetry"": 0.7, ""graph"": 102.7}",False,,,,,0.0,,0.0,False,0.0,,0.0,False,0.0,,0.0,False
122.248,609,slm,TOWNSIM_INI,1,evasive,GIRAR_90,0,12.146607982755249,False,38.731407165527344,14.522377967834473,-17.87409782409668,,,,178.62,False,,,"{""telemetry"": 0.9, ""graph"": 105.2}",False,,,,,0.0,,0.0,False,0.0,,0.0,False,0.0,,0.0,False
122.44,610,slm,TOWNSIM_INI,1,evasive,GIRAR_90,0,12.15392843176901,False,38.61155700683594,14.551690101623535,-17.860082626342773,,,,-178.58,False,,,"{""telemetry"": 1.1, ""graph"": 96.2}",False,,,,,0.0,,0.0,False,0.0,,0.0,False,0.0,,0.0,False
122.66,611,slm,TOWNSIM_INI,1,reactive,MANTENER_RUMBO,0,12.163807681025647,False,38.50639724731445,14.577417373657227,-17.84416961669922,,,,-175.31,False,,,"{""telemetry"": 0.9, ""graph"": 116.3}",False,,,,,0.0,,0.0,False,0.0,,0.0,False,0.0,,0.0,False
122.879,612,slm,TOWNSIM_INI,1,reactive,MANTENER_RUMBO,0,12.17490602784404,False,38.427494049072266,14.595515251159668,-17.8465633392334,,,,-172.51,False,,,"{""telemetry"": 1.2, ""graph"": 135.0}",False,,,,,0.0,,0.0,False,0.0,,0.0,False,0.0,,0.0,False
123.111,613,slm,TOWNSIM_INI,1,deliberative,FRENAR,0,12.11169829861663,False,38.33623123168945,14.598665237426758,-17.97517967224121,,,,-170.88,False,,,"{""telemetry"": 0.7, ""graph"": 166.6}",True,2486.9,False,False,True,0.124,0.4,0.22,False,0.195,0.11,0.22,False,0.019,0.38,0.22,False
123.353,614,slm,TOWNSIM_INI,1,deliberative,FRENAR,0,11.882379955362163,False,38.1043586730957,14.586496353149414,-18.23467254638672,,,,-168.98,False,,,"{""telemetry"": 0.8, ""graph"": 208.8}",True,2486.9,False,False,True,0.0,,0.011,False,0.0,,0.011,False,0.0,,0.011,False
123.531,615,slm,TOWNSIM_INI,1,deliberative,FRENAR,0,11.71559876604187,False,37.892391204833984,14.57202434539795,-18.296052932739258,,,,-168.18,False,,,"{""telemetry"": 0.6, ""graph"": 175.5}",True,2486.9,False,False,True,0.0,,0.083,False,0.0,,0.083,False,0.0,,0.083,False
123.716,616,slm,TOWNSIM_INI,1,deliberative,FRENAR,0,11.712584518300236,False,37.689186096191406,14.557343482971191,-18.286653518676758,,,,-167.79,False,,,"{""telemetry"": 0.8, ""graph"": 160.6}",True,2486.9,False,False,True,0.0,,0.0,False,0.0,,0.0,False,0.0,,0.0,False
123.964,617,slm,TOWNSIM_INI,1,deliberative,FRENAR,0,11.737204374740871,False,37.519596099853516,14.544784545898438,-18.26052474975586,,,,-167.63,False,,,"{""telemetry"": 0.8, ""graph"": 207.5}",True,2486.9,False,False,True,0.005,11.54,0.39,False,0.005,7.26,0.39,False,0.005,17.46,0.39,False
124.127,618,slm,TOWNSIM_INI,1,deliberative,FRENAR,0,11.770904465485662,False,37.392723083496094,14.53531551361084,-18.236614227294922,,,,-167.57,False,,,"{""telemetry"": 0.8, ""graph"": 159.9}",True,2486.9,False,False,True,0.0,,0.0,False,0.0,,0.0,False,0.0,,0.0,False
124.365,619,slm,TOWNSIM_INI,1,deliberative,FRENAR,0,11.789427857753257,False,37.28999328613281,14.527630805969238,-18.22857666015625,,,,-167.54,False,,,"{""telemetry"": 1.0, ""graph"": 197.4}",True,2486.9,False,False,True,0.0,,0.03,False,0.0,,0.03,False,0.0,,0.03,False
124.549,620,slm,TOWNSIM_INI,1,deliberative,FRENAR,0,11.800966542577711,False,37.22086715698242,14.522461891174316,-18.221839904785156,,,,-167.54,False,,,"{""telemetry"": 1.3, ""graph"": 180.1}",True,2486.9,False,False,True,0.0,,0.0,False,0.0,,0.0,False,0.0,,0.0,False
124.731,621,slm,TOWNSIM_INI,1,deliberative,FRENAR,0,11.811924199711934,False,37.1700439453125,14.518670082092285,-18.215471267700195,,,,-167.53,False,,,"{""telemetry"": 1.4, ""graph"": 162.1}",True,2486.9,False,False,True,0.0,,0.0,False,0.0,,0.0,False,0.0,,0.0,False
124.941,622,slm,TOWNSIM_INI,1,deliberative,FRENAR,0,11.821519305822425,False,37.13084411621094,14.515746116638184,-18.20952033996582,,,,-167.53,False,,,"{""telemetry"": 1.2, ""graph"": 171.6}",True,2486.9,False,False,True,0.0,,0.013,False,0.0,,0.013,False,0.0,,0.013,False
125.112,623,slm,TOWNSIM_INI,1,deliberative,FRENAR,0,11.829876626920495,False,37.10239791870117,14.513627052307129,-18.2044734954834,,,,-167.53,False,,,"{""telemetry"": 0.9, ""graph"": 142.3}",True,2486.9,False,False,True,0.0,,0.0,False,0.0,,0.0,False,0.0,,0.0,False
125.317,624,slm,TOWNSIM_INI,1,deliberative,MANTENER_RUMBO,0,11.836796039898989,False,37.077552795410156,14.511775016784668,-18.199390411376953,,,,-167.53,False,,,"{""telemetry"": 0.9, ""graph"": 147.2}",True,2199.8,False,False,True,0.0,,0.0,False,0.0,,0.0,False,0.0,,0.0,False
125.52,625,slm,TOWNSIM_INI,1,reactive,MANTENER_RUMBO,0,11.842560464931775,False,37.061309814453125,14.510564804077148,-18.193553924560547,,,,-167.28,False,,,"{""telemetry"": 0.7, ""graph"": 150.0}",False,,,,,0.0,,0.052,False,0.0,,0.052,False,0.0,,0.052,False
125.672,626,slm,TOWNSIM_INI,1,reactive,MANTENER_RUMBO,0,11.856825798267582,False,37.04754638671875,14.509566307067871,-18.17871856689453,,,,-162.95,False,,,"{""telemetry"": 0.7, ""graph"": 101.7}",False,,,,,0.0,,0.0,False,0.0,,0.0,False,0.0,,0.0,False
125.872,627,slm,TOWNSIM_INI,1,reactive,MANTENER_RUMBO,0,11.86799723487648,False,37.0386848449707,14.509100914001465,-18.17099952697754,,,,-156.27,False,,,"{""telemetry"": 0.9, ""graph"": 101.2}",False,,,,,0.0,,0.0,False,0.0,,0.0,False,0.0,,0.0,False
126.077,628,slm,TOWNSIM_INI,1,reactive,MANTENER_RUMBO,0,11.87329352693224,False,37.03301239013672,14.509295463562012,-18.167800903320312,,,,-148.07,False,,,"{""telemetry"": 1.1, ""graph"": 105.5}",False,,,,,0.0,,0.0,False,0.0,,0.0,False,0.0,,0.0,False
126.274,629,slm,TOWNSIM_INI,1,reactive,MANTENER_RUMBO,0,11.874853919023055,False,37.03050994873047,14.510305404663086,-18.167551040649414,,,,-139.72,False,,,"{""telemetry"": 0.8, ""graph"": 102.3}",False,,,,,0.0,,0.0,False,0.0,,0.0,False,0.0,,0.0,False
126.487,630,slm,TOWNSIM_INI,1,reactive,MANTENER_RUMBO,0,11.874179067885548,False,37.03023910522461,14.51231861114502,-18.168981552124023,,,,-130.61,False,,,"{""telemetry"": 1.6, ""graph"": 113.9}",False,,,,,0.0,,0.0,False,0.0,,0.0,False,0.0,,0.0,False
126.69,631,slm,TOWNSIM_INI,1,reactive,MANTENER_RUMBO,0,11.872425624890974,False,37.031524658203125,14.515043258666992,-18.168310165405273,,,,-122.2,False,,,"{""telemetry"": 1.2, ""graph"": 116.3}",False,,,,,0.0,,0.0,False,0.0,,0.0,False,0.0,,0.0,False
126.882,632,slm,TOWNSIM_INI,1,reactive,MANTENER_RUMBO,0,11.876574746117154,False,37.033233642578125,14.517695426940918,-18.1637020111084,,,,-114.78,False,,,"{""telemetry"": 0.8, ""graph"": 108.4}",False,,,,,0.0,,0.0,False,0.0,,0.0,False,0.0,,0.0,False
127.067,633,slm,TOWNSIM_INI,1,reactive,MANTENER_RUMBO,0,11.880777086912492,False,37.03477096557617,14.519866943359375,-18.15998649597168,,,,-107.99,False,,,"{""telemetry"": 1.1, ""graph"": 92.7}",False,,,,,0.0,,0.0,False,0.0,,0.0,False,0.0,,0.0,False
127.292,634,slm,TOWNSIM_INI,1,reactive,MANTENER_RUMBO,0,11.884267969730427,False,37.0362663269043,14.52185344696045,-18.156280517578125,,,,-100.77,False,,,"{""telemetry"": 0.7, ""graph"": 118.4}",False,,,,,0.0,,0.0,False,0.0,,0.0,False,0.0,,0.0,False
127.462,635,slm,TOWNSIM_INI,1,reactive,MANTENER_RUMBO,0,11.887177271019448,False,37.037193298339844,14.523051261901855,-18.15387725830078,,,,-95.39,False,,,"{""telemetry"": 0.7, ""graph"": 87.6}",False,,,,,0.0,,0.0,False,0.0,,0.0,False,0.0,,0.0,False
127.676,636,slm,TOWNSIM_INI,1,reactive,MANTENER_RUMBO,0,11.889668927726015,False,37.03807067871094,14.524163246154785,-18.151304244995117,,,,-89.35,False,,,"{""telemetry"": 0.9, ""graph"": 101.1}",False,,,,,0.0,,0.0,False,0.0,,0.0,False,0.0,,0.0,False
127.885,637,slm,TOWNSIM_INI,1,reactive,MANTENER_RUMBO,0,11.891780600457908,False,37.038700103759766,14.5249605178833,-18.149200439453125,,,,-84.12,False,,,"{""telemetry"": 0.8, ""graph"": 109.8}",False,,,,,0.0,,0.0,False,0.0,,0.0,False,0.0,,0.0,False
128.066,638,slm,TOWNSIM_INI,1,reactive,MANTENER_RUMBO,0,11.89357249723195,False,37.03915786743164,14.525481224060059,-18.14767837524414,,,,-79.72,False,,,"{""telemetry"": 0.8, ""graph"": 90.6}",False,,,,,0.0,,0.0,False,0.0,,0.0,False,0.0,,0.0,False
128.283,639,slm,TOWNSIM_INI,1,reactive,MANTENER_RUMBO,0,11.895133994726644,False,37.03948211669922,14.525941848754883,-18.146068572998047,,,,-74.98,False,,,"{""telemetry"": 0.8, ""graph"": 106.7}",False,,,,,0.0,,0.0,False,0.0,,0.0,False,0.0,,0.0,False
128.482,640,slm,TOWNSIM_INI,1,reactive,MANTENER_RUMBO,0,11.896494486833301,False,37.03973388671875,14.526270866394043,-18.14478874206543,,,,-70.75,False,,,"{""telemetry"": 0.7, ""graph"": 105.4}",False,,,,,0.0,,0.0,False,0.0,,0.0,False,0.0,,0.0,False
128.693,641,slm,TOWNSIM_INI,1,reactive,MANTENER_RUMBO,0,11.8976654398136,False,37.040000915527344,14.526524543762207,-18.143564224243164,,,,-66.61,False,,,"{""telemetry"": 0.8, ""graph"": 116.7}",False,,,,,0.0,,0.0,False,0.0,,0.0,False,0.0,,0.0,False
128.892,642,slm,TOWNSIM_INI,1,reactive,MANTENER_RUMBO,0,11.898743355714913,False,37.04017639160156,14.526712417602539,-18.142541885375977,,,,-62.91,False,,,"{""telemetry"": 0.8, ""graph"": 115.3}",False,,,,,0.0,,0.0,False,0.0,,0.0,False,0.0,,0.0,False
129.082,643,slm,TOWNSIM_INI,1,reactive,MANTENER_RUMBO,0,11.899704610700207,False,37.04017639160156,14.526830673217773,-18.141677856445312,,,,-59.58,False,,,"{""telemetry"": 0.7, ""graph"": 104.8}",False,,,,,0.0,,0.0,False,0.0,,0.0,False,0.0,,0.0,False
129.295,644,slm,TOWNSIM_INI,1,deliberative,GANAR_ALTURA,0,11.900596517494533,False,37.04017639160156,14.52695083618164,-18.140729904174805,,,,-56.15,False,,,"{""telemetry"": 0.8, ""graph"": 117.2}",True,2199.8,False,False,True,0.0,,0.0,False,0.0,,0.0,False,0.0,,0.0,False
129.479,645,slm,TOWNSIM_INI,1,evasive,GANAR_ALTURA,0,11.90142479452562,False,37.04017639160156,14.527009010314941,-18.140018463134766,,,,-53.43,False,,,"{""telemetry"": 0.7, ""graph"": 101.8}",False,,,,,0.0,,0.0,False,0.0,,0.0,False,0.0,,0.0,False
129.709,646,slm,TOWNSIM_INI,1,evasive,GANAR_ALTURA,0,11.902167251572582,False,37.04017639160156,14.527079582214355,-18.139266967773438,,,,-50.12,False,,,"{""telemetry"": 0.8, ""graph"": 130.6}",False,,,,,0.0,,0.0,False,0.0,,0.0,False,0.0,,0.0,False
129.89,647,slm,TOWNSIM_INI,1,evasive,GANAR_ALTURA,0,11.902710121789402,False,37.04017639160156,14.527137756347656,-18.13886260986328,,,,-47.27,False,,,"{""telemetry"": 0.8, ""graph"": 111.8}",False,,,,,0.0,,0.0,False,0.0,,0.0,False,0.0,,0.0,False
130.078,648,slm,TOWNSIM_INI,1,evasive,GANAR_ALTURA,0,11.903054941688254,False,37.04017639160156,14.52715015411377,-18.138595581054688,,,,-44.31,False,,,"{""telemetry"": 0.9, ""graph"": 99.3}",False,,,,,0.0,,0.0,False,0.0,,0.0,False,0.0,,0.0,False
130.311,649,slm,TOWNSIM_INI,1,evasive,GANAR_ALTURA,0,11.903275418105961,False,37.04017639160156,14.52715015411377,-18.138402938842773,,,,-40.62,False,,,"{""telemetry"": 1.0, ""graph"": 131.5}",False,,,,,0.0,,0.0,False,0.0,,0.0,False,0.0,,0.0,False
130.485,650,slm,TOWNSIM_INI,1,evasive,GANAR_ALTURA,0,11.903400861597854,False,37.04017639160156,14.52715015411377,-18.13829231262207,,,,-37.82,False,,,"{""telemetry"": 0.9, ""graph"": 105.8}",False,,,,,0.0,,0.0,False,0.0,,0.0,False,0.0,,0.0,False
130.676,651,slm,TOWNSIM_INI,1,evasive,GANAR_ALTURA,0,11.903492093234178,False,37.04017639160156,14.52715015411377,-18.138256072998047,,,,-34.78,False,,,"{""telemetry"": 0.8, ""graph"": 95.8}",False,,,,,0.0,,0.0,False,0.0,,0.0,False,0.0,,0.0,False
130.899,652,slm,TOWNSIM_INI,1,evasive,GANAR_ALTURA,0,11.903492093234178,False,37.04017639160156,14.52715015411377,-18.138256072998047,,,,-31.26,False,,,"{""telemetry"": 1.0, ""graph"": 119.1}",False,,,,,0.0,,0.0,False,0.0,,0.0,False,0.0,,0.0,False
131.09,653,slm,TOWNSIM_INI,1,reactive,MANTENER_RUMBO,0,11.903492093234178,False,37.04017639160156,14.52715015411377,-18.138256072998047,,,,-28.22,False,,,"{""telemetry"": 0.8, ""graph"": 109.0}",False,,,,,0.0,,0.0,False,0.0,,0.0,False,0.0,,0.0,False
131.282,654,slm,TOWNSIM_INI,1,reactive,MANTENER_RUMBO,0,11.903518702462367,False,37.04091262817383,14.526774406433105,-18.144514083862305,,,,-25.4,False,,,"{""telemetry"": 1.1, ""graph"": 100.9}",False,,,,,0.0,,0.0,False,0.0,,0.0,False,0.0,,0.0,False
131.512,655,slm,TOWNSIM_INI,1,reactive,MANTENER_RUMBO,0,11.835631766404672,False,37.09331130981445,14.501039505004883,-18.271026611328125,,,,-23.18,False,,,"{""telemetry"": 1.0, ""graph"": 130.7}",False,,,,,0.0,,0.0,False,0.0,,0.0,False,0.0,,0.0,False
131.753,656,slm,TOWNSIM_INI,1,reactive,MANTENER_RUMBO,0,11.670559194038672,False,37.207763671875,14.446911811828613,-18.46772003173828,,,,-21.87,False,,,"{""telemetry"": 0.8, ""graph"": 171.1}",False,,,,,0.0,,0.0,False,0.0,,0.0,False,0.0,,0.0,False
131.978,657,slm,TOWNSIM_INI,1,deliberative,FRENAR,0,11.42080062502588,False,37.430213928222656,14.344259262084961,-18.714527130126953,,,,-20.51,False,,,"{""telemetry"": 1.3, ""graph"": 195.1}",True,2199.8,False,False,True,0.043,1.73,0.263,False,0.013,1.09,0.263,False,0.053,1.26,0.263,False
132.159,658,slm,TOWNSIM_INI,1,deliberative,FRENAR,0,11.186179457286563,False,37.709407806396484,14.219437599182129,-18.912141799926758,,,,-19.47,False,,,"{""telemetry"": 0.7, ""graph"": 176.7}",True,2199.8,False,False,True,0.0,,0.0,False,0.0,,0.0,False,0.0,,0.0,False
132.357,659,slm,TOWNSIM_INI,1,deliberative,FRENAR,0,11.047664695811415,False,37.98019790649414,14.100340843200684,-18.960981369018555,,,,-18.92,False,,,"{""telemetry"": 0.9, ""graph"": 173.7}",True,2199.8,False,False,True,0.03,1.83,0.338,False,0.024,0.47,0.338,False,0.054,1.13,0.338,False
132.566,660,slm,TOWNSIM_INI,1,deliberative,FRENAR,0,11.037702245663773,False,38.25749206542969,13.97918701171875,-18.973020553588867,,,,-18.65,False,,,"{""telemetry"": 0.8, ""graph"": 182.4}",True,2199.8,False,False,True,0.0,,0.0,False,0.0,,0.0,False,0.0,,0.0,False
132.73,661,slm,TOWNSIM_INI,1,deliberative,FRENAR,0,11.03247409821165,False,38.435646057128906,13.901559829711914,-18.98311996459961,,,,-18.57,False,,,"{""telemetry"": 0.8, ""graph"": 145.8}",True,2199.8,False,False,True,0.0,,0.0,False,0.0,,0.0,False,0.0,,0.0,False
132.965,662,slm,TOWNSIM_INI,1,deliberative,FRENAR,0,11.034551820668176,False,38.611446380615234,13.82498836517334,-18.98816680908203,,,,-18.53,False,,,"{""telemetry"": 2.3, ""graph"": 178.4}",True,2199.8,False,False,True,0.0,,0.0,False,0.0,,0.0,False,0.0,,0.0,False
133.165,663,slm,TOWNSIM_INI,1,deliberative,FRENAR,0,11.043525782057072,False,38.73038101196289,13.773178100585938,-18.986553192138672,,,,-18.53,False,,,"{""telemetry"": 3.6, ""graph"": 176.0}",True,2199.8,False,False,True,0.0,,0.0,False,0.0,,0.0,False,0.0,,0.0,False
133.377,664,slm,TOWNSIM_INI,1,deliberative,FRENAR,0,11.05560830344097,False,38.824462890625,13.732183456420898,-18.98150062561035,,,,-18.52,False,,,"{""telemetry"": 2.2, ""graph"": 190.1}",True,2199.8,False,False,True,0.0,,0.0,False,0.0,,0.0,False,0.0,,0.0,False
133.564,665,slm,TOWNSIM_INI,1,deliberative,FRENAR,0,11.068282441798942,False,38.883487701416016,13.70645523071289,-18.976276397705078,,,,-18.52,False,,,"{""telemetry"": 1.0, ""graph"": 176.8}",True,2199.8,False,False,True,0.0,,0.0,False,0.0,,0.0,False,0.0,,0.0,False
133.761,666,slm,TOWNSIM_INI,1,deliberative,FRENAR,0,11.08017105328067,False,38.933223724365234,13.684771537780762,-18.97039031982422,,,,-18.52,False,,,"{""telemetry"": 1.0, ""graph"": 174.0}",True,2199.8,False,False,True,0.0,,0.0,False,0.0,,0.0,False,0.0,,0.0,False
133.959,667,slm,TOWNSIM_INI,1,deliberative,FRENAR,0,11.090764024596034,False,38.9716911315918,13.667990684509277,-18.9647159576416,,,,-18.53,False,,,"{""telemetry"": 2.2, ""graph"": 170.2}",True,2199.8,False,False,True,0.0,,0.0,False,0.0,,0.0,False,0.0,,0.0,False
134.165,668,slm,TOWNSIM_INI,1,deliberative,FRENAR,0,11.099519237729915,False,39.00041198730469,13.655462265014648,-18.95965003967285,,,,-18.53,False,,,"{""telemetry"": 0.9, ""graph"": 177.4}",True,2199.8,False,False,True,0.0,,0.0,False,0.0,,0.0,False,0.0,,0.0,False
134.368,669,slm,TOWNSIM_INI,1,deliberative,EVADIR_IZQUIERDA,0,11.10685172151059,False,39.0218505859375,13.646112442016602,-18.955245971679688,,,,-18.53,False,,,"{""telemetry"": 0.9, ""graph"": 179.7}",True,2255.6,False,False,True,0.0,,0.0,False,0.0,,0.0,False,0.0,,0.0,False
134.572,670,slm,TOWNSIM_INI,1,evasive,EVADIR_IZQUIERDA,0,11.113013346327339,False,39.03687286376953,13.63960075378418,-18.965213775634766,,,,-18.67,False,,,"{""telemetry"": 0.7, ""graph"": 183.7}",False,,,,,0.0,,0.002,False,0.0,,0.002,False,0.0,,0.002,False
134.75,671,slm,TOWNSIM_INI,1,evasive,EVADIR_IZQUIERDA,0,11.03564104530866,False,39.06282043457031,13.629838943481445,-19.105295181274414,,,,-20.01,False,,,"{""telemetry"": 0.7, ""graph"": 161.4}",False,,,,,0.0,,0.0,False,0.0,,0.0,False,0.0,,0.0,False
134.9,672,slm,TOWNSIM_INI,1,evasive,EVADIR_IZQUIERDA,0,10.869107624720517,False,39.113616943359375,13.611978530883789,-19.284950256347656,,,,-22.34,False,,,"{""telemetry"": 0.7, ""graph"": 111.5}",False,,,,,0.0,,0.0,False,0.0,,0.0,False,0.0,,0.0,False
135.105,673,slm,TOWNSIM_INI,1,evasive,EVADIR_IZQUIERDA,0,10.7026548302058,False,39.18760681152344,13.586559295654297,-19.461416244506836,,,,-25.08,False,,,"{""telemetry"": 0.8, ""graph"": 116.5}",False,,,,,0.0,,0.0,False,0.0,,0.0,False,0.0,,0.0,False
135.306,674,slm,TOWNSIM_INI,1,evasive,EVADIR_IZQUIERDA,0,10.545888084909691,False,39.279605865478516,13.555289268493652,-19.63164520263672,,,,-27.95,False,,,"{""telemetry"": 1.4, ""graph"": 116.4}",False,,,,,0.0,,0.0,False,0.0,,0.0,False,0.0,,0.0,False
135.507,675,slm,TOWNSIM_INI,1,reactive,MANTENER_RUMBO,0,10.393497727572347,False,39.3881950378418,13.518593788146973,-19.801639556884766,,,,-30.95,False,,,"{""telemetry"": 1.0, ""graph"": 117.2}",False,,,,,0.0,,0.0,False,0.0,,0.0,False,0.0,,0.0,False
135.713,676,slm,TOWNSIM_INI,1,reactive,MANTENER_RUMBO,0,10.249394380423945,False,39.50545120239258,13.47910213470459,-19.938243865966797,,,,-33.0,False,,,"{""telemetry"": 0.8, ""graph"": 123.1}",False,,,,,0.0,,0.0,False,0.0,,0.0,False,0.0,,0.0,False
135.932,677,slm,TOWNSIM_INI,1,reactive,MANTENER_RUMBO,0,10.209037484292296,False,39.62240219116211,13.44024658203125,-19.961620330810547,,,,-30.69,False,,,"{""telemetry"": 0.7, ""graph"": 142.0}",False,,,,,0.0,,0.0,False,0.0,,0.0,False,0.0,,0.0,False
136.206,678,slm,TOWNSIM_INI,1,evasive,EVADIR_DERECHA,0,10.158119388688867,False,39.70382308959961,13.414021492004395,-20.06934928894043,,,,-29.89,False,,,"{""telemetry"": 0.7, ""graph"": 215.9}",False,,,,,0.025,1.12,0.295,False,0.011,5.91,0.295,False,0.0,13.72,0.295,False
136.385,679,slm,TOWNSIM_INI,1,evasive,EVADIR_DERECHA,0,10.121614903760518,False,39.769065856933594,13.393351554870605,-20.06211280822754,,,,-31.2,False,,,"{""telemetry"": 0.7, ""graph"": 176.0}",False,,,,,0.019,1.4,0.268,False,0.006,9.47,0.268,False,0.0,15.1,0.268,False
136.573,680,slm,TOWNSIM_INI,1,reactive,MANTENER_RUMBO,0,10.095105947466434,False,39.84124755859375,13.365739822387695,-20.170663833618164,,,,-31.05,False,,,"{""telemetry"": 0.8, ""graph"": 164.3}",False,,,,,0.0,,0.0,False,0.0,,0.0,False,0.0,,0.0,False
136.793,681,slm,TOWNSIM_INI,1,reactive,MANTENER_RUMBO,0,9.955749896593883,False,39.933616638183594,13.322093963623047,-20.33216667175293,,,,-29.86,False,,,"{""telemetry"": 0.9, ""graph"": 184.6}",False,,,,,0.0,,0.002,False,0.0,,0.002,False,0.0,,0.002,False
136.912,682,slm,TOWNSIM_INI,1,reactive,MANTENER_RUMBO,0,9.887959336155346,False,40.034122467041016,13.27220630645752,-20.356157302856445,,,,-32.93,False,,,"{""telemetry"": 0.7, ""graph"": 102.9}",False,,,,,0.0,,0.0,False,0.0,,0.0,False,0.0,,0.0,False
137.11,683,slm,TOWNSIM_INI,1,reactive,MANTENER_RUMBO,0,9.936976847332478,False,40.11880874633789,13.230639457702637,-20.330320358276367,,,,-38.94,False,,,"{""telemetry"": 0.8, ""graph"": 101.1}",False,,,,,0.0,,0.0,False,0.0,,0.0,False,0.0,,0.0,False
137.304,684,slm,TOWNSIM_INI,1,reactive,MANTENER_RUMBO,0,9.975598266689206,False,40.18467712402344,13.200794219970703,-20.312496185302734,,,,-45.79,False,,,"{""telemetry"": 0.7, ""graph"": 95.0}",False,,,,,0.0,,0.0,False,0.0,,0.0,False,0.0,,0.0,False
137.499,685,slm,TOWNSIM_INI,1,reactive,MANTENER_RUMBO,0,10.009652290725096,False,40.23429870605469,13.180817604064941,-20.294885635375977,,,,-53.15,False,,,"{""telemetry"": 0.8, ""graph"": 89.2}",False,,,,,0.0,,0.0,False,0.0,,0.0,False,0.0,,0.0,False
137.742,686,slm,TOWNSIM_INI,1,deliberative,GANAR_ALTURA,0,10.032931700691202,False,40.27666473388672,13.166729927062988,-20.283905029296875,,,,-62.78,False,,,"{""telemetry"": 1.0, ""graph"": 131.4}",True,2255.6,False,False,True,0.0,,0.0,False,0.0,,0.0,False,0.0,,0.0,False
137.905,687,slm,TOWNSIM_INI,1,evasive,GANAR_ALTURA,0,10.046544143833922,False,40.298728942871094,13.162042617797852,-20.27897834777832,,,,-69.84,False,,,"{""telemetry"": 0.7, ""graph"": 94.3}",False,,,,,0.0,,0.0,False,0.0,,0.0,False,0.0,,0.0,False
138.138,688,slm,TOWNSIM_INI,1,evasive,GANAR_ALTURA,0,10.061620464343742,False,40.32160568237305,13.159887313842773,-20.26704216003418,,,,-79.86,False,,,"{""telemetry"": 0.8, ""graph"": 127.4}",False,,,,,0.0,,0.0,False,0.0,,0.0,False,0.0,,0.0,False
138.3,689,slm,TOWNSIM_INI,1,evasive,GANAR_ALTURA,0,10.073215100071437,False,40.33344650268555,13.159727096557617,-20.262306213378906,,,,-87.03,False,,,"{""telemetry"": 1.0, ""graph"": 88.5}",False,,,,,0.0,,0.0,False,0.0,,0.0,False,0.0,,0.0,False
138.523,690,slm,TOWNSIM_INI,1,evasive,GANAR_ALTURA,0,10.079507797784151,False,40.34562301635742,13.160181045532227,-20.25956153869629,,,,-96.93,False,,,"{""telemetry"": 0.9, ""graph"": 111.7}",False,,,,,0.0,,0.0,False,0.0,,0.0,False,0.0,,0.0,False
138.725,691,slm,TOWNSIM_INI,1,evasive,GANAR_ALTURA,0,10.082517598751789,False,40.353633880615234,13.16055965423584,-20.259384155273438,,,,-105.94,False,,,"{""telemetry"": 0.9, ""graph"": 113.0}",False,,,,,0.0,,0.0,False,0.0,,0.0,False,0.0,,0.0,False
138.917,692,slm,TOWNSIM_INI,1,evasive,GANAR_ALTURA,0,10.0835263339834,False,40.35910415649414,13.160306930541992,-20.260339736938477,,,,-114.43,False,,,"{""telemetry"": 0.9, ""graph"": 104.3}",False,,,,,0.0,,0.0,False,0.0,,0.0,False,0.0,,0.0,False
139.119,693,slm,TOWNSIM_INI,1,evasive,GANAR_ALTURA,0,10.083344014949473,False,40.362945556640625,13.158884048461914,-20.261972427368164,,,,-123.46,False,,,"{""telemetry"": 0.9, ""graph"": 106.6}",False,,,,,0.0,,0.0,False,0.0,,0.0,False,0.0,,0.0,False
139.304,694,slm,TOWNSIM_INI,1,evasive,GANAR_ALTURA,0,10.082467535849865,False,40.36460876464844,13.156214714050293,-20.26372528076172,,,,-131.82,False,,,"{""telemetry"": 0.8, ""graph"": 91.0}",False,,,,,0.0,,0.0,False,0.0,,0.0,False,0.0,,0.0,False
139.524,695,slm,TOWNSIM_INI,1,reactive,MANTENER_RUMBO,0,10.081166384232104,False,40.36398696899414,13.15151596069336,-20.265756607055664,,,,-141.39,False,,,"{""telemetry"": 1.4, ""graph"": 109.5}",False,,,,,0.0,,0.0,False,0.0,,0.0,False,0.0,,0.0,False
139.716,696,slm,TOWNSIM_INI,1,reactive,MANTENER_RUMBO,0,10.07965119884899,False,40.36097717285156,13.146232604980469,-20.265933990478516,,,,-149.11,False,,,"{""telemetry"": 0.7, ""graph"": 101.6}",False,,,,,0.0,,0.0,False,0.0,,0.0,False,0.0,,0.0,False
139.907,697,slm,TOWNSIM_INI,1,reactive,MANTENER_RUMBO,0,10.081405270444083,False,40.35691452026367,13.14096450805664,-20.263639450073242,,,,-154.89,False,,,"{""telemetry"": 0.8, ""graph"": 92.5}",False,,,,,0.0,,0.0,False,0.0,,0.0,False,0.0,,0.0,False
140.129,698,slm,TOWNSIM_INI,1,reactive,MANTENER_RUMBO,0,10.083115984601672,False,40.35270309448242,13.136005401611328,-20.261375427246094,,,,-159.96,False,,,"{""telemetry"": 0.7, ""graph"": 114.6}",False,,,,,0.0,,0.0,False,0.0,,0.0,False,0.0,,0.0,False
140.344,699,slm,TOWNSIM_INI,1,reactive,MANTENER_RUMBO,0,10.084537414204538,False,40.34957504272461,13.13252067565918,-20.259614944458008,,,,-164.02,False,,,"{""telemetry"": 0.7, ""graph"": 129.4}",False,,,,,0.0,,0.0,False,0.0,,0.0,False,0.0,,0.0,False
140.524,700,slm,TOWNSIM_INI,1,reactive,MANTENER_RUMBO,0,10.085750707598852,False,40.347557067871094,13.130362510681152,-20.258363723754883,,,,-167.16,False,,,"{""telemetry"": 0.7, ""graph"": 109.1}",False,,,,,0.0,,0.0,False,0.0,,0.0,False,0.0,,0.0,False
140.699,701,slm,TOWNSIM_INI,1,reactive,MANTENER_RUMBO,0,10.08682310702607,False,40.3459358215332,13.128771781921387,-20.262226104736328,,,,-169.98,False,,,"{""telemetry"": 0.8, ""graph"": 83.0}",False,,,,,0.0,,0.0,False,0.0,,0.0,False,0.0,,0.0,False
140.913,702,slm,TOWNSIM_INI,1,reactive,MANTENER_RUMBO,0,10.016292849830293,False,40.328834533691406,13.124547004699707,-20.359251022338867,,,,-172.81,False,,,"{""telemetry"": 0.7, ""graph"": 97.2}",False,,,,,0.0,,0.0,False,0.0,,0.0,False,0.0,,0.0,False
141.105,703,slm,TOWNSIM_INI,1,reactive,MANTENER_RUMBO,0,9.890785872953828,False,40.28036880493164,13.11593246459961,-20.493953704833984,,,,-174.97,False,,,"{""telemetry"": 0.7, ""graph"": 88.6}",False,,,,,0.0,,0.0,False,0.0,,0.0,False,0.0,,0.0,False
141.32,704,slm,TOWNSIM_INI,1,reactive,MANTENER_RUMBO,0,9.724466784347026,False,40.173736572265625,13.10047435760498,-20.667490005493164,,,,-177.22,False,,,"{""telemetry"": 0.7, ""graph"": 104.1}",False,,,,,0.0,,0.0,False,0.0,,0.0,False,0.0,,0.0,False
141.592,705,slm,TOWNSIM_INI,1,reactive,MANTENER_RUMBO,0,9.536672862609759,False,40.03152847290039,13.083841323852539,-20.829191207885742,,,,-179.13,False,,,"{""telemetry"": 0.8, ""graph"": 175.2}",False,,,,,0.0,,0.0,False,0.0,,0.0,False,0.0,,0.0,False
141.736,706,slm,TOWNSIM_INI,1,reactive,MANTENER_RUMBO,0,9.337882572889555,False,39.80314254760742,13.063568115234375,-21.02871322631836,,,,178.52,False,,,"{""telemetry"": 0.7, ""graph"": 118.5}",False,,,,,0.0,,0.0,False,0.0,,0.0,False,0.0,,0.0,False
141.922,707,slm,TOWNSIM_INI,1,reactive,MANTENER_RUMBO,0,9.115101166068106,False,39.55668640136719,13.047212600708008,-21.19645881652832,,,,176.42,False,,,"{""telemetry"": 0.8, ""graph"": 104.8}",False,,,,,0.0,,0.0,False,0.0,,0.0,False,0.0,,0.0,False
142.111,708,slm,TOWNSIM_INI,1,reactive,MANTENER_RUMBO,0,8.89903677862137,False,39.256492614746094,13.031111717224121,-21.361530303955078,,,,174.21,False,,,"{""telemetry"": 0.8, ""graph"": 93.4}",False,,,,,0.0,,0.0,False,0.0,,0.0,False,0.0,,0.0,False
142.304,709,slm,TOWNSIM_INI,1,reactive,MANTENER_RUMBO,0,8.693338990669764,False,38.92951965332031,13.0161771774292,-21.515060424804688,,,,172.04,False,,,"{""telemetry"": 1.1, ""graph"": 86.0}",False,,,,,0.0,,0.0,False,0.0,,0.0,False,0.0,,0.0,False
142.518,710,slm,TOWNSIM_INI,1,reactive,MANTENER_RUMBO,0,8.508152433638607,False,38.52156066894531,12.999673843383789,-21.66123390197754,,,,169.83,False,,,"{""telemetry"": 0.8, ""graph"": 100.0}",False,,,,,0.0,,0.0,False,0.0,,0.0,False,0.0,,0.0,False
142.779,711,slm,TOWNSIM_INI,1,evasive,EVADIR_DERECHA,0,8.368232469252165,False,38.16840362548828,12.991480827331543,-21.778547286987305,,,,167.93,False,,,"{""telemetry"": 0.8, ""graph"": 161.0}",False,,,,,0.018,7.45,0.363,False,0.015,5.13,0.363,False,0.002,1.33,0.363,True
142.93,712,slm,TOWNSIM_INI,1,reactive,MANTENER_RUMBO,0,8.236327128843547,False,37.772804260253906,12.996726036071777,-21.93525505065918,,,,165.79,False,,,"{""telemetry"": 1.4, ""graph"": 110.3}",False,,,,,0.0,,0.0,False,0.0,,0.0,False,0.0,,0.0,False
143.213,713,slm,TOWNSIM_INI,1,reactive,MANTENER_RUMBO,0,8.099173784891391,False,37.37488555908203,13.018553733825684,-22.103466033935547,,,,165.14,False,,,"{""telemetry"": 1.5, ""graph"": 193.0}",False,,,,,0.0,,0.0,False,0.0,,0.0,False,0.0,,0.0,False
143.332,714,slm,TOWNSIM_INI,1,reactive,MANTENER_RUMBO,0,7.97283645499074,False,37.12529754638672,13.038629531860352,-22.242502212524414,,,,163.1,False,,,"{""telemetry"": 1.0, ""graph"": 111.7}",False,,,,,0.0,,0.0,False,0.0,,0.0,False,0.0,,0.0,False
143.514,715,slm,TOWNSIM_INI,1,reactive,MANTENER_RUMBO,0,7.832611463326167,False,36.89085006713867,13.060894012451172,-22.391254425048828,,,,159.7,False,,,"{""telemetry"": 1.8, ""graph"": 92.9}",False,,,,,0.0,,0.0,False,0.0,,0.0,False,0.0,,0.0,False
143.72,716,slm,TOWNSIM_INI,1,reactive,MANTENER_RUMBO,0,7.709196096108473,False,36.670501708984375,13.084049224853516,-22.545066833496094,,,,155.19,False,,,"{""telemetry"": 0.7, ""graph"": 99.2}",False,,,,,0.0,,0.0,False,0.0,,0.0,False,0.0,,0.0,False
143.958,717,slm,TOWNSIM_INI,1,reactive,MANTENER_RUMBO,0,7.5999437058830335,False,36.47473907470703,13.105950355529785,-22.673845291137695,,,,149.45,False,,,"{""telemetry"": 1.0, ""graph"": 137.1}",False,,,,,0.0,,0.0,False,0.0,,0.0,False,0.0,,0.0,False
144.109,718,slm,TOWNSIM_INI,1,reactive,MANTENER_RUMBO,0,7.595157096257801,False,36.372825622558594,13.117197036743164,-22.66156768798828,,,,145.12,False,,,"{""telemetry"": 0.7, ""graph"": 87.3}",False,,,,,0.0,,0.0,False,0.0,,0.0,False,0.0,,0.0,False
144.313,719,slm,TOWNSIM_INI,1,reactive,MANTENER_RUMBO,0,7.641705559207885,False,36.263282775878906,13.126551628112793,-22.64008903503418,,,,138.97,False,,,"{""telemetry"": 0.8, ""graph"": 91.7}",False,,,,,0.0,,0.0,False,0.0,,0.0,False,0.0,,0.0,False
144.525,720,slm,TOWNSIM_INI,1,deliberative,PERDER_ALTURA,0,7.6748557536911965,False,36.18671798706055,13.129973411560059,-22.6263484954834,,,,132.58,False,,,"{""telemetry"": 0.7, ""graph"": 103.3}",True,2255.6,False,False,True,0.0,,0.0,False,0.0,,0.0,False,0.0,,0.0,False
144.765,721,slm,TOWNSIM_INI,1,evasive,PERDER_ALTURA,0,7.6988776868056545,False,36.122802734375,13.129698753356934,-22.585052490234375,,,,125.64,False,,,"{""telemetry"": 1.1, ""graph"": 142.6}",False,,,,,0.0,,0.0,False,0.0,,0.0,False,0.0,,0.0,False
145.011,722,slm,TOWNSIM_INI,1,evasive,PERDER_ALTURA,0,7.797394162305651,False,36.07821273803711,13.137500762939453,-22.438514709472656,,,,124.74,False,,,"{""telemetry"": 0.7, ""graph"": 188.1}",False,,,,,0.0,,0.125,False,0.0,,0.125,False,0.0,,0.125,False
145.173,723,slm,TOWNSIM_INI,1,evasive,PERDER_ALTURA,0,7.975925621421939,False,36.02781677246094,13.164809226989746,-22.289072036743164,,,,126.23,False,,,"{""telemetry"": 0.7, ""graph"": 150.1}",False,,,,,0.0,,0.0,False,0.0,,0.0,False,0.0,,0.0,False
145.311,724,slm,TOWNSIM_INI,1,evasive,PERDER_ALTURA,0,8.14758141081154,False,35.9607048034668,13.218445777893066,-22.125732421875,,,,128.33,False,,,"{""telemetry"": 1.1, ""graph"": 87.2}",False,,,,,0.0,,0.0,False,0.0,,0.0,False,0.0,,0.0,False
145.564,725,slm,TOWNSIM_INI,1,evasive,PERDER_ALTURA,0,8.32411874736092,False,35.87740707397461,13.29850959777832,-21.952922821044922,,,,129.47,False,,,"{""telemetry"": 1.0, ""graph"": 139.9}",False,,,,,0.0,,0.0,False,0.0,,0.0,False,0.0,,0.0,False
145.773,726,slm,TOWNSIM_INI,1,evasive,PERDER_ALTURA,0,8.498864602281488,False,35.779754638671875,13.40220832824707,-21.773399353027344,,,,129.32,False,,,"{""telemetry"": 0.9, ""graph"": 147.8}",False,,,,,0.0,,0.0,False,0.0,,0.0,False,0.0,,0.0,False
145.984,727,slm,TOWNSIM_INI,1,evasive,PERDER_ALTURA,0,8.674902735998986,False,35.673728942871094,13.521492958068848,-21.595211029052734,,,,128.64,False,,,"{""telemetry"": 1.1, ""graph"": 159.1}",False,,,,,0.0,,0.0,False,0.0,,0.0,False,0.0,,0.0,False
146.218,728,slm,TOWNSIM_INI,1,evasive,PERDER_ALTURA,0,8.855252980804723,False,35.54991912841797,13.666016578674316,-21.40085792541504,,,,128.18,False,,,"{""telemetry"": 1.0, ""graph"": 192.7}",False,,,,,0.0,,0.0,False,0.0,,0.0,False,0.0,,0.0,False
146.387,729,slm,TOWNSIM_INI,1,reactive,MANTENER_RUMBO,0,9.03480740823985,False,35.4614143371582,13.771559715270996,-21.268054962158203,,,,128.16,False,,,"{""telemetry"": 0.8, ""graph"": 161.2}",False,,,,,0.001,16.7,0.484,False,0.003,4.94,0.484,False,0.003,9.45,0.484,False
146.569,730,slm,TOWNSIM_INI,1,evasive,EVADIR_DERECHA,0,9.219234627712012,False,35.35881423950195,13.895545959472656,-21.122217178344727,,,,128.16,False,,,"{""telemetry"": 0.9, ""graph"": 143.2}",False,,,,,0.003,3.89,1.0,False,0.003,15.46,1.0,False,0.0,41.69,1.0,False
146.723,731,slm,TOWNSIM_INI,1,reactive,MANTENER_RUMBO,0,9.338172608256356,False,35.247398376464844,14.030265808105469,-21.079851150512695,,,,125.44,False,,,"{""telemetry"": 0.7, ""graph"": 96.8}",False,,,,,0.0,,0.0,False,0.0,,0.0,False,0.0,,0.0,False
146.994,732,slm,TOWNSIM_INI,1,deliberative,FRENAR,0,9.304137305858488,False,35.151512145996094,14.145306587219238,-21.15310287475586,,,,124.02,False,,,"{""telemetry"": 1.0, ""graph"": 166.9}",True,2255.6,False,False,True,0.0,1.85,0.174,False,0.002,0.68,0.174,False,0.006,1.79,0.174,False
147.138,733,slm,TOWNSIM_INI,1,deliberative,FRENAR,0,9.322078636889596,False,35.0618896484375,14.252503395080566,-21.13745880126953,,,,119.86,False,,,"{""telemetry"": 0.7, ""graph"": 110.8}",True,2255.6,False,False,True,0.0,,0.0,False,0.0,,0.0,False,0.0,,0.0,False
147.318,734,slm,TOWNSIM_INI,1,deliberative,FRENAR,0,9.357478713005303,False,35.0013313293457,14.32344913482666,-21.12929916381836,,,,117.6,False,,,"{""telemetry"": 1.4, ""graph"": 90.1}",True,2255.6,False,False,True,0.0,,0.0,False,0.0,,0.0,False,0.0,,0.0,False
147.565,735,slm,TOWNSIM_INI,1,deliberative,FRENAR,0,9.384647344026233,False,34.94541549682617,14.388248443603516,-21.120994567871094,,,,116.37,False,,,"{""telemetry"": 0.7, ""graph"": 137.1}",True,2255.6,False,False,True,0.0,,0.0,False,0.0,,0.0,False,0.0,,0.0,False
147.787,736,slm,TOWNSIM_INI,1,deliberative,FRENAR,0,9.407750367766747,False,34.90361022949219,14.43642807006836,-21.11324119567871,,,,115.84,False,,,"{""telemetry"": 0.9, ""graph"": 158.8}",True,2255.6,False,False,True,0.0,,0.018,False,0.0,,0.018,False,0.0,,0.018,False
147.989,737,slm,TOWNSIM_INI,1,deliberative,FRENAR,0,9.42656905834014,False,34.871315002441406,14.473541259765625,-21.105924606323242,,,,115.6,False,,,"{""telemetry"": 1.3, ""graph"": 159.7}",True,2255.6,False,False,True,0.003,11.99,0.152,False,0.003,3.1,0.152,False,0.0,5.99,0.152,False
148.196,738,slm,TOWNSIM_INI,1,deliberative,FRENAR,0,9.441914424646656,False,34.847328186035156,14.501084327697754,-21.099470138549805,,,,115.49,False,,,"{""telemetry"": 0.8, ""graph"": 168.0}",True,2255.6,False,False,True,0.002,14.65,0.3,False,0.002,4.23,0.3,False,0.001,9.3,0.3,False
148.382,739,slm,TOWNSIM_INI,1,deliberative,FRENAR,0,9.454290523070021,False,34.83134460449219,14.51942253112793,-21.094512939453125,,,,115.45,False,,,"{""telemetry"": 1.1, ""graph"": 153.3}",True,2255.6,False,False,True,0.0,,0.065,False,0.0,,0.065,False,0.0,,0.065,False
148.598,740,slm,TOWNSIM_INI,1,deliberative,FRENAR,0,9.464354249552093,False,34.817203521728516,14.53564453125,-21.089513778686523,,,,115.43,False,,,"{""telemetry"": 1.0, ""graph"": 169.5}",True,2255.6,False,False,True,0.0,,0.129,False,0.0,,0.129,False,0.0,,0.129,False
148.823,741,slm,TOWNSIM_INI,1,deliberative,FRENAR,0,9.472268556865547,False,34.80663299560547,14.547767639160156,-21.08522605895996,,,,115.42,False,,,"{""telemetry"": 1.1, ""graph"": 194.0}",True,2255.6,False,False,True,0.0,,0.026,False,0.0,,0.026,False,0.0,,0.026,False
148.987,742,slm,TOWNSIM_INI,1,deliberative,FRENAR,0,9.478683823308277,False,34.801002502441406,14.554222106933594,-21.082656860351562,,,,115.42,False,,,"{""telemetry"": 0.9, ""graph"": 157.5}",True,2255.6,False,False,True,0.0,,0.002,False,0.0,,0.002,False,0.0,,0.002,False
149.196,743,slm,TOWNSIM_INI,1,deliberative,MANTENER_RUMBO,0,9.483746522002674,False,34.79518508911133,14.560890197753906,-21.079681396484375,,,,115.42,False,,,"{""telemetry"": 0.8, ""graph"": 166.4}",True,2084.1,False,False,True,0.0,,0.003,False,0.0,,0.003,False,0.0,,0.003,False
149.374,744,slm,TOWNSIM_INI,1,reactive,MANTENER_RUMBO,0,9.487830015764105,False,34.7913818359375,14.565253257751465,-21.075855255126953,,,,115.21,False,,,"{""telemetry"": 0.8, ""graph"": 144.5}",False,,,,,0.003,10.27,0.262,False,0.001,9.58,0.262,False,0.0,28.28,0.262,False
149.524,745,slm,TOWNSIM_INI,1,reactive,MANTENER_RUMBO,0,9.500999165076278,False,34.788063049316406,14.569037437438965,-21.06070899963379,,,,111.22,False,,,"{""telemetry"": 1.0, ""graph"": 93.9}",False,,,,,0.0,,0.0,False,0.0,,0.0,False,0.0,,0.0,False
149.726,746,slm,TOWNSIM_INI,1,reactive,MANTENER_RUMBO,0,9.512116116281094,False,34.78570556640625,14.571599960327148,-21.052366256713867,,,,104.9,False,,,"{""telemetry"": 1.0, ""graph"": 95.4}",False,,,,,0.0,,0.0,False,0.0,,0.0,False,0.0,,0.0,False
149.927,747,slm,TOWNSIM_INI,1,reactive,MANTENER_RUMBO,0,9.518037416535428,False,34.78382873535156,14.573410987854004,-21.045814514160156,,,,98.07,False,,,"{""telemetry"": 0.7, ""graph"": 97.4}",False,,,,,0.0,,0.0,False,0.0,,0.0,False,0.0,,0.0,False
150.14,748,slm,TOWNSIM_INI,1,reactive,MANTENER_RUMBO,0,9.52701166702831,False,34.7823371887207,14.574728012084961,-21.036746978759766,,,,91.51,False,,,"{""telemetry"": 0.9, ""graph"": 109.2}",False,,,,,0.0,,0.0,False,0.0,,0.0,False,0.0,,0.0,False
150.315,749,slm,TOWNSIM_INI,1,reactive,MANTENER_RUMBO,0,9.534556644325079,False,34.78136444091797,14.57553768157959,-21.030616760253906,,,,86.04,False,,,"{""telemetry"": 0.8, ""graph"": 84.4}",False,,,,,0.0,,0.0,False,0.0,,0.0,False,0.0,,0.0,False
150.519,750,slm,TOWNSIM_INI,1,reactive,MANTENER_RUMBO,0,9.540787123505304,False,34.780521392822266,14.576223373413086,-21.024690628051758,,,,80.13,False,,,"{""telemetry"": 0.9, ""graph"": 87.6}",False,,,,,0.0,,0.0,False,0.0,,0.0,False,0.0,,0.0,False
150.724,751,slm,TOWNSIM_INI,1,reactive,MANTENER_RUMBO,0,9.545866537624496,False,34.77988815307617,14.576740264892578,-21.019752502441406,,,,74.64,False,,,"{""telemetry"": 0.8, ""graph"": 92.9}",False,,,,,0.0,,0.0,False,0.0,,0.0,False,0.0,,0.0,False
150.93,752,slm,TOWNSIM_INI,1,reactive,MANTENER_RUMBO,0,9.550038836367115,False,34.779361724853516,14.577129364013672,-21.015626907348633,,,,69.45,False,,,"{""telemetry"": 0.7, ""graph"": 98.4}",False,,,,,0.0,,0.0,False,0.0,,0.0,False,0.0,,0.0,False
151.15,753,slm,TOWNSIM_INI,1,reactive,MANTENER_RUMBO,0,9.553538717575229,False,34.77906036376953,14.577432632446289,-21.012107849121094,,,,64.43,False,,,"{""telemetry"": 1.0, ""graph"": 118.6}",False,,,,,0.0,,0.0,False,0.0,,0.0,False,0.0,,0.0,False
151.319,754,slm,TOWNSIM_INI,1,reactive,MANTENER_RUMBO,0,9.55635240310827,False,34.778846740722656,14.577609062194824,-21.00985336303711,,,,60.57,False,,,"{""telemetry"": 0.7, ""graph"": 86.8}",False,,,,,0.0,,0.0,False,0.0,,0.0,False,0.0,,0.0,False
151.54,755,slm,TOWNSIM_INI,1,reactive,MANTENER_RUMBO,0,9.558746656848713,False,34.778568267822266,14.577787399291992,-21.00728988647461,,,,55.83,False,,,"{""telemetry"": 0.8, ""graph"": 107.4}",False,,,,,0.0,,0.0,False,0.0,,0.0,False,0.0,,0.0,False
151.749,756,slm,TOWNSIM_INI,1,reactive,MANTENER_RUMBO,0,9.56081399541935,False,34.77841567993164,14.577920913696289,-21.005264282226562,,,,51.51,False,,,"{""telemetry"": 0.8, ""graph"": 116.5}",False,,,,,0.0,,0.0,False,0.0,,0.0,False,0.0,,0.0,False
151.96,757,slm,TOWNSIM_INI,1,deliberative,GIRAR_90,0,9.562468793535823,False,34.77841567993164,14.57800579071045,-21.003585815429688,,,,47.45,False,,,"{""telemetry"": 0.7, ""graph"": 127.0}",True,2084.1,False,False,True,0.0,,0.0,False,0.0,,0.0,False,0.0,,0.0,False
152.158,758,slm,TOWNSIM_INI,1,evasive,GIRAR_90,0,9.56391685095776,False,34.77841567993164,14.578069686889648,-20.99811363220215,,,,43.5,False,,,"{""telemetry"": 0.7, ""graph"": 125.2}",False,,,,,0.0,,0.0,False,0.0,,0.0,False,0.0,,0.0,False
152.328,759,slm,TOWNSIM_INI,1,evasive,GIRAR_90,0,9.576068954589587,False,34.77841567993164,14.578124046325684,-20.983224868774414,,,,40.36,False,,,"{""telemetry"": 0.8, ""graph"": 94.4}",False,,,,,0.0,,0.0,False,0.0,,0.0,False,0.0,,0.0,False
152.54,760,slm,TOWNSIM_INI,1,evasive,GIRAR_90,0,9.592744569958892,False,34.77841567993164,14.578191757202148,-20.965394973754883,,,,36.93,False,,,"{""telemetry"": 0.7, ""graph"": 106.1}",False,,,,,0.0,,0.0,False,0.0,,0.0,False,0.0,,0.0,False
152.778,761,slm,TOWNSIM_INI,1,evasive,GIRAR_90,0,9.606627746228854,False,34.77841567993164,14.578201293945312,-20.9499454498291,,,,33.36,False,,,"{""telemetry"": 0.8, ""graph"": 143.2}",False,,,,,0.0,,0.0,False,0.0,,0.0,False,0.0,,0.0,False
152.934,762,slm,TOWNSIM_INI,1,evasive,GIRAR_90,0,9.61791053537959,False,34.77841567993164,14.578201293945312,-20.941585540771484,,,,31.03,False,,,"{""telemetry"": 1.3, ""graph"": 98.0}",False,,,,,0.0,,0.0,False,0.0,,0.0,False,0.0,,0.0,False
153.144,763,slm,TOWNSIM_INI,1,evasive,GIRAR_90,0,9.627092072468571,False,34.77841567993164,14.578201293945312,-20.93206787109375,,,,27.86,False,,,"{""telemetry"": 0.9, ""graph"": 108.7}",False,,,,,0.0,,0.0,False,0.0,,0.0,False,0.0,,0.0,False
153.329,764,slm,TOWNSIM_INI,1,evasive,GIRAR_90,0,9.634588256217729,False,34.77841567993164,14.578201293945312,-20.925283432006836,,,,25.11,False,,,"{""telemetry"": 1.1, ""graph"": 93.3}",False,,,,,0.0,,0.0,False,0.0,,0.0,False,0.0,,0.0,False
153.55,765,slm,TOWNSIM_INI,1,evasive,GIRAR_90,0,9.640723684992533,False,34.77841567993164,14.578201293945312,-20.918642044067383,,,,21.82,False,,,"{""telemetry"": 1.5, ""graph"": 112.5}",False,,,,,0.0,,0.0,False,0.0,,0.0,False,0.0,,0.0,False
153.739,766,slm,TOWNSIM_INI,1,reactive,MANTENER_RUMBO,0,9.645871651182931,False,34.77841567993164,14.578201293945312,-20.910076141357422,,,,19.11,False,,,"{""telemetry"": 1.1, ""graph"": 101.9}",False,,,,,0.0,,0.0,False,0.0,,0.0,False,0.0,,0.0,False
153.954,767,slm,TOWNSIM_INI,1,reactive,MANTENER_RUMBO,0,9.660575637730407,False,34.78022003173828,14.578765869140625,-20.90474510192871,,,,16.57,False,,,"{""telemetry"": 1.0, ""graph"": 116.2}",False,,,,,0.0,,0.0,False,0.0,,0.0,False,0.0,,0.0,False
154.146,768,slm,TOWNSIM_INI,1,reactive,MANTENER_RUMBO,0,9.591633889757814,False,34.838626861572266,14.597155570983887,-21.062129974365234,,,,14.57,False,,,"{""telemetry"": 1.2, ""graph"": 108.3}",False,,,,,0.0,,0.0,False,0.0,,0.0,False,0.0,,0.0,False
154.393,769,slm,TOWNSIM_INI,1,reactive,MANTENER_RUMBO,0,9.33488083745456,False,34.98286437988281,14.642617225646973,-21.285470962524414,,,,12.77,False,,,"{""telemetry"": 0.8, ""graph"": 155.1}",False,,,,,0.0,,0.0,False,0.0,,0.0,False,0.0,,0.0,False
154.605,770,slm,TOWNSIM_INI,1,reactive,MANTENER_RUMBO,0,9.088457526601312,False,35.18741226196289,14.70418930053711,-21.48172950744629,,,,11.14,False,,,"{""telemetry"": 1.0, ""graph"": 166.2}",False,,,,,0.0,,0.081,False,0.0,,0.081,False,0.0,,0.081,False
154.793,771,slm,TOWNSIM_INI,1,reactive,MANTENER_RUMBO,0,8.824290771646625,False,35.470947265625,14.783801078796387,-21.67867660522461,,,,9.47,False,,,"{""telemetry"": 0.8, ""graph"": 153.8}",False,,,,,0.0,,0.0,False,0.0,,0.0,False,0.0,,0.0,False
155.005,772,slm,TOWNSIM_INI,1,deliberative,FRENAR,0,8.564837450588355,False,35.79890441894531,14.871362686157227,-21.85346031188965,,,,7.9,False,,,"{""telemetry"": 0.7, ""graph"": 165.1}",True,2084.1,False,False,True,0.037,3.03,0.3,False,0.032,0.92,0.3,False,0.023,2.43,0.3,False
155.217,773,slm,TOWNSIM_INI,1,deliberative,FRENAR,0,8.312050365354168,False,36.18996047973633,14.968878746032715,-22.01795196533203,,,,6.31,False,,,"{""telemetry"": 1.4, ""graph"": 176.0}",True,2084.1,False,False,True,0.037,2.79,0.608,False,0.043,0.3,0.608,True,0.008,0.45,0.608,True
155.395,774,slm,TOWNSIM_INI,1,deliberative,FRENAR,0,8.14216771482798,False,36.54191207885742,15.052695274353027,-22.0595760345459,,,,5.4,False,,,"{""telemetry"": 0.7, ""graph"": 154.3}",True,2084.1,False,False,True,0.0,1.26,0.235,False,0.109,0.32,0.235,False,0.088,0.89,0.235,False
155.613,775,slm,TOWNSIM_INI,1,deliberative,FRENAR,0,8.056502507281653,False,36.90824890136719,15.138079643249512,-22.101865768432617,,,,4.98,False,,,"{""telemetry"": 1.1, ""graph"": 172.2}",True,2084.1,False,False,True,0.0,,0.0,False,0.0,,0.0,False,0.0,,0.0,False
155.794,776,slm,TOWNSIM_INI,1,deliberative,FRENAR,0,7.988518310212772,False,37.1375732421875,15.191145896911621,-22.12968635559082,,,,4.88,False,,,"{""telemetry"": 1.1, ""graph"": 152.5}",True,2084.1,False,False,True,0.0,,0.0,False,0.0,,0.0,False,0.0,,0.0,False
155.994,777,slm,TOWNSIM_INI,1,deliberative,FRENAR,0,7.948502202549961,False,37.32561492919922,15.234620094299316,-22.14616584777832,,,,4.85,False,,,"{""telemetry"": 1.2, ""graph"": 151.2}",True,2084.1,False,False,True,0.0,,0.0,False,0.0,,0.0,False,0.0,,0.0,False
156.214,778,slm,TOWNSIM_INI,1,deliberative,FRENAR,0,7.928812981291844,False,37.487369537353516,15.272047996520996,-22.153217315673828,,,,4.85,False,,,"{""telemetry"": 1.0, ""graph"": 171.7}",True,2084.1,False,False,True,0.0,,0.0,False,0.0,,0.0,False,0.0,,0.0,False
156.399,779,slm,TOWNSIM_INI,1,deliberative,FRENAR,0,7.921469672669281,False,37.590396881103516,15.295928955078125,-22.153486251831055,,,,4.85,False,,,"{""telemetry"": 1.0, ""graph"": 156.6}",True,2084.1,False,False,True,0.0,,0.0,False,0.0,,0.0,False,0.0,,0.0,False
156.595,780,slm,TOWNSIM_INI,1,deliberative,FRENAR,0,7.920741176223112,False,37.67181396484375,15.314825057983398,-22.145732879638672,,,,4.85,False,,,"{""telemetry"": 0.7, ""graph"": 151.8}",True,2084.1,False,False,True,0.0,,0.0,False,0.0,,0.0,False,0.0,,0.0,False
156.785,781,slm,TOWNSIM_INI,1,deliberative,FRENAR,0,7.94496006307122,False,37.73468017578125,15.329429626464844,-22.116315841674805,,,,4.86,False,,,"{""telemetry"": 0.7, ""graph"": 141.9}",True,2084.1,False,False,True,0.0,,0.0,False,0.0,,0.0,False,0.0,,0.0,False
157.004,782,slm,TOWNSIM_INI,1,deliberative,FRENAR,0,7.964129669477483,False,37.78676986694336,15.341537475585938,-22.10203742980957,,,,4.86,False,,,"{""telemetry"": 0.9, ""graph"": 159.6}",True,2084.1,False,False,True,0.0,,0.0,False,0.0,,0.0,False,0.0,,0.0,False
157.199,783,slm,TOWNSIM_INI,1,deliberative,MANTENER_RUMBO,0,7.975011830671551,False,37.82159423828125,15.34963321685791,-22.092161178588867,,,,4.86,False,,,"{""telemetry"": 0.7, ""graph"": 155.2}",True,2108.9,False,False,True,0.0,,0.0,False,0.0,,0.0,False,0.0,,0.0,False
157.394,784,slm,TOWNSIM_INI,1,reactive,MANTENER_RUMBO,0,7.984306305631591,False,37.847164154052734,15.355574607849121,-22.08252716064453,,,,4.63,False,,,"{""telemetry"": 0.9, ""graph"": 149.1}",False,,,,,0.0,,0.0,False,0.0,,0.0,False,0.0,,0.0,False
157.54,785,slm,TOWNSIM_INI,1,reactive,MANTENER_RUMBO,0,7.997787948875641,False,37.86650466918945,15.360055923461914,-22.06936264038086,,,,2.15,False,,,"{""telemetry"": 0.7, ""graph"": 94.6}",False,,,,,0.0,,0.0,False,0.0,,0.0,False,0.0,,0.0,False
157.758,786,slm,TOWNSIM_INI,1,reactive,MANTENER_RUMBO,0,8.00872314303644,False,37.88193893432617,15.363566398620605,-22.057945251464844,,,,-1.89,False,,,"{""telemetry"": 1.8, ""graph"": 112.2}",False,,,,,0.0,,0.0,False,0.0,,0.0,False,0.0,,0.0,False
157.979,787,slm,TOWNSIM_INI,1,reactive,MANTENER_RUMBO,0,8.019344134694034,False,37.89219284057617,15.365854263305664,-22.048477172851562,,,,-6.84,False,,,"{""telemetry"": 0.7, ""graph"": 133.6}",False,,,,,0.0,,0.0,False,0.0,,0.0,False,0.0,,0.0,False
158.143,788,slm,TOWNSIM_INI,1,reactive,MANTENER_RUMBO,0,8.025806752539951,False,37.89744567871094,15.367046356201172,-22.043678283691406,,,,-11.07,False,,,"{""telemetry"": 0.7, ""graph"": 97.8}",False,,,,,0.0,,0.0,False,0.0,,0.0,False,0.0,,0.0,False
158.363,789,slm,TOWNSIM_INI,1,reactive,MANTENER_RUMBO,0,8.032580221771191,False,37.902042388916016,15.368146896362305,-22.03612518310547,,,,-16.31,False,,,"{""telemetry"": 0.6, ""graph"": 117.4}",False,,,,,0.0,,0.0,False,0.0,,0.0,False,0.0,,0.0,False
158.563,790,slm,TOWNSIM_INI,1,reactive,MANTENER_RUMBO,0,8.03870416633139,False,37.90474319458008,15.368830680847168,-22.030742645263672,,,,-20.73,False,,,"{""telemetry"": 0.8, ""graph"": 117.1}",False,,,,,0.0,,0.0,False,0.0,,0.0,False,0.0,,0.0,False
158.759,791,slm,TOWNSIM_INI,1,reactive,MANTENER_RUMBO,0,8.04374741093846,False,37.90665054321289,15.369338035583496,-22.02621078491211,,,,-25.08,False,,,"{""telemetry"": 0.8, ""graph"": 112.2}",False,,,,,0.0,,0.0,False,0.0,,0.0,False,0.0,,0.0,False
158.96,792,slm,TOWNSIM_INI,1,reactive,MANTENER_RUMBO,0,8.047862375585535,False,37.90797805786133,15.36971378326416,-22.02250862121582,,,,-29.17,False,,,"{""telemetry"": 0.7, ""graph"": 113.7}",False,,,,,0.0,,0.0,False,0.0,,0.0,False,0.0,,0.0,False
159.165,793,slm,TOWNSIM_INI,1,reactive,MANTENER_RUMBO,0,8.051277973498355,False,37.908931732177734,15.37000846862793,-22.019277572631836,,,,-33.24,False,,,"{""telemetry"": 0.7, ""graph"": 118.4}",False,,,,,0.0,,0.0,False,0.0,,0.0,False,0.0,,0.0,False
159.351,794,slm,TOWNSIM_INI,1,reactive,MANTENER_RUMBO,0,8.054134750586407,False,37.90956115722656,15.37021255493164,-22.016845703125,,,,-36.69,False,,,"{""telemetry"": 0.8, ""graph"": 104.6}",False,,,,,0.0,,0.0,False,0.0,,0.0,False,0.0,,0.0,False
159.56,795,slm,TOWNSIM_INI,1,reactive,MANTENER_RUMBO,0,8.05656703416964,False,37.91008758544922,15.370396614074707,-22.014455795288086,,,,-40.17,False,,,"{""telemetry"": 0.7, ""graph"": 112.9}",False,,,,,0.0,,0.0,False,0.0,,0.0,False,0.0,,0.0,False
159.746,796,slm,TOWNSIM_INI,1,reactive,MANTENER_RUMBO,0,8.058625833036581,False,37.91038513183594,15.370516777038574,-22.012638092041016,,,,-43.06,False,,,"{""telemetry"": 0.9, ""graph"": 98.0}",False,,,,,0.0,,0.0,False,0.0,,0.0,False,0.0,,0.0,False
159.944,797,slm,TOWNSIM_INI,1,reactive,MANTENER_RUMBO,0,8.060424093285155,False,37.91083526611328,15.370420455932617,-22.019866943359375,,,,-45.73,False,,,"{""telemetry"": 1.7, ""graph"": 95.1}",False,,,,,0.0,,0.0,False,0.0,,0.0,False,0.0,,0.0,False
160.162,798,slm,TOWNSIM_INI,1,reactive,MANTENER_RUMBO,0,7.982112558482355,False,37.924808502197266,15.356642723083496,-22.139991760253906,,,,-48.32,False,,,"{""telemetry"": 0.7, ""graph"": 114.1}",False,,,,,0.0,,0.0,False,0.0,,0.0,False,0.0,,0.0,False
160.35,799,slm,TOWNSIM_INI,1,reactive,MANTENER_RUMBO,0,7.840540994813326,False,37.96294021606445,15.31714916229248,-22.291427612304688,,,,-50.61,False,,,"{""telemetry"": 0.9, ""graph"": 101.5}",False,,,,,0.0,,0.0,False,0.0,,0.0,False,0.0,,0.0,False
160.548,800,slm,TOWNSIM_INI,1,reactive,MANTENER_RUMBO,0,7.6671039007608055,False,38.03401184082031,15.240267753601074,-22.45067024230957,,,,-52.86,False,,,"{""telemetry"": 0.8, ""graph"": 98.8}",False,,,,,0.0,,0.0,False,0.0,,0.0,False,0.0,,0.0,False
160.746,801,slm,TOWNSIM_INI,1,reactive,MANTENER_RUMBO,0,7.496116135285856,False,38.13455581665039,15.125760078430176,-22.625015258789062,,,,-55.13,False,,,"{""telemetry"": 0.9, ""graph"": 96.7}",False,,,,,0.0,,0.0,False,0.0,,0.0,False,0.0,,0.0,False
160.94,802,slm,TOWNSIM_INI,1,reactive,MANTENER_RUMBO,0,7.300958573275438,False,38.26854705810547,14.966236114501953,-22.803668975830078,,,,-57.6,False,,,"{""telemetry"": 0.7, ""graph"": 90.4}",False,,,,,0.0,,0.0,False,0.0,,0.0,False,0.0,,0.0,False
161.159,803,slm,TOWNSIM_INI,1,reactive,MANTENER_RUMBO,0,7.11798792482601,False,38.44778823852539,14.747163772583008,-22.972675323486328,,,,-60.16,False,,,"{""telemetry"": 0.9, ""graph"": 109.7}",False,,,,,0.0,,0.0,False,0.0,,0.0,False,0.0,,0.0,False
161.343,804,slm,TOWNSIM_INI,1,reactive,MANTENER_RUMBO,0,6.973261235935135,False,38.609703063964844,14.541533470153809,-23.10092544555664,,,,-62.37,False,,,"{""telemetry"": 0.7, ""graph"": 92.9}",False,,,,,0.0,,0.0,False,0.0,,0.0,False,0.0,,0.0,False
161.548,805,slm,TOWNSIM_INI,1,reactive,MANTENER_RUMBO,0,6.851885467315297,False,38.78254699707031,14.31178092956543,-23.227563858032227,,,,-65.08,False,,,"{""telemetry"": 0.9, ""graph"": 97.8}",False,,,,,0.0,,0.0,False,0.0,,0.0,False,0.0,,0.0,False
161.759,806,slm,TOWNSIM_INI,1,reactive,MANTENER_RUMBO,0,6.741988769579955,False,38.94001007080078,14.094334602355957,-23.369094848632812,,,,-68.43,False,,,"{""telemetry"": 1.1, ""graph"": 107.8}",False,,,,,0.0,,0.0,False,0.0,,0.0,False,0.0,,0.0,False
161.955,807,slm,TOWNSIM_INI,1,reactive,MANTENER_RUMBO,0,6.627475755773765,False,39.059181213378906,13.924930572509766,-23.514955520629883,,,,-72.49,False,,,"{""telemetry"": 0.8, ""graph"": 104.0}",False,,,,,0.0,,0.0,False,0.0,,0.0,False,0.0,,0.0,False
162.15,808,slm,TOWNSIM_INI,1,reactive,MANTENER_RUMBO,0,6.506290640119952,False,39.15449905395508,13.786138534545898,-23.658262252807617,,,,-77.54,False,,,"{""telemetry"": 0.8, ""graph"": 98.7}",False,,,,,0.0,,0.0,False,0.0,,0.0,False,0.0,,0.0,False
162.366,809,slm,TOWNSIM_INI,1,deliberative,GANAR_ALTURA,0,6.393853648895523,False,39.23662567138672,13.664130210876465,-23.777814865112305,,,,-83.6,False,,,"{""telemetry"": 0.7, ""graph"": 114.3}",True,2108.9,False,False,True,0.0,,0.0,False,0.0,,0.0,False,0.0,,0.0,False
162.547,810,slm,TOWNSIM_INI,1,evasive,GANAR_ALTURA,0,6.390754323175348,False,39.29501724243164,13.576855659484863,-23.764968872070312,,,,-89.25,False,,,"{""telemetry"": 0.7, ""graph"": 95.0}",False,,,,,0.0,,0.0,False,0.0,,0.0,False,0.0,,0.0,False
162.764,811,slm,TOWNSIM_INI,1,evasive,GANAR_ALTURA,0,6.43016741320052,False,39.34882736206055,13.496289253234863,-23.74736976623535,,,,-96.99,False,,,"{""telemetry"": 1.5, ""graph"": 111.5}",False,,,,,0.0,,0.0,False,0.0,,0.0,False,0.0,,0.0,False
162.971,812,slm,TOWNSIM_INI,1,evasive,GANAR_ALTURA,0,6.4582501449698135,False,39.3851318359375,13.441076278686523,-23.738420486450195,,,,-104.89,False,,,"{""telemetry"": 0.7, ""graph"": 119.0}",False,,,,,0.0,,0.0,False,0.0,,0.0,False,0.0,,0.0,False
163.164,813,slm,TOWNSIM_INI,1,evasive,GANAR_ALTURA,0,6.4767717546125425,False,39.4102897644043,13.399481773376465,-23.734416961669922,,,,-113.01,False,,,"{""telemetry"": 0.9, ""graph"": 111.3}",False,,,,,0.0,,0.0,False,0.0,,0.0,False,0.0,,0.0,False
163.363,814,slm,TOWNSIM_INI,1,evasive,GANAR_ALTURA,0,6.488299503693189,False,39.42510223388672,13.36713695526123,-23.733640670776367,,,,-121.28,False,,,"{""telemetry"": 0.8, ""graph"": 110.6}",False,,,,,0.0,,0.0,False,0.0,,0.0,False,0.0,,0.0,False
163.562,815,slm,TOWNSIM_INI,1,evasive,GANAR_ALTURA,0,6.494005713706748,False,39.42890167236328,13.341672897338867,-23.73488998413086,,,,-129.75,False,,,"{""telemetry"": 1.0, ""graph"": 108.5}",False,,,,,0.0,,0.0,False,0.0,,0.0,False,0.0,,0.0,False
163.76,816,slm,TOWNSIM_INI,1,evasive,GANAR_ALTURA,0,6.494685075433917,False,39.420677185058594,13.323123931884766,-23.737215042114258,,,,-138.26,False,,,"{""telemetry"": 1.7, ""graph"": 105.9}",False,,,,,0.0,,0.0,False,0.0,,0.0,False,0.0,,0.0,False
163.984,817,slm,TOWNSIM_INI,1,evasive,GANAR_ALTURA,0,6.490963677269881,False,39.397159576416016,13.31167984008789,-23.740285873413086,,,,-147.83,False,,,"{""telemetry"": 1.3, ""graph"": 130.2}",False,,,,,0.0,,0.0,False,0.0,,0.0,False,0.0,,0.0,False
164.177,818,slm,TOWNSIM_INI,1,reactive,MANTENER_RUMBO,0,6.483406746147804,False,39.36715316772461,13.311487197875977,-23.742887496948242,,,,-155.86,False,,,"{""telemetry"": 1.3, ""graph"": 122.9}",False,,,,,0.0,,0.0,False,0.0,,0.0,False,0.0,,0.0,False
164.35,819,slm,TOWNSIM_INI,1,reactive,MANTENER_RUMBO,0,6.4724248414142345,False,39.33180236816406,13.320713996887207,-23.74339485168457,,,,-163.23,False,,,"{""telemetry"": 1.2, ""graph"": 95.3}",False,,,,,0.0,,0.0,False,0.0,,0.0,False,0.0,,0.0,False
164.571,820,slm,TOWNSIM_INI,1,reactive,MANTENER_RUMBO,0,6.465383603579207,False,39.29018783569336,13.3377103805542,-23.73907470703125,,,,-169.7,False,,,"{""telemetry"": 0.8, ""graph"": 115.5}",False,,,,,0.0,,0.0,False,0.0,,0.0,False,0.0,,0.0,False
164.78,821,slm,TOWNSIM_INI,1,reactive,MANTENER_RUMBO,0,6.45934308946301,False,39.258689880371094,13.35249137878418,-23.736289978027344,,,,-174.3,False,,,"{""telemetry"": 0.9, ""graph"": 124.3}",False,,,,,0.0,,0.0,False,0.0,,0.0,False,0.0,,0.0,False
164.956,822,slm,TOWNSIM_INI,1,reactive,MANTENER_RUMBO,0,6.454585011279515,False,39.236995697021484,13.36327838897705,-23.73417091369629,,,,-177.72,False,,,"{""telemetry"": 0.7, ""graph"": 100.5}",False,,,,,0.0,,0.0,False,0.0,,0.0,False,0.0,,0.0,False
165.182,823,slm,TOWNSIM_INI,1,reactive,MANTENER_RUMBO,0,6.451425397956602,False,39.21622848510742,13.37336540222168,-23.752878189086914,,,,178.75,False,,,"{""telemetry"": 1.0, ""graph"": 125.0}",False,,,,,0.0,,0.0,False,0.0,,0.0,False,0.0,,0.0,False
165.373,824,slm,TOWNSIM_INI,1,reactive,MANTENER_RUMBO,0,6.366449506676442,False,39.184356689453125,13.37888240814209,-23.875469207763672,,,,176.2,False,,,"{""telemetry"": 0.7, ""graph"": 115.9}",False,,,,,0.0,,0.0,False,0.0,,0.0,False,0.0,,0.0,False
165.549,825,slm,TOWNSIM_INI,1,reactive,MANTENER_RUMBO,0,6.209691275254812,False,39.12196350097656,13.383877754211426,-24.017152786254883,,,,173.9,False,,,"{""telemetry"": 0.7, ""graph"": 92.0}",False,,,,,0.0,,0.0,False,0.0,,0.0,False,0.0,,0.0,False
165.78,826,slm,TOWNSIM_INI,1,reactive,MANTENER_RUMBO,0,6.033157521703373,False,38.988121032714844,13.39317798614502,-24.199827194213867,,,,171.31,False,,,"{""telemetry"": 0.7, ""graph"": 122.5}",False,,,,,0.0,,0.0,False,0.0,,0.0,False,0.0,,0.0,False
166.026,827,slm,TOWNSIM_INI,1,reactive,MANTENER_RUMBO,0,5.852701350668163,False,38.833553314208984,13.40621566772461,-24.353628158569336,,,,169.34,False,,,"{""telemetry"": 0.9, ""graph"": 168.6}",False,,,,,0.0,,0.092,False,0.0,,0.092,False,0.0,,0.092,False
166.156,828,slm,TOWNSIM_INI,1,reactive,MANTENER_RUMBO,0,5.661388383635101,False,38.626461029052734,13.428339004516602,-24.522445678710938,,,,167.22,False,,,"{""telemetry"": 0.7, ""graph"": 98.1}",False,,,,,0.0,,0.0,False,0.0,,0.0,False,0.0,,0.0,False
166.369,829,slm,TOWNSIM_INI,1,reactive,MANTENER_RUMBO,0,5.454487016682826,False,38.339168548583984,13.46545696258545,-24.710315704345703,,,,164.73,False,,,"{""telemetry"": 0.7, ""graph"": 111.2}",False,,,,,0.0,,0.0,False,0.0,,0.0,False,0.0,,0.0,False
166.561,830,slm,TOWNSIM_INI,1,reactive,MANTENER_RUMBO,0,5.2637379871225916,False,38.03804016113281,13.508617401123047,-24.860944747924805,,,,162.56,False,,,"{""telemetry"": 0.7, ""graph"": 102.8}",False,,,,,0.0,,0.0,False,0.0,,0.0,False,0.0,,0.0,False
166.776,831,slm,TOWNSIM_INI,1,reactive,MANTENER_RUMBO,0,5.118095076703675,False,37.691009521484375,13.564482688903809,-24.998891830444336,,,,160.14,False,,,"{""telemetry"": 0.8, ""graph"": 117.7}",False,,,,,0.0,,0.0,False,0.0,,0.0,False,0.0,,0.0,False
166.963,832,slm,TOWNSIM_INI,1,reactive,MANTENER_RUMBO,0,5.001633759043435,False,37.39745330810547,13.617972373962402,-25.127779006958008,,,,157.64,False,,,"{""telemetry"": 0.7, ""graph"": 104.3}",False,,,,,0.0,,0.0,False,0.0,,0.0,False,0.0,,0.0,False
167.151,833,slm,TOWNSIM_INI,1,reactive,MANTENER_RUMBO,0,4.88941942629053,False,37.13190460205078,13.671119689941406,-25.26995277404785,,,,154.46,False,,,"{""telemetry"": 0.7, ""graph"": 92.0}",False,,,,,0.0,,0.0,False,0.0,,0.0,False,0.0,,0.0,False
167.377,834,slm,TOWNSIM_INI,1,reactive,MANTENER_RUMBO,0,4.782831874180675,False,36.8718376159668,13.727005004882812,-25.432735443115234,,,,150.01,False,,,"{""telemetry"": 0.9, ""graph"": 117.1}",False,,,,,0.0,,0.0,False,0.0,,0.0,False,0.0,,0.0,False
167.56,835,slm,TOWNSIM_INI,1,reactive,MANTENER_RUMBO,0,4.685659749534837,False,36.704219818115234,13.764847755432129,-25.56961441040039,,,,145.63,False,,,"{""telemetry"": 0.8, ""graph"": 100.3}",False,,,,,0.0,,0.0,False,0.0,,0.0,False,0.0,,0.0,False
167.77,836,slm,TOWNSIM_INI,1,reactive,MANTENER_RUMBO,0,4.589396157050753,False,36.54936218261719,13.801058769226074,-25.69194221496582,,,,140.01,False,,,"{""telemetry"": 0.9, ""graph"": 108.4}",False,,,,,0.0,,0.0,False,0.0,,0.0,False,0.0,,0.0,False
167.968,837,slm,TOWNSIM_INI,1,reactive,MANTENER_RUMBO,0,4.601575173982419,False,36.42554473876953,13.829853057861328,-25.678112030029297,,,,133.61,False,,,"{""telemetry"": 0.9, ""graph"": 106.7}",False,,,,,0.0,,0.0,False,0.0,,0.0,False,0.0,,0.0,False
168.176,838,slm,TOWNSIM_INI,1,reactive,MANTENER_RUMBO,0,4.658593919676405,False,36.32908248901367,13.848731994628906,-25.655132293701172,,,,125.91,False,,,"{""telemetry"": 0.9, ""graph"": 114.5}",False,,,,,0.0,,0.0,False,0.0,,0.0,False,0.0,,0.0,False
168.359,839,slm,TOWNSIM_INI,1,reactive,MANTENER_RUMBO,0,4.701378337848922,False,36.269126892089844,13.854153633117676,-25.641874313354492,,,,118.84,False,,,"{""telemetry"": 1.1, ""graph"": 96.4}",False,,,,,0.0,,0.0,False,0.0,,0.0,False,0.0,,0.0,False
168.568,840,slm,TOWNSIM_INI,1,deliberative,PERDER_ALTURA,0,4.73201467590454,False,36.221065521240234,13.848907470703125,-25.629497528076172,,,,111.43,False,,,"{""telemetry"": 0.8, ""graph"": 105.2}",True,2108.9,False,False,True,0.0,,0.0,False,0.0,,0.0,False,0.0,,0.0,False
168.754,841,slm,TOWNSIM_INI,1,evasive,PERDER_ALTURA,0,4.758547171958364,False,36.190059661865234,13.8397798538208,-25.610401153564453,,,,105.54,False,,,"{""telemetry"": 0.8, ""graph"": 91.1}",False,,,,,0.0,,0.0,False,0.0,,0.0,False,0.0,,0.0,False
169.017,842,slm,TOWNSIM_INI,1,evasive,PERDER_ALTURA,0,4.853061421556589,False,36.15949249267578,13.839366912841797,-25.461578369140625,,,,103.6,False,,,"{""telemetry"": 0.8, ""graph"": 154.0}",False,,,,,0.0,,0.0,False,0.0,,0.0,False,0.0,,0.0,False
169.235,843,slm,TOWNSIM_INI,1,evasive,PERDER_ALTURA,0,5.01803386941106,False,36.126792907714844,13.872117042541504,-25.29034423828125,,,,105.3,False,,,"{""telemetry"": 0.9, ""graph"": 171.9}",False,,,,,0.0,8.14,1.0,False,0.005,4.9,1.0,False,0.017,0.58,1.0,True
169.422,844,slm,TOWNSIM_INI,1,evasive,PERDER_ALTURA,0,5.182256084281874,False,36.078792572021484,13.960755348205566,-25.07900619506836,,,,107.91,False,,,"{""telemetry"": 1.3, ""graph"": 157.1}",False,,,,,0.0,,0.0,False,0.0,,0.0,False,0.0,,0.0,False
169.605,845,slm,TOWNSIM_INI,1,evasive,PERDER_ALTURA,0,5.350082658456967,False,36.05023956298828,14.02584457397461,-24.966800689697266,,,,108.51,False,,,"{""telemetry"": 1.1, ""graph"": 139.9}",False,,,,,0.0,,0.0,False,0.0,,0.0,False,0.0,,0.0,False
169.822,846,slm,TOWNSIM_INI,1,evasive,PERDER_ALTURA,0,5.517815818860398,False,35.9982795715332,14.157500267028809,-24.778345108032227,,,,108.31,False,,,"{""telemetry"": 0.7, ""graph"": 157.6}",False,,,,,0.0,,0.0,False,0.0,,0.0,False,0.0,,0.0,False
170.024,847,slm,TOWNSIM_INI,1,evasive,PERDER_ALTURA,0,5.688479931695991,False,35.94939041137695,14.29115104675293,-24.613576889038086,,,,107.66,False,,,"{""telemetry"": 1.9, ""graph"": 157.7}",False,,,,,0.0,,0.0,False,0.0,,0.0,False,0.0,,0.0,False
170.213,848,slm,TOWNSIM_INI,1,evasive,PERDER_ALTURA,0,5.865100723505859,False,35.89899826049805,14.435131072998047,-24.452306747436523,,,,107.23,False,,,"{""telemetry"": 1.2, ""graph"": 147.3}",False,,,,,0.0,,0.0,False,0.0,,0.0,False,0.0,,0.0,False
170.426,849,slm,TOWNSIM_INI,1,reactive,MANTENER_RUMBO,0,6.042658511332738,False,35.84360885620117,14.598265647888184,-24.282068252563477,,,,107.17,False,,,"{""telemetry"": 0.9, ""graph"": 160.0}",False,,,,,0.0,,0.0,False,0.0,,0.0,False,0.0,,0.0,False
170.603,850,slm,TOWNSIM_INI,1,reactive,MANTENER_RUMBO,0,6.223925494891839,False,35.79356002807617,14.748722076416016,-24.137508392333984,,,,107.14,False,,,"{""telemetry"": 0.8, ""graph"": 136.1}",False,,,,,0.0,,0.0,False,0.0,,0.0,False,0.0,,0.0,False
170.789,851,slm,TOWNSIM_INI,1,reactive,MANTENER_RUMBO,0,6.34491097719452,False,35.73514175415039,14.924918174743652,-24.09718132019043,,,,103.63,False,,,"{""telemetry"": 0.8, ""graph"": 122.1}",False,,,,,0.0,,0.0,False,0.0,,0.0,False,0.0,,0.0,False
170.979,852,slm,TOWNSIM_INI,1,reactive,MANTENER_RUMBO,0,6.365625428656111,False,35.694820404052734,15.04352855682373,-24.109460830688477,,,,98.59,False,,,"{""telemetry"": 0.8, ""graph"": 111.3}",False,,,,,0.0,,0.0,False,0.0,,0.0,False,0.0,,0.0,False
171.176,853,slm,TOWNSIM_INI,1,reactive,MANTENER_RUMBO,0,6.381382341582025,False,35.66149139404297,15.139156341552734,-24.11780548095703,,,,92.18,False,,,"{""telemetry"": 1.0, ""graph"": 108.6}",False,,,,,0.0,,0.0,False,0.0,,0.0,False,0.0,,0.0,False
171.379,854,slm,TOWNSIM_INI,1,reactive,MANTENER_RUMBO,0,6.398739439777414,False,35.63577651977539,15.211164474487305,-24.120380401611328,,,,84.97,False,,,"{""telemetry"": 0.8, ""graph"": 110.5}",False,,,,,0.0,,0.0,False,0.0,,0.0,False,0.0,,0.0,False
171.569,855,slm,TOWNSIM_INI,1,reactive,MANTENER_RUMBO,0,6.4154194382962135,False,35.616371154785156,15.265851974487305,-24.12124252319336,,,,77.77,False,,,"{""telemetry"": 0.7, ""graph"": 100.5}",False,,,,,0.0,,0.0,False,0.0,,0.0,False,0.0,,0.0,False
171.79,856,slm,TOWNSIM_INI,1,reactive,MANTENER_RUMBO,0,6.426339766505825,False,35.60194396972656,15.308300018310547,-24.123790740966797,,,,71.11,False,,,"{""telemetry"": 0.9, ""graph"": 121.1}",False,,,,,0.0,,0.0,False,0.0,,0.0,False,0.0,,0.0,False
171.981,857,slm,TOWNSIM_INI,1,reactive,MANTENER_RUMBO,0,6.434440425846105,False,35.59174346923828,15.339678764343262,-24.12530517578125,,,,64.89,False,,,"{""telemetry"": 0.8, ""graph"": 111.3}",False,,,,,0.0,,0.0,False,0.0,,0.0,False,0.0,,0.0,False
172.193,858,slm,TOWNSIM_INI,1,reactive,MANTENER_RUMBO,0,6.440880263178402,False,35.58405303955078,15.36473560333252,-24.126256942749023,,,,58.4,False,,,"{""telemetry"": 0.8, ""graph"": 123.5}",False,,,,,0.0,,0.0,False,0.0,,0.0,False,0.0,,0.0,False
172.366,859,slm,TOWNSIM_INI,1,reactive,MANTENER_RUMBO,0,6.44581477506087,False,35.579708099365234,15.379894256591797,-24.126678466796875,,,,53.41,False,,,"{""telemetry"": 0.7, ""graph"": 96.2}",False,,,,,0.0,,0.0,False,0.0,,0.0,False,0.0,,0.0,False
172.583,860,slm,TOWNSIM_INI,1,reactive,MANTENER_RUMBO,0,6.449555536105609,False,35.57590103149414,15.394289016723633,-24.126935958862305,,,,47.7,False,,,"{""telemetry"": 0.7, ""graph"": 112.8}",False,,,,,0.0,,0.0,False,0.0,,0.0,False,0.0,,0.0,False
172.782,861,slm,TOWNSIM_INI,1,reactive,MANTENER_RUMBO,0,6.452431881922804,False,35.57357406616211,15.403949737548828,-24.126968383789062,,,,42.8,False,,,"{""telemetry"": 1.7, ""graph"": 110.3}",False,,,,,0.0,,0.0,False,0.0,,0.0,False,0.0,,0.0,False
172.969,862,slm,TOWNSIM_INI,1,reactive,MANTENER_RUMBO,0,6.454581247154481,False,35.572147369384766,15.410624504089355,-24.126869201660156,,,,38.44,False,,,"{""telemetry"": 1.6, ""graph"": 97.2}",False,,,,,0.0,,0.0,False,0.0,,0.0,False,0.0,,0.0,False
173.185,863,slm,TOWNSIM_INI,1,reactive,MANTENER_RUMBO,0,6.456235133911954,False,35.57107162475586,15.416348457336426,-24.12665367126465,,,,33.84,False,,,"{""telemetry"": 1.2, ""graph"": 112.2}",False,,,,,0.0,,0.0,False,0.0,,0.0,False,0.0,,0.0,False
173.387,864,slm,TOWNSIM_INI,1,reactive,MANTENER_RUMBO,0,6.45752079545012,False,35.57044219970703,15.420252799987793,-24.126384735107422,,,,29.77,False,,,"{""telemetry"": 0.8, ""graph"": 113.6}",False,,,,,0.0,,0.0,False,0.0,,0.0,False,0.0,,0.0,False
173.575,865,slm,TOWNSIM_INI,1,reactive,MANTENER_RUMBO,0,6.458536173575623,False,35.57008361816406,15.422866821289062,-24.12605857849121,,,,26.18,False,,,"{""telemetry"": 0.7, ""graph"": 101.8}",False,,,,,0.0,,0.0,False,0.0,,0.0,False,0.0,,0.0,False
173.798,866,slm,TOWNSIM_INI,1,deliberative,GIRAR_90,0,6.459396919816072,False,35.56979751586914,15.425183296203613,-24.125629425048828,,,,22.21,False,,,"{""telemetry"": 0.7, ""graph"": 125.3}",True,2108.9,False,False,True,0.0,,0.0,False,0.0,,0.0,False,0.0,,0.0,False
173.98,867,slm,TOWNSIM_INI,1,evasive,GIRAR_90,0,13.3571335104672,False,35.56966781616211,15.426517486572266,-24.12227439880371,,,,19.22,False,,,"{""telemetry"": 0.7, ""graph"": 105.9}",False,,,,,0.0,,0.0,False,0.0,,0.0,False,0.0,,0.0,False
174.186,868,slm,TOWNSIM_INI,1,evasive,GIRAR_90,0,13.363702758241388,False,35.56966781616211,15.427628517150879,-24.104917526245117,,,,15.91,False,,,"{""telemetry"": 1.0, ""graph"": 112.2}",False,,,,,0.0,,0.0,False,0.0,,0.0,False,0.0,,0.0,False
174.368,869,slm,TOWNSIM_INI,1,evasive,GIRAR_90,0,13.37225276286419,False,35.56966781616211,15.428384780883789,-24.089557647705078,,,,13.11,False,,,"{""telemetry"": 0.8, ""graph"": 93.3}",False,,,,,0.0,,0.0,False,0.0,,0.0,False,0.0,,0.0,False
174.589,870,slm,TOWNSIM_INI,1,evasive,GIRAR_90,0,13.379516927673961,False,35.56966781616211,15.429055213928223,-24.07456398010254,,,,9.79,False,,,"{""telemetry"": 0.7, ""graph"": 113.7}",False,,,,,0.0,,0.0,False,0.0,,0.0,False,0.0,,0.0,False
174.783,871,slm,TOWNSIM_INI,1,evasive,GIRAR_90,0,13.385290781567805,False,35.56966781616211,15.429490089416504,-24.063962936401367,,,,6.9,False,,,"{""telemetry"": 0.8, ""graph"": 107.9}",False,,,,,0.0,,0.0,False,0.0,,0.0,False,0.0,,0.0,False
174.974,872,slm,TOWNSIM_INI,1,evasive,GIRAR_90,0,13.390031606756468,False,35.56966781616211,15.429815292358398,-24.055397033691406,,,,4.06,False,,,"{""telemetry"": 1.1, ""graph"": 97.6}",False,,,,,0.0,,0.0,False,0.0,,0.0,False,0.0,,0.0,False
175.196,873,slm,TOWNSIM_INI,1,evasive,GIRAR_90,0,13.393816451970322,False,35.56966781616211,15.430099487304688,-24.047231674194336,,,,0.72,False,,,"{""telemetry"": 1.1, ""graph"": 119.8}",False,,,,,0.0,,0.0,False,0.0,,0.0,False,0.0,,0.0,False
175.387,874,slm,TOWNSIM_INI,1,evasive,GIRAR_90,0,13.39685821329831,False,35.56966781616211,15.430276870727539,-24.041658401489258,,,,-2.07,False,,,"{""telemetry"": 0.8, ""graph"": 110.4}",False,,,,,0.0,,0.0,False,0.0,,0.0,False,0.0,,0.0,False
175.582,875,slm,TOWNSIM_INI,1,reactive,MANTENER_RUMBO,0,13.399426875084565,False,35.56966781616211,15.43040657043457,-24.0368709564209,,,,-4.95,False,,,"{""telemetry"": 0.9, ""graph"": 105.7}",False,,,,,0.0,,0.0,False,0.0,,0.0,False,0.0,,0.0,False
175.769,876,slm,TOWNSIM_INI,1,reactive,MANTENER_RUMBO,0,13.401678642525978,False,35.56966781616211,15.430525779724121,-24.028947830200195,,,,-7.73,False,,,"{""telemetry"": 0.7, ""graph"": 92.1}",False,,,,,0.0,,0.0,False,0.0,,0.0,False,0.0,,0.0,False
175.994,877,slm,TOWNSIM_INI,1,reactive,MANTENER_RUMBO,0,13.408446271715896,False,35.56966781616211,15.430596351623535,-24.012121200561523,,,,-11.88,False,,,"{""telemetry"": 0.8, ""graph"": 116.6}",False,,,,,0.0,,0.0,False,0.0,,0.0,False,0.0,,0.0,False
176.189,878,slm,TOWNSIM_INI,1,reactive,MANTENER_RUMBO,0,13.414431977721291,False,35.56966781616211,15.430657386779785,-24.000593185424805,,,,-16.05,False,,,"{""telemetry"": 0.7, ""graph"": 111.0}",False,,,,,0.0,,0.0,False,0.0,,0.0,False,0.0,,0.0,False
176.38,879,slm,TOWNSIM_INI,1,reactive,MANTENER_RUMBO,0,13.419258631275602,False,35.56966781616211,15.430718421936035,-23.991140365600586,,,,-20.47,False,,,"{""telemetry"": 0.7, ""graph"": 102.2}",False,,,,,0.0,,0.0,False,0.0,,0.0,False,0.0,,0.0,False
176.577,880,slm,TOWNSIM_INI,1,reactive,MANTENER_RUMBO,0,13.423239999148723,False,35.56966781616211,15.430741310119629,-23.98332405090332,,,,-24.65,False,,,"{""telemetry"": 0.7, ""graph"": 98.4}",False,,,,,0.0,,0.0,False,0.0,,0.0,False,0.0,,0.0,False
176.809,881,slm,TOWNSIM_INI,1,reactive,MANTENER_RUMBO,0,13.426497278826231,False,35.56966781616211,15.430741310119629,-23.97556495666504,,,,-29.37,False,,,"{""telemetry"": 0.9, ""graph"": 129.9}",False,,,,,0.0,,0.0,False,0.0,,0.0,False,0.0,,0.0,False
177.001,882,slm,TOWNSIM_INI,1,reactive,MANTENER_RUMBO,0,13.429130189207378,False,35.56966781616211,15.430741310119629,-23.970613479614258,,,,-33.41,False,,,"{""telemetry"": 0.7, ""graph"": 121.8}",False,,,,,0.0,,0.0,False,0.0,,0.0,False,0.0,,0.0,False
177.184,883,slm,TOWNSIM_INI,1,reactive,MANTENER_RUMBO,0,13.43123148262987,False,35.56966781616211,15.430741310119629,-23.96650505065918,,,,-37.26,False,,,"{""telemetry"": 0.8, ""graph"": 104.0}",False,,,,,0.0,,0.0,False,0.0,,0.0,False,0.0,,0.0,False
177.382,884,slm,TOWNSIM_INI,1,reactive,MANTENER_RUMBO,0,13.433037545430436,False,35.56966781616211,15.430741310119629,-23.962841033935547,,,,-40.88,False,,,"{""telemetry"": 0.9, ""graph"": 101.9}",False,,,,,0.0,,0.0,False,0.0,,0.0,False,0.0,,0.0,False
177.577,885,slm,TOWNSIM_INI,1,reactive,MANTENER_RUMBO,0,13.43454961890335,False,35.56966781616211,15.430741310119629,-23.959815979003906,,,,-44.06,False,,,"{""telemetry"": 0.7, ""graph"": 96.1}",False,,,,,0.0,,0.0,False,0.0,,0.0,False,0.0,,0.0,False
177.802,886,slm,TOWNSIM_INI,1,reactive,MANTENER_RUMBO,0,13.435835066930466,False,35.56966781616211,15.430741310119629,-23.956912994384766,,,,-47.33,False,,,"{""telemetry"": 0.9, ""graph"": 120.3}",False,,,,,0.0,,0.0,False,0.0,,0.0,False,0.0,,0.0,False
178.003,887,slm,TOWNSIM_INI,1,reactive,MANTENER_RUMBO,0,13.43689706376744,False,35.56966781616211,15.430741310119629,-23.95476722717285,,,,-50.13,False,,,"{""telemetry"": 1.0, ""graph"": 121.5}",False,,,,,0.0,,0.0,False,0.0,,0.0,False,0.0,,0.0,False
178.217,888,slm,TOWNSIM_INI,1,reactive,MANTENER_RUMBO,0,13.437790323752512,False,35.57054901123047,15.429607391357422,-23.977041244506836,,,,-53.05,False,,,"{""telemetry"": 1.1, ""graph"": 134.3}",False,,,,,0.0,,0.0,False,0.0,,0.0,False,0.0,,0.0,False
178.412,889,slm,TOWNSIM_INI,1,reactive,MANTENER_RUMBO,0,13.39240083597157,False,35.58702850341797,15.40855598449707,-24.122957229614258,,,,-55.72,False,,,"{""telemetry"": 0.9, ""graph"": 129.4}",False,,,,,0.0,,0.0,False,0.0,,0.0,False,0.0,,0.0,False
178.587,890,slm,TOWNSIM_INI,1,reactive,MANTENER_RUMBO,0,13.286657809208585,False,35.62388229370117,15.359858512878418,-24.27311897277832,,,,-58.05,False,,,"{""telemetry"": 0.7, ""graph"": 104.0}",False,,,,,0.0,,0.0,False,0.0,,0.0,False,0.0,,0.0,False
178.78,891,slm,TOWNSIM_INI,1,reactive,MANTENER_RUMBO,0,13.136917173541393,False,35.69374465942383,15.26335334777832,-24.437068939208984,,,,-60.43,False,,,"{""telemetry"": 1.0, ""graph"": 96.9}",False,,,,,0.0,,0.0,False,0.0,,0.0,False,0.0,,0.0,False
179.029,892,slm,TOWNSIM_INI,1,deliberative,FRENAR,0,12.95857559528372,False,35.80584716796875,15.099249839782715,-24.621055603027344,,,,-62.84,False,,,"{""telemetry"": 0.9, ""graph"": 145.5}",True,2108.9,False,False,True,0.0,,0.0,False,0.0,,0.0,False,0.0,,0.0,False
179.298,893,slm,TOWNSIM_INI,1,deliberative,FRENAR,0,12.752186963151619,False,35.924102783203125,14.914227485656738,-24.771312713623047,,,,-64.75,False,,,"{""telemetry"": 0.8, ""graph"": 214.0}",True,2108.9,False,False,True,0.113,0.4,0.389,True,0.017,0.35,0.389,True,0.012,1.28,0.389,True
179.514,894,slm,TOWNSIM_INI,1,deliberative,FRENAR,0,12.532234646793695,False,36.04762649536133,14.716346740722656,-24.777769088745117,,,,-65.77,False,,,"{""telemetry"": 0.7, ""graph"": 213.9}",True,2108.9,False,False,True,0.0,,0.137,False,0.0,,0.137,False,0.0,,0.137,False
179.698,895,slm,TOWNSIM_INI,1,deliberative,FRENAR,0,12.374778320626413,False,36.1386833190918,14.569091796875,-24.765743255615234,,,,-66.15,False,,,"{""telemetry"": 0.6, ""graph"": 182.2}",True,2108.9,False,False,True,0.0,,0.018,False,0.0,,0.018,False,0.0,,0.018,False
179.933,896,slm,TOWNSIM_INI,1,deliberative,FRENAR,0,12.255915856596225,False,36.22321319580078,14.431897163391113,-24.754383087158203,,,,-66.34,False,,,"{""telemetry"": 1.1, ""graph"": 216.0}",True,2108.9,False,False,True,0.001,16.95,0.437,False,0.004,4.14,0.437,False,0.05,0.98,0.437,True
180.1,897,slm,TOWNSIM_INI,1,deliberative,FRENAR,0,12.159353564943318,False,36.28044128417969,14.338874816894531,-24.743833541870117,,,,-66.4,False,,,"{""telemetry"": 1.0, ""graph"": 163.0}",True,2108.9,False,False,True,0.0,,0.0,False,0.0,,0.0,False,0.0,,0.0,False
180.301,898,slm,TOWNSIM_INI,1,deliberative,FRENAR,0,12.093411279320021,False,36.325462341308594,14.265706062316895,-24.732803344726562,,,,-66.43,False,,,"{""telemetry"": 2.1, ""graph"": 163.2}",True,2108.9,False,False,True,0.0,,0.021,False,0.0,,0.021,False,0.0,,0.021,False
180.507,899,slm,TOWNSIM_INI,1,deliberative,FRENAR,0,12.04486495490071,False,36.35810470581055,14.212664604187012,-24.722801208496094,,,,-66.44,False,,,"{""telemetry"": 0.9, ""graph"": 169.7}",True,2108.9,False,False,True,0.0,,0.036,False,0.0,,0.036,False,0.0,,0.036,False
180.707,900,slm,TOWNSIM_INI,1,deliberative,FRENAR,0,12.00925109106215,False,36.384674072265625,14.16948127746582,-24.713062286376953,,,,-66.44,False,,,"{""telemetry"": 1.5, ""graph"": 169.0}",True,2108.9,False,False,True,0.0,,0.04,False,0.0,,0.04,False,0.0,,0.04,False
180.914,901,slm,TOWNSIM_INI,1,deliberative,FRENAR,0,11.98316178097242,False,36.40372085571289,14.138555526733398,-24.704946517944336,,,,-66.45,False,,,"{""telemetry"": 1.9, ""graph"": 175.0}",True,2108.9,False,False,True,0.0,,0.031,False,0.0,,0.031,False,0.0,,0.031,False
181.151,902,slm,TOWNSIM_INI,1,deliberative,FRENAR,0,11.963816997928383,False,36.4202880859375,14.111624717712402,-24.696828842163086,,,,-66.45,False,,,"{""telemetry"": 1.3, ""graph"": 212.0}",True,2108.9,False,False,True,0.0,,0.031,False,0.0,,0.031,False,0.0,,0.031,False
181.345,903,slm,TOWNSIM_INI,1,deliberative,FRENAR,0,11.949212384889277,False,36.43053436279297,14.094965934753418,-24.691112518310547,,,,-66.45,False,,,"{""telemetry"": 1.1, ""graph"": 191.5}",True,2108.9,False,False,True,0.0,,0.147,False,0.0,,0.147,False,0.0,,0.147,False
181.535,904,slm,TOWNSIM_INI,1,deliberative,PERDER_ALTURA,0,11.939266794038389,False,36.438045501708984,14.082757949829102,-24.686437606811523,,,,-66.45,False,,,"{""telemetry"": 1.0, ""graph"": 181.7}",True,2373.1,False,False,True,0.0,24.5,0.21,False,0.001,6.31,0.21,False,0.001,17.23,0.21,False
181.752,905,slm,TOWNSIM_INI,1,reactive,MANTENER_RUMBO,0,11.931937955683747,False,36.444515228271484,14.072166442871094,-24.66681671142578,,,,-66.44,False,,,"{""telemetry"": 2.1, ""graph"": 197.3}",False,,,,,0.0,39.25,0.177,False,0.001,9.86,0.177,False,0.0,29.69,0.177,False
181.934,906,slm,TOWNSIM_INI,1,reactive,MANTENER_RUMBO,0,11.959315281259448,False,36.4547004699707,14.052000045776367,-24.541484832763672,,,,-66.54,False,,,"{""telemetry"": 1.0, ""graph"": 179.0}",False,,,,,0.0,,0.0,False,0.0,,0.0,False,0.0,,0.0,False
182.134,907,slm,TOWNSIM_INI,1,reactive,MANTENER_RUMBO,0,11.949478793691112,False,36.49502944946289,13.96161937713623,-24.56778335571289,,,,-67.43,False,,,"{""telemetry"": 1.5, ""graph"": 177.7}",False,,,,,0.0,,0.0,False,0.0,,0.0,False,0.0,,0.0,False
182.369,908,slm,TOWNSIM_INI,1,reactive,MANTENER_RUMBO,0,11.748977634135573,False,36.589290618896484,13.746816635131836,-24.80959701538086,,,,-69.03,False,,,"{""telemetry"": 1.4, ""graph"": 212.8}",False,,,,,0.011,12.48,0.182,False,0.008,8.11,0.182,False,0.008,5.46,0.182,False
182.542,909,slm,TOWNSIM_INI,1,reactive,MANTENER_RUMBO,0,11.406408467433998,False,36.70285415649414,13.487232208251953,-25.0446720123291,,,,-70.69,False,,,"{""telemetry"": 1.6, ""graph"": 167.7}",False,,,,,0.0,,0.0,False,0.0,,0.0,False,0.0,,0.0,False
182.695,910,slm,TOWNSIM_INI,1,reactive,MANTENER_RUMBO,0,11.049058573916758,False,36.85626983642578,13.136224746704102,-25.285442352294922,,,,-72.71,False,,,"{""telemetry"": 1.1, ""graph"": 120.5}",False,,,,,0.0,,0.0,False,0.0,,0.0,False,0.0,,0.0,False
182.959,911,slm,TOWNSIM_INI,1,reactive,MANTENER_RUMBO,0,10.668464207101644,False,37.01416015625,12.774893760681152,-25.48723602294922,,,,-74.61,False,,,"{""telemetry"": 1.2, ""graph"": 185.0}",False,,,,,0.0,,0.0,False,0.0,,0.0,False,0.0,,0.0,False
183.142,912,slm,TOWNSIM_INI,1,reactive,MANTENER_RUMBO,0,10.271028546740833,False,37.18171310424805,12.39098072052002,-25.67437744140625,,,,-76.5,False,,,"{""telemetry"": 1.4, ""graph"": 167.5}",False,,,,,0.0,,0.0,False,0.0,,0.0,False,0.0,,0.0,False
183.357,913,slm,TOWNSIM_INI,1,deliberative,FRENAR,0,9.854465228001335,False,37.355133056640625,11.976449966430664,-25.85859489440918,,,,-78.36,False,,,"{""telemetry"": 0.9, ""graph"": 182.3}",True,2373.1,False,False,True,0.028,5.67,0.284,False,0.013,2.44,0.284,False,0.015,1.06,0.284,False
183.545,914,slm,TOWNSIM_INI,1,deliberative,FRENAR,0,9.430647854656229,False,37.523284912109375,11.540410995483398,-26.026268005371094,,,,-80.31,False,,,"{""telemetry"": 0.8, ""graph"": 169.3}",True,2373.1,False,False,True,0.0,,0.0,False,0.0,,0.0,False,0.0,,0.0,False
183.755,915,slm,TOWNSIM_INI,1,deliberative,FRENAR,0,9.035321303227615,False,37.67494583129883,11.129419326782227,-26.102632522583008,,,,-81.54,False,,,"{""telemetry"": 0.7, ""graph"": 179.5}",True,2373.1,False,False,True,0.0,,0.147,False,0.0,,0.147,False,0.0,,0.147,False
183.961,916,slm,TOWNSIM_INI,1,deliberative,FRENAR,0,8.705231345184494,False,37.80713653564453,10.763473510742188,-26.18997573852539,,,,-81.98,False,,,"{""telemetry"": 0.7, ""graph"": 185.4}",True,2373.1,False,False,True,0.0,,0.048,False,0.0,,0.048,False,0.0,,0.048,False
184.144,917,slm,TOWNSIM_INI,1,deliberative,FRENAR,0,8.443439024179094,False,37.900997161865234,10.50211238861084,-26.245346069335938,,,,-82.07,False,,,"{""telemetry"": 0.9, ""graph"": 167.8}",True,2373.1,False,False,True,0.0,,0.0,False,0.0,,0.0,False,0.0,,0.0,False
184.336,918,slm,TOWNSIM_INI,1,deliberative,FRENAR,0,8.252169406466209,False,37.97252655029297,10.302958488464355,-26.261198043823242,,,,-82.08,False,,,"{""telemetry"": 1.6, ""graph"": 158.3}",True,2373.1,False,False,True,0.0,,0.0,False,0.0,,0.0,False,0.0,,0.0,False
184.545,919,slm,TOWNSIM_INI,1,deliberative,FRENAR,0,8.118011359508282,False,38.02855682373047,10.147143363952637,-26.260610580444336,,,,-82.07,False,,,"{""telemetry"": 0.8, ""graph"": 167.6}",True,2373.1,False,False,True,0.0,,0.0,False,0.0,,0.0,False,0.0,,0.0,False
184.729,920,slm,TOWNSIM_INI,1,deliberative,FRENAR,0,8.021590050140972,False,38.071929931640625,10.026764869689941,-26.249755859375,,,,-82.06,False,,,"{""telemetry"": 1.0, ""graph"": 151.8}",True,2373.1,False,False,True,0.0,,0.0,False,0.0,,0.0,False,0.0,,0.0,False
184.934,921,slm,TOWNSIM_INI,1,deliberative,FRENAR,0,7.95367266923885,False,38.10606002807617,9.932177543640137,-26.23200798034668,,,,-82.04,False,,,"{""telemetry"": 1.0, ""graph"": 155.3}",True,2373.1,False,False,True,0.0,,0.0,False,0.0,,0.0,False,0.0,,0.0,False
185.168,922,slm,TOWNSIM_INI,1,deliberative,FRENAR,0,7.9081126608971735,False,38.13246536254883,9.859134674072266,-26.20969009399414,,,,-82.04,False,,,"{""telemetry"": 1.0, ""graph"": 189.1}",True,2373.1,False,False,True,0.0,,0.078,False,0.0,,0.078,False,0.0,,0.078,False
185.321,923,slm,TOWNSIM_INI,1,deliberative,FRENAR,0,7.877852078240422,False,38.14847946166992,9.81484317779541,-26.190284729003906,,,,-82.03,False,,,"{""telemetry"": 1.0, ""graph"": 141.4}",True,2373.1,False,False,True,0.0,,0.0,False,0.0,,0.0,False,0.0,,0.0,False
185.585,924,slm,TOWNSIM_INI,1,deliberative,FRENAR,0,7.858719681811334,False,38.16501998901367,9.769136428833008,-26.162303924560547,,,,-82.03,False,,,"{""telemetry"": 1.0, ""graph"": 205.5}",True,2373.1,False,False,True,0.0,,0.069,False,0.0,,0.069,False,0.0,,0.069,False
185.761,925,slm,TOWNSIM_INI,1,deliberative,MANTENER_RUMBO,0,7.847361043740224,False,38.17399978637695,9.7443265914917,-26.141374588012695,,,,-82.03,False,,,"{""telemetry"": 0.8, ""graph"": 174.0}",True,2396.8,False,False,True,0.0,,0.054,False,0.0,,0.054,False,0.0,,0.054,False
185.961,926,slm,TOWNSIM_INI,1,reactive,MANTENER_RUMBO,0,7.842529146686681,False,38.18186569213867,9.722110748291016,-26.123920440673828,,,,-82.08,False,,,"{""telemetry"": 1.7, ""graph"": 172.0}",False,,,,,0.0,,0.023,False,0.0,,0.023,False,0.0,,0.023,False
186.159,927,slm,TOWNSIM_INI,1,girar_90,GIRAR_90,0,7.789295711893593,False,38.194488525390625,9.65424919128418,-26.254131317138672,,,,-82.96,False,,,"{""telemetry"": 1.9, ""graph"": 169.0}",False,,,,,0.02,0.53,0.686,True,0.019,0.19,0.686,True,0.015,0.53,0.686,True
186.341,928,slm,TOWNSIM_INI,1,evasive,GIRAR_90,0,7.57757447824348,False,38.21924591064453,9.491971969604492,-26.497995376586914,,,,-84.54,False,,,"{""telemetry"": 0.9, ""graph"": 152.1}",False,,,,,0.0,,0.0,False,0.0,,0.0,False,0.0,,0.0,False
186.51,929,slm,TOWNSIM_INI,1,evasive,GIRAR_90,0,7.351427058583287,False,38.252052307128906,9.271354675292969,-26.606884002685547,,,,-87.56,False,,,"{""telemetry"": 0.9, ""graph"": 120.6}",False,,,,,0.0,,0.0,False,0.0,,0.0,False,0.0,,0.0,False
186.728,930,slm,TOWNSIM_INI,1,evasive,GIRAR_90,0,7.195499914891928,False,38.28072738647461,9.07831859588623,-26.611692428588867,,,,-90.79,False,,,"{""telemetry"": 0.7, ""graph"": 138.4}",False,,,,,0.0,,0.0,False,0.0,,0.0,False,0.0,,0.0,False
186.881,931,slm,TOWNSIM_INI,1,evasive,GIRAR_90,0,7.0747714293373205,False,38.29768371582031,8.964412689208984,-26.614898681640625,,,,-93.12,False,,,"{""telemetry"": 0.9, ""graph"": 90.3}",False,,,,,0.0,,0.0,False,0.0,,0.0,False,0.0,,0.0,False
187.104,932,slm,TOWNSIM_INI,1,evasive,GIRAR_90,0,6.981076630093767,False,38.316471099853516,8.83848762512207,-26.61693000793457,,,,-96.39,False,,,"{""telemetry"": 1.0, ""graph"": 113.8}",False,,,,,0.0,,0.0,False,0.0,,0.0,False,0.0,,0.0,False
187.317,933,slm,TOWNSIM_INI,1,reactive,MANTENER_RUMBO,0,6.910896597196218,False,38.329742431640625,8.74960994720459,-26.61614990234375,,,,-99.48,False,,,"{""telemetry"": 1.0, ""graph"": 125.9}",False,,,,,0.0,,0.0,False,0.0,,0.0,False,0.0,,0.0,False
187.519,934,slm,TOWNSIM_INI,1,reactive,MANTENER_RUMBO,0,6.859119320226424,False,38.338844299316406,8.683011054992676,-26.62474822998047,,,,-102.12,False,,,"{""telemetry"": 1.0, ""graph"": 127.6}",False,,,,,0.0,,0.0,False,0.0,,0.0,False,0.0,,0.0,False
187.745,935,slm,TOWNSIM_INI,1,reactive,MANTENER_RUMBO,0,6.770194366385419,False,38.333518981933594,8.590667724609375,-26.764123916625977,,,,-103.91,False,,,"{""telemetry"": 0.7, ""graph"": 154.1}",False,,,,,0.0,,0.0,False,0.0,,0.0,False,0.0,,0.0,False
187.955,936,slm,TOWNSIM_INI,1,reactive,MANTENER_RUMBO,0,6.531804071850759,False,38.304325103759766,8.385668754577637,-27.017864227294922,,,,-105.82,False,,,"{""telemetry"": 0.7, ""graph"": 163.1}",False,,,,,0.0,,0.0,False,0.0,,0.0,False,0.0,,0.0,False
188.164,937,slm,TOWNSIM_INI,1,reactive,MANTENER_RUMBO,0,6.220730164965185,False,38.25663757324219,8.118670463562012,-27.240808486938477,,,,-107.29,False,,,"{""telemetry"": 0.7, ""graph"": 172.1}",False,,,,,0.0,,0.016,False,0.0,,0.016,False,0.0,,0.016,False
188.344,938,slm,TOWNSIM_INI,1,reactive,MANTENER_RUMBO,0,5.859572001249573,False,38.18895721435547,7.790523052215576,-27.44185447692871,,,,-108.59,False,,,"{""telemetry"": 0.8, ""graph"": 151.3}",False,,,,,0.0,,0.0,False,0.0,,0.0,False,0.0,,0.0,False
188.538,939,slm,TOWNSIM_INI,1,reactive,MANTENER_RUMBO,0,5.450930526615642,False,38.10470962524414,7.425422191619873,-27.621828079223633,,,,-109.7,False,,,"{""telemetry"": 0.9, ""graph"": 145.3}",False,,,,,0.0,,0.0,False,0.0,,0.0,False,0.0,,0.0,False
188.753,940,slm,TOWNSIM_INI,1,reactive,MANTENER_RUMBO,0,5.014465386285667,False,37.98693084716797,6.964508533477783,-27.814640045166016,,,,-110.87,False,,,"{""telemetry"": 0.7, ""graph"": 159.5}",False,,,,,0.0,,0.0,False,0.0,,0.0,False,0.0,,0.0,False
188.965,941,slm,TOWNSIM_INI,1,reactive,MANTENER_RUMBO,0,4.553049623026114,False,37.86818313598633,6.532219409942627,-27.976070404052734,,,,-111.84,False,,,"{""telemetry"": 0.9, ""graph"": 170.5}",False,,,,,0.0,,0.058,False,0.0,,0.058,False,0.0,,0.058,False
189.146,942,slm,TOWNSIM_INI,1,reactive,MANTENER_RUMBO,0,4.075335942475425,False,37.73792266845703,6.079614162445068,-28.133413314819336,,,,-112.78,False,,,"{""telemetry"": 0.9, ""graph"": 151.6}",False,,,,,0.0,,0.01,False,0.0,,0.01,False,0.0,,0.01,False
189.354,943,slm,TOWNSIM_INI,1,reactive,MANTENER_RUMBO,0,3.5828676642170447,False,37.58287048339844,5.5590291023254395,-28.301610946655273,,,,-113.83,False,,,"{""telemetry"": 1.1, ""graph"": 158.8}",False,,,,,0.0,,0.0,False,0.0,,0.0,False,0.0,,0.0,False
189.548,944,slm,TOWNSIM_INI,1,evasive,EVADIR_IZQUIERDA,1,9.194499533540991,False,37.43843078613281,5.09588098526001,-28.42694664001465,,,,-114.81,False,,,"{""telemetry"": 0.8, ""graph"": 152.7}",False,,,,,0.013,9.21,0.366,False,0.022,4.38,0.366,False,0.016,1.57,0.366,True
189.74,945,slm,TOWNSIM_INI,1,reactive,MANTENER_RUMBO,1,9.67683297828176,False,37.26836013793945,4.584845542907715,-28.555673599243164,,,,-116.11,False,,,"{""telemetry"": 1.3, ""graph"": 144.6}",False,,,,,0.0,,0.0,False,0.0,,0.0,False,0.0,,0.0,False
189.906,946,slm,TOWNSIM_INI,1,reactive,MANTENER_RUMBO,1,10.14171146264657,False,37.093441009521484,4.090174198150635,-28.69936180114746,,,,-118.55,False,,,"{""telemetry"": 0.7, ""graph"": 110.6}",False,,,,,0.0,,0.0,False,0.0,,0.0,False,0.0,,0.0,False
190.1,947,slm,TOWNSIM_INI,1,reactive,MANTENER_RUMBO,1,10.559035379029442,False,36.9494743347168,3.6990716457366943,-28.83173179626465,,,,-122.73,False,,,"{""telemetry"": 1.0, ""graph"": 104.0}",False,,,,,0.0,,0.0,False,0.0,,0.0,False,0.0,,0.0,False
190.298,948,slm,TOWNSIM_INI,1,reactive,MANTENER_RUMBO,1,10.914812000376601,False,36.82659149169922,3.373473882675171,-28.958967208862305,,,,-128.2,False,,,"{""telemetry"": 1.0, ""graph"": 101.5}",False,,,,,0.0,,0.0,False,0.0,,0.0,False,0.0,,0.0,False
190.511,949,slm,TOWNSIM_INI,1,reactive,MANTENER_RUMBO,1,11.199479530349933,False,36.72086715698242,3.0986268520355225,-29.062591552734375,,,,-134.49,False,,,"{""telemetry"": 1.0, ""graph"": 114.3}",False,,,,,0.0,,0.0,False,0.0,,0.0,False,0.0,,0.0,False
190.702,950,slm,TOWNSIM_INI,1,reactive,MANTENER_RUMBO,1,11.426172831468612,False,36.646053314208984,2.9075820446014404,-29.14990234375,,,,-141.03,False,,,"{""telemetry"": 0.9, ""graph"": 105.5}",False,,,,,0.0,,0.0,False,0.0,,0.0,False,0.0,,0.0,False
190.896,951,slm,TOWNSIM_INI,1,reactive,MANTENER_RUMBO,1,11.601837531525744,False,36.58662796020508,2.758647918701172,-29.229013442993164,,,,-148.45,False,,,"{""telemetry"": 1.1, ""graph"": 97.9}",False,,,,,0.0,,0.0,False,0.0,,0.0,False,0.0,,0.0,False
191.119,952,slm,TOWNSIM_INI,1,reactive,MANTENER_RUMBO,1,11.735547486292004,False,36.53031539916992,2.6207618713378906,-29.27855110168457,,,,-157.01,False,,,"{""telemetry"": 1.6, ""graph"": 119.3}",False,,,,,0.0,,0.0,False,0.0,,0.0,False,0.0,,0.0,False
191.332,953,slm,TOWNSIM_INI,1,reactive,MANTENER_RUMBO,1,11.847495352478484,False,36.488914489746094,2.522132158279419,-29.266740798950195,,,,-164.68,False,,,"{""telemetry"": 1.8, ""graph"": 132.8}",False,,,,,0.0,,0.0,False,0.0,,0.0,False,0.0,,0.0,False
191.527,954,slm,TOWNSIM_INI,1,reactive,MANTENER_RUMBO,1,11.93246915202064,False,36.46021270751953,2.456242799758911,-29.256860733032227,,,,-171.94,False,,,"{""telemetry"": 0.8, ""graph"": 127.7}",False,,,,,0.0,,0.0,False,0.0,,0.0,False,0.0,,0.0,False
191.711,955,slm,TOWNSIM_INI,1,reactive,MANTENER_RUMBO,1,11.995225324306588,False,36.439476013183594,2.410324811935425,-29.24808120727539,,,,-178.91,False,,,"{""telemetry"": 0.9, ""graph"": 111.7}",False,,,,,0.0,,0.0,False,0.0,,0.0,False,0.0,,0.0,False
191.897,956,slm,TOWNSIM_INI,1,reactive,MANTENER_RUMBO,1,12.039465027392477,False,36.42348098754883,2.37589168548584,-29.239713668823242,,,,174.29,False,,,"{""telemetry"": 0.8, ""graph"": 96.8}",False,,,,,0.0,,0.0,False,0.0,,0.0,False,0.0,,0.0,False
192.114,957,slm,TOWNSIM_INI,1,reactive,MANTENER_RUMBO,1,12.071064689283412,False,36.41047286987305,2.348390579223633,-29.231365203857422,,,,167.57,False,,,"{""telemetry"": 0.7, ""graph"": 113.2}",False,,,,,0.0,,0.0,False,0.0,,0.0,False,0.0,,0.0,False
192.299,958,slm,TOWNSIM_INI,1,reactive,MANTENER_RUMBO,1,12.093998247582963,False,36.4023551940918,2.331292152404785,-29.225324630737305,,,,162.17,False,,,"{""telemetry"": 0.9, ""graph"": 98.2}",False,,,,,0.0,,0.0,False,0.0,,0.0,False,0.0,,0.0,False
192.543,959,slm,TOWNSIM_INI,1,reactive,MANTENER_RUMBO,1,12.110181876083253,False,36.395172119140625,2.315977096557617,-29.218793869018555,,,,155.97,False,,,"{""telemetry"": 0.7, ""graph"": 142.7}",False,,,,,0.0,,0.0,False,0.0,,0.0,False,0.0,,0.0,False
192.711,960,slm,TOWNSIM_INI,1,reactive,MANTENER_RUMBO,1,12.121857934931,False,36.391639709472656,2.3082399368286133,-29.21515464782715,,,,151.63,False,,,"{""telemetry"": 0.7, ""graph"": 110.6}",False,,,,,0.0,,0.0,False,0.0,,0.0,False,0.0,,0.0,False
192.895,961,slm,TOWNSIM_INI,1,reactive,MANTENER_RUMBO,1,12.130279465335448,False,36.38887405395508,2.3019351959228516,-29.211666107177734,,,,147.05,False,,,"{""telemetry"": 0.7, ""graph"": 94.3}",False,,,,,0.0,,0.0,False,0.0,,0.0,False,0.0,,0.0,False
193.115,962,slm,TOWNSIM_INI,1,reactive,MANTENER_RUMBO,1,12.13638150460278,False,36.38660430908203,2.2964909076690674,-29.208091735839844,,,,142.24,False,,,"{""telemetry"": 0.7, ""graph"": 113.3}",False,,,,,0.0,,0.0,False,0.0,,0.0,False,0.0,,0.0,False
193.308,963,slm,TOWNSIM_INI,1,reactive,MANTENER_RUMBO,1,12.140829173735439,False,36.385276794433594,2.2931067943573,-29.2055606842041,,,,138.41,False,,,"{""telemetry"": 0.7, ""graph"": 106.4}",False,,,,,0.0,,0.0,False,0.0,,0.0,False,0.0,,0.0,False
193.501,964,slm,TOWNSIM_INI,1,reactive,MANTENER_RUMBO,1,12.14408678421856,False,36.38434600830078,2.2905287742614746,-29.20333480834961,,,,134.67,False,,,"{""telemetry"": 0.8, ""graph"": 99.3}",False,,,,,0.0,,0.0,False,0.0,,0.0,False,0.0,,0.0,False
193.723,965,slm,TOWNSIM_INI,1,reactive,MANTENER_RUMBO,1,12.14651870870805,False,36.38364028930664,2.2884321212768555,-29.201194763183594,,,,130.95,False,,,"{""telemetry"": 1.1, ""graph"": 120.6}",False,,,,,0.0,,0.0,False,0.0,,0.0,False,0.0,,0.0,False
193.913,966,slm,TOWNSIM_INI,1,reactive,MANTENER_RUMBO,1,12.1482820159073,False,36.383201599121094,2.287132501602173,-29.199655532836914,,,,128.09,False,,,"{""telemetry"": 0.8, ""graph"": 109.5}",False,,,,,0.0,,0.0,False,0.0,,0.0,False,0.0,,0.0,False
194.103,967,slm,TOWNSIM_INI,1,reactive,MANTENER_RUMBO,1,12.149591337964091,False,36.382774353027344,2.286402702331543,-29.204063415527344,,,,125.35,False,,,"{""telemetry"": 0.8, ""graph"": 99.2}",False,,,,,0.0,,0.0,False,0.0,,0.0,False,0.0,,0.0,False
194.318,968,slm,TOWNSIM_INI,1,reactive,MANTENER_RUMBO,1,12.143863889194508,False,36.37248611450195,2.2994422912597656,-29.238143920898438,,,,122.56,False,,,"{""telemetry"": 2.9, ""graph"": 111.8}",False,,,,,0.0,,0.0,False,0.0,,0.0,False,0.0,,0.0,False
194.514,969,slm,TOWNSIM_INI,1,deliberative,FRENAR,1,12.115522667304221,False,36.34127426147461,2.343478202819824,-29.293655395507812,,,,120.14,False,,,"{""telemetry"": 0.6, ""graph"": 109.6}",True,2396.8,False,False,True,0.0,,0.0,False,0.0,,0.0,False,0.0,,0.0,False
194.704,970,slm,TOWNSIM_INI,1,deliberative,FRENAR,1,12.051476544995566,False,36.2869873046875,2.4245903491973877,-29.34623908996582,,,,117.99,False,,,"{""telemetry"": 1.6, ""graph"": 99.1}",True,2396.8,False,False,True,0.0,,0.0,False,0.0,,0.0,False,0.0,,0.0,False
194.995,971,slm,TOWNSIM_INI,1,deliberative,FRENAR,1,11.964346614421412,False,36.21076202392578,2.5408785343170166,-29.325706481933594,,,,116.69,False,,,"{""telemetry"": 1.6, ""graph"": 188.7}",True,2396.8,False,False,True,0.0,,0.0,False,0.0,,0.0,False,0.0,,0.0,False
195.169,972,slm,TOWNSIM_INI,1,deliberative,FRENAR,1,11.881232908878873,False,36.159420013427734,2.6196751594543457,-29.31477928161621,,,,116.26,False,,,"{""telemetry"": 1.6, ""graph"": 163.0}",True,2396.8,False,False,True,0.0,,0.0,False,0.0,,0.0,False,0.0,,0.0,False
195.376,973,slm,TOWNSIM_INI,1,deliberative,FRENAR,1,11.812294204197698,False,36.114341735839844,2.688951015472412,-29.305912017822266,,,,116.05,False,,,"{""telemetry"": 2.5, ""graph"": 168.0}",True,2396.8,False,False,True,0.0,,0.088,False,0.0,,0.085,False,0.0,,0.098,False
195.567,974,slm,TOWNSIM_INI,1,deliberative,FRENAR,1,11.757735769253836,False,36.0788688659668,2.743499755859375,-29.298019409179688,,,,115.95,False,,,"{""telemetry"": 1.1, ""graph"": 158.9}",True,2396.8,False,False,True,0.0,,0.0,False,0.0,,0.0,False,0.0,,0.0,False
195.785,975,slm,TOWNSIM_INI,1,deliberative,FRENAR,1,11.716880998841928,False,36.0518798828125,2.785013437271118,-29.290903091430664,,,,115.91,False,,,"{""telemetry"": 1.3, ""graph"": 175.8}",True,2396.8,False,False,True,0.0,,0.138,False,0.0,,0.138,False,0.0,,0.138,False
195.98,976,slm,TOWNSIM_INI,1,deliberative,FRENAR,1,11.686096795405772,False,36.0315055847168,2.8163561820983887,-29.284589767456055,,,,115.89,False,,,"{""telemetry"": 0.9, ""graph"": 171.0}",True,2396.8,False,False,True,0.003,12.43,0.3,False,0.003,3.65,0.3,False,0.001,9.51,0.3,False
196.17,977,slm,TOWNSIM_INI,1,deliberative,FRENAR,1,11.663011634131212,False,36.016380310058594,2.839620590209961,-29.279172897338867,,,,115.88,False,,,"{""telemetry"": 1.0, ""graph"": 160.6}",True,2396.8,False,False,True,0.0,,0.0,False,0.0,,0.0,False,0.0,,0.0,False
196.363,978,slm,TOWNSIM_INI,1,deliberative,FRENAR,1,11.645740671906545,False,36.004825592041016,2.857393980026245,-29.274456024169922,,,,115.88,False,,,"{""telemetry"": 1.1, ""graph"": 154.0}",True,2396.8,False,False,True,0.0,,0.0,False,0.0,,0.0,False,0.0,,0.0,False
196.579,979,slm,TOWNSIM_INI,1,deliberative,FRENAR,1,11.632833295880925,False,35.99615478515625,2.870725631713867,-29.270442962646484,,,,115.88,False,,,"{""telemetry"": 0.8, ""graph"": 170.0}",True,2396.8,False,False,True,0.0,,0.075,False,0.0,,0.075,False,0.0,,0.075,False
196.778,980,slm,TOWNSIM_INI,1,deliberative,FRENAR,1,11.623190601232682,False,35.98973846435547,2.8805887699127197,-29.26708984375,,,,115.87,False,,,"{""telemetry"": 0.7, ""graph"": 168.5}",True,2396.8,False,False,True,0.0,,0.025,False,0.0,,0.025,False,0.0,,0.025,False
196.999,981,slm,TOWNSIM_INI,1,deliberative,PERDER_ALTURA,1,11.615897771907521,False,35.98453140258789,2.8885982036590576,-29.263994216918945,,,,115.87,False,,,"{""telemetry"": 1.2, ""graph"": 183.8}",True,2435.8,False,False,True,0.0,,0.0,False,0.0,,0.0,False,0.0,,0.0,False
197.198,982,slm,TOWNSIM_INI,1,deliberative,FRENAR,1,11.61061975777548,False,35.980709075927734,2.8945536613464355,-29.24267578125,,,,115.88,False,,,"{""telemetry"": 0.8, ""graph"": 183.0}",True,2435.8,False,False,True,0.0,,0.086,False,0.0,,0.086,False,0.0,,0.086,False
197.385,983,slm,TOWNSIM_INI,1,deliberative,FRENAR,1,11.609138459880164,False,35.972389221191406,2.9102251529693604,-29.125293731689453,,,,115.87,False,,,"{""telemetry"": 1.0, ""graph"": 169.9}",True,2435.8,False,False,True,0.0,,0.0,False,0.0,,0.0,False,0.0,,0.0,False
197.578,984,slm,TOWNSIM_INI,1,deliberative,FRENAR,1,11.58956014211476,False,35.95587921142578,2.9431815147399902,-29.108179092407227,,,,115.87,False,,,"{""telemetry"": 1.5, ""graph"": 160.3}",True,2435.8,False,False,True,0.0,,0.0,False,0.0,,0.0,False,0.0,,0.0,False
197.783,985,slm,TOWNSIM_INI,1,deliberative,FRENAR,1,11.558472692029541,False,35.938472747802734,2.978224039077759,-29.106258392333984,,,,115.87,False,,,"{""telemetry"": 0.7, ""graph"": 166.2}",True,2435.8,False,False,True,0.0,,0.0,False,0.0,,0.0,False,0.0,,0.0,False
198.018,986,slm,TOWNSIM_INI,1,deliberative,FRENAR,1,11.531592088243906,False,35.92462158203125,3.0061843395233154,-29.105188369750977,,,,115.87,False,,,"{""telemetry"": 1.0, ""graph"": 200.5}",True,2435.8,False,False,True,0.0,,0.108,False,0.0,,0.108,False,0.0,,0.108,False
198.178,987,slm,TOWNSIM_INI,1,deliberative,FRENAR,1,11.50982934302978,False,35.91485595703125,3.02592134475708,-29.104257583618164,,,,115.87,False,,,"{""telemetry"": 0.8, ""graph"": 157.5}",True,2435.8,False,False,True,0.0,,0.0,False,0.0,,0.0,False,0.0,,0.0,False
198.385,988,slm,TOWNSIM_INI,1,deliberative,FRENAR,1,11.49335374521972,False,35.906795501708984,3.0422070026397705,-29.1032657623291,,,,115.87,False,,,"{""telemetry"": 1.0, ""graph"": 164.6}",True,2435.8,False,False,True,0.0,,0.009,False,0.0,,0.009,False,0.0,,0.009,False
198.62,989,slm,TOWNSIM_INI,1,deliberative,FRENAR,1,11.480704281639698,False,35.89979934692383,3.0563547611236572,-29.102108001708984,,,,115.87,False,,,"{""telemetry"": 1.6, ""graph"": 198.2}",True,2435.8,False,False,True,0.0,,0.017,False,0.0,,0.017,False,0.0,,0.017,False
198.802,990,slm,TOWNSIM_INI,1,deliberative,FRENAR,1,11.471351093987481,False,35.89562225341797,3.0647947788238525,-29.101293563842773,,,,115.87,False,,,"{""telemetry"": 0.9, ""graph"": 178.6}",True,2435.8,False,False,True,0.0,,0.003,False,0.0,,0.003,False,0.0,,0.003,False
198.977,991,slm,TOWNSIM_INI,1,deliberative,FRENAR,1,11.464340485899841,False,35.89228439331055,3.0715463161468506,-29.100439071655273,,,,115.87,False,,,"{""telemetry"": 1.1, ""graph"": 153.1}",True,2435.8,False,False,True,0.0,,0.0,False,0.0,,0.0,False,0.0,,0.0,False
199.18,992,slm,TOWNSIM_INI,1,deliberative,FRENAR,1,11.459030735026433,False,35.8897590637207,3.0766520500183105,-29.099584579467773,,,,115.87,False,,,"{""telemetry"": 0.9, ""graph"": 156.2}",True,2435.8,False,False,True,0.0,,0.0,False,0.0,,0.0,False,0.0,,0.0,False
199.376,993,slm,TOWNSIM_INI,1,deliberative,FRENAR,1,11.455188514099907,False,35.887847900390625,3.0805139541625977,-29.098814010620117,,,,115.87,False,,,"{""telemetry"": 1.1, ""graph"": 151.5}",True,2435.8,False,False,True,0.0,,0.009,False,0.0,,0.009,False,0.0,,0.007,False
199.568,994,slm,TOWNSIM_INI,1,deliberative,PERDER_ALTURA,1,11.452227046732169,False,35.886348724365234,3.0835492610931396,-29.098047256469727,,,,115.87,False,,,"{""telemetry"": 1.3, ""graph"": 143.3}",True,2314.7,False,False,True,0.0,,0.003,False,0.0,,0.002,False,0.0,,0.001,False
199.765,995,slm,TOWNSIM_INI,1,reactive,MANTENER_RUMBO,1,11.450065139371745,False,35.88518142700195,3.0859262943267822,-29.084716796875,,,,115.87,False,,,"{""telemetry"": 0.7, ""graph"": 139.5}",False,,,,,0.0,,0.04,False,0.0,,0.009,False,0.0,,0.013,False
199.964,996,slm,TOWNSIM_INI,1,reactive,MANTENER_RUMBO,1,11.4529872290967,False,35.87998580932617,3.096557378768921,-28.95939064025879,,,,115.81,False,,,"{""telemetry"": 0.7, ""graph"": 138.6}",False,,,,,0.0,,0.0,False,0.0,,0.0,False,0.0,,0.0,False
200.206,997,slm,TOWNSIM_INI,1,reactive,MANTENER_RUMBO,1,11.42318391965983,False,35.83609390258789,3.1871116161346436,-28.974685668945312,,,,114.55,False,,,"{""telemetry"": 1.0, ""graph"": 179.8}",False,,,,,0.0,,0.141,False,0.0,,0.141,False,0.0,,0.141,False
200.407,998,slm,TOWNSIM_INI,1,reactive,MANTENER_RUMBO,1,11.292199988950772,False,35.753726959228516,3.357037305831909,-29.111839294433594,,,,112.7,False,,,"{""telemetry"": 1.7, ""graph"": 179.5}",False,,,,,0.012,6.85,0.213,False,0.007,5.16,0.213,False,0.0,11.68,0.213,False
200.549,999,slm,TOWNSIM_INI,1,reactive,MANTENER_RUMBO,1,11.101302991365625,False,35.635684967041016,3.6005122661590576,-29.239286422729492,,,,110.42,False,,,"{""telemetry"": 1.1, ""graph"": 121.8}",False,,,,,0.0,,0.0,False,0.0,,0.0,False,0.0,,0.0,False
200.738,1000,slm,TOWNSIM_INI,1,reactive,MANTENER_RUMBO,1,10.868982929357813,False,35.50798034667969,3.8638100624084473,-29.335142135620117,,,,108.24,False,,,"{""telemetry"": 0.7, ""graph"": 110.7}",False,,,,,0.0,,0.0,False,0.0,,0.0,False,0.0,,0.0,False
200.937,1001,slm,TOWNSIM_INI,1,reactive,MANTENER_RUMBO,1,10.60134932304905,False,35.354312896728516,4.180441379547119,-29.423768997192383,,,,105.87,False,,,"{""telemetry"": 1.8, ""graph"": 108.3}",False,,,,,0.0,,0.0,False,0.0,,0.0,False,0.0,,0.0,False
201.16,1002,slm,TOWNSIM_INI,1,reactive,MANTENER_RUMBO,1,10.316076480502295,False,35.17045593261719,4.559759140014648,-29.488088607788086,,,,103.47,False,,,"{""telemetry"": 1.0, ""graph"": 131.7}",False,,,,,0.0,,0.0,False,0.0,,0.0,False,0.0,,0.0,False
201.387,1003,slm,TOWNSIM_INI,1,reactive,MANTENER_RUMBO,1,10.02634402734778,False,35.018943786621094,4.889157295227051,-29.517358779907227,,,,101.53,False,,,"{""telemetry"": 1.3, ""graph"": 159.1}",False,,,,,0.0,,0.0,False,0.0,,0.0,False,0.0,,0.0,False
201.546,1004,slm,TOWNSIM_INI,1,reactive,MANTENER_RUMBO,1,9.72406355688546,False,34.857303619384766,5.278979301452637,-29.554189682006836,,,,99.25,False,,,"{""telemetry"": 0.7, ""graph"": 118.4}",False,,,,,0.0,,0.0,False,0.0,,0.0,False,0.0,,0.0,False
201.783,1005,slm,TOWNSIM_INI,1,reactive,MANTENER_RUMBO,1,9.404959735362642,False,34.72535705566406,5.630194187164307,-29.586347579956055,,,,97.27,False,,,"{""telemetry"": 1.0, ""graph"": 155.3}",False,,,,,0.0,,0.042,False,0.0,,0.042,False,0.0,,0.042,False
201.945,1006,slm,TOWNSIM_INI,1,reactive,MANTENER_RUMBO,1,9.06762427984452,False,34.56361389160156,6.099205493927002,-29.627487182617188,,,,94.74,False,,,"{""telemetry"": 1.0, ""graph"": 116.1}",False,,,,,0.0,,0.0,False,0.0,,0.0,False,0.0,,0.0,False
202.14,1007,slm,TOWNSIM_INI,1,reactive,MANTENER_RUMBO,1,8.727450312881636,False,34.430503845214844,6.513078212738037,-29.66280174255371,,,,92.59,False,,,"{""telemetry"": 0.9, ""graph"": 111.1}",False,,,,,0.0,,0.0,False,0.0,,0.0,False,0.0,,0.0,False
202.347,1008,slm,TOWNSIM_INI,1,reactive,MANTENER_RUMBO,1,8.38466035386283,False,34.286346435546875,6.984813690185547,-29.70256996154785,,,,90.19,False,,,"{""telemetry"": 0.8, ""graph"": 117.2}",False,,,,,0.0,,0.0,False,0.0,,0.0,False,0.0,,0.0,False
202.577,1009,slm,TOWNSIM_INI,1,reactive,MANTENER_RUMBO,1,8.043957338338952,False,34.16555404663086,7.395411491394043,-29.727170944213867,,,,88.24,False,,,"{""telemetry"": 0.8, ""graph"": 147.4}",False,,,,,0.0,,0.0,False,0.0,,0.0,False,0.0,,0.0,False
202.78,1010,slm,TOWNSIM_INI,1,girar_90,GIRAR_90,1,7.708240923662016,False,34.05295944213867,7.818236827850342,-29.735624313354492,,,,86.42,False,,,"{""telemetry"": 0.8, ""graph"": 150.1}",False,,,,,0.012,0.58,0.518,True,0.012,1.41,0.518,True,0.011,5.43,0.518,False
202.931,1011,slm,TOWNSIM_INI,1,evasive,GIRAR_90,1,7.373308374338972,False,33.95155334472656,8.302080154418945,-29.73084259033203,,,,83.79,False,,,"{""telemetry"": 0.7, ""graph"": 100.7}",False,,,,,0.0,,0.0,False,0.0,,0.0,False,0.0,,0.0,False
203.142,1012,slm,TOWNSIM_INI,1,evasive,GIRAR_90,1,7.04852605336336,False,33.87875747680664,8.756988525390625,-29.76894760131836,,,,80.44,False,,,"{""telemetry"": 0.7, ""graph"": 111.2}",False,,,,,0.0,,0.0,False,0.0,,0.0,False,0.0,,0.0,False
203.322,1013,slm,TOWNSIM_INI,1,evasive,GIRAR_90,1,6.77716276951537,False,33.83399200439453,9.07072925567627,-29.82145881652832,,,,78.0,False,,,"{""telemetry"": 1.2, ""graph"": 90.6}",False,,,,,0.0,,0.0,False,0.0,,0.0,False,0.0,,0.0,False
203.53,1014,slm,TOWNSIM_INI,1,evasive,GIRAR_90,1,6.568525427666803,False,33.79487609863281,9.355234146118164,-29.866811752319336,,,,75.15,False,,,"{""telemetry"": 0.6, ""graph"": 99.0}",False,,,,,0.0,,0.0,False,0.0,,0.0,False,0.0,,0.0,False
203.743,1015,slm,TOWNSIM_INI,1,evasive,GIRAR_90,1,6.412061213642798,False,33.76506042480469,9.574380874633789,-29.89218521118164,,,,72.17,False,,,"{""telemetry"": 1.0, ""graph"": 110.9}",False,,,,,0.0,,0.0,False,0.0,,0.0,False,0.0,,0.0,False
203.943,1016,slm,TOWNSIM_INI,1,reactive,MANTENER_RUMBO,1,6.294431425802359,False,33.7438850402832,9.730199813842773,-29.902921676635742,,,,69.3,False,,,"{""telemetry"": 1.1, ""graph"": 110.3}",False,,,,,0.0,,0.0,False,0.0,,0.0,False,0.0,,0.0,False
204.121,1017,slm,TOWNSIM_INI,1,reactive,MANTENER_RUMBO,1,6.208970800435965,False,33.729427337646484,9.83764362335205,-29.901365280151367,,,,67.12,False,,,"{""telemetry"": 0.8, ""graph"": 88.7}",False,,,,,0.0,,0.0,False,0.0,,0.0,False,0.0,,0.0,False
204.397,1018,slm,TOWNSIM_INI,1,girar_90,GIRAR_90,1,6.127047220228267,False,33.73585510253906,9.978754997253418,-29.927141189575195,,,,65.36,False,,,"{""telemetry"": 0.7, ""graph"": 164.0}",False,,,,,0.008,0.71,0.737,True,0.002,0.27,0.738,True,0.0,0.61,0.738,True
204.577,1019,slm,TOWNSIM_INI,1,evasive,GIRAR_90,1,5.979153118296522,False,33.7833251953125,10.177449226379395,-29.986492156982422,,,,63.73,False,,,"{""telemetry"": 1.2, ""graph"": 143.5}",False,,,,,0.0,,0.0,False,0.0,,0.0,False,0.0,,0.0,False
204.743,1020,slm,TOWNSIM_INI,1,evasive,GIRAR_90,1,5.77286959915329,False,33.85447311401367,10.421982765197754,-29.97499656677246,,,,60.87,False,,,"{""telemetry"": 0.8, ""graph"": 108.8}",False,,,,,0.0,,0.0,False,0.0,,0.0,False,0.0,,0.0,False
204.929,1021,slm,TOWNSIM_INI,1,evasive,GIRAR_90,1,5.578785702866481,False,33.911659240722656,10.60735034942627,-29.976688385009766,,,,58.27,False,,,"{""telemetry"": 0.7, ""graph"": 94.5}",False,,,,,0.0,,0.0,False,0.0,,0.0,False,0.0,,0.0,False
205.135,1022,slm,TOWNSIM_INI,1,evasive,GIRAR_90,1,5.419607745762265,False,33.964683532714844,10.7760648727417,-29.982707977294922,,,,55.26,False,,,"{""telemetry"": 0.9, ""graph"": 99.8}",False,,,,,0.0,,0.0,False,0.0,,0.0,False,0.0,,0.0,False
205.324,1023,slm,TOWNSIM_INI,1,evasive,GIRAR_90,1,5.295842061326226,False,34.00139617919922,10.892045974731445,-29.98512840270996,,,,52.58,False,,,"{""telemetry"": 0.8, ""graph"": 88.4}",False,,,,,0.0,,0.0,False,0.0,,0.0,False,0.0,,0.0,False
205.529,1024,slm,TOWNSIM_INI,1,reactive,MANTENER_RUMBO,1,5.20046046233766,False,34.03327941894531,10.992524147033691,-29.984495162963867,,,,49.51,False,,,"{""telemetry"": 1.1, ""graph"": 92.8}",False,,,,,0.0,,0.0,False,0.0,,0.0,False,0.0,,0.0,False
205.74,1025,slm,TOWNSIM_INI,1,reactive,MANTENER_RUMBO,1,5.129831616701966,False,34.0581169128418,11.069393157958984,-29.975616455078125,,,,46.93,False,,,"{""telemetry"": 0.7, ""graph"": 103.3}",False,,,,,0.0,,0.0,False,0.0,,0.0,False,0.0,,0.0,False
205.993,1026,slm,TOWNSIM_INI,1,deliberative,FRENAR,1,5.056649628490297,False,34.10008239746094,11.147279739379883,-29.985347747802734,,,,45.88,False,,,"{""telemetry"": 0.7, ""graph"": 156.7}",True,2314.7,False,False,True,0.129,0.64,0.255,False,0.134,0.57,0.255,False,0.134,0.99,0.255,False
206.239,1027,slm,TOWNSIM_INI,1,deliberative,FRENAR,1,4.929555042954189,False,34.22944259643555,11.317684173583984,-30.03584098815918,,,,45.41,False,,,"{""telemetry"": 0.9, ""graph"": 201.5}",True,2314.7,False,False,True,0.0,,0.0,False,0.0,,0.0,False,0.0,,0.0,False
206.424,1028,slm,TOWNSIM_INI,1,deliberative,FRENAR,1,4.73631335123064,False,34.34633255004883,11.45946216583252,-30.021326065063477,,,,45.26,False,,,"{""telemetry"": 0.6, ""graph"": 182.1}",True,2314.7,False,False,True,0.0,,0.0,False,0.0,,0.0,False,0.0,,0.0,False
206.591,1029,slm,TOWNSIM_INI,1,deliberative,FRENAR,1,4.550296106495729,False,34.440223693847656,11.571036338806152,-30.020288467407227,,,,45.21,False,,,"{""telemetry"": 0.9, ""graph"": 147.5}",True,2314.7,False,False,True,0.0,,0.0,False,0.0,,0.0,False,0.0,,0.0,False
206.841,1030,slm,TOWNSIM_INI,1,deliberative,FRENAR,1,4.398240656712614,False,34.54779815673828,11.69777774810791,-30.022933959960938,,,,45.19,False,,,"{""telemetry"": 0.8, ""graph"": 197.0}",True,2314.7,False,False,True,0.003,12.89,0.428,False,0.004,16.44,0.428,False,0.002,38.86,0.428,False
207.032,1031,slm,TOWNSIM_INI,1,deliberative,FRENAR,1,4.280541080821138,False,34.61404800415039,11.775543212890625,-30.02318572998047,,,,45.18,False,,,"{""telemetry"": 1.0, ""graph"": 188.0}",True,2314.7,False,False,True,0.0,,0.08,False,0.0,,0.08,False,0.0,,0.08,False
207.25,1032,slm,TOWNSIM_INI,1,deliberative,FRENAR,1,4.188811697484434,False,34.673439025878906,11.845163345336914,-30.02118492126465,,,,45.18,False,,,"{""telemetry"": 0.9, ""graph"": 204.8}",True,2314.7,False,False,True,0.0,,0.0,False,0.0,,0.0,False,0.0,,0.0,False
207.407,1033,slm,TOWNSIM_INI,1,deliberative,FRENAR,1,4.117539725407715,False,34.70588302612305,11.883171081542969,-30.018888473510742,,,,45.18,False,,,"{""telemetry"": 0.7, ""graph"": 155.7}",True,2314.7,False,False,True,0.0,,0.0,False,0.0,,0.0,False,0.0,,0.0,False
207.598,1034,slm,TOWNSIM_INI,1,deliberative,FRENAR,1,4.065696793252597,False,34.735713958740234,11.918116569519043,-30.015853881835938,,,,45.19,False,,,"{""telemetry"": 0.9, ""graph"": 145.5}",True,2314.7,False,False,True,0.0,,0.0,False,0.0,,0.0,False,0.0,,0.0,False
207.875,1035,slm,TOWNSIM_INI,1,deliberative,FRENAR,1,4.02678061817855,False,34.76011657714844,11.946700096130371,-30.012535095214844,,,,45.19,False,,,"{""telemetry"": 1.0, ""graph"": 222.3}",True,2314.7,False,False,True,0.002,12.94,0.19,False,0.002,3.34,0.19,False,0.001,10.84,0.19,False
208.043,1036,slm,TOWNSIM_INI,1,deliberative,FRENAR,1,3.99608500511457,False,34.77766418457031,11.967248916625977,-30.009531021118164,,,,45.19,False,,,"{""telemetry"": 0.7, ""graph"": 164.9}",True,2314.7,False,False,True,0.0,,0.0,False,0.0,,0.0,False,0.0,,0.0,False
208.225,1037,slm,TOWNSIM_INI,1,deliberative,FRENAR,1,3.9745912163671933,False,34.79020309448242,11.981932640075684,-30.006946563720703,,,,45.19,False,,,"{""telemetry"": 0.9, ""graph"": 146.3}",True,2314.7,False,False,True,0.0,,0.0,False,0.0,,0.0,False,0.0,,0.0,False
208.422,1038,slm,TOWNSIM_INI,1,deliberative,MANTENER_RUMBO,1,3.9584910002001577,False,34.79951477050781,11.992838859558105,-30.004697799682617,,,,45.19,False,,,"{""telemetry"": 1.5, ""graph"": 143.3}",True,2234.1,False,False,True,0.0,,0.0,False,0.0,,0.0,False,0.0,,0.0,False
208.626,1039,slm,TOWNSIM_INI,1,reactive,MANTENER_RUMBO,1,3.9464275849757025,False,34.806575775146484,12.001089096069336,-30.000526428222656,,,,45.21,False,,,"{""telemetry"": 0.8, ""graph"": 146.9}",False,,,,,0.0,,0.118,False,0.0,,0.118,False,0.0,,0.118,False
208.848,1040,slm,TOWNSIM_INI,1,reactive,MANTENER_RUMBO,1,3.929364758336006,False,34.831153869628906,12.026885986328125,-29.997602462768555,,,,45.67,False,,,"{""telemetry"": 1.0, ""graph"": 168.8}",False,,,,,0.0,,0.0,False,0.0,,0.0,False,0.0,,0.0,False
209.044,1041,slm,TOWNSIM_INI,1,reactive,MANTENER_RUMBO,1,3.8779848174466283,False,34.8796272277832,12.076423645019531,-30.000892639160156,,,,46.28,False,,,"{""telemetry"": 0.7, ""graph"": 164.2}",False,,,,,0.0,,0.0,False,0.0,,0.0,False,0.0,,0.0,False
209.259,1042,slm,TOWNSIM_INI,1,reactive,MANTENER_RUMBO,1,3.786164419161461,False,34.95488739013672,12.1530122756958,-30.0025691986084,,,,47.01,False,,,"{""telemetry"": 1.0, ""graph"": 179.0}",False,,,,,0.0,,0.029,False,0.0,,0.029,False,0.0,,0.029,False
209.437,1043,slm,TOWNSIM_INI,1,reactive,MANTENER_RUMBO,1,3.65631427208093,False,35.055641174316406,12.25540542602539,-30.001190185546875,,,,47.81,False,,,"{""telemetry"": 0.8, ""graph"": 156.1}",False,,,,,0.0,,0.0,False,0.0,,0.0,False,0.0,,0.0,False
209.648,1044,slm,TOWNSIM_INI,1,reactive,MANTENER_RUMBO,2,45.149037481511215,False,35.18083572387695,12.382543563842773,-29.997591018676758,,,,48.67,False,,,"{""telemetry"": 0.8, ""graph"": 166.7}",False,,,,,0.0,,0.0,False,0.0,,0.0,False,0.0,,0.0,False
209.862,1045,slm,TOWNSIM_INI,1,reactive,MANTENER_RUMBO,2,44.97274038944427,False,35.311153411865234,12.514921188354492,-29.99510955810547,,,,49.45,False,,,"{""telemetry"": 0.9, ""graph"": 179.9}",False,,,,,0.0,,0.036,False,0.0,,0.036,False,0.0,,0.036,False
210.023,1046,slm,TOWNSIM_INI,1,reactive,MANTENER_RUMBO,2,44.771616610393146,False,35.449398040771484,12.657928466796875,-30.005544662475586,,,,50.0,False,,,"{""telemetry"": 1.3, ""graph"": 140.6}",False,,,,,0.0,,0.0,False,0.0,,0.0,False,0.0,,0.0,False
210.258,1047,slm,TOWNSIM_INI,1,reactive,MANTENER_RUMBO,2,44.53075079978134,False,35.654693603515625,12.878535270690918,-30.030733108520508,,,,50.43,False,,,"{""telemetry"": 0.7, ""graph"": 175.7}",False,,,,,0.0,,0.0,False,0.0,,0.0,False,0.0,,0.0,False
210.463,1048,slm,TOWNSIM_INI,1,reactive,MANTENER_RUMBO,2,44.24216882911689,False,35.877296447753906,13.126441955566406,-30.047279357910156,,,,50.59,False,,,"{""telemetry"": 0.8, ""graph"": 180.6}",False,,,,,0.0,,0.0,False,0.0,,0.0,False,0.0,,0.0,False
210.659,1049,slm,TOWNSIM_INI,1,reactive,MANTENER_RUMBO,2,43.896709386831695,False,36.09815216064453,13.378796577453613,-30.060544967651367,,,,50.62,False,,,"{""telemetry"": 0.7, ""graph"": 176.4}",False,,,,,0.0,,0.015,False,0.0,,0.015,False,0.0,,0.015,False
210.847,1050,slm,TOWNSIM_INI,1,reactive,MANTENER_RUMBO,2,43.50731096675269,False,36.37092590332031,13.696090698242188,-30.068817138671875,,,,50.59,False,,,"{""telemetry"": 0.8, ""graph"": 163.8}",False,,,,,0.0,,0.0,False,0.0,,0.0,False,0.0,,0.0,False
211.058,1051,slm,TOWNSIM_INI,1,reactive,MANTENER_RUMBO,2,43.07749613184702,False,36.67967987060547,14.059967994689941,-30.07180404663086,,,,50.51,False,,,"{""telemetry"": 1.0, ""graph"": 174.0}",False,,,,,0.0,,0.0,False,0.0,,0.0,False,0.0,,0.0,False
211.248,1052,slm,TOWNSIM_INI,1,reactive,MANTENER_RUMBO,2,42.622448790645066,False,36.960243225097656,14.39346694946289,-30.0728759765625,,,,50.42,False,,,"{""telemetry"": 0.9, ""graph"": 163.1}",False,,,,,0.0,,0.0,False,0.0,,0.0,False,0.0,,0.0,False
211.445,1053,slm,TOWNSIM_INI,1,reactive,MANTENER_RUMBO,2,42.14106140489199,False,37.27790832519531,14.773331642150879,-30.072294235229492,,,,50.3,False,,,"{""telemetry"": 0.9, ""graph"": 159.6}",False,,,,,0.0,,0.0,False,0.0,,0.0,False,0.0,,0.0,False
211.643,1054,slm,TOWNSIM_INI,1,reactive,MANTENER_RUMBO,2,41.6306822552514,False,37.61716079711914,15.180830001831055,-30.070451736450195,,,,50.17,False,,,"{""telemetry"": 1.0, ""graph"": 157.2}",False,,,,,0.0,,0.0,False,0.0,,0.0,False,0.0,,0.0,False
211.882,1055,slm,TOWNSIM_INI,1,reactive,MANTENER_RUMBO,2,41.103562892889116,False,37.93403625488281,15.562641143798828,-30.06827735900879,,,,50.06,False,,,"{""telemetry"": 0.9, ""graph"": 195.7}",False,,,,,0.0,,0.034,False,0.0,,0.034,False,0.0,,0.034,False
212.093,1056,slm,TOWNSIM_INI,1,reactive,MANTENER_RUMBO,2,40.58031807953314,False,38.33144760131836,16.042640686035156,-30.06541633605957,,,,49.91,False,,,"{""telemetry"": 1.2, ""graph"": 205.9}",False,,,,,0.0,,0.037,False,0.0,,0.037,False,0.0,,0.037,False
212.259,1057,slm,TOWNSIM_INI,1,reactive,MANTENER_RUMBO,2,40.01464598891298,False,38.654029846191406,16.432918548583984,-30.063262939453125,,,,49.8,False,,,"{""telemetry"": 0.5, ""graph"": 164.8}",False,,,,,0.0,,0.058,False,0.0,,0.058,False,0.0,,0.058,False
212.448,1058,slm,TOWNSIM_INI,1,reactive,MANTENER_RUMBO,2,39.449964998806,False,38.991092681884766,16.840408325195312,-30.061260223388672,,,,49.77,False,,,"{""telemetry"": 1.2, ""graph"": 152.7}",False,,,,,0.012,11.4,0.373,False,0.013,6.98,0.373,False,0.01,6.59,0.373,False
212.667,1059,slm,TOWNSIM_INI,1,reactive,MANTENER_RUMBO,2,38.888284834020176,False,39.386905670166016,17.317333221435547,-30.059185028076172,,,,49.81,False,,,"{""telemetry"": 0.8, ""graph"": 171.6}",False,,,,,0.0,,0.095,False,0.0,,0.095,False,0.0,,0.095,False
212.866,1060,slm,TOWNSIM_INI,1,reactive,MANTENER_RUMBO,2,38.32254050357968,False,39.7364501953125,17.73696517944336,-30.057565689086914,,,,49.87,False,,,"{""telemetry"": 0.8, ""graph"": 169.7}",False,,,,,0.0,,0.118,False,0.0,,0.118,False,0.0,,0.118,False
213.06,1061,slm,TOWNSIM_INI,1,reactive,MANTENER_RUMBO,2,37.75378725154398,False,40.08832550048828,18.158159255981445,-30.056100845336914,,,,49.95,False,,,"{""telemetry"": 1.2, ""graph"": 162.8}",False,,,,,0.0,,0.104,False,0.0,,0.104,False,0.0,,0.104,False
213.283,1062,slm,TOWNSIM_INI,1,reactive,MANTENER_RUMBO,2,37.19154870428218,False,40.49250411987305,18.640857696533203,-30.054595947265625,,,,50.16,False,,,"{""telemetry"": 0.8, ""graph"": 186.3}",False,,,,,0.0,,0.127,False,0.0,,0.127,False,0.0,,0.127,False
213.486,1063,slm,TOWNSIM_INI,1,reactive,MANTENER_RUMBO,2,36.610630137718545,False,40.847347259521484,19.06397819519043,-30.05341339111328,,,,50.41,False,,,"{""telemetry"": 0.7, ""graph"": 188.2}",False,,,,,0.011,8.28,0.208,False,0.012,6.93,0.208,False,0.01,12.84,0.208,False
213.678,1064,slm,TOWNSIM_INI,1,reactive,MANTENER_RUMBO,2,36.046218210163126,False,41.24814987182617,19.541404724121094,-30.052213668823242,,,,50.73,False,,,"{""telemetry"": 1.4, ""graph"": 179.9}",False,,,,,0.011,9.65,0.287,False,0.012,10.62,0.287,False,0.01,16.02,0.287,False
213.879,1065,slm,TOWNSIM_INI,1,reactive,MANTENER_RUMBO,2,35.472604419623316,False,41.65528869628906,20.02597999572754,-30.051115036010742,,,,51.07,False,,,"{""telemetry"": 1.0, ""graph"": 181.4}",False,,,,,0.0,,0.07,False,0.0,,0.07,False,0.0,,0.07,False
214.06,1066,slm,TOWNSIM_INI,1,reactive,MANTENER_RUMBO,2,34.898663684644994,False,41.994991302490234,20.43001937866211,-30.050302505493164,,,,51.37,False,,,"{""telemetry"": 1.0, ""graph"": 162.1}",False,,,,,0.0,,0.035,False,0.0,,0.035,False,0.0,,0.035,False
214.259,1067,slm,TOWNSIM_INI,1,reactive,MANTENER_RUMBO,2,34.31586742756599,False,42.351924896240234,20.854433059692383,-30.049461364746094,,,,51.68,False,,,"{""telemetry"": 0.7, ""graph"": 160.9}",False,,,,,0.012,10.99,0.197,False,0.012,11.81,0.197,False,0.009,18.07,0.197,False
214.454,1068,slm,TOWNSIM_INI,1,reactive,MANTENER_RUMBO,2,33.750446838985226,False,42.69676208496094,21.26600456237793,-30.04876136779785,,,,52.08,False,,,"{""telemetry"": 0.9, ""graph"": 155.1}",False,,,,,0.011,8.28,0.191,False,0.012,11.51,0.191,False,0.01,16.5,0.191,False
214.663,1069,slm,TOWNSIM_INI,1,reactive,MANTENER_RUMBO,2,33.167830000149245,False,43.10689163208008,21.76006317138672,-30.048030853271484,,,,52.63,False,,,"{""telemetry"": 1.2, ""graph"": 162.9}",False,,,,,0.0,,0.03,False,0.0,,0.03,False,0.0,,0.03,False
214.844,1070,slm,TOWNSIM_INI,1,reactive,MANTENER_RUMBO,2,32.602864489346445,False,43.44183349609375,22.167373657226562,-30.04745864868164,,,,53.1,False,,,"{""telemetry"": 1.3, ""graph"": 143.7}",False,,,,,0.0,,0.01,False,0.0,,0.01,False,0.0,,0.01,False
215.079,1071,slm,TOWNSIM_INI,1,reactive,MANTENER_RUMBO,2,32.02949267503269,False,43.858238220214844,22.677806854248047,-30.046743392944336,,,,53.71,False,,,"{""telemetry"": 1.2, ""graph"": 178.7}",False,,,,,0.0,,0.068,False,0.0,,0.068,False,0.0,,0.068,False
215.266,1072,slm,TOWNSIM_INI,1,reactive,MANTENER_RUMBO,2,31.447701945644496,False,44.20097351074219,23.100618362426758,-30.046152114868164,,,,54.22,False,,,"{""telemetry"": 1.1, ""graph"": 165.3}",False,,,,,0.01,14.59,0.246,False,0.012,13.76,0.233,False,0.008,14.63,0.246,False
215.457,1073,slm,TOWNSIM_INI,1,reactive,MANTENER_RUMBO,2,30.874851991906954,False,44.559200286865234,23.54450035095215,-30.0455322265625,,,,54.76,False,,,"{""telemetry"": 1.8, ""graph"": 155.8}",False,,,,,0.0,,0.007,False,0.0,,0.007,False,0.0,,0.008,False
215.66,1074,slm,TOWNSIM_INI,1,reactive,MANTENER_RUMBO,2,30.293592224983108,False,44.92757797241211,24.002544403076172,-30.044893264770508,,,,55.32,False,,,"{""telemetry"": 1.8, ""graph"": 158.1}",False,,,,,0.011,12.0,0.204,False,0.011,10.95,0.202,False,0.008,14.88,0.204,False
215.838,1075,slm,TOWNSIM_INI,1,reactive,MANTENER_RUMBO,2,29.721255545828267,False,45.26240158081055,24.419891357421875,-30.0443115234375,,,,55.82,False,,,"{""telemetry"": 1.1, ""graph"": 135.4}",False,,,,,0.0,,0.01,False,0.0,,0.01,False,0.0,,0.01,False
216.042,1076,slm,TOWNSIM_INI,1,reactive,MANTENER_RUMBO,2,29.149188226630017,False,45.64067459106445,24.89224624633789,-30.04365348815918,,,,56.39,False,,,"{""telemetry"": 1.1, ""graph"": 139.5}",False,,,,,0.0,,0.012,False,0.0,,0.012,False,0.0,,0.012,False
216.248,1077,slm,TOWNSIM_INI,1,reactive,MANTENER_RUMBO,2,28.57737567367035,False,46.00762939453125,25.351102828979492,-30.043014526367188,,,,56.95,False,,,"{""telemetry"": 0.9, ""graph"": 145.3}",False,,,,,0.0,,0.019,False,0.0,,0.019,False,0.0,,0.019,False
216.452,1078,slm,TOWNSIM_INI,1,reactive,MANTENER_RUMBO,2,27.99719876318587,False,46.38534164428711,25.823808670043945,-30.042356491088867,,,,57.52,False,,,"{""telemetry"": 1.0, ""graph"": 148.6}",False,,,,,0.0,,0.018,False,0.0,,0.017,False,0.0,,0.018,False
216.627,1079,slm,TOWNSIM_INI,1,reactive,MANTENER_RUMBO,2,27.425991969677842,False,46.708091735839844,26.228086471557617,-30.041793823242188,,,,58.01,False,,,"{""telemetry"": 0.9, ""graph"": 123.8}",False,,,,,0.0,,0.019,False,0.0,,0.019,False,0.0,,0.019,False
216.835,1080,slm,TOWNSIM_INI,1,reactive,MANTENER_RUMBO,2,26.8464177863643,False,47.08007049560547,26.6940975189209,-30.04114532470703,,,,58.58,False,,,"{""telemetry"": 1.0, ""graph"": 131.5}",False,,,,,0.0,,0.028,False,0.0,,0.028,False,0.0,,0.028,False
217.039,1081,slm,TOWNSIM_INI,1,reactive,MANTENER_RUMBO,2,26.26719570467773,False,47.44110870361328,27.14640235900879,-30.040515899658203,,,,59.12,False,,,"{""telemetry"": 1.6, ""graph"": 133.8}",False,,,,,0.0,,0.032,False,0.0,,0.032,False,0.0,,0.032,False
217.242,1082,slm,TOWNSIM_INI,1,reactive,MANTENER_RUMBO,2,25.696914189537452,False,47.8076171875,27.60568618774414,-30.039932250976562,,,,59.68,False,,,"{""telemetry"": 0.9, ""graph"": 137.9}",False,,,,,0.0,,0.02,False,0.0,,0.02,False,0.0,,0.02,False
217.465,1083,slm,TOWNSIM_INI,1,reactive,MANTENER_RUMBO,2,25.126983569340716,False,48.206947326660156,28.106101989746094,-30.03937530517578,,,,60.29,False,,,"{""telemetry"": 0.9, ""graph"": 159.9}",False,,,,,0.0,,0.103,False,0.0,,0.104,False,0.0,,0.104,False
217.651,1084,slm,TOWNSIM_INI,1,reactive,MANTENER_RUMBO,2,24.55746918002338,False,48.54063415527344,28.52425765991211,-30.038909912109375,,,,60.79,False,,,"{""telemetry"": 0.8, ""graph"": 145.5}",False,,,,,0.012,10.3,0.262,False,0.01,13.58,0.26,False,0.007,23.01,0.262,False
217.852,1085,slm,TOWNSIM_INI,1,reactive,MANTENER_RUMBO,2,23.98840066711599,False,48.907142639160156,28.983543395996094,-30.03839874267578,,,,61.35,False,,,"{""telemetry"": 0.9, ""graph"": 147.0}",False,,,,,0.0,,0.022,False,0.0,,0.022,False,0.0,,0.022,False
218.066,1086,slm,TOWNSIM_INI,1,reactive,MANTENER_RUMBO,2,23.419810533153264,False,49.27912139892578,29.449684143066406,-30.037879943847656,,,,61.91,False,,,"{""telemetry"": 1.6, ""graph"": 159.3}",False,,,,,0.0,,0.079,False,0.0,,0.078,False,0.0,,0.079,False
218.258,1087,slm,TOWNSIM_INI,1,reactive,MANTENER_RUMBO,2,22.85173448681555,False,49.6456298828125,29.90896987915039,-30.037368774414062,,,,62.47,False,,,"{""telemetry"": 1.7, ""graph"": 151.3}",False,,,,,0.0,,0.087,False,0.0,,0.086,False,0.0,,0.087,False
218.464,1088,slm,TOWNSIM_INI,1,reactive,MANTENER_RUMBO,2,22.275617490589326,False,50.00666809082031,30.361400604248047,-30.036865234375,,,,63.01,False,,,"{""telemetry"": 1.0, ""graph"": 157.5}",False,,,,,0.0,5.84,0.158,False,0.01,20.18,0.157,False,0.007,25.34,0.158,False
218.649,1089,slm,TOWNSIM_INI,1,reactive,MANTENER_RUMBO,2,21.708683840183788,False,50.37332534790039,30.82068634033203,-30.036354064941406,,,,63.57,False,,,"{""telemetry"": 1.5, ""graph"": 140.2}",False,,,,,0.0,,0.0,False,0.0,,0.0,False,0.0,,0.0,False
218.865,1090,slm,TOWNSIM_INI,1,reactive,MANTENER_RUMBO,2,21.133724584414413,False,50.740089416503906,31.279972076416016,-30.035842895507812,,,,64.13,False,,,"{""telemetry"": 1.0, ""graph"": 156.4}",False,,,,,0.0,,0.089,False,0.0,,0.089,False,0.0,,0.089,False
219.112,1091,slm,TOWNSIM_INI,1,reactive,MANTENER_RUMBO,2,20.568054223967483,False,51.172542572021484,31.821517944335938,-30.035240173339844,,,,64.78,False,,,"{""telemetry"": 1.1, ""graph"": 203.3}",False,,,,,0.0,,0.055,False,0.0,,0.055,False,0.0,,0.055,False
219.265,1092,slm,TOWNSIM_INI,1,deliberative,FRENAR,2,19.977487320837866,False,51.42982482910156,32.14370346069336,-30.034881591796875,,,,65.17,False,,,"{""telemetry"": 0.8, ""graph"": 150.3}",True,2234.1,False,False,True,0.051,1.99,0.689,True,0.007,0.57,0.689,True,0.015,0.74,0.689,True
219.494,1093,slm,TOWNSIM_INI,1,deliberative,FRENAR,2,19.413446664324052,False,51.850399017333984,32.67036819458008,-30.035877227783203,,,,65.9,False,,,"{""telemetry"": 0.8, ""graph"": 179.2}",True,2234.1,False,False,True,0.009,23.33,0.864,False,0.014,1.19,0.864,True,0.063,0.46,0.864,True
219.679,1094,slm,TOWNSIM_INI,1,deliberative,FRENAR,2,18.863484297372807,False,52.1419677734375,33.035377502441406,-30.109394073486328,,,,66.44,False,,,"{""telemetry"": 1.0, ""graph"": 163.1}",True,2234.1,False,False,True,0.0,0.6,1.0,True,0.0,0.25,1.0,True,0.0,0.81,1.0,True
219.902,1095,slm,TOWNSIM_INI,1,deliberative,FRENAR,2,18.418559493957495,False,52.4515380859375,33.42192077636719,-30.247840881347656,,,,66.54,False,,,"{""telemetry"": 0.7, ""graph"": 185.8}",True,2234.1,False,False,True,0.0,,0.0,False,0.0,,0.0,False,0.0,,0.0,False
220.099,1096,slm,TOWNSIM_INI,1,deliberative,FRENAR,2,18.06948523271179,False,52.635990142822266,33.65120315551758,-30.326459884643555,,,,66.45,False,,,"{""telemetry"": 0.8, ""graph"": 182.1}",True,2234.1,False,False,True,0.0,,0.107,False,0.0,,0.107,False,0.0,,0.107,False
220.29,1097,slm,TOWNSIM_INI,1,deliberative,FRENAR,2,17.79929280847836,False,52.791725158691406,33.8440055847168,-30.3804874420166,,,,66.35,False,,,"{""telemetry"": 1.0, ""graph"": 172.6}",True,2234.1,False,False,True,0.0,,0.149,False,0.0,,0.149,False,0.0,,0.149,False
220.453,1098,slm,TOWNSIM_INI,1,deliberative,FRENAR,2,17.592697978646576,False,52.89973831176758,33.977230072021484,-30.40639305114746,,,,66.28,False,,,"{""telemetry"": 0.7, ""graph"": 136.0}",True,2234.1,False,False,True,0.0,,0.0,False,0.0,,0.0,False,0.0,,0.0,False
220.656,1099,slm,TOWNSIM_INI,1,deliberative,FRENAR,2,17.43371573109689,False,52.99543380737305,34.094947814941406,-30.40179443359375,,,,66.23,False,,,"{""telemetry"": 0.7, ""graph"": 139.2}",True,2234.1,False,False,True,0.0,,0.0,False,0.0,,0.0,False,0.0,,0.0,False
220.858,1100,slm,TOWNSIM_INI,1,deliberative,FRENAR,2,17.31099675269503,False,53.06655502319336,34.182273864746094,-30.386913299560547,,,,66.21,False,,,"{""telemetry"": 0.7, ""graph"": 140.8}",True,2234.1,False,False,True,0.0,,0.0,False,0.0,,0.0,False,0.0,,0.0,False
221.072,1101,slm,TOWNSIM_INI,1,deliberative,FRENAR,2,17.22010271900043,False,53.12215042114258,34.25040817260742,-30.366308212280273,,,,66.19,False,,,"{""telemetry"": 1.1, ""graph"": 154.1}",True,2234.1,False,False,True,0.0,,0.0,False,0.0,,0.0,False,0.0,,0.0,False
221.262,1102,slm,TOWNSIM_INI,1,deliberative,FRENAR,2,17.152667624517008,False,53.16075897216797,34.297691345214844,-30.344688415527344,,,,66.18,False,,,"{""telemetry"": 1.0, ""graph"": 144.6}",True,2234.1,False,False,True,0.0,,0.0,False,0.0,,0.0,False,0.0,,0.0,False
221.462,1103,slm,TOWNSIM_INI,1,deliberative,FRENAR,2,17.101099764591584,False,53.190345764160156,34.33391571044922,-30.3214168548584,,,,66.17,False,,,"{""telemetry"": 0.7, ""graph"": 144.0}",True,2234.1,False,False,True,0.0,,0.0,False,0.0,,0.0,False,0.0,,0.0,False
221.662,1104,slm,TOWNSIM_INI,1,deliberative,FRENAR,2,17.06235659885568,False,53.21319580078125,34.36186981201172,-30.298097610473633,,,,66.17,False,,,"{""telemetry"": 0.7, ""graph"": 144.2}",True,2234.1,False,False,True,0.0,,0.0,False,0.0,,0.0,False,0.0,,0.0,False
221.899,1105,slm,TOWNSIM_INI,1,deliberative,PERDER_ALTURA,2,17.033095098395158,False,53.23101043701172,34.3836784362793,-30.280773162841797,,,,66.17,False,,,"{""telemetry"": 0.7, ""graph"": 180.0}",True,2412.8,False,False,True,0.0,,0.0,False,0.0,,0.0,False,0.0,,0.0,False
222.104,1106,slm,TOWNSIM_INI,1,reactive,MANTENER_RUMBO,2,17.012174620005514,False,53.24243927001953,34.39769744873047,-30.25882911682129,,,,66.16,False,,,"{""telemetry"": 0.9, ""graph"": 185.4}",False,,,,,0.0,,0.0,False,0.0,,0.0,False,0.0,,0.0,False
222.282,1107,slm,TOWNSIM_INI,1,reactive,MANTENER_RUMBO,2,16.992068449753386,False,53.25778579711914,34.42156219482422,-30.127988815307617,,,,66.18,False,,,"{""telemetry"": 0.9, ""graph"": 162.8}",False,,,,,0.0,,0.0,False,0.0,,0.0,False,0.0,,0.0,False
222.472,1108,slm,TOWNSIM_INI,1,reactive,MANTENER_RUMBO,2,16.929394345690696,False,53.30305099487305,34.51698684692383,-30.140417098999023,,,,66.55,False,,,"{""telemetry"": 1.0, ""graph"": 151.4}",False,,,,,0.0,,0.0,False,0.0,,0.0,False,0.0,,0.0,False
222.684,1109,slm,TOWNSIM_INI,1,reactive,MANTENER_RUMBO,2,16.753067152562796,False,53.39250564575195,34.71434020996094,-30.235036849975586,,,,67.2,False,,,"{""telemetry"": 0.7, ""graph"": 163.9}",False,,,,,0.0,,0.093,False,0.0,,0.093,False,0.0,,0.093,False
222.865,1110,slm,TOWNSIM_INI,1,reactive,MANTENER_RUMBO,2,16.48384023043259,False,53.50973129272461,34.97587203979492,-30.303680419921875,,,,67.93,False,,,"{""telemetry"": 1.0, ""graph"": 143.8}",False,,,,,0.0,,0.0,False,0.0,,0.0,False,0.0,,0.0,False
223.071,1111,slm,TOWNSIM_INI,1,reactive,MANTENER_RUMBO,2,16.147222491656823,False,53.661102294921875,35.31531524658203,-30.349687576293945,,,,68.76,False,,,"{""telemetry"": 1.0, ""graph"": 150.0}",False,,,,,0.0,,0.0,False,0.0,,0.0,False,0.0,,0.0,False
223.269,1112,slm,TOWNSIM_INI,1,reactive,MANTENER_RUMBO,2,15.75366113465932,False,53.828548431396484,35.69190216064453,-30.369029998779297,,,,69.56,False,,,"{""telemetry"": 1.0, ""graph"": 147.4}",False,,,,,0.0,,0.0,False,0.0,,0.0,False,0.0,,0.0,False
223.479,1113,slm,TOWNSIM_INI,1,reactive,MANTENER_RUMBO,2,15.32007887121296,False,54.01039123535156,36.10676574707031,-30.34318733215332,,,,70.33,False,,,"{""telemetry"": 1.3, ""graph"": 155.9}",False,,,,,0.0,,0.0,False,0.0,,0.0,False,0.0,,0.0,False
223.679,1114,slm,TOWNSIM_INI,1,reactive,MANTENER_RUMBO,2,14.85445677336272,False,54.20567321777344,36.56608581542969,-30.312007904052734,,,,71.09,False,,,"{""telemetry"": 0.8, ""graph"": 155.9}",False,,,,,0.0,,0.0,False,0.0,,0.0,False,0.0,,0.0,False
223.864,1115,slm,TOWNSIM_INI,1,reactive,MANTENER_RUMBO,2,14.354438081083671,False,54.38278579711914,36.99420166015625,-30.283946990966797,,,,71.74,False,,,"{""telemetry"": 1.0, ""graph"": 140.6}",False,,,,,0.0,,0.0,False,0.0,,0.0,False,0.0,,0.0,False
224.08,1116,slm,TOWNSIM_INI,1,deliberative,FRENAR,2,13.840934684464658,False,54.573272705078125,37.46856689453125,-30.255430221557617,,,,72.34,False,,,"{""telemetry"": 1.5, ""graph"": 155.3}",True,2412.8,False,False,True,0.015,1.34,0.291,False,0.012,2.31,0.291,False,0.015,9.07,0.291,False
224.267,1117,slm,TOWNSIM_INI,1,deliberative,FRENAR,2,13.31444001560354,False,54.766849517822266,37.96992111206055,-30.238636016845703,,,,72.92,False,,,"{""telemetry"": 1.2, ""graph"": 142.0}",True,2412.8,False,False,True,0.0,,0.0,False,0.0,,0.0,False,0.0,,0.0,False
224.469,1118,slm,TOWNSIM_INI,1,deliberative,FRENAR,2,12.799035509341639,False,54.938865661621094,38.4300651550293,-30.28536605834961,,,,73.33,False,,,"{""telemetry"": 0.9, ""graph"": 144.3}",True,2412.8,False,False,True,0.0,,0.0,False,0.0,,0.0,False,0.0,,0.0,False
224.688,1119,slm,TOWNSIM_INI,1,deliberative,FRENAR,2,12.370322189853976,False,55.078182220458984,38.80755615234375,-30.37605857849121,,,,73.44,False,,,"{""telemetry"": 0.7, ""graph"": 162.7}",True,2412.8,False,False,True,0.0,,0.0,False,0.0,,0.0,False,0.0,,0.0,False
224.884,1120,slm,TOWNSIM_INI,1,deliberative,FRENAR,2,12.032899890531809,False,55.185211181640625,39.0985107421875,-30.44535255432129,,,,73.47,False,,,"{""telemetry"": 1.0, ""graph"": 158.4}",True,2412.8,False,False,True,0.0,,0.032,False,0.0,,0.032,False,0.0,,0.032,False
225.083,1121,slm,TOWNSIM_INI,1,deliberative,FRENAR,2,11.767921376490253,False,55.26877975463867,39.3258171081543,-30.48853302001953,,,,73.46,False,,,"{""telemetry"": 0.9, ""graph"": 157.2}",True,2412.8,False,False,True,0.0,,0.088,False,0.0,,0.088,False,0.0,,0.088,False
225.289,1122,slm,TOWNSIM_INI,1,deliberative,FRENAR,2,11.56851991830376,False,55.33218002319336,39.498226165771484,-30.512046813964844,,,,73.45,False,,,"{""telemetry"": 1.2, ""graph"": 162.3}",True,2412.8,False,False,True,0.001,2.06,0.173,False,0.01,0.7,0.173,False,0.007,2.95,0.173,False
225.492,1123,slm,TOWNSIM_INI,1,deliberative,FRENAR,2,11.417190242055376,False,55.37931442260742,39.626312255859375,-30.523542404174805,,,,73.45,False,,,"{""telemetry"": 1.6, ""graph"": 164.7}",True,2412.8,False,False,True,0.001,2.67,0.207,False,0.01,0.91,0.207,False,0.008,3.51,0.207,False
225.705,1124,slm,TOWNSIM_INI,1,deliberative,FRENAR,2,11.302963735976482,False,55.41801834106445,39.73139953613281,-30.528820037841797,,,,73.44,False,,,"{""telemetry"": 1.2, ""graph"": 177.4}",True,2412.8,False,False,True,0.001,2.76,0.179,False,0.01,1.08,0.179,False,0.008,4.04,0.179,False
225.891,1125,slm,TOWNSIM_INI,1,deliberative,FRENAR,2,11.215888149198843,False,55.44216537475586,39.79697036743164,-30.530048370361328,,,,73.44,False,,,"{""telemetry"": 0.9, ""graph"": 162.9}",True,2412.8,False,False,True,0.003,3.76,0.2,False,0.005,1.33,0.2,False,0.004,5.27,0.2,False
226.101,1126,slm,TOWNSIM_INI,1,deliberative,FRENAR,2,11.150765475834486,False,55.46250915527344,39.8521728515625,-30.52971649169922,,,,73.44,False,,,"{""telemetry"": 1.1, ""graph"": 171.3}",True,2412.8,False,False,True,0.0,,0.0,False,0.0,,0.0,False,0.0,,0.0,False
