t,cycle,arm,scenario,seed,route,action,wp_index,dist_to_wp_m,degraded,pos_x,pos_y,pos_z,vel_x,vel_y,vel_z,yaw_deg,has_collided,collision_object,min_obstacle_dist_m,latency_ms_json,slm_invoked,slm_latency_ms,slm_fallback,slm_timeout,slm_adherent,field_izquierda_occ,field_izquierda_ttc_s,field_izquierda_conf,field_izquierda_blocked,field_centro_occ,field_centro_ttc_s,field_centro_conf,field_centro_blocked,field_derecha_occ,field_derecha_ttc_s,field_derecha_conf,field_derecha_blocked
0.077,1,slm,TOWNSIM_INI,1,reactive,MANTENER_RUMBO,0,83.53480856888636,False,0.0,0.0,-0.3676247000694275,,,,-60.0,False,,,"{""telemetry"": 0.7, ""graph"": 75.8}",False,,,,,0.0,,0.0,False,0.0,,0.0,False,0.0,,0.0,False
0.38,2,slm,TOWNSIM_INI,1,evasive,EVADIR_IZQUIERDA,0,83.53564887049946,False,0.0,0.0,-0.3600822687149048,,,,-59.78,False,,,"{""telemetry"": 1.5, ""graph"": 177.7}",False,,,,,0.0,42.8,1.0,False,0.0,29.53,1.0,False,0.002,3.88,1.0,False
0.51,3,slm,TOWNSIM_INI,1,reactive,MANTENER_RUMBO,0,83.54087094958139,False,0.00027082095039077103,-0.00042790311272256076,-0.35430094599723816,,,,-56.71,False,,,"{""telemetry"": 0.8, ""graph"": 107.9}",False,,,,,0.0,,0.0,False,0.0,,0.0,False,0.0,,0.0,False
0.766,4,slm,TOWNSIM_INI,1,reactive,MANTENER_RUMBO,0,83.52188330368486,False,0.010860159993171692,-0.01726720668375492,-0.4361450672149658,,,,-55.37,False,,,"{""telemetry"": 0.8, ""graph"": 163.9}",False,,,,,0.0,,0.0,False,0.0,,0.0,False,0.0,,0.0,False
0.906,5,slm,TOWNSIM_INI,1,reactive,MANTENER_RUMBO,0,83.51753377978817,False,0.028501195833086967,-0.04521465674042702,-0.4163745939731598,,,,-51.63,False,,,"{""telemetry"": 0.9, ""graph"": 103.7}",False,,,,,0.0,,0.0,False,0.0,,0.0,False,0.0,,0.0,False
1.101,6,slm,TOWNSIM_INI,1,reactive,MANTENER_RUMBO,0,83.5322451365599,False,0.04512844979763031,-0.07050072401762009,-0.39068537950515747,,,,-46.76,False,,,"{""telemetry"": 1.2, ""graph"": 97.8}",False,,,,,0.0,,0.0,False,0.0,,0.0,False,0.0,,0.0,False
1.332,7,slm,TOWNSIM_INI,1,reactive,MANTENER_RUMBO,0,83.54185053279139,False,0.06132437661290169,-0.09375063329935074,-0.37040022015571594,,,,-41.1,False,,,"{""telemetry"": 0.9, ""graph"": 128.3}",False,,,,,0.0,,0.0,False,0.0,,0.0,False,0.0,,0.0,False
1.504,8,slm,TOWNSIM_INI,1,reactive,MANTENER_RUMBO,0,83.54895994731558,False,0.07091738283634186,-0.10688921809196472,-0.358794629573822,,,,-36.59,False,,,"{""telemetry"": 0.7, ""graph"": 101.0}",False,,,,,0.0,,0.0,False,0.0,,0.0,False,0.0,,0.0,False
1.706,9,slm,TOWNSIM_INI,1,reactive,MANTENER_RUMBO,0,83.55414381332562,False,0.07976017147302628,-0.11843843013048172,-0.3468781113624573,,,,-31.48,False,,,"{""telemetry"": 0.8, ""graph"": 102.1}",False,,,,,0.0,,0.0,False,0.0,,0.0,False,0.0,,0.0,False
1.907,10,slm,TOWNSIM_INI,1,reactive,MANTENER_RUMBO,0,83.55823456032688,False,0.08653507381677628,-0.12687478959560394,-0.3370072841644287,,,,-26.8,False,,,"{""telemetry"": 1.0, ""graph"": 103.1}",False,,,,,0.0,,0.0,False,0.0,,0.0,False,0.0,,0.0,False
2.11,11,slm,TOWNSIM_INI,1,reactive,MANTENER_RUMBO,0,83.56136365795034,False,0.09145408868789673,-0.13273994624614716,-0.3291930854320526,,,,-22.61,False,,,"{""telemetry"": 1.0, ""graph"": 105.6}",False,,,,,0.0,,0.0,False,0.0,,0.0,False,0.0,,0.0,False
2.308,12,slm,TOWNSIM_INI,1,reactive,MANTENER_RUMBO,0,83.5637340114021,False,0.09511904418468475,-0.13693907856941223,-0.32291075587272644,,,,-18.52,False,,,"{""telemetry"": 0.9, ""graph"": 103.5}",False,,,,,0.0,,0.0,False,0.0,,0.0,False,0.0,,0.0,False
2.528,13,slm,TOWNSIM_INI,1,reactive,MANTENER_RUMBO,0,83.56561008749709,False,0.0980362519621849,-0.14015105366706848,-0.31719449162483215,,,,-14.36,False,,,"{""telemetry"": 0.8, ""graph"": 122.8}",False,,,,,0.0,,0.0,False,0.0,,0.0,False,0.0,,0.0,False
2.73,14,slm,TOWNSIM_INI,1,reactive,MANTENER_RUMBO,0,83.56713482631193,False,0.10002166032791138,-0.14226040244102478,-0.31287920475006104,,,,-10.6,False,,,"{""telemetry"": 0.7, ""graph"": 124.9}",False,,,,,0.0,,0.0,False,0.0,,0.0,False,0.0,,0.0,False
2.901,15,slm,TOWNSIM_INI,1,reactive,MANTENER_RUMBO,0,83.56834709435957,False,0.1012541726231575,-0.14353254437446594,-0.3098665177822113,,,,-7.53,False,,,"{""telemetry"": 0.8, ""graph"": 96.2}",False,,,,,0.0,,0.0,False,0.0,,0.0,False,0.0,,0.0,False
3.097,16,slm,TOWNSIM_INI,1,reactive,MANTENER_RUMBO,0,83.56937682059619,False,0.10229964554309845,-0.14458639919757843,-0.30688169598579407,,,,-4.35,False,,,"{""telemetry"": 0.9, ""graph"": 90.3}",False,,,,,0.0,,0.0,False,0.0,,0.0,False,0.0,,0.0,False
3.298,17,slm,TOWNSIM_INI,1,reactive,MANTENER_RUMBO,0,83.57023901452548,False,0.10307013988494873,-0.14534786343574524,-0.30432653427124023,,,,-1.51,False,,,"{""telemetry"": 0.8, ""graph"": 91.3}",False,,,,,0.0,,0.0,False,0.0,,0.0,False,0.0,,0.0,False
3.497,18,slm,TOWNSIM_INI,1,reactive,MANTENER_RUMBO,0,83.57098391757164,False,0.10383648425340652,-0.1458921879529953,-0.3092365264892578,,,,1.07,False,,,"{""telemetry"": 0.8, ""graph"": 89.8}",False,,,,,0.0,,0.0,False,0.0,,0.0,False,0.0,,0.0,False
3.7,19,slm,TOWNSIM_INI,1,reactive,MANTENER_RUMBO,0,83.53640217784539,False,0.12135844677686691,-0.1460931897163391,-0.4191284775733948,,,,3.45,False,,,"{""telemetry"": 1.4, ""graph"": 91.9}",False,,,,,0.0,,0.0,False,0.0,,0.0,False,0.0,,0.0,False
3.902,20,slm,TOWNSIM_INI,1,reactive,MANTENER_RUMBO,0,83.45954774784299,False,0.17531199753284454,-0.144985169172287,-0.5672377943992615,,,,5.7,False,,,"{""telemetry"": 1.7, ""graph"": 92.7}",False,,,,,0.0,,0.0,False,0.0,,0.0,False,0.0,,0.0,False
4.116,21,slm,TOWNSIM_INI,1,reactive,MANTENER_RUMBO,0,83.34501620175686,False,0.2790079116821289,-0.14027638733386993,-0.7317412495613098,,,,7.89,False,,,"{""telemetry"": 0.9, ""graph"": 107.1}",False,,,,,0.0,,0.0,False,0.0,,0.0,False,0.0,,0.0,False
4.323,22,slm,TOWNSIM_INI,1,reactive,MANTENER_RUMBO,0,83.19198677060315,False,0.4352032244205475,-0.1290837675333023,-0.9068688154220581,,,,10.06,False,,,"{""telemetry"": 1.2, ""graph"": 113.3}",False,,,,,0.0,,0.0,False,0.0,,0.0,False,0.0,,0.0,False
4.557,23,slm,TOWNSIM_INI,1,reactive,MANTENER_RUMBO,0,82.99363380564166,False,0.6764359474182129,-0.10467156767845154,-1.1147586107254028,,,,12.64,False,,,"{""telemetry"": 0.9, ""graph"": 147.2}",False,,,,,0.0,,0.0,False,0.0,,0.0,False,0.0,,0.0,False
4.818,24,slm,TOWNSIM_INI,1,deliberative,FRENAR,0,82.75197398247877,False,0.881466805934906,-0.07962778210639954,-1.2549526691436768,,,,14.47,False,,,"{""telemetry"": 1.2, ""graph"": 207.9}",False,,,,,0.018,1.04,0.53,True,0.009,0.13,0.53,True,0.036,0.95,0.53,True
4.948,25,slm,TOWNSIM_INI,1,deliberative,FRENAR,0,82.44480354682045,False,1.2388503551483154,-0.027850041165947914,-1.4431065320968628,,,,17.02,False,,,"{""telemetry"": 0.8, ""graph"": 127.4}",False,,,,,0.0,,0.0,False,0.0,,0.0,False,0.0,,0.0,False
5.249,26,slm,TOWNSIM_INI,1,deliberative,FRENAR,0,82.153856245992,False,1.549068570137024,0.021107960492372513,-1.4725757837295532,,,,18.23,False,,,"{""telemetry"": 0.8, ""graph"": 228.0}",False,,,,,0.0,0.19,0.897,True,0.032,0.06,0.897,True,0.052,0.36,0.897,True
5.469,27,slm,TOWNSIM_INI,1,deliberative,FRENAR,0,81.88214428449477,False,1.8420835733413696,0.06874444335699081,-1.4891743659973145,,,,18.76,False,,,"{""telemetry"": 0.8, ""graph"": 216.6}",False,,,,,0.033,0.98,0.183,False,0.008,0.45,0.183,False,0.041,1.25,0.183,False
5.673,28,slm,TOWNSIM_INI,1,deliberative,FRENAR,0,81.67918512586971,False,2.0647451877593994,0.10529967397451401,-1.5012366771697998,,,,18.93,False,,,"{""telemetry"": 1.1, ""graph"": 200.5}",False,,,,,0.0,,0.0,False,0.0,,0.0,False,0.0,,0.0,False
5.866,29,slm,TOWNSIM_INI,1,deliberative,FRENAR,0,81.5347296415294,False,2.2103054523468018,0.12922802567481995,-1.5041464567184448,,,,18.98,False,,,"{""telemetry"": 1.4, ""graph"": 189.0}",False,,,,,0.0,,0.0,False,0.0,,0.0,False,0.0,,0.0,False
6.064,30,slm,TOWNSIM_INI,1,deliberative,FRENAR,0,81.43006047292475,False,2.3211944103240967,0.14744038879871368,-1.502387523651123,,,,19.0,False,,,"{""telemetry"": 1.3, ""graph"": 186.9}",False,,,,,0.0,,0.0,False,0.0,,0.0,False,0.0,,0.0,False
6.258,31,slm,TOWNSIM_INI,1,deliberative,FRENAR,0,81.35118232247567,False,2.4052000045776367,0.16121862828731537,-1.4982482194900513,,,,19.01,False,,,"{""telemetry"": 1.1, ""graph"": 181.4}",False,,,,,0.0,,0.0,False,0.0,,0.0,False,0.0,,0.0,False
6.454,32,slm,TOWNSIM_INI,1,deliberative,FRENAR,0,81.29367972215135,False,2.4686479568481445,0.17161282896995544,-1.4932188987731934,,,,19.01,False,,,"{""telemetry"": 0.9, ""graph"": 177.1}",False,,,,,0.0,,0.0,False,0.0,,0.0,False,0.0,,0.0,False
6.647,33,slm,TOWNSIM_INI,1,deliberative,FRENAR,0,81.25105988236362,False,2.516491651535034,0.17944404482841492,-1.4881250858306885,,,,19.01,False,,,"{""telemetry"": 0.9, ""graph"": 169.8}",False,,,,,0.0,,0.0,False,0.0,,0.0,False,0.0,,0.0,False
6.842,34,slm,TOWNSIM_INI,1,deliberative,FRENAR,0,81.21906675025535,False,2.5525362491607666,0.18534088134765625,-1.4833706617355347,,,,19.01,False,,,"{""telemetry"": 1.0, ""graph"": 164.2}",False,,,,,0.0,,0.0,False,0.0,,0.0,False,0.0,,0.0,False
7.051,35,slm,TOWNSIM_INI,1,deliberative,MANTENER_RUMBO,0,81.19577151698792,False,2.5803983211517334,0.1898975968360901,-1.478995442390442,,,,19.0,False,,,"{""telemetry"": 1.0, ""graph"": 172.6}",True,2203.7,False,False,True,0.0,,0.0,False,0.0,,0.0,False,0.0,,0.0,False
7.244,36,slm,TOWNSIM_INI,1,reactive,MANTENER_RUMBO,0,81.1785190008038,False,2.6008708477020264,0.19334642589092255,-1.4804415702819824,,,,19.03,False,,,"{""telemetry"": 0.9, ""graph"": 166.0}",False,,,,,0.0,,0.0,False,0.0,,0.0,False,0.0,,0.0,False
7.521,37,slm,TOWNSIM_INI,1,reactive,MANTENER_RUMBO,0,81.1214915986666,False,2.7053213119506836,0.22634479403495789,-1.7001385688781738,,,,19.96,False,,,"{""telemetry"": 0.8, ""graph"": 242.3}",False,,,,,0.0,,0.058,False,0.0,,0.058,False,0.0,,0.058,False
7.737,38,slm,TOWNSIM_INI,1,deliberative,FRENAR,0,80.85556463201115,False,2.9019153118133545,0.2925616502761841,-1.9697339534759521,,,,21.22,False,,,"{""telemetry"": 0.7, ""graph"": 212.1}",True,2203.7,False,False,True,0.032,0.58,0.211,False,0.068,0.11,0.211,False,0.029,1.02,0.211,False
7.945,39,slm,TOWNSIM_INI,1,deliberative,FRENAR,0,80.53091508625846,False,3.182344436645508,0.3880294859409332,-2.2080655097961426,,,,22.57,False,,,"{""telemetry"": 0.7, ""graph"": 205.6}",True,2203.7,False,False,True,0.042,1.23,0.18,False,0.055,0.47,0.18,False,0.073,0.82,0.18,False
8.145,40,slm,TOWNSIM_INI,1,deliberative,FRENAR,0,80.2054595504566,False,3.461848735809326,0.48339661955833435,-2.2815349102020264,,,,23.3,False,,,"{""telemetry"": 0.9, ""graph"": 196.8}",True,2203.7,False,False,True,0.119,0.37,0.306,False,0.046,0.14,0.306,False,0.051,1.11,0.306,False
8.378,41,slm,TOWNSIM_INI,1,deliberative,FRENAR,0,79.9531365536966,False,3.75527286529541,0.5834751725196838,-2.299467086791992,,,,23.67,False,,,"{""telemetry"": 0.8, ""graph"": 229.3}",True,2203.7,False,False,True,0.0,,0.09,False,0.0,,0.09,False,0.0,,0.09,False
8.589,42,slm,TOWNSIM_INI,1,deliberative,FRENAR,0,79.71841505749923,False,3.9574480056762695,0.652360737323761,-2.2950148582458496,,,,23.79,False,,,"{""telemetry"": 0.9, ""graph"": 207.5}",True,2203.7,False,False,True,0.0,,0.004,False,0.0,,0.004,False,0.0,,0.004,False
8.763,43,slm,TOWNSIM_INI,1,deliberative,FRENAR,0,79.56552899386767,False,4.101250171661377,0.7013055086135864,-2.282435417175293,,,,23.82,False,,,"{""telemetry"": 0.8, ""graph"": 170.3}",True,2203.7,False,False,True,0.0,,0.0,False,0.0,,0.0,False,0.0,,0.0,False
8.957,44,slm,TOWNSIM_INI,1,deliberative,FRENAR,0,79.45796759134713,False,4.209558486938477,0.7381365299224854,-2.2643675804138184,,,,23.84,False,,,"{""telemetry"": 1.1, ""graph"": 163.7}",True,2203.7,False,False,True,0.0,,0.0,False,0.0,,0.0,False,0.0,,0.0,False
9.177,45,slm,TOWNSIM_INI,1,deliberative,FRENAR,0,79.37960578056848,False,4.302720546722412,0.7697950005531311,-2.244129180908203,,,,23.84,False,,,"{""telemetry"": 1.8, ""graph"": 183.3}",True,2203.7,False,False,True,0.0,,0.0,False,0.0,,0.0,False,0.0,,0.0,False
9.376,46,slm,TOWNSIM_INI,1,deliberative,FRENAR,0,79.31779926354369,False,4.3615803718566895,0.7897860407829285,-2.241875648498535,,,,23.84,False,,,"{""telemetry"": 0.9, ""graph"": 182.6}",True,2203.7,False,False,True,0.0,,0.0,False,0.0,,0.0,False,0.0,,0.0,False
9.57,47,slm,TOWNSIM_INI,1,deliberative,FRENAR,0,79.27116239417887,False,4.406638145446777,0.8050844669342041,-2.2398757934570312,,,,23.84,False,,,"{""telemetry"": 0.8, ""graph"": 176.2}",True,2203.7,False,False,True,0.0,,0.0,False,0.0,,0.0,False,0.0,,0.0,False
9.764,48,slm,TOWNSIM_INI,1,deliberative,FRENAR,0,79.23651305287022,False,4.440545082092285,0.8165951371192932,-2.237638473510742,,,,23.84,False,,,"{""telemetry"": 1.1, ""graph"": 169.6}",True,2203.7,False,False,True,0.0,,0.0,False,0.0,,0.0,False,0.0,,0.0,False
9.966,49,slm,TOWNSIM_INI,1,deliberative,MANTENER_RUMBO,0,79.2104429394062,False,4.465718746185303,0.8251400589942932,-2.2354583740234375,,,,23.84,False,,,"{""telemetry"": 1.0, ""graph"": 171.6}",True,2105.9,False,False,True,0.0,,0.0,False,0.0,,0.0,False,0.0,,0.0,False
10.19,50,slm,TOWNSIM_INI,1,reactive,MANTENER_RUMBO,0,79.19141091262837,False,4.490112781524658,0.8336544632911682,-2.2468631267547607,,,,23.91,False,,,"{""telemetry"": 0.8, ""graph"": 195.5}",False,,,,,0.0,,0.0,False,0.0,,0.0,False,0.0,,0.0,False
10.415,51,slm,TOWNSIM_INI,1,reactive,MANTENER_RUMBO,0,79.1297422825651,False,4.5740966796875,0.8695402145385742,-2.4337704181671143,,,,24.53,False,,,"{""telemetry"": 0.9, ""graph"": 220.2}",False,,,,,0.0,,0.148,False,0.0,,0.148,False,0.0,,0.148,False
10.62,52,slm,TOWNSIM_INI,1,reactive,MANTENER_RUMBO,0,78.87969635163901,False,4.754419803619385,0.9484561085700989,-2.703212022781372,,,,25.5,False,,,"{""telemetry"": 0.7, ""graph"": 201.5}",False,,,,,0.0,,0.079,False,0.0,,0.079,False,0.0,,0.079,False
10.878,53,slm,TOWNSIM_INI,1,deliberative,FRENAR,0,78.56076347192332,False,5.0933661460876465,1.09756600856781,-3.0108907222747803,,,,26.93,False,,,"{""telemetry"": 0.9, ""graph"": 253.5}",True,2105.9,False,False,True,0.03,0.97,0.255,False,0.033,0.43,0.255,False,0.027,1.05,0.255,False
11.082,54,slm,TOWNSIM_INI,1,deliberative,FRENAR,0,78.0842726628316,False,5.432271480560303,1.2469377517700195,-3.216726064682007,,,,28.05,False,,,"{""telemetry"": 1.5, ""graph"": 199.7}",True,2105.9,False,False,True,0.039,0.53,0.486,True,0.034,0.14,0.486,True,0.022,0.62,0.486,True
11.263,55,slm,TOWNSIM_INI,1,deliberative,FRENAR,0,77.7008438142145,False,5.760122776031494,1.391442060470581,-3.2833874225616455,,,,28.7,False,,,"{""telemetry"": 0.8, ""graph"": 177.9}",True,2105.9,False,False,True,0.0,,0.0,False,0.0,,0.0,False,0.0,,0.0,False
11.482,56,slm,TOWNSIM_INI,1,deliberative,FRENAR,0,77.38301113756913,False,6.081445217132568,1.5329233407974243,-3.330702781677246,,,,29.02,False,,,"{""telemetry"": 0.9, ""graph"": 197.0}",True,2105.9,False,False,True,0.0,,0.0,False,0.0,,0.0,False,0.0,,0.0,False
11.665,57,slm,TOWNSIM_INI,1,deliberative,FRENAR,0,77.12407487690045,False,6.296127796173096,1.6273249387741089,-3.36106538772583,,,,29.11,False,,,"{""telemetry"": 0.8, ""graph"": 179.7}",True,2105.9,False,False,True,0.0,,0.0,False,0.0,,0.0,False,0.0,,0.0,False
11.851,58,slm,TOWNSIM_INI,1,deliberative,FRENAR,0,76.92733754142216,False,6.465938091278076,1.7019038200378418,-3.3621957302093506,,,,29.14,False,,,"{""telemetry"": 0.7, ""graph"": 165.9}",True,2105.9,False,False,True,0.0,,0.0,False,0.0,,0.0,False,0.0,,0.0,False
12.072,59,slm,TOWNSIM_INI,1,deliberative,FRENAR,0,76.78170797041406,False,6.613231182098389,1.7665165662765503,-3.3501248359680176,,,,29.15,False,,,"{""telemetry"": 0.8, ""graph"": 186.1}",True,2105.9,False,False,True,0.0,,0.0,False,0.0,,0.0,False,0.0,,0.0,False
12.264,60,slm,TOWNSIM_INI,1,deliberative,FRENAR,0,76.6748625028675,False,6.7099738121032715,1.8089148998260498,-3.3330562114715576,,,,29.15,False,,,"{""telemetry"": 0.9, ""graph"": 177.8}",True,2105.9,False,False,True,0.0,,0.0,False,0.0,,0.0,False,0.0,,0.0,False
12.462,61,slm,TOWNSIM_INI,1,deliberative,FRENAR,0,76.59735178127127,False,6.784756660461426,1.8416690826416016,-3.31231951713562,,,,29.15,False,,,"{""telemetry"": 1.9, ""graph"": 173.9}",True,2105.9,False,False,True,0.0,,0.0,False,0.0,,0.0,False,0.0,,0.0,False
12.651,62,slm,TOWNSIM_INI,1,deliberative,FRENAR,0,76.54104384103925,False,6.841412544250488,1.8664722442626953,-3.2898261547088623,,,,29.15,False,,,"{""telemetry"": 1.1, ""graph"": 163.2}",True,2105.9,False,False,True,0.0,,0.0,False,0.0,,0.0,False,0.0,,0.0,False
12.882,63,slm,TOWNSIM_INI,1,deliberative,FRENAR,0,76.50193982641379,False,6.890909671783447,1.8881359100341797,-3.2675256729125977,,,,29.14,False,,,"{""telemetry"": 0.8, ""graph"": 194.8}",True,2105.9,False,False,True,0.0,,0.0,False,0.0,,0.0,False,0.0,,0.0,False
13.064,64,slm,TOWNSIM_INI,1,deliberative,FRENAR,0,76.46930381589804,False,6.919866561889648,1.9008071422576904,-3.2657036781311035,,,,29.14,False,,,"{""telemetry"": 0.8, ""graph"": 176.5}",True,2105.9,False,False,True,0.0,,0.0,False,0.0,,0.0,False,0.0,,0.0,False
13.247,65,slm,TOWNSIM_INI,1,deliberative,MANTENER_RUMBO,0,76.44373831591727,False,6.94293212890625,1.9108997583389282,-3.264608860015869,,,,29.14,False,,,"{""telemetry"": 0.7, ""graph"": 159.1}",True,2189.9,False,False,True,0.0,,0.0,False,0.0,,0.0,False,0.0,,0.0,False
13.441,66,slm,TOWNSIM_INI,1,reactive,MANTENER_RUMBO,0,76.42470812867754,False,6.961395263671875,1.919055461883545,-3.2692058086395264,,,,29.16,False,,,"{""telemetry"": 0.7, ""graph"": 152.7}",False,,,,,0.0,,0.0,False,0.0,,0.0,False,0.0,,0.0,False
13.666,67,slm,TOWNSIM_INI,1,girar_90,GIRAR_90,0,76.36395881700501,False,7.027255058288574,1.95436692237854,-3.4264888763427734,,,,29.55,False,,,"{""telemetry"": 0.7, ""graph"": 178.1}",False,,,,,0.015,0.47,0.401,True,0.024,0.13,0.401,True,0.021,0.44,0.401,True
13.864,68,slm,TOWNSIM_INI,1,evasive,GIRAR_90,0,76.13758336315122,False,7.192508697509766,2.0455915927886963,-3.6979637145996094,,,,30.36,False,,,"{""telemetry"": 0.8, ""graph"": 175.5}",False,,,,,0.0,,0.026,False,0.0,,0.026,False,0.0,,0.026,False
13.989,69,slm,TOWNSIM_INI,1,evasive,GIRAR_90,0,75.87019274997203,False,7.387275695800781,2.15341854095459,-3.8189728260040283,,,,32.56,False,,,"{""telemetry"": 1.1, ""graph"": 98.8}",False,,,,,0.0,,0.0,False,0.0,,0.0,False,0.0,,0.0,False
14.178,70,slm,TOWNSIM_INI,1,evasive,GIRAR_90,0,75.65935794026201,False,7.560429096221924,2.24923038482666,-3.8227527141571045,,,,35.18,False,,,"{""telemetry"": 1.0, ""graph"": 87.7}",False,,,,,0.0,,0.0,False,0.0,,0.0,False,0.0,,0.0,False
14.402,71,slm,TOWNSIM_INI,1,evasive,GIRAR_90,0,75.49193912190609,False,7.724885940551758,2.340113878250122,-3.8235716819763184,,,,38.4,False,,,"{""telemetry"": 0.9, ""graph"": 111.8}",False,,,,,0.0,,0.0,False,0.0,,0.0,False,0.0,,0.0,False
14.594,72,slm,TOWNSIM_INI,1,evasive,GIRAR_90,0,75.35859077209591,False,7.832688808441162,2.3996312618255615,-3.822443723678589,,,,41.18,False,,,"{""telemetry"": 2.1, ""graph"": 101.1}",False,,,,,0.0,,0.0,False,0.0,,0.0,False,0.0,,0.0,False
14.805,73,slm,TOWNSIM_INI,1,reactive,MANTENER_RUMBO,0,75.25888380334582,False,7.9239630699157715,2.4500010013580322,-3.8187010288238525,,,,44.3,False,,,"{""telemetry"": 1.9, ""graph"": 112.2}",False,,,,,0.0,,0.0,False,0.0,,0.0,False,0.0,,0.0,False
14.986,74,slm,TOWNSIM_INI,1,reactive,MANTENER_RUMBO,0,75.18318212817687,False,7.984464168548584,2.483555555343628,-3.8161795139312744,,,,46.73,False,,,"{""telemetry"": 0.8, ""graph"": 93.5}",False,,,,,0.0,,0.0,False,0.0,,0.0,False,0.0,,0.0,False
15.266,75,slm,TOWNSIM_INI,1,girar_90,GIRAR_90,0,75.08991264845449,False,8.063309669494629,2.5426011085510254,-3.9016988277435303,,,,48.26,False,,,"{""telemetry"": 1.1, ""graph"": 172.9}",False,,,,,0.017,0.57,0.499,True,0.013,0.16,0.499,True,0.005,0.59,0.499,True
15.457,76,slm,TOWNSIM_INI,1,evasive,GIRAR_90,0,74.90895434232071,False,8.198053359985352,2.668715000152588,-4.100876331329346,,,,48.85,False,,,"{""telemetry"": 1.2, ""graph"": 163.4}",False,,,,,0.0,,0.0,False,0.0,,0.0,False,0.0,,0.0,False
15.665,77,slm,TOWNSIM_INI,1,deliberative,FRENAR,0,74.66528824458844,False,8.33791446685791,2.806278944015503,-4.168902397155762,,,,47.49,False,,,"{""telemetry"": 0.9, ""graph"": 171.3}",True,2189.9,False,False,True,0.049,0.36,0.268,False,0.045,0.1,0.268,False,0.0,0.37,0.268,False
15.817,78,slm,TOWNSIM_INI,1,deliberative,FRENAR,0,74.47407340486919,False,8.486815452575684,2.9546256065368652,-4.151474952697754,,,,45.01,False,,,"{""telemetry"": 0.9, ""graph"": 122.1}",True,2189.9,False,False,True,0.0,,0.0,False,0.0,,0.0,False,0.0,,0.0,False
16.082,79,slm,TOWNSIM_INI,1,deliberative,FRENAR,0,74.3204016892507,False,8.589729309082031,3.0579020977020264,-4.139459133148193,,,,43.81,False,,,"{""telemetry"": 1.0, ""graph"": 186.9}",True,2189.9,False,False,True,0.0,,0.118,False,0.0,,0.118,False,0.0,,0.118,False
16.251,80,slm,TOWNSIM_INI,1,deliberative,FRENAR,0,74.19985797800247,False,8.67267894744873,3.14137864112854,-4.127843379974365,,,,43.24,False,,,"{""telemetry"": 0.9, ""graph"": 156.1}",True,2189.9,False,False,True,0.0,,0.0,False,0.0,,0.0,False,0.0,,0.0,False
16.446,81,slm,TOWNSIM_INI,1,deliberative,FRENAR,0,74.10830371922037,False,8.734489440917969,3.203664779663086,-4.1166558265686035,,,,42.99,False,,,"{""telemetry"": 1.0, ""graph"": 150.4}",True,2189.9,False,False,True,0.0,,0.0,False,0.0,,0.0,False,0.0,,0.0,False
16.659,82,slm,TOWNSIM_INI,1,deliberative,FRENAR,0,74.03883556824795,False,8.78762435913086,3.2572426795959473,-4.104554653167725,,,,42.86,False,,,"{""telemetry"": 1.2, ""graph"": 163.5}",True,2189.9,False,False,True,0.0,,0.0,False,0.0,,0.0,False,0.0,,0.0,False
16.853,83,slm,TOWNSIM_INI,1,deliberative,FRENAR,0,73.98801543733767,False,8.822380065917969,3.29229998588562,-4.095012187957764,,,,42.81,False,,,"{""telemetry"": 1.1, ""graph"": 156.9}",True,2189.9,False,False,True,0.0,,0.0,False,0.0,,0.0,False,0.0,,0.0,False
17.063,84,slm,TOWNSIM_INI,1,deliberative,FRENAR,0,73.95028323783647,False,8.851716041564941,3.3218867778778076,-4.085638523101807,,,,42.79,False,,,"{""telemetry"": 1.1, ""graph"": 166.9}",True,2189.9,False,False,True,0.0,,0.0,False,0.0,,0.0,False,0.0,,0.0,False
17.255,85,slm,TOWNSIM_INI,1,deliberative,FRENAR,0,73.92232143275994,False,8.871147155761719,3.3414905071258545,-4.0785417556762695,,,,42.78,False,,,"{""telemetry"": 0.9, ""graph"": 158.6}",True,2189.9,False,False,True,0.0,,0.0,False,0.0,,0.0,False,0.0,,0.0,False
17.472,86,slm,TOWNSIM_INI,1,deliberative,FRENAR,0,73.90135508017994,False,8.88731861114502,3.3578033447265625,-4.07188606262207,,,,42.77,False,,,"{""telemetry"": 1.0, ""graph"": 174.9}",True,2189.9,False,False,True,0.0,,0.0,False,0.0,,0.0,False,0.0,,0.0,False
17.658,87,slm,TOWNSIM_INI,1,deliberative,FRENAR,0,73.8863204622314,False,8.898049354553223,3.3686273097991943,-4.066937446594238,,,,42.77,False,,,"{""telemetry"": 1.0, ""graph"": 160.3}",True,2189.9,False,False,True,0.0,,0.0,False,0.0,,0.0,False,0.0,,0.0,False
17.882,88,slm,TOWNSIM_INI,1,deliberative,MANTENER_RUMBO,0,73.87502733357685,False,8.906916618347168,3.3775715827941895,-4.0623779296875,,,,42.77,False,,,"{""telemetry"": 1.1, ""graph"": 183.6}",True,2212.4,False,False,True,0.0,,0.031,False,0.0,,0.031,False,0.0,,0.031,False
18.091,89,slm,TOWNSIM_INI,1,reactive,MANTENER_RUMBO,0,73.86660266514122,False,8.915168762207031,3.385768175125122,-4.070651054382324,,,,42.77,False,,,"{""telemetry"": 1.0, ""graph"": 192.6}",False,,,,,0.0,,0.143,False,0.0,,0.143,False,0.0,,0.143,False
18.254,90,slm,TOWNSIM_INI,1,reactive,MANTENER_RUMBO,0,73.81117375894192,False,8.966569900512695,3.433637857437134,-4.228973388671875,,,,42.77,False,,,"{""telemetry"": 0.8, ""graph"": 155.5}",False,,,,,0.0,,0.0,False,0.0,,0.0,False,0.0,,0.0,False
18.464,91,slm,TOWNSIM_INI,1,reactive,MANTENER_RUMBO,0,73.5830031808958,False,9.098657608032227,3.556056261062622,-4.49828577041626,,,,42.77,False,,,"{""telemetry"": 0.8, ""graph"": 165.3}",False,,,,,0.0,,0.029,False,0.0,,0.029,False,0.0,,0.029,False
18.668,92,slm,TOWNSIM_INI,1,reactive,MANTENER_RUMBO,0,73.25382812426079,False,9.321606636047363,3.7624971866607666,-4.778613567352295,,,,42.77,False,,,"{""telemetry"": 1.5, ""graph"": 168.2}",False,,,,,0.0,,0.0,False,0.0,,0.0,False,0.0,,0.0,False
18.868,93,slm,TOWNSIM_INI,1,reactive,MANTENER_RUMBO,0,72.86845891442172,False,9.580789566040039,4.0023980140686035,-5.001242637634277,,,,42.77,False,,,"{""telemetry"": 0.9, ""graph"": 167.9}",False,,,,,0.0,,0.0,False,0.0,,0.0,False,0.0,,0.0,False
19.054,94,slm,TOWNSIM_INI,1,reactive,MANTENER_RUMBO,0,72.43379181766335,False,9.862349510192871,4.262960433959961,-5.1888813972473145,,,,42.77,False,,,"{""telemetry"": 1.0, ""graph"": 153.8}",False,,,,,0.0,,0.0,False,0.0,,0.0,False,0.0,,0.0,False
19.277,95,slm,TOWNSIM_INI,1,reactive,MANTENER_RUMBO,0,71.95917854202892,False,10.230388641357422,4.603518009185791,-5.392913341522217,,,,42.77,False,,,"{""telemetry"": 1.4, ""graph"": 175.7}",False,,,,,0.0,,0.0,False,0.0,,0.0,False,0.0,,0.0,False
19.521,96,slm,TOWNSIM_INI,1,reactive,MANTENER_RUMBO,0,71.45306218448972,False,10.667402267456055,5.007867813110352,-5.604074001312256,,,,42.77,False,,,"{""telemetry"": 0.8, ""graph"": 220.5}",False,,,,,0.0,,0.0,False,0.0,,0.0,False,0.0,,0.0,False
19.687,97,slm,TOWNSIM_INI,1,reactive,MANTENER_RUMBO,0,70.85700385640608,False,10.988746643066406,5.305176734924316,-5.747276782989502,,,,42.77,False,,,"{""telemetry"": 0.8, ""graph"": 163.0}",False,,,,,0.0,,0.0,False,0.0,,0.0,False,0.0,,0.0,False
19.885,98,slm,TOWNSIM_INI,1,reactive,MANTENER_RUMBO,0,70.30624552267291,False,11.37353229522705,5.661177635192871,-5.910537242889404,,,,42.77,False,,,"{""telemetry"": 1.1, ""graph"": 160.2}",False,,,,,0.0,,0.0,False,0.0,,0.0,False,0.0,,0.0,False
20.102,99,slm,TOWNSIM_INI,1,reactive,MANTENER_RUMBO,0,69.74210285927546,False,11.780170440673828,6.037381649017334,-6.076608657836914,,,,42.77,False,,,"{""telemetry"": 1.0, ""graph"": 177.6}",False,,,,,0.0,,0.011,False,0.0,,0.011,False,0.0,,0.011,False
20.292,100,slm,TOWNSIM_INI,1,reactive,MANTENER_RUMBO,0,69.1679728212858,False,12.163206100463867,6.391748905181885,-6.228933811187744,,,,42.77,False,,,"{""telemetry"": 1.0, ""graph"": 166.7}",False,,,,,0.0,,0.019,False,0.0,,0.019,False,0.0,,0.019,False
20.521,101,slm,TOWNSIM_INI,1,reactive,MANTENER_RUMBO,0,68.57757116342985,False,12.614021301269531,6.80881929397583,-6.4046950340271,,,,42.77,False,,,"{""telemetry"": 1.2, ""graph"": 195.2}",False,,,,,0.0,,0.017,False,0.0,,0.017,False,0.0,,0.017,False
20.712,102,slm,TOWNSIM_INI,1,reactive,MANTENER_RUMBO,0,67.99047153209783,False,13.012411117553711,7.17738151550293,-6.557762622833252,,,,42.77,False,,,"{""telemetry"": 2.8, ""graph"": 184.2}",False,,,,,0.0,,0.011,False,0.0,,0.011,False,0.0,,0.011,False
20.921,103,slm,TOWNSIM_INI,1,reactive,MANTENER_RUMBO,0,67.39933671085814,False,13.46459674835205,7.595713138580322,-6.729676723480225,,,,42.77,False,,,"{""telemetry"": 1.2, ""graph"": 194.5}",False,,,,,0.0,,0.006,False,0.0,,0.006,False,0.0,,0.006,False
21.11,104,slm,TOWNSIM_INI,1,reactive,MANTENER_RUMBO,0,66.79621242714975,False,13.867940902709961,7.968855381011963,-6.881819248199463,,,,42.77,False,,,"{""telemetry"": 1.0, ""graph"": 182.8}",False,,,,,0.0,,0.002,False,0.0,,0.002,False,0.0,,0.002,False
21.323,105,slm,TOWNSIM_INI,1,reactive,MANTENER_RUMBO,0,66.19990331022957,False,14.330680847167969,8.396944046020508,-7.0553436279296875,,,,42.77,False,,,"{""telemetry"": 1.3, ""graph"": 195.5}",False,,,,,0.0,,0.001,False,0.0,,0.001,False,0.0,,0.001,False
21.517,106,slm,TOWNSIM_INI,1,reactive,MANTENER_RUMBO,0,65.59294224957114,False,14.730273246765137,8.766613960266113,-7.204530239105225,,,,42.77,False,,,"{""telemetry"": 1.5, ""graph"": 187.6}",False,,,,,0.0,,0.002,False,0.0,,0.002,False,0.0,,0.002,False
21.713,107,slm,TOWNSIM_INI,1,reactive,MANTENER_RUMBO,0,64.99388104645854,False,15.143561363220215,9.14895248413086,-7.358347415924072,,,,42.77,False,,,"{""telemetry"": 1.4, ""graph"": 184.3}",False,,,,,0.0,,0.007,False,0.0,,0.007,False,0.0,,0.007,False
21.938,108,slm,TOWNSIM_INI,1,reactive,MANTENER_RUMBO,0,64.38489518875055,False,15.62865161895752,9.597715377807617,-7.53841495513916,,,,42.77,False,,,"{""telemetry"": 1.3, ""graph"": 209.3}",False,,,,,0.0,,0.003,False,0.0,,0.003,False,0.0,,0.003,False
22.139,109,slm,TOWNSIM_INI,1,reactive,MANTENER_RUMBO,0,63.74799079791711,False,16.06250762939453,9.999085426330566,-7.69913911819458,,,,42.77,False,,,"{""telemetry"": 0.9, ""graph"": 198.1}",False,,,,,0.0,,0.012,False,0.0,,0.012,False,0.0,,0.012,False
22.33,110,slm,TOWNSIM_INI,1,reactive,MANTENER_RUMBO,0,63.137940445317696,False,16.470792770385742,10.376790046691895,-7.8501763343811035,,,,42.77,False,,,"{""telemetry"": 1.1, ""graph"": 188.2}",False,,,,,0.0,,0.017,False,0.0,,0.017,False,0.0,,0.017,False
22.533,111,slm,TOWNSIM_INI,1,reactive,MANTENER_RUMBO,0,62.536709692855545,False,16.89227294921875,10.766712188720703,-8.00593090057373,,,,42.77,False,,,"{""telemetry"": 0.9, ""graph"": 190.8}",False,,,,,0.0,,0.084,False,0.0,,0.084,False,0.0,,0.084,False
22.736,112,slm,TOWNSIM_INI,1,reactive,MANTENER_RUMBO,0,61.935281687441645,False,17.333417892456055,11.174812316894531,-8.168807029724121,,,,42.77,False,,,"{""telemetry"": 1.0, ""graph"": 193.8}",False,,,,,0.0,,0.004,False,0.0,,0.004,False,0.0,,0.004,False
22.938,113,slm,TOWNSIM_INI,1,deliberative,FRENAR,0,61.32462015576487,False,17.755229949951172,11.565035820007324,-8.324453353881836,,,,42.77,False,,,"{""telemetry"": 1.3, ""graph"": 193.9}",True,2212.4,False,False,True,0.019,3.04,0.3,False,0.049,1.23,0.3,False,0.053,0.97,0.3,False
23.118,114,slm,TOWNSIM_INI,1,deliberative,FRENAR,0,60.732101960930045,False,18.189729690551758,11.967001914978027,-8.47578239440918,,,,42.77,False,,,"{""telemetry"": 1.0, ""graph"": 174.4}",True,2212.4,False,False,True,0.0,,0.0,False,0.0,,0.0,False,0.0,,0.0,False
23.368,115,slm,TOWNSIM_INI,1,deliberative,FRENAR,0,60.15253925907074,False,18.623666763305664,12.36844253540039,-8.58585262298584,,,,42.77,False,,,"{""telemetry"": 1.1, ""graph"": 223.9}",True,2212.4,False,False,True,0.0,,0.079,False,0.0,,0.079,False,0.0,,0.079,False
23.553,116,slm,TOWNSIM_INI,1,deliberative,FRENAR,0,59.60589293147195,False,18.930606842041016,12.652397155761719,-8.6984224319458,,,,42.77,False,,,"{""telemetry"": 0.8, ""graph"": 182.6}",True,2212.4,False,False,True,0.0,,0.094,False,0.0,,0.094,False,0.0,,0.094,False
23.78,117,slm,TOWNSIM_INI,1,deliberative,FRENAR,0,59.23121107245606,False,19.20121955871582,12.902748107910156,-8.784138679504395,,,,42.77,False,,,"{""telemetry"": 1.1, ""graph"": 208.4}",True,2212.4,False,False,True,0.0,,0.025,False,0.0,,0.025,False,0.0,,0.025,False
23.952,118,slm,TOWNSIM_INI,1,deliberative,FRENAR,0,58.93391619703993,False,19.37220001220703,13.060916900634766,-8.80567741394043,,,,42.77,False,,,"{""telemetry"": 0.8, ""graph"": 169.0}",True,2212.4,False,False,True,0.0,,0.031,False,0.0,,0.031,False,0.0,,0.031,False
24.219,119,slm,TOWNSIM_INI,1,deliberative,FRENAR,0,58.72599241582138,False,19.573246002197266,13.24691390991211,-8.802300453186035,,,,42.77,False,,,"{""telemetry"": 0.8, ""graph"": 235.0}",True,2212.4,False,False,True,0.0,,0.0,False,0.0,,0.0,False,0.0,,0.0,False
24.408,120,slm,TOWNSIM_INI,1,deliberative,FRENAR,0,58.55202744485374,False,19.66329002380371,13.330215454101562,-8.787107467651367,,,,42.77,False,,,"{""telemetry"": 1.2, ""graph"": 186.1}",True,2212.4,False,False,True,0.0,,0.0,False,0.0,,0.0,False,0.0,,0.0,False
24.584,121,slm,TOWNSIM_INI,1,deliberative,FRENAR,0,58.450113630183786,False,19.729516983032227,13.391480445861816,-8.76783561706543,,,,42.77,False,,,"{""telemetry"": 0.9, ""graph"": 161.8}",True,2212.4,False,False,True,0.0,,0.0,False,0.0,,0.0,False,0.0,,0.0,False
24.789,122,slm,TOWNSIM_INI,1,deliberative,FRENAR,0,58.37695715138484,False,19.79085922241211,13.448236465454102,-8.740796089172363,,,,42.77,False,,,"{""telemetry"": 0.9, ""graph"": 166.9}",True,2212.4,False,False,True,0.0,,0.0,False,0.0,,0.0,False,0.0,,0.0,False
24.975,123,slm,TOWNSIM_INI,1,deliberative,FRENAR,0,58.3244532901789,False,19.830347061157227,13.484766960144043,-8.716028213500977,,,,42.77,False,,,"{""telemetry"": 1.1, ""graph"": 152.0}",True,2212.4,False,False,True,0.0,,0.0,False,0.0,,0.0,False,0.0,,0.0,False
25.187,124,slm,TOWNSIM_INI,1,deliberative,MANTENER_RUMBO,0,58.28859355556697,False,19.864004135131836,13.515901565551758,-8.687268257141113,,,,42.77,False,,,"{""telemetry"": 0.9, ""graph"": 163.1}",True,2226.4,False,False,True,0.0,,0.0,False,0.0,,0.0,False,0.0,,0.0,False
25.375,125,slm,TOWNSIM_INI,1,reactive,MANTENER_RUMBO,0,58.26409555702482,False,19.88695526123047,13.537138938903809,-8.665279388427734,,,,42.77,False,,,"{""telemetry"": 1.0, ""graph"": 150.3}",False,,,,,0.0,,0.0,False,0.0,,0.0,False,0.0,,0.0,False
25.619,126,slm,TOWNSIM_INI,1,girar_90,GIRAR_90,0,58.1991581169299,False,19.956220626831055,13.601217269897461,-8.814579963684082,,,,42.77,False,,,"{""telemetry"": 0.8, ""graph"": 194.2}",False,,,,,0.0,0.6,0.493,True,0.134,0.3,0.493,True,0.12,0.77,0.493,True
25.806,127,slm,TOWNSIM_INI,1,deliberative,FRENAR,0,57.96012544108394,False,20.098400115966797,13.732755661010742,-9.071979522705078,,,,42.63,False,,,"{""telemetry"": 0.9, ""graph"": 181.0}",True,2226.4,False,False,True,0.005,4.44,0.259,False,0.041,0.55,0.259,False,0.066,0.33,0.259,False
26.02,128,slm,TOWNSIM_INI,1,deliberative,FRENAR,0,57.665126678866564,False,20.28602409362793,13.906367301940918,-9.201433181762695,,,,40.8,False,,,"{""telemetry"": 0.9, ""graph"": 194.7}",True,2226.4,False,False,True,0.201,0.2,0.354,True,0.103,0.26,0.354,True,0.018,1.04,0.354,True
26.212,129,slm,TOWNSIM_INI,1,deliberative,FRENAR,0,57.43764369312367,False,20.44112777709961,14.050002098083496,-9.209258079528809,,,,39.7,False,,,"{""telemetry"": 0.8, ""graph"": 186.7}",True,2226.4,False,False,True,0.0,,0.029,False,0.0,,0.029,False,0.0,,0.029,False
26.4,130,slm,TOWNSIM_INI,1,deliberative,FRENAR,0,57.25357926984481,False,20.564006805419922,14.163887023925781,-9.214838981628418,,,,39.21,False,,,"{""telemetry"": 0.9, ""graph"": 174.1}",True,2226.4,False,False,True,0.0,,0.021,False,0.0,,0.021,False,0.0,,0.021,False
26.609,131,slm,TOWNSIM_INI,1,deliberative,FRENAR,0,57.10895601815791,False,20.671876907348633,14.26392650604248,-9.217774391174316,,,,38.96,False,,,"{""telemetry"": 1.7, ""graph"": 181.9}",True,2226.4,False,False,True,0.0,,0.011,False,0.0,,0.011,False,0.0,,0.011,False
26.798,132,slm,TOWNSIM_INI,1,deliberative,FRENAR,0,56.99752747485344,False,20.714813232421875,14.303607940673828,-9.21767520904541,,,,38.92,False,,,"{""telemetry"": 1.2, ""graph"": 170.5}",True,2226.4,False,False,True,0.0,,0.026,False,0.0,,0.026,False,0.0,,0.026,False
26.988,133,slm,TOWNSIM_INI,1,deliberative,FRENAR,0,57.000201503979746,False,20.715639114379883,14.303838729858398,-9.217559814453125,,,,39.32,False,,,"{""telemetry"": 1.1, ""graph"": 160.3}",True,2226.4,False,False,True,0.0,,0.0,False,0.0,,0.0,False,0.0,,0.0,False
27.178,134,slm,TOWNSIM_INI,1,deliberative,FRENAR,0,56.99988155054743,False,20.722097396850586,14.30518913269043,-9.21623420715332,,,,39.57,False,,,"{""telemetry"": 1.3, ""graph"": 149.9}",True,2226.4,False,False,True,0.0,,0.0,False,0.0,,0.0,False,0.0,,0.0,False
27.397,135,slm,TOWNSIM_INI,1,deliberative,FRENAR,0,56.99978339392304,False,20.72377586364746,14.304888725280762,-9.215279579162598,,,,39.7,False,,,"{""telemetry"": 1.3, ""graph"": 168.2}",True,2226.4,False,False,True,0.0,,0.0,False,0.0,,0.0,False,0.0,,0.0,False
27.613,136,slm,TOWNSIM_INI,1,deliberative,FRENAR,0,56.996990374628396,False,20.729631423950195,14.304838180541992,-9.212539672851562,,,,39.75,False,,,"{""telemetry"": 1.0, ""graph"": 183.6}",True,2226.4,False,False,True,0.0,,0.001,False,0.0,,0.001,False,0.0,,0.001,False
27.795,137,slm,TOWNSIM_INI,1,deliberative,FRENAR,0,56.99281257889672,False,20.736507415771484,14.304506301879883,-9.208839416503906,,,,39.78,False,,,"{""telemetry"": 1.2, ""graph"": 164.8}",True,2226.4,False,False,True,0.0,,0.013,False,0.0,,0.013,False,0.0,,0.013,False
28.006,138,slm,TOWNSIM_INI,1,deliberative,MANTENER_RUMBO,0,56.9901869834329,False,20.74261474609375,14.303998947143555,-9.204989433288574,,,,39.79,False,,,"{""telemetry"": 1.0, ""graph"": 176.3}",True,2157.0,False,False,True,0.0,,0.0,False,0.0,,0.0,False,0.0,,0.0,False
28.18,139,slm,TOWNSIM_INI,1,reactive,MANTENER_RUMBO,0,56.98851302957461,False,20.74641227722168,14.304004669189453,-9.207140922546387,,,,39.79,False,,,"{""telemetry"": 1.5, ""graph"": 149.7}",False,,,,,0.0,,0.0,False,0.0,,0.0,False,0.0,,0.0,False
28.416,140,slm,TOWNSIM_INI,1,deliberative,FRENAR,0,56.97568295625052,False,20.749759674072266,14.30612564086914,-9.217143058776855,,,,39.95,False,,,"{""telemetry"": 0.8, ""graph"": 185.3}",True,2157.0,False,False,True,0.104,0.36,0.202,False,0.227,0.08,0.202,False,0.141,0.22,0.202,False
28.587,141,slm,TOWNSIM_INI,1,deliberative,FRENAR,0,56.95204779540712,False,20.75062370300293,14.306047439575195,-9.216686248779297,,,,40.61,False,,,"{""telemetry"": 0.8, ""graph"": 156.3}",True,2157.0,False,False,True,0.0,,0.0,False,0.0,,0.0,False,0.0,,0.0,False
28.821,142,slm,TOWNSIM_INI,1,deliberative,FRENAR,0,56.97378777153524,False,20.781280517578125,14.313615798950195,-9.223221778869629,,,,41.62,False,,,"{""telemetry"": 1.1, ""graph"": 189.5}",True,2157.0,False,False,True,0.011,0.19,0.428,True,0.072,0.16,0.428,True,0.056,1.08,0.428,True
28.991,143,slm,TOWNSIM_INI,1,deliberative,FRENAR,0,56.96909515470633,False,20.777524948120117,14.312081336975098,-9.210719108581543,,,,42.35,False,,,"{""telemetry"": 0.8, ""graph"": 159.9}",True,2157.0,False,False,True,0.0,,0.0,False,0.0,,0.0,False,0.0,,0.0,False
29.214,144,slm,TOWNSIM_INI,1,deliberative,FRENAR,0,56.96950117032817,False,20.761198043823242,14.30824089050293,-9.212370872497559,,,,42.9,False,,,"{""telemetry"": 1.2, ""graph"": 182.4}",True,2157.0,False,False,True,0.0,,0.007,False,0.0,,0.007,False,0.0,,0.007,False
29.387,145,slm,TOWNSIM_INI,1,deliberative,FRENAR,0,56.967049277128496,False,20.764141082763672,14.308773040771484,-9.211630821228027,,,,43.19,False,,,"{""telemetry"": 0.9, ""graph"": 154.5}",True,2157.0,False,False,True,0.0,,0.0,False,0.0,,0.0,False,0.0,,0.0,False
29.599,146,slm,TOWNSIM_INI,1,deliberative,FRENAR,0,56.96767477786541,False,20.77078628540039,14.3097562789917,-9.208632469177246,,,,43.38,False,,,"{""telemetry"": 1.0, ""graph"": 165.8}",True,2157.0,False,False,True,0.0,,0.0,False,0.0,,0.0,False,0.0,,0.0,False
29.786,147,slm,TOWNSIM_INI,1,deliberative,FRENAR,0,56.966162906245884,False,20.770893096923828,14.309675216674805,-9.207858085632324,,,,43.46,False,,,"{""telemetry"": 0.9, ""graph"": 153.1}",True,2157.0,False,False,True,0.0,,0.0,False,0.0,,0.0,False,0.0,,0.0,False
29.99,148,slm,TOWNSIM_INI,1,deliberative,FRENAR,0,56.96580393413941,False,20.772117614746094,14.309720039367676,-9.206148147583008,,,,43.5,False,,,"{""telemetry"": 1.0, ""graph"": 156.4}",True,2157.0,False,False,True,0.0,,0.0,False,0.0,,0.0,False,0.0,,0.0,False
30.183,149,slm,TOWNSIM_INI,1,deliberative,FRENAR,0,56.9653196560989,False,20.77136993408203,14.309651374816895,-9.206794738769531,,,,43.51,False,,,"{""telemetry"": 2.0, ""graph"": 148.3}",True,2157.0,False,False,True,0.0,,0.0,False,0.0,,0.0,False,0.0,,0.0,False
30.391,150,slm,TOWNSIM_INI,1,deliberative,FRENAR,0,56.96515527623655,False,20.772504806518555,14.309691429138184,-9.205005645751953,,,,43.52,False,,,"{""telemetry"": 1.0, ""graph"": 156.4}",True,2157.0,False,False,True,0.0,,0.0,False,0.0,,0.0,False,0.0,,0.0,False
30.583,151,slm,TOWNSIM_INI,1,deliberative,FRENAR,0,56.96517793079648,False,20.77267837524414,14.309696197509766,-9.204486846923828,,,,43.53,False,,,"{""telemetry"": 1.1, ""graph"": 147.7}",True,2157.0,False,False,True,0.0,,0.0,False,0.0,,0.0,False,0.0,,0.0,False
30.807,152,slm,TOWNSIM_INI,1,deliberative,GANAR_ALTURA,0,56.96524793519557,False,20.773096084594727,14.309699058532715,-9.203529357910156,,,,43.53,False,,,"{""telemetry"": 0.9, ""graph"": 171.3}",True,2230.1,False,False,True,0.0,,0.0,False,0.0,,0.0,False,0.0,,0.0,False
30.997,153,slm,TOWNSIM_INI,1,evasive,GANAR_ALTURA,0,56.965247900080044,False,20.773008346557617,14.309699058532715,-9.209423065185547,,,,43.53,False,,,"{""telemetry"": 1.0, ""graph"": 160.0}",False,,,,,0.0,,0.001,False,0.0,,0.0,False,0.0,,0.0,False
31.206,154,slm,TOWNSIM_INI,1,deliberative,FRENAR,0,56.93683140142148,False,20.773418426513672,14.309699058532715,-9.376502990722656,,,,43.53,False,,,"{""telemetry"": 0.8, ""graph"": 168.8}",True,2230.1,False,False,True,0.003,1.97,0.222,False,0.01,0.22,0.222,False,0.041,0.15,0.222,False
31.458,155,slm,TOWNSIM_INI,1,deliberative,FRENAR,0,56.824806959247844,False,20.773866653442383,14.309699058532715,-9.75227165222168,,,,43.53,False,,,"{""telemetry"": 0.8, ""graph"": 220.4}",True,2230.1,False,False,True,0.027,0.23,0.159,False,0.083,0.17,0.159,False,0.085,0.71,0.159,False
31.639,156,slm,TOWNSIM_INI,1,deliberative,FRENAR,0,56.733931866145895,False,20.774106979370117,14.309699058532715,-9.878435134887695,,,,43.53,False,,,"{""telemetry"": 0.7, ""graph"": 179.1}",True,2230.1,False,False,True,0.0,,0.034,False,0.0,,0.034,False,0.0,,0.034,False
32.178,157,slm,TOWNSIM_INI,1,deliberative,FRENAR,0,56.723593643001436,False,20.77456283569336,14.309699058532715,-9.79016399383545,,,,43.53,False,,,"{""telemetry"": 1.0, ""graph"": 516.8}",True,2230.1,False,False,True,0.0,,0.0,False,0.0,,0.0,False,0.0,,0.0,False
33.096,158,slm,TOWNSIM_INI,1,deliberative,FRENAR,0,56.757951273444576,False,20.774932861328125,14.309699058532715,-9.621773719787598,,,,43.53,False,,,"{""telemetry"": 0.6, ""graph"": 915.2}",True,2230.1,False,False,True,0.004,2.18,0.171,False,0.008,0.53,0.171,False,0.002,1.84,0.171,False
34.016,159,slm,TOWNSIM_INI,1,deliberative,MANTENER_RUMBO,0,56.81751891417272,False,20.774932861328125,14.309699058532715,-9.581868171691895,,,,43.53,False,,,"{""telemetry"": 0.6, ""graph"": 918.4}",True,2375.0,False,False,True,0.002,16.12,0.786,False,0.001,2.12,0.786,True,0.001,0.88,0.786,True
34.674,160,slm,TOWNSIM_INI,1,deliberative,FRENAR,0,56.82743119612481,False,20.803556442260742,14.334940910339355,-9.639081954956055,,,,43.58,False,,,"{""telemetry"": 0.8, ""graph"": 654.3}",True,2375.0,False,False,True,0.019,0.5,0.238,False,0.006,0.88,0.238,False,0.011,3.51,0.238,False
34.846,161,slm,TOWNSIM_INI,1,deliberative,FRENAR,0,56.79521065731454,False,20.819210052490234,14.32637882232666,-9.63465404510498,,,,44.49,False,,,"{""telemetry"": 2.0, ""graph"": 168.1}",True,2375.0,False,False,True,0.0,,0.0,False,0.0,,0.0,False,0.0,,0.0,False
35.05,162,slm,TOWNSIM_INI,1,deliberative,FRENAR,0,56.80005194901673,False,20.77754783630371,14.310176849365234,-9.583056449890137,,,,45.67,False,,,"{""telemetry"": 1.3, ""graph"": 171.9}",True,2375.0,False,False,True,0.002,0.22,0.164,False,0.051,0.35,0.164,False,0.109,1.06,0.164,False
35.237,163,slm,TOWNSIM_INI,1,deliberative,FRENAR,0,56.82209791353609,False,20.777782440185547,14.309967994689941,-9.582735061645508,,,,46.76,False,,,"{""telemetry"": 1.3, ""graph"": 158.3}",True,2375.0,False,False,True,0.0,,0.0,False,0.0,,0.0,False,0.0,,0.0,False
35.441,164,slm,TOWNSIM_INI,1,deliberative,FRENAR,0,56.82432050139047,False,20.777124404907227,14.308562278747559,-9.582717895507812,,,,47.4,False,,,"{""telemetry"": 1.4, ""graph"": 161.5}",True,2375.0,False,False,True,0.0,,0.0,False,0.0,,0.0,False,0.0,,0.0,False
35.658,165,slm,TOWNSIM_INI,1,deliberative,FRENAR,0,56.81933588903366,False,20.80934715270996,14.309789657592773,-9.577579498291016,,,,47.77,False,,,"{""telemetry"": 1.2, ""graph"": 178.8}",True,2375.0,False,False,True,0.0,,0.0,False,0.0,,0.0,False,0.0,,0.0,False
35.81,166,slm,TOWNSIM_INI,1,deliberative,FRENAR,0,56.80783894616327,False,20.806928634643555,14.308073997497559,-9.577425956726074,,,,47.92,False,,,"{""telemetry"": 1.1, ""graph"": 130.4}",True,2375.0,False,False,True,0.0,,0.0,False,0.0,,0.0,False,0.0,,0.0,False
36.03,167,slm,TOWNSIM_INI,1,deliberative,FRENAR,0,56.80572371957913,False,20.809085845947266,14.307489395141602,-9.576610565185547,,,,48.04,False,,,"{""telemetry"": 1.3, ""graph"": 150.1}",True,2375.0,False,False,True,0.0,,0.0,False,0.0,,0.0,False,0.0,,0.0,False
36.226,168,slm,TOWNSIM_INI,1,deliberative,FRENAR,0,56.80424995149492,False,20.819427490234375,14.307677268981934,-9.572548866271973,,,,48.11,False,,,"{""telemetry"": 0.8, ""graph"": 145.6}",True,2375.0,False,False,True,0.0,,0.0,False,0.0,,0.0,False,0.0,,0.0,False
36.418,169,slm,TOWNSIM_INI,1,deliberative,FRENAR,0,56.802097594701074,False,20.81978416442871,14.307452201843262,-9.57193660736084,,,,48.14,False,,,"{""telemetry"": 1.1, ""graph"": 137.0}",True,2375.0,False,False,True,0.0,,0.0,False,0.0,,0.0,False,0.0,,0.0,False
36.617,170,slm,TOWNSIM_INI,1,deliberative,FRENAR,0,56.80049554072256,False,20.82017707824707,14.30734920501709,-9.571487426757812,,,,48.17,False,,,"{""telemetry"": 0.9, ""graph"": 136.3}",True,2375.0,False,False,True,0.0,,0.0,False,0.0,,0.0,False,0.0,,0.0,False
36.819,171,slm,TOWNSIM_INI,1,deliberative,FRENAR,0,56.800715368054306,False,20.821727752685547,14.307321548461914,-9.570247650146484,,,,48.18,False,,,"{""telemetry"": 0.9, ""graph"": 138.2}",True,2375.0,False,False,True,0.0,,0.0,False,0.0,,0.0,False,0.0,,0.0,False
37.033,172,slm,TOWNSIM_INI,1,deliberative,GANAR_ALTURA,0,56.79999881317978,False,20.822433471679688,14.307294845581055,-9.569499969482422,,,,48.19,False,,,"{""telemetry"": 0.9, ""graph"": 151.5}",True,2257.3,False,False,True,0.0,,0.0,False,0.0,,0.0,False,0.0,,0.0,False
37.223,173,slm,TOWNSIM_INI,1,evasive,GANAR_ALTURA,0,56.80000742027439,False,20.82317352294922,14.307276725769043,-9.566926002502441,,,,48.18,False,,,"{""telemetry"": 0.8, ""graph"": 141.8}",False,,,,,0.0,,0.0,False,0.0,,0.0,False,0.0,,0.0,False
37.422,174,slm,TOWNSIM_INI,1,evasive,GANAR_ALTURA,0,56.80292989520131,False,20.824575424194336,14.307212829589844,-9.554242134094238,,,,48.02,False,,,"{""telemetry"": 1.2, ""graph"": 139.3}",False,,,,,0.0,,0.0,False,0.0,,0.0,False,0.0,,0.0,False
37.619,175,slm,TOWNSIM_INI,1,evasive,GANAR_ALTURA,0,56.80603471363546,False,20.825899124145508,14.307148933410645,-9.545101165771484,,,,47.72,False,,,"{""telemetry"": 0.8, ""graph"": 137.0}",False,,,,,0.0,,0.0,False,0.0,,0.0,False,0.0,,0.0,False
37.82,176,slm,TOWNSIM_INI,1,evasive,GANAR_ALTURA,0,56.80734666102125,False,20.82681655883789,14.307023048400879,-9.541132926940918,,,,47.36,False,,,"{""telemetry"": 1.3, ""graph"": 136.8}",False,,,,,0.0,,0.0,False,0.0,,0.0,False,0.0,,0.0,False
38.053,177,slm,TOWNSIM_INI,1,evasive,GANAR_ALTURA,0,56.8075720961366,False,20.827444076538086,14.306800842285156,-9.540361404418945,,,,46.94,False,,,"{""telemetry"": 1.1, ""graph"": 169.6}",False,,,,,0.0,,0.001,False,0.0,,0.001,False,0.0,,0.001,False
38.242,178,slm,TOWNSIM_INI,1,deliberative,ESCANEO,0,56.807260339561715,False,20.827714920043945,14.306510925292969,-9.541555404663086,,,,46.53,False,,,"{""telemetry"": 1.0, ""graph"": 158.1}",True,2257.3,False,False,True,0.0,,0.0,False,0.0,,0.0,False,0.0,,0.0,False
38.455,179,slm,TOWNSIM_INI,1,deliberative,ESCANEO,0,56.80674538248664,False,20.8277530670166,14.306156158447266,-9.540183067321777,,,,46.15,False,,,"{""telemetry"": 0.8, ""graph"": 170.5}",True,2257.3,False,False,True,0.0,,0.037,False,0.0,,0.037,False,0.0,,0.037,False
38.643,180,slm,TOWNSIM_INI,1,deliberative,ESCANEO,0,56.81129165782296,False,20.827627182006836,14.305781364440918,-9.523900032043457,,,,45.94,False,,,"{""telemetry"": 0.9, ""graph"": 158.5}",True,2257.3,False,False,True,0.0,,0.0,False,0.0,,0.0,False,0.0,,0.0,False
38.84,181,slm,TOWNSIM_INI,1,deliberative,ESCANEO,0,56.81727825100935,False,20.827503204345703,14.305474281311035,-9.509764671325684,,,,45.85,False,,,"{""telemetry"": 0.8, ""graph"": 155.6}",True,2257.3,False,False,True,0.0,,0.0,False,0.0,,0.0,False,0.0,,0.0,False
39.021,182,slm,TOWNSIM_INI,1,deliberative,ESCANEO,0,56.82211296902365,False,20.827354431152344,14.305188179016113,-9.490038871765137,,,,47.9,False,,,"{""telemetry"": 0.7, ""graph"": 135.9}",True,2257.3,False,False,True,0.0,,0.0,False,0.0,,0.0,False,0.0,,0.0,False
39.196,183,slm,TOWNSIM_INI,1,deliberative,ESCANEO,0,56.83071739463631,False,20.82724380493164,14.305022239685059,-9.474130630493164,,,,59.64,False,,,"{""telemetry"": 1.3, ""graph"": 109.6}",True,2257.3,False,False,True,0.0,,0.0,False,0.0,,0.0,False,0.0,,0.0,False
39.384,184,slm,TOWNSIM_INI,1,deliberative,ESCANEO,0,56.83393826357364,False,20.82714080810547,14.304893493652344,-9.468878746032715,,,,79.76,False,,,"{""telemetry"": 1.0, ""graph"": 97.7}",True,2257.3,False,False,True,0.0,,0.0,False,0.0,,0.0,False,0.0,,0.0,False
39.568,185,slm,TOWNSIM_INI,1,deliberative,ESCANEO,0,56.835689714676185,False,20.82714080810547,14.30477523803711,-9.464962005615234,,,,103.2,False,,,"{""telemetry"": 0.9, ""graph"": 81.5}",True,2257.3,False,False,True,0.0,,0.0,False,0.0,,0.0,False,0.0,,0.0,False
39.782,186,slm,TOWNSIM_INI,1,deliberative,ESCANEO,0,56.837095201810406,False,20.82714080810547,14.304703712463379,-9.4612455368042,,,,131.15,False,,,"{""telemetry"": 1.2, ""graph"": 94.9}",True,2257.3,False,False,True,0.0,,0.0,False,0.0,,0.0,False,0.0,,0.0,False
39.974,187,slm,TOWNSIM_INI,1,deliberative,ESCANEO,0,56.838689620690346,False,20.82714080810547,14.304643630981445,-9.454134941101074,,,,146.83,False,,,"{""telemetry"": 1.3, ""graph"": 86.4}",True,2257.3,False,False,True,0.0,,0.0,False,0.0,,0.0,False,0.0,,0.0,False
40.183,188,slm,TOWNSIM_INI,1,deliberative,ESCANEO,0,56.84418552986868,False,20.82714080810547,14.304576873779297,-9.44053840637207,,,,149.05,False,,,"{""telemetry"": 0.8, ""graph"": 95.5}",True,2257.3,False,False,True,0.0,,0.0,False,0.0,,0.0,False,0.0,,0.0,False
40.401,189,slm,TOWNSIM_INI,1,deliberative,ESCANEO,0,56.84518724147921,False,20.82714080810547,14.304525375366211,-9.440759658813477,,,,141.2,False,,,"{""telemetry"": 0.9, ""graph"": 112.1}",True,2257.3,False,False,True,0.0,,0.0,False,0.0,,0.0,False,0.0,,0.0,False
40.586,190,slm,TOWNSIM_INI,1,deliberative,ESCANEO,0,56.84498471785599,False,20.82714080810547,14.304525375366211,-9.436840057373047,,,,135.01,False,,,"{""telemetry"": 1.2, ""graph"": 96.9}",True,2257.3,False,False,True,0.0,,0.0,False,0.0,,0.0,False,0.0,,0.0,False
40.777,191,slm,TOWNSIM_INI,1,deliberative,ESCANEO,0,56.85022417437057,False,20.82714080810547,14.304525375366211,-9.42091178894043,,,,131.79,False,,,"{""telemetry"": 0.8, ""graph"": 88.3}",True,2257.3,False,False,True,0.0,,0.0,False,0.0,,0.0,False,0.0,,0.0,False
41.034,192,slm,TOWNSIM_INI,1,deliberative,ESCANEO,0,56.855774881933165,False,20.82714080810547,14.304525375366211,-9.40679931640625,,,,130.28,False,,,"{""telemetry"": 0.8, ""graph"": 145.3}",True,2257.3,False,False,True,0.0,,0.0,False,0.0,,0.0,False,0.0,,0.0,False
41.254,193,slm,TOWNSIM_INI,1,deliberative,ESCANEO,0,56.86022929908484,False,20.82714080810547,14.304525375366211,-9.389103889465332,,,,130.78,False,,,"{""telemetry"": 0.7, ""graph"": 164.3}",True,2257.3,False,False,True,0.0,,0.0,False,0.0,,0.0,False,0.0,,0.0,False
41.395,194,slm,TOWNSIM_INI,1,deliberative,ESCANEO,0,56.87006759038622,False,20.82714080810547,14.304525375366211,-9.363922119140625,,,,142.86,False,,,"{""telemetry"": 0.7, ""graph"": 104.7}",True,2257.3,False,False,True,0.0,,0.0,False,0.0,,0.0,False,0.0,,0.0,False
41.582,195,slm,TOWNSIM_INI,1,deliberative,ESCANEO,0,56.87552486065607,False,20.82714080810547,14.304525375366211,-9.352795600891113,,,,162.44,False,,,"{""telemetry"": 0.7, ""graph"": 92.3}",True,2257.3,False,False,True,0.0,,0.0,False,0.0,,0.0,False,0.0,,0.0,False
41.797,196,slm,TOWNSIM_INI,1,deliberative,ESCANEO,0,56.87922071190006,False,20.82714080810547,14.304525375366211,-9.342877388000488,,,,-170.69,False,,,"{""telemetry"": 0.9, ""graph"": 106.2}",True,2257.3,False,False,True,0.0,,0.0,False,0.0,,0.0,False,0.0,,0.0,False
41.985,197,slm,TOWNSIM_INI,1,deliberative,ESCANEO,0,56.882172296527855,False,20.82714080810547,14.304525375366211,-9.335721969604492,,,,-145.22,False,,,"{""telemetry"": 1.0, ""graph"": 94.3}",True,2257.3,False,False,True,0.0,,0.0,False,0.0,,0.0,False,0.0,,0.0,False
42.172,198,slm,TOWNSIM_INI,1,deliberative,ESCANEO,0,56.884680307411344,False,20.82714080810547,14.304525375366211,-9.328142166137695,,,,-126.16,False,,,"{""telemetry"": 1.0, ""graph"": 80.3}",True,2257.3,False,False,True,0.0,,0.0,False,0.0,,0.0,False,0.0,,0.0,False
42.387,199,slm,TOWNSIM_INI,1,deliberative,ESCANEO,0,56.89079799579644,False,20.82714080810547,14.304525375366211,-9.307924270629883,,,,-119.94,False,,,"{""telemetry"": 0.8, ""graph"": 95.2}",True,2257.3,False,False,True,0.0,,0.0,False,0.0,,0.0,False,0.0,,0.0,False
42.606,200,slm,TOWNSIM_INI,1,deliberative,ESCANEO,0,56.89442371298946,False,20.82714080810547,14.304525375366211,-9.304265975952148,,,,-126.59,False,,,"{""telemetry"": 0.9, ""graph"": 113.8}",True,2257.3,False,False,True,0.0,,0.0,False,0.0,,0.0,False,0.0,,0.0,False
42.788,201,slm,TOWNSIM_INI,1,deliberative,ESCANEO,0,56.89468458445754,False,20.82714080810547,14.304525375366211,-9.303794860839844,,,,-133.48,False,,,"{""telemetry"": 0.9, ""graph"": 95.6}",True,2257.3,False,False,True,0.0,,0.0,False,0.0,,0.0,False,0.0,,0.0,False
43.006,202,slm,TOWNSIM_INI,1,deliberative,ESCANEO,0,56.895335062769846,False,20.82714080810547,14.304525375366211,-9.295083045959473,,,,-137.87,False,,,"{""telemetry"": 0.8, ""graph"": 113.9}",True,2257.3,False,False,True,0.0,,0.0,False,0.0,,0.0,False,0.0,,0.0,False
43.258,203,slm,TOWNSIM_INI,1,deliberative,FRENAR,0,56.901183229589925,False,20.82714080810547,14.304525375366211,-9.28036117553711,,,,-139.36,False,,,"{""telemetry"": 0.8, ""graph"": 166.0}",True,2257.3,False,False,True,0.0,1.59,0.346,False,0.001,1.78,0.346,False,0.008,10.1,0.346,False
43.466,204,slm,TOWNSIM_INI,1,deliberative,FRENAR,0,56.90667612730337,False,20.82714080810547,14.304525375366211,-9.266729354858398,,,,-140.14,False,,,"{""telemetry"": 0.7, ""graph"": 173.6}",True,2257.3,False,False,True,0.0,1.09,0.448,True,0.015,3.27,0.448,False,0.003,33.12,0.448,False
43.666,205,slm,TOWNSIM_INI,1,deliberative,FRENAR,0,56.91107586190884,False,20.82714080810547,14.304525375366211,-9.254996299743652,,,,-140.51,False,,,"{""telemetry"": 0.8, ""graph"": 173.6}",True,2257.3,False,False,True,0.0,1.01,0.366,True,0.009,2.98,0.366,False,0.002,67.65,0.366,False
43.843,206,slm,TOWNSIM_INI,1,deliberative,FRENAR,0,56.91465962760521,False,20.82714080810547,14.304525375366211,-9.245899200439453,,,,-140.67,False,,,"{""telemetry"": 1.0, ""graph"": 150.0}",True,2257.3,False,False,True,0.015,0.75,0.336,False,0.007,1.2,0.225,False,0.0,119.24,0.283,False
44.032,207,slm,TOWNSIM_INI,1,deliberative,FRENAR,0,56.91758397790776,False,20.82714080810547,14.304525375366211,-9.23867416381836,,,,-140.73,False,,,"{""telemetry"": 1.1, ""graph"": 138.4}",True,2257.3,False,False,True,0.0,3.31,0.182,False,0.003,3.74,0.151,False,0.0,,0.05,False
44.229,208,slm,TOWNSIM_INI,1,deliberative,FRENAR,0,56.92001002950946,False,20.82714080810547,14.304525375366211,-9.232378959655762,,,,-140.77,False,,,"{""telemetry"": 1.1, ""graph"": 135.2}",True,2257.3,False,False,True,0.0,1.99,0.178,False,0.0,2.08,0.159,False,0.0,,0.036,False
44.446,209,slm,TOWNSIM_INI,1,deliberative,ESCANEO,0,56.92197251407558,False,20.82714080810547,14.304525375366211,-9.227160453796387,,,,-140.78,False,,,"{""telemetry"": 1.2, ""graph"": 152.6}",True,2257.3,False,False,True,0.0,,0.14,False,0.0,,0.131,False,0.0,,0.031,False
44.641,210,slm,TOWNSIM_INI,1,deliberative,ESCANEO,0,56.92361591181005,False,20.82714080810547,14.304525375366211,-9.223102569580078,,,,-140.79,False,,,"{""telemetry"": 1.4, ""graph"": 146.6}",True,2257.3,False,False,True,0.0,,0.04,False,0.0,,0.038,False,0.0,,0.005,False
44.884,211,slm,TOWNSIM_INI,1,deliberative,FRENAR,0,56.92495884082787,False,20.82714080810547,14.304525375366211,-9.214563369750977,,,,-139.62,False,,,"{""telemetry"": 0.8, ""graph"": 190.5}",True,2257.3,False,False,True,0.0,4.22,0.599,False,0.002,1.24,0.599,True,0.011,2.55,0.599,False
44.996,212,slm,TOWNSIM_INI,1,deliberative,ESCANEO,0,56.93260646155672,False,20.82714080810547,14.304525375366211,-9.19283390045166,,,,-128.58,False,,,"{""telemetry"": 1.3, ""graph"": 101.7}",True,2257.3,False,False,True,0.0,,0.0,False,0.0,,0.0,False,0.0,,0.0,False
45.19,213,slm,TOWNSIM_INI,1,deliberative,ESCANEO,0,56.939107775101945,False,20.82554054260254,14.299406051635742,-9.181206703186035,,,,-120.91,False,,,"{""telemetry"": 1.8, ""graph"": 94.6}",True,2257.3,False,False,True,0.0,,0.0,False,0.0,,0.0,False,0.0,,0.0,False
45.388,214,slm,TOWNSIM_INI,1,deliberative,ESCANEO,0,56.95161944326891,False,20.823530197143555,14.293335914611816,-9.163433074951172,,,,-105.13,False,,,"{""telemetry"": 1.3, ""graph"": 92.6}",True,2257.3,False,False,True,0.0,,0.0,False,0.0,,0.0,False,0.0,,0.0,False
45.6,215,slm,TOWNSIM_INI,1,deliberative,ESCANEO,0,56.961443813202266,False,20.82182502746582,14.288196563720703,-9.149429321289062,,,,-80.92,False,,,"{""telemetry"": 1.0, ""graph"": 104.3}",True,2257.3,False,False,True,0.0,,0.0,False,0.0,,0.0,False,0.0,,0.0,False
45.808,216,slm,TOWNSIM_INI,1,deliberative,ESCANEO,0,56.96936353159924,False,20.82053565979004,14.28432846069336,-9.138350486755371,,,,-54.03,False,,,"{""telemetry"": 1.3, ""graph"": 111.8}",True,2257.3,False,False,True,0.0,,0.0,False,0.0,,0.0,False,0.0,,0.0,False
45.985,217,slm,TOWNSIM_INI,1,deliberative,ESCANEO,0,56.975619661634916,False,20.8196964263916,14.281792640686035,-9.129368782043457,,,,-36.54,False,,,"{""telemetry"": 1.0, ""graph"": 88.8}",True,2257.3,False,False,True,0.0,,0.0,False,0.0,,0.0,False,0.0,,0.0,False
46.189,218,slm,TOWNSIM_INI,1,deliberative,ESCANEO,0,56.98364877063791,False,20.81895637512207,14.279511451721191,-9.110770225524902,,,,-30.53,False,,,"{""telemetry"": 1.1, ""graph"": 92.9}",True,2257.3,False,False,True,0.0,,0.0,False,0.0,,0.0,False,0.0,,0.0,False
46.421,219,slm,TOWNSIM_INI,1,deliberative,ESCANEO,0,56.98890114571015,False,20.818357467651367,14.277702331542969,-9.105291366577148,,,,-37.04,False,,,"{""telemetry"": 0.9, ""graph"": 124.9}",True,2257.3,False,False,True,0.0,,0.0,False,0.0,,0.0,False,0.0,,0.0,False
46.616,220,slm,TOWNSIM_INI,1,deliberative,ESCANEO,0,56.99112996479204,False,20.81798553466797,14.276549339294434,-9.102733612060547,,,,-44.1,False,,,"{""telemetry"": 1.6, ""graph"": 118.7}",True,2257.3,False,False,True,0.0,,0.0,False,0.0,,0.0,False,0.0,,0.0,False
46.793,221,slm,TOWNSIM_INI,1,deliberative,ESCANEO,0,56.99287822419836,False,20.817737579345703,14.275734901428223,-9.09703540802002,,,,-47.29,False,,,"{""telemetry"": 0.7, ""graph"": 96.3}",True,2257.3,False,False,True,0.0,,0.0,False,0.0,,0.0,False,0.0,,0.0,False
47.088,222,slm,TOWNSIM_INI,1,deliberative,EVADIR_IZQUIERDA,0,56.99897869953018,False,20.817466735839844,14.275006294250488,-9.07947826385498,,,,-48.88,False,,,"{""telemetry"": 0.7, ""graph"": 190.6}",True,2403.9,False,False,True,0.0,24.9,0.372,False,0.001,14.19,0.372,False,0.006,1.64,0.372,True
47.285,223,slm,TOWNSIM_INI,1,evasive,EVADIR_IZQUIERDA,0,57.00507352488313,False,20.817670822143555,14.274104118347168,-9.080517768859863,,,,-49.68,False,,,"{""telemetry"": 0.8, ""graph"": 186.9}",False,,,,,0.0,,0.12,False,0.0,,0.12,False,0.0,,0.12,False
47.449,224,slm,TOWNSIM_INI,1,evasive,EVADIR_IZQUIERDA,0,56.977932882978074,False,20.82735252380371,14.262392044067383,-9.206385612487793,,,,-51.22,False,,,"{""telemetry"": 1.1, ""graph"": 151.2}",False,,,,,0.0,,0.0,False,0.0,,0.0,False,0.0,,0.0,False
47.606,225,slm,TOWNSIM_INI,1,evasive,EVADIR_IZQUIERDA,0,56.91805812968667,False,20.85818099975586,14.226119041442871,-9.391257286071777,,,,-53.82,False,,,"{""telemetry"": 0.9, ""graph"": 108.6}",False,,,,,0.0,,0.0,False,0.0,,0.0,False,0.0,,0.0,False
47.792,226,slm,TOWNSIM_INI,1,evasive,EVADIR_IZQUIERDA,0,56.8580131352987,False,20.89963722229004,14.177631378173828,-9.545836448669434,,,,-56.33,False,,,"{""telemetry"": 1.9, ""graph"": 92.4}",False,,,,,0.0,,0.0,False,0.0,,0.0,False,0.0,,0.0,False
48.008,227,slm,TOWNSIM_INI,1,evasive,EVADIR_IZQUIERDA,0,56.80111879522619,False,20.962684631347656,14.104097366333008,-9.722607612609863,,,,-59.4,False,,,"{""telemetry"": 1.5, ""graph"": 108.4}",False,,,,,0.0,,0.0,False,0.0,,0.0,False,0.0,,0.0,False
48.219,228,slm,TOWNSIM_INI,1,deliberative,ESCANEO,0,56.74618079573073,False,21.035926818847656,14.01880168914795,-9.892058372497559,,,,-62.45,False,,,"{""telemetry"": 1.1, ""graph"": 119.5}",True,2403.9,False,False,True,0.0,,0.0,False,0.0,,0.0,False,0.0,,0.0,False
48.401,229,slm,TOWNSIM_INI,1,deliberative,ESCANEO,0,56.69288235436345,False,21.102935791015625,13.940840721130371,-10.017844200134277,,,,-64.84,False,,,"{""telemetry"": 0.8, ""graph"": 101.3}",True,2403.9,False,False,True,0.0,,0.0,False,0.0,,0.0,False,0.0,,0.0,False
48.663,230,slm,TOWNSIM_INI,1,deliberative,ESCANEO,0,56.67482019180387,False,21.183815002441406,13.84682846069336,-10.030416488647461,,,,-66.43,False,,,"{""telemetry"": 1.1, ""graph"": 162.9}",True,2403.9,False,False,True,0.0,,0.0,False,0.0,,0.0,False,0.0,,0.0,False
48.884,231,slm,TOWNSIM_INI,1,deliberative,ESCANEO,0,56.68611357328184,False,21.25063705444336,13.769268035888672,-10.008631706237793,,,,-67.09,False,,,"{""telemetry"": 0.9, ""graph"": 184.2}",True,2403.9,False,False,True,0.0,,0.001,False,0.0,,0.001,False,0.0,,0.001,False
49.065,232,slm,TOWNSIM_INI,1,deliberative,ESCANEO,0,56.69611058377119,False,21.30058479309082,13.71137523651123,-9.991191864013672,,,,-67.37,False,,,"{""telemetry"": 2.0, ""graph"": 163.5}",True,2403.9,False,False,True,0.0,,0.0,False,0.0,,0.0,False,0.0,,0.0,False
49.26,233,slm,TOWNSIM_INI,1,deliberative,ESCANEO,0,56.70425579828873,False,21.337345123291016,13.668794631958008,-9.976934432983398,,,,-67.48,False,,,"{""telemetry"": 1.1, ""graph"": 158.6}",True,2403.9,False,False,True,0.0,,0.0,False,0.0,,0.0,False,0.0,,0.0,False
49.47,234,slm,TOWNSIM_INI,1,deliberative,ESCANEO,0,56.711026678435374,False,21.369384765625,13.631698608398438,-9.962913513183594,,,,-67.54,False,,,"{""telemetry"": 0.9, ""graph"": 168.2}",True,2403.9,False,False,True,0.0,,0.0,False,0.0,,0.0,False,0.0,,0.0,False
49.697,235,slm,TOWNSIM_INI,1,deliberative,ESCANEO,0,56.716677369674805,False,21.392831802368164,13.604575157165527,-9.951290130615234,,,,-67.56,False,,,"{""telemetry"": 0.9, ""graph"": 194.7}",True,2403.9,False,False,True,0.0,,0.0,False,0.0,,0.0,False,0.0,,0.0,False
49.857,236,slm,TOWNSIM_INI,1,deliberative,ESCANEO,0,56.7212282576553,False,21.405986785888672,13.58935832977295,-9.944049835205078,,,,-67.57,False,,,"{""telemetry"": 1.1, ""graph"": 154.6}",True,2403.9,False,False,True,0.0,,0.0,False,0.0,,0.0,False,0.0,,0.0,False
50.089,237,slm,TOWNSIM_INI,1,deliberative,ESCANEO,0,56.72494112245415,False,21.418710708618164,13.57463550567627,-9.93635368347168,,,,-67.57,False,,,"{""telemetry"": 1.0, ""graph"": 186.5}",True,2403.9,False,False,True,0.0,,0.0,False,0.0,,0.0,False,0.0,,0.0,False
50.269,238,slm,TOWNSIM_INI,1,deliberative,ESCANEO,0,56.72800678580818,False,21.428049087524414,13.563825607299805,-9.930081367492676,,,,-67.57,False,,,"{""telemetry"": 1.0, ""graph"": 165.9}",True,2403.9,False,False,True,0.0,,0.0,False,0.0,,0.0,False,0.0,,0.0,False
50.45,239,slm,TOWNSIM_INI,1,deliberative,ESCANEO,0,56.73045837026439,False,21.434480667114258,13.556387901306152,-9.925313949584961,,,,-67.58,False,,,"{""telemetry"": 1.2, ""graph"": 146.2}",True,2403.9,False,False,True,0.0,,0.0,False,0.0,,0.0,False,0.0,,0.0,False
50.661,240,slm,TOWNSIM_INI,1,deliberative,ESCANEO,0,56.732460198210816,False,21.44002914428711,13.549969673156738,-9.920755386352539,,,,-67.58,False,,,"{""telemetry"": 1.0, ""graph"": 156.7}",True,2403.9,False,False,True,0.0,,0.0,False,0.0,,0.0,False,0.0,,0.0,False
50.913,241,slm,TOWNSIM_INI,1,deliberative,ESCANEO,0,56.73409643181198,False,21.444454193115234,13.544842720031738,-9.91665267944336,,,,-67.58,False,,,"{""telemetry"": 0.9, ""graph"": 208.3}",True,2403.9,False,False,True,0.0,,0.041,False,0.0,,0.042,False,0.0,,0.042,False
51.068,242,slm,TOWNSIM_INI,1,deliberative,ESCANEO,0,56.73553946447189,False,21.44681739807129,13.542105674743652,-9.914194107055664,,,,-67.58,False,,,"{""telemetry"": 1.0, ""graph"": 150.7}",True,2403.9,False,False,True,0.0,,0.012,False,0.0,,0.022,False,0.0,,0.023,False
51.299,243,slm,TOWNSIM_INI,1,deliberative,ESCANEO,0,56.73663795223984,False,21.449331283569336,13.53919506072998,-9.911249160766602,,,,-67.58,False,,,"{""telemetry"": 1.1, ""graph"": 181.1}",True,2403.9,False,False,True,0.0,,0.019,False,0.0,,0.024,False,0.0,,0.037,False
51.476,244,slm,TOWNSIM_INI,1,deliberative,ESCANEO,0,56.737557965094425,False,21.4507999420166,13.537496566772461,-9.909274101257324,,,,-67.58,False,,,"{""telemetry"": 0.9, ""graph"": 158.3}",True,2403.9,False,False,True,0.0,,0.002,False,0.0,,0.003,False,0.0,,0.006,False
51.66,245,slm,TOWNSIM_INI,1,deliberative,ESCANEO,0,56.738345967862706,False,21.451932907104492,13.536182403564453,-9.907532691955566,,,,-67.58,False,,,"{""telemetry"": 0.9, ""graph"": 141.8}",True,2403.9,False,False,True,0.0,,0.001,False,0.0,,0.002,False,0.0,,0.003,False
51.871,246,slm,TOWNSIM_INI,1,deliberative,ESCANEO,0,56.73901531159838,False,21.452884674072266,13.535076141357422,-9.905828475952148,,,,-67.58,False,,,"{""telemetry"": 1.0, ""graph"": 153.2}",True,2403.9,False,False,True,0.0,,0.001,False,0.0,,0.002,False,0.0,,0.002,False
52.102,247,slm,TOWNSIM_INI,1,deliberative,ESCANEO,0,56.73958482431832,False,21.453636169433594,13.534207344055176,-9.904231071472168,,,,-67.58,False,,,"{""telemetry"": 1.2, ""graph"": 183.7}",True,2403.9,False,False,True,0.0,,0.0,False,0.0,,0.0,False,0.0,,0.0,False
52.267,248,slm,TOWNSIM_INI,1,deliberative,ESCANEO,0,56.74008832085147,False,21.45403289794922,13.533751487731934,-9.903230667114258,,,,-67.58,False,,,"{""telemetry"": 1.1, ""graph"": 148.4}",True,2403.9,False,False,True,0.0,,0.002,False,0.0,,0.001,False,0.0,,0.002,False
52.447,249,slm,TOWNSIM_INI,1,deliberative,ESCANEO,0,56.74052917884553,False,21.454381942749023,13.53335189819336,-9.902205467224121,,,,-67.58,False,,,"{""telemetry"": 1.5, ""graph"": 128.1}",True,2403.9,False,False,True,0.0,,0.002,False,0.0,,0.0,False,0.0,,0.001,False
52.633,250,slm,TOWNSIM_INI,1,deliberative,ESCANEO,0,56.74092576413281,False,21.45465660095215,13.533010482788086,-9.901155471801758,,,,-67.58,False,,,"{""telemetry"": 1.0, ""graph"": 113.9}",True,2403.9,False,False,True,0.0,,0.0,False,0.0,,0.0,False,0.0,,0.0,False
52.892,251,slm,TOWNSIM_INI,1,deliberative,ESCANEO,0,56.741271217437685,False,21.454914093017578,13.532733917236328,-9.900065422058105,,,,-67.58,False,,,"{""telemetry"": 1.3, ""graph"": 172.5}",True,2403.9,False,False,True,0.0,,0.003,False,0.0,,0.0,False,0.0,,0.001,False
53.027,252,slm,TOWNSIM_INI,1,deliberative,ESCANEO,0,56.74161139769654,False,21.455013275146484,13.532585144042969,-9.899380683898926,,,,-67.58,False,,,"{""telemetry"": 1.0, ""graph"": 107.4}",True,2403.9,False,False,True,0.0,,0.0,False,0.0,,0.0,False,0.0,,0.0,False
53.232,253,slm,TOWNSIM_INI,1,deliberative,ESCANEO,0,56.741915418334194,False,21.455142974853516,13.532453536987305,-9.898537635803223,,,,-67.58,False,,,"{""telemetry"": 2.4, ""graph"": 111.2}",True,2403.9,False,False,True,0.0,,0.0,False,0.0,,0.0,False,0.0,,0.0,False
53.452,254,slm,TOWNSIM_INI,1,deliberative,GANAR_ALTURA,0,56.742189874445174,False,21.455270767211914,13.532341003417969,-9.897761344909668,,,,-67.58,False,,,"{""telemetry"": 0.7, ""graph"": 132.3}",True,4875.3,False,False,True,0.0,,0.005,False,0.0,,0.0,False,0.0,,0.001,False
53.684,255,slm,TOWNSIM_INI,1,evasive,GANAR_ALTURA,0,56.74246960396652,False,21.455352783203125,13.532273292541504,-9.891899108886719,,,,-67.2,False,,,"{""telemetry"": 0.8, ""graph"": 163.7}",False,,,,,0.0,,0.0,False,0.0,,0.0,False,0.0,,0.0,False
53.827,256,slm,TOWNSIM_INI,1,evasive,GANAR_ALTURA,0,56.74743024271614,False,21.455352783203125,13.532210350036621,-9.878175735473633,,,,-63.46,False,,,"{""telemetry"": 1.4, ""graph"": 106.0}",False,,,,,0.0,,0.0,False,0.0,,0.0,False,0.0,,0.0,False
54.03,257,slm,TOWNSIM_INI,1,evasive,GANAR_ALTURA,0,56.75103172129476,False,21.455352783203125,13.532146453857422,-9.870691299438477,,,,-57.44,False,,,"{""telemetry"": 1.0, ""graph"": 109.0}",False,,,,,0.0,,0.0,False,0.0,,0.0,False,0.0,,0.0,False
54.233,258,slm,TOWNSIM_INI,1,evasive,GANAR_ALTURA,0,56.75267562502065,False,21.455352783203125,13.53212833404541,-9.867871284484863,,,,-50.31,False,,,"{""telemetry"": 1.0, ""graph"": 111.3}",False,,,,,0.0,,0.0,False,0.0,,0.0,False,0.0,,0.0,False
54.425,259,slm,TOWNSIM_INI,1,evasive,GANAR_ALTURA,0,56.75304199893348,False,21.455352783203125,13.53212833404541,-9.867836952209473,,,,-43.31,False,,,"{""telemetry"": 2.1, ""graph"": 102.6}",False,,,,,0.0,,0.0,False,0.0,,0.0,False,0.0,,0.0,False
54.628,260,slm,TOWNSIM_INI,1,reactive,MANTENER_RUMBO,0,56.7527013349346,False,21.455352783203125,13.53212833404541,-9.8693208694458,,,,-35.66,False,,,"{""telemetry"": 0.9, ""graph"": 106.8}",False,,,,,0.0,,0.0,False,0.0,,0.0,False,0.0,,0.0,False
54.881,261,slm,TOWNSIM_INI,1,reactive,MANTENER_RUMBO,0,56.75210360036501,False,21.455352783203125,13.53212833404541,-9.86745548248291,,,,-26.91,False,,,"{""telemetry"": 0.9, ""graph"": 159.3}",False,,,,,0.0,,0.0,False,0.0,,0.0,False,0.0,,0.0,False
55.037,262,slm,TOWNSIM_INI,1,reactive,MANTENER_RUMBO,0,56.75361713424362,False,21.455352783203125,13.53212833404541,-9.863995552062988,,,,-22.02,False,,,"{""telemetry"": 0.9, ""graph"": 115.3}",False,,,,,0.0,,0.0,False,0.0,,0.0,False,0.0,,0.0,False
55.227,263,slm,TOWNSIM_INI,1,reactive,MANTENER_RUMBO,0,56.755065639618415,False,21.455352783203125,13.53212833404541,-9.860320091247559,,,,-16.62,False,,,"{""telemetry"": 0.7, ""graph"": 105.6}",False,,,,,0.0,,0.0,False,0.0,,0.0,False,0.0,,0.0,False
55.437,264,slm,TOWNSIM_INI,1,reactive,MANTENER_RUMBO,0,56.75630659805568,False,21.455352783203125,13.53212833404541,-9.856907844543457,,,,-11.4,False,,,"{""telemetry"": 0.7, ""graph"": 115.3}",False,,,,,0.0,,0.0,False,0.0,,0.0,False,0.0,,0.0,False
55.633,265,slm,TOWNSIM_INI,1,reactive,MANTENER_RUMBO,0,56.757356838993154,False,21.455352783203125,13.53212833404541,-9.85430908203125,,,,-7.17,False,,,"{""telemetry"": 0.7, ""graph"": 110.7}",False,,,,,0.0,,0.0,False,0.0,,0.0,False,0.0,,0.0,False
55.873,266,slm,TOWNSIM_INI,1,reactive,MANTENER_RUMBO,0,56.75822712144316,False,21.455352783203125,13.53212833404541,-9.851593017578125,,,,-2.42,False,,,"{""telemetry"": 0.9, ""graph"": 150.5}",False,,,,,0.0,,0.0,False,0.0,,0.0,False,0.0,,0.0,False
56.035,267,slm,TOWNSIM_INI,1,reactive,MANTENER_RUMBO,0,56.75897155549624,False,21.455352783203125,13.53212833404541,-9.8501558303833,,,,0.64,False,,,"{""telemetry"": 0.7, ""graph"": 111.7}",False,,,,,0.0,,0.0,False,0.0,,0.0,False,0.0,,0.0,False
56.255,268,slm,TOWNSIM_INI,1,reactive,MANTENER_RUMBO,0,56.75957520953931,False,21.455352783203125,13.53212833404541,-9.848335266113281,,,,4.46,False,,,"{""telemetry"": 1.0, ""graph"": 130.6}",False,,,,,0.0,,0.0,False,0.0,,0.0,False,0.0,,0.0,False
56.437,269,slm,TOWNSIM_INI,1,reactive,MANTENER_RUMBO,0,56.76012439395277,False,21.455930709838867,13.532191276550293,-9.8605375289917,,,,7.31,False,,,"{""telemetry"": 0.8, ""graph"": 112.0}",False,,,,,0.0,,0.0,False,0.0,,0.0,False,0.0,,0.0,False
56.63,270,slm,TOWNSIM_INI,1,reactive,MANTENER_RUMBO,0,56.72345461074844,False,21.476333618164062,13.534446716308594,-9.98714828491211,,,,10.11,False,,,"{""telemetry"": 0.9, ""graph"": 104.6}",False,,,,,0.0,,0.0,False,0.0,,0.0,False,0.0,,0.0,False
56.843,271,slm,TOWNSIM_INI,1,reactive,MANTENER_RUMBO,0,56.634787181663725,False,21.54452896118164,13.543424606323242,-10.160767555236816,,,,12.89,False,,,"{""telemetry"": 0.7, ""graph"": 117.1}",False,,,,,0.0,,0.0,False,0.0,,0.0,False,0.0,,0.0,False
57.027,272,slm,TOWNSIM_INI,1,reactive,MANTENER_RUMBO,0,56.50493329153621,False,21.650545120239258,13.560165405273438,-10.319685935974121,,,,15.07,False,,,"{""telemetry"": 0.9, ""graph"": 101.1}",False,,,,,0.0,,0.0,False,0.0,,0.0,False,0.0,,0.0,False
57.253,273,slm,TOWNSIM_INI,1,reactive,MANTENER_RUMBO,0,56.3291864869493,False,21.84041976928711,13.595526695251465,-10.5058012008667,,,,17.42,False,,,"{""telemetry"": 0.8, ""graph"": 126.4}",False,,,,,0.0,,0.0,False,0.0,,0.0,False,0.0,,0.0,False
57.525,274,slm,TOWNSIM_INI,1,girar_90,GIRAR_90,0,56.121924128823906,False,22.047996520996094,13.640966415405273,-10.677484512329102,,,,19.39,False,,,"{""telemetry"": 1.5, ""graph"": 196.8}",False,,,,,0.02,0.52,0.675,True,0.023,0.41,0.675,True,0.086,1.54,0.675,True
57.65,275,slm,TOWNSIM_INI,1,evasive,GIRAR_90,0,55.85647539668477,False,22.311275482177734,13.705238342285156,-10.843032836914062,,,,21.64,False,,,"{""telemetry"": 1.1, ""graph"": 122.1}",False,,,,,0.0,,0.0,False,0.0,,0.0,False,0.0,,0.0,False
57.839,276,slm,TOWNSIM_INI,1,evasive,GIRAR_90,0,55.59441234884691,False,22.57366943359375,13.77147388458252,-10.876955032348633,,,,24.43,False,,,"{""telemetry"": 0.7, ""graph"": 111.2}",False,,,,,0.0,,0.0,False,0.0,,0.0,False,0.0,,0.0,False
58.029,277,slm,TOWNSIM_INI,1,evasive,GIRAR_90,0,55.37426286002432,False,22.7933406829834,13.827493667602539,-10.888903617858887,,,,27.11,False,,,"{""telemetry"": 0.8, ""graph"": 100.8}",False,,,,,0.0,,0.0,False,0.0,,0.0,False,0.0,,0.0,False
58.242,278,slm,TOWNSIM_INI,1,evasive,GIRAR_90,0,55.19443340683298,False,22.99260139465332,13.878438949584961,-10.901860237121582,,,,30.22,False,,,"{""telemetry"": 1.5, ""graph"": 112.6}",False,,,,,0.0,,0.0,False,0.0,,0.0,False,0.0,,0.0,False
58.43,279,slm,TOWNSIM_INI,1,evasive,GIRAR_90,0,55.05945980020321,False,23.12458610534668,13.912178993225098,-10.90737533569336,,,,32.92,False,,,"{""telemetry"": 1.6, ""graph"": 99.9}",False,,,,,0.0,,0.0,False,0.0,,0.0,False,0.0,,0.0,False
58.644,280,slm,TOWNSIM_INI,1,reactive,MANTENER_RUMBO,0,54.95587033177364,False,23.240123748779297,13.941697120666504,-10.908531188964844,,,,36.02,False,,,"{""telemetry"": 1.0, ""graph"": 114.3}",False,,,,,0.0,,0.0,False,0.0,,0.0,False,0.0,,0.0,False
58.85,281,slm,TOWNSIM_INI,1,reactive,MANTENER_RUMBO,0,54.87758554633039,False,23.324661254882812,13.963923454284668,-10.91314697265625,,,,38.64,False,,,"{""telemetry"": 2.7, ""graph"": 118.3}",False,,,,,0.0,,0.0,False,0.0,,0.0,False,0.0,,0.0,False
59.124,282,slm,TOWNSIM_INI,1,girar_90,GIRAR_90,0,54.77847968219375,False,23.430908203125,14.018730163574219,-11.067649841308594,,,,40.32,False,,,"{""telemetry"": 1.1, ""graph"": 193.3}",False,,,,,0.0,0.55,0.606,True,0.0,0.12,0.606,True,0.025,0.36,0.606,True
59.312,283,slm,TOWNSIM_INI,1,evasive,GIRAR_90,0,54.63963703062633,False,23.447113037109375,14.028886795043945,-11.091507911682129,,,,41.66,False,,,"{""telemetry"": 0.8, ""graph"": 181.2}",False,,,,,0.0,,0.009,False,0.0,,0.009,False,0.0,,0.009,False
59.427,284,slm,TOWNSIM_INI,1,evasive,GIRAR_90,0,54.66244601822087,False,23.528776168823242,14.051673889160156,-11.072355270385742,,,,43.93,False,,,"{""telemetry"": 1.0, ""graph"": 96.6}",False,,,,,0.0,,0.0,False,0.0,,0.0,False,0.0,,0.0,False
59.63,285,slm,TOWNSIM_INI,1,evasive,GIRAR_90,0,54.61199644503478,False,23.519866943359375,14.006089210510254,-11.026476860046387,,,,46.35,False,,,"{""telemetry"": 0.8, ""graph"": 99.2}",False,,,,,0.0,,0.0,False,0.0,,0.0,False,0.0,,0.0,False
59.834,286,slm,TOWNSIM_INI,1,evasive,GIRAR_90,0,54.62685805675487,False,23.54433250427246,14.010765075683594,-11.015103340148926,,,,48.62,False,,,"{""telemetry"": 0.9, ""graph"": 102.7}",False,,,,,0.0,,0.0,False,0.0,,0.0,False,0.0,,0.0,False
60.116,287,slm,TOWNSIM_INI,1,deliberative,FRENAR,0,54.63576899533925,False,23.5508975982666,14.013903617858887,-11.013167381286621,,,,50.53,False,,,"{""telemetry"": 0.9, ""graph"": 184.4}",True,4875.3,False,False,True,0.019,0.62,0.863,True,0.004,0.79,0.863,True,0.01,1.99,0.863,True
60.298,288,slm,TOWNSIM_INI,1,deliberative,FRENAR,0,54.63110335861526,False,23.549318313598633,14.013724327087402,-11.013416290283203,,,,51.97,False,,,"{""telemetry"": 0.9, ""graph"": 166.3}",True,4875.3,False,False,True,0.0,1.79,0.455,True,0.005,0.54,0.455,True,0.009,2.04,0.455,True
60.515,289,slm,TOWNSIM_INI,1,deliberative,FRENAR,0,54.61869089493541,False,23.566518783569336,14.025103569030762,-11.008456230163574,,,,52.72,False,,,"{""telemetry"": 0.8, ""graph"": 182.8}",True,4875.3,False,False,True,0.0,,0.112,False,0.0,,0.112,False,0.0,,0.112,False
60.699,290,slm,TOWNSIM_INI,1,deliberative,FRENAR,0,54.60821526783469,False,23.570465087890625,14.027792930603027,-11.006593704223633,,,,52.96,False,,,"{""telemetry"": 0.8, ""graph"": 165.7}",True,4875.3,False,False,True,0.001,4.2,0.167,False,0.004,0.65,0.167,False,0.018,2.67,0.167,False
60.908,291,slm,TOWNSIM_INI,1,deliberative,FRENAR,0,54.601790956052014,False,23.57794189453125,14.032865524291992,-11.002678871154785,,,,53.08,False,,,"{""telemetry"": 1.0, ""graph"": 174.7}",True,4875.3,False,False,True,0.0,,0.0,False,0.0,,0.0,False,0.0,,0.0,False
61.097,292,slm,TOWNSIM_INI,1,deliberative,FRENAR,0,54.59544587727736,False,23.585081100463867,14.037728309631348,-10.9982271194458,,,,53.12,False,,,"{""telemetry"": 1.0, ""graph"": 163.4}",True,4875.3,False,False,True,0.0,,0.112,False,0.0,,0.112,False,0.0,,0.112,False
61.299,293,slm,TOWNSIM_INI,1,deliberative,FRENAR,0,54.58969285398693,False,23.591264724731445,14.041948318481445,-10.993803024291992,,,,53.15,False,,,"{""telemetry"": 1.0, ""graph"": 164.7}",True,4875.3,False,False,True,0.0,,0.0,False,0.0,,0.0,False,0.0,,0.0,False
61.502,294,slm,TOWNSIM_INI,1,deliberative,FRENAR,0,54.58561186699974,False,23.59518051147461,14.044628143310547,-10.990625381469727,,,,53.15,False,,,"{""telemetry"": 1.6, ""graph"": 166.9}",True,4875.3,False,False,True,0.006,10.24,0.168,False,0.026,0.3,0.168,False,0.008,0.98,0.168,False
61.714,295,slm,TOWNSIM_INI,1,deliberative,FRENAR,0,54.58266711720762,False,23.59853744506836,14.046926498413086,-10.987556457519531,,,,53.16,False,,,"{""telemetry"": 1.3, ""graph"": 178.4}",True,4875.3,False,False,True,0.006,14.5,0.189,False,0.021,0.45,0.189,False,0.006,1.46,0.189,False
61.921,296,slm,TOWNSIM_INI,1,deliberative,FRENAR,0,54.580617538963814,False,23.600934982299805,14.048572540283203,-10.985053062438965,,,,53.16,False,,,"{""telemetry"": 0.9, ""graph"": 184.8}",True,4875.3,False,False,True,0.003,16.05,0.215,False,0.003,1.08,0.215,False,0.012,1.73,0.215,False
62.104,297,slm,TOWNSIM_INI,1,deliberative,FRENAR,0,54.579154533278135,False,23.6025333404541,14.049668312072754,-10.983160972595215,,,,53.16,False,,,"{""telemetry"": 1.4, ""graph"": 167.0}",True,4875.3,False,False,True,0.003,23.36,0.422,False,0.001,2.99,0.422,False,0.003,1.82,0.422,True
62.308,298,slm,TOWNSIM_INI,1,deliberative,FRENAR,0,54.57817085097027,False,23.60391616821289,14.050620079040527,-10.981277465820312,,,,53.16,False,,,"{""telemetry"": 0.8, ""graph"": 171.4}",True,4875.3,False,False,True,0.002,29.43,0.315,False,0.005,2.77,0.315,False,0.002,1.81,0.315,False
62.52,299,slm,TOWNSIM_INI,1,deliberative,FRENAR,0,54.577497616189845,False,23.604942321777344,14.051321029663086,-10.979653358459473,,,,53.16,False,,,"{""telemetry"": 0.8, ""graph"": 183.4}",True,4875.3,False,False,True,0.001,43.7,0.357,False,0.002,3.32,0.359,False,0.001,0.96,0.359,True
62.702,300,slm,TOWNSIM_INI,1,deliberative,EVADIR_IZQUIERDA,0,54.577079410522764,False,23.605619430541992,14.051787376403809,-10.978384017944336,,,,53.16,False,,,"{""telemetry"": 1.0, ""graph"": 164.7}",True,2553.7,False,False,True,0.0,25.15,0.346,False,0.006,3.24,0.353,False,0.002,1.73,0.353,True
62.913,301,slm,TOWNSIM_INI,1,evasive,EVADIR_IZQUIERDA,0,54.57683531927519,False,23.606449127197266,14.052515029907227,-10.989477157592773,,,,53.03,False,,,"{""telemetry"": 0.7, ""graph"": 175.5}",False,,,,,0.002,30.1,0.325,False,0.001,7.69,0.325,False,0.0,3.0,0.325,False
63.118,302,slm,TOWNSIM_INI,1,girar_90,GIRAR_90,0,54.56481699774616,False,23.61014175415039,14.054591178894043,-11.035805702209473,,,,52.14,False,,,"{""telemetry"": 1.1, ""graph"": 179.9}",False,,,,,0.004,1.3,0.617,True,0.0,0.29,0.617,True,0.0,1.05,0.617,True
63.307,303,slm,TOWNSIM_INI,1,deliberative,FRENAR,0,54.55348115069091,False,23.608280181884766,14.05363655090332,-11.011181831359863,,,,51.21,False,,,"{""telemetry"": 0.8, ""graph"": 168.0}",True,2553.7,False,False,True,0.002,9.54,0.5,False,0.0,1.26,0.5,True,0.018,0.93,0.5,True
63.502,304,slm,TOWNSIM_INI,1,deliberative,FRENAR,0,54.56815140214103,False,23.611095428466797,14.043645858764648,-10.99979019165039,,,,49.7,False,,,"{""telemetry"": 0.7, ""graph"": 162.4}",True,2553.7,False,False,True,0.0,,0.0,False,0.0,,0.0,False,0.0,,0.0,False
63.709,305,slm,TOWNSIM_INI,1,deliberative,FRENAR,0,54.56424597192103,False,23.61806869506836,14.042242050170898,-10.994498252868652,,,,49.1,False,,,"{""telemetry"": 1.5, ""graph"": 169.2}",True,2553.7,False,False,True,0.0,,0.036,False,0.0,,0.036,False,0.0,,0.036,False
63.912,306,slm,TOWNSIM_INI,1,deliberative,FRENAR,0,54.567840834956115,False,23.620412826538086,14.04074764251709,-10.99154281616211,,,,48.91,False,,,"{""telemetry"": 0.7, ""graph"": 172.2}",True,2553.7,False,False,True,0.0,,0.036,False,0.0,,0.036,False,0.0,,0.036,False
64.121,307,slm,TOWNSIM_INI,1,deliberative,FRENAR,0,54.568362470264546,False,23.62676239013672,14.04346752166748,-10.990036964416504,,,,48.88,False,,,"{""telemetry"": 1.1, ""graph"": 180.4}",True,2553.7,False,False,True,0.0,,0.14,False,0.0,,0.14,False,0.0,,0.14,False
64.303,308,slm,TOWNSIM_INI,1,deliberative,FRENAR,0,54.56447593743634,False,23.62605094909668,14.042759895324707,-10.989726066589355,,,,48.89,False,,,"{""telemetry"": 1.5, ""graph"": 160.9}",True,2553.7,False,False,True,0.005,7.53,0.203,False,0.005,0.96,0.203,False,0.003,4.07,0.203,False
64.515,309,slm,TOWNSIM_INI,1,deliberative,FRENAR,0,54.56605415099016,False,23.62615966796875,14.042888641357422,-10.989675521850586,,,,48.91,False,,,"{""telemetry"": 1.0, ""graph"": 173.3}",True,2553.7,False,False,True,0.005,12.0,0.312,False,0.002,1.1,0.312,False,0.002,3.52,0.312,False
64.738,310,slm,TOWNSIM_INI,1,deliberative,FRENAR,0,54.56348366741761,False,23.629650115966797,14.044550895690918,-10.988338470458984,,,,48.92,False,,,"{""telemetry"": 1.0, ""graph"": 196.3}",True,2553.7,False,False,True,0.003,21.79,0.163,False,0.006,2.63,0.163,False,0.005,3.18,0.163,False
64.913,311,slm,TOWNSIM_INI,1,deliberative,FRENAR,0,54.561321752791585,False,23.631601333618164,14.045475959777832,-10.987401962280273,,,,48.93,False,,,"{""telemetry"": 0.9, ""graph"": 170.8}",True,2553.7,False,False,True,0.0,,0.115,False,0.0,,0.115,False,0.0,,0.115,False
65.123,312,slm,TOWNSIM_INI,1,deliberative,FRENAR,0,54.55984058916368,False,23.633331298828125,14.046296119689941,-10.98637866973877,,,,48.93,False,,,"{""telemetry"": 1.0, ""graph"": 180.5}",True,2553.7,False,False,True,0.0,,0.121,False,0.0,,0.121,False,0.0,,0.121,False
65.304,313,slm,TOWNSIM_INI,1,deliberative,FRENAR,0,54.558790194254954,False,23.63450813293457,14.046850204467773,-10.985513687133789,,,,48.93,False,,,"{""telemetry"": 1.0, ""graph"": 160.5}",True,2553.7,False,False,True,0.0,,0.138,False,0.0,,0.142,False,0.0,,0.142,False
65.506,314,slm,TOWNSIM_INI,1,deliberative,FRENAR,0,54.55808698370024,False,23.63546371459961,14.047304153442383,-10.984628677368164,,,,48.93,False,,,"{""telemetry"": 0.9, ""graph"": 163.2}",True,2553.7,False,False,True,0.004,22.91,0.271,False,0.002,3.12,0.309,False,0.002,2.46,0.309,False
65.713,315,slm,TOWNSIM_INI,1,deliberative,FRENAR,0,54.55761330519137,False,23.63615608215332,14.04763412475586,-10.983813285827637,,,,48.93,False,,,"{""telemetry"": 1.9, ""graph"": 169.0}",True,2553.7,False,False,True,0.0,84.21,0.183,False,0.002,3.91,0.351,False,0.001,2.16,0.355,True
65.908,316,slm,TOWNSIM_INI,1,deliberative,EVADIR_IZQUIERDA,0,54.557320077993126,False,23.63666343688965,14.047869682312012,-10.98306941986084,,,,48.93,False,,,"{""telemetry"": 1.5, ""graph"": 163.9}",True,2555.7,False,False,True,0.0,80.02,0.202,False,0.001,4.9,0.352,False,0.004,1.93,0.359,True
66.124,317,slm,TOWNSIM_INI,1,deliberative,FRENAR,0,54.557165357552485,False,23.637298583984375,14.048351287841797,-10.994731903076172,,,,48.8,False,,,"{""telemetry"": 1.0, ""graph"": 180.3}",True,2555.7,False,False,True,0.002,23.84,0.397,False,0.0,3.04,0.397,False,0.001,5.14,0.397,False
66.292,318,slm,TOWNSIM_INI,1,deliberative,FRENAR,0,54.541981753063936,False,23.638168334960938,14.048728942871094,-11.005718231201172,,,,48.08,False,,,"{""telemetry"": 2.3, ""graph"": 147.1}",True,2555.7,False,False,True,0.0,,0.0,False,0.0,,0.0,False,0.0,,0.0,False
66.507,319,slm,TOWNSIM_INI,1,deliberative,FRENAR,0,54.55158756962813,False,23.640247344970703,14.041742324829102,-10.998265266418457,,,,47.85,False,,,"{""telemetry"": 0.8, ""graph"": 162.9}",True,2555.7,False,False,True,0.0,,0.0,False,0.0,,0.0,False,0.0,,0.0,False
66.714,320,slm,TOWNSIM_INI,1,deliberative,FRENAR,0,54.554136608992806,False,23.646862030029297,14.041200637817383,-10.995095252990723,,,,47.82,False,,,"{""telemetry"": 0.8, ""graph"": 169.0}",True,2555.7,False,False,True,0.0,,0.0,False,0.0,,0.0,False,0.0,,0.0,False
66.924,321,slm,TOWNSIM_INI,1,deliberative,FRENAR,0,54.55184540391079,False,23.645946502685547,14.038949012756348,-10.993173599243164,,,,47.83,False,,,"{""telemetry"": 1.6, ""graph"": 178.1}",True,2555.7,False,False,True,0.002,20.65,0.316,False,0.002,1.28,0.316,False,0.002,2.68,0.316,False
67.11,322,slm,TOWNSIM_INI,1,deliberative,FRENAR,0,54.5514957685977,False,23.649961471557617,14.040336608886719,-10.992486953735352,,,,47.85,False,,,"{""telemetry"": 2.5, ""graph"": 162.5}",True,2555.7,False,False,True,0.0,,0.043,False,0.0,,0.046,False,0.0,,0.047,False
67.337,323,slm,TOWNSIM_INI,1,deliberative,FRENAR,0,54.55010069967385,False,23.650253295898438,14.040139198303223,-10.992082595825195,,,,47.87,False,,,"{""telemetry"": 1.5, ""graph"": 191.0}",True,2555.7,False,False,True,0.0,32.69,0.243,False,0.001,4.65,0.243,False,0.001,10.08,0.243,False
67.564,324,slm,TOWNSIM_INI,1,deliberative,FRENAR,0,54.55027760797268,False,23.649972915649414,14.039993286132812,-10.992097854614258,,,,47.89,False,,,"{""telemetry"": 1.6, ""graph"": 217.7}",True,2555.7,False,False,True,0.0,46.5,0.223,False,0.002,6.47,0.223,False,0.001,11.4,0.223,False
67.756,325,slm,TOWNSIM_INI,1,deliberative,FRENAR,0,54.549740381016626,False,23.65155601501465,14.040671348571777,-10.991693496704102,,,,47.9,False,,,"{""telemetry"": 0.9, ""graph"": 187.9}",True,2555.7,False,False,True,0.0,41.65,0.219,False,0.001,7.93,0.219,False,0.001,11.49,0.219,False
67.941,326,slm,TOWNSIM_INI,1,deliberative,FRENAR,0,54.5490936943223,False,23.652063369750977,14.04088306427002,-10.991456985473633,,,,47.91,False,,,"{""telemetry"": 1.1, ""graph"": 172.6}",True,2555.7,False,False,True,0.002,28.77,0.249,False,0.001,3.18,0.26,False,0.001,6.12,0.261,False
68.118,327,slm,TOWNSIM_INI,1,deliberative,FRENAR,0,54.54817466651788,False,23.652992248535156,14.041271209716797,-10.990976333618164,,,,47.91,False,,,"{""telemetry"": 1.0, ""graph"": 149.1}",True,2555.7,False,False,True,0.0,69.66,0.158,False,0.001,3.12,0.191,False,0.002,5.21,0.191,False
68.321,328,slm,TOWNSIM_INI,1,deliberative,FRENAR,0,54.547588047490855,False,23.65374755859375,14.041584968566895,-10.990401268005371,,,,47.91,False,,,"{""telemetry"": 0.9, ""graph"": 151.2}",True,2555.7,False,False,True,0.0,102.86,0.177,False,0.001,4.42,0.258,False,0.002,4.87,0.274,False
68.549,329,slm,TOWNSIM_INI,1,deliberative,GANAR_ALTURA,0,54.54720379637935,False,23.654369354248047,14.041838645935059,-10.989757537841797,,,,47.91,False,,,"{""telemetry"": 0.9, ""graph"": 179.8}",True,2350.1,False,False,True,0.0,,0.145,False,0.001,4.9,0.222,False,0.001,5.22,0.253,False
68.741,330,slm,TOWNSIM_INI,1,evasive,GANAR_ALTURA,0,54.54697554111281,False,23.654748916625977,14.042000770568848,-10.985864639282227,,,,47.9,False,,,"{""telemetry"": 1.4, ""graph"": 170.4}",False,,,,,0.0,,0.093,False,0.002,9.73,0.262,False,0.001,2.33,0.303,False
68.939,331,slm,TOWNSIM_INI,1,deliberative,FRENAR,0,54.550884179749474,False,23.655019760131836,14.042115211486816,-10.972726821899414,,,,47.81,False,,,"{""telemetry"": 0.7, ""graph"": 168.8}",True,2350.1,False,False,True,0.002,14.37,0.214,False,0.002,2.19,0.214,False,0.007,1.97,0.214,False
69.151,332,slm,TOWNSIM_INI,1,deliberative,FRENAR,0,54.55446058577574,False,23.655290603637695,14.04219913482666,-10.961487770080566,,,,47.63,False,,,"{""telemetry"": 0.7, ""graph"": 180.7}",True,2350.1,False,False,True,0.001,16.25,0.516,False,0.001,2.14,0.516,True,0.002,1.82,0.516,True
69.322,333,slm,TOWNSIM_INI,1,deliberative,ESCANEO,0,54.559441514790116,False,23.655406951904297,14.042257308959961,-10.946293830871582,,,,47.54,False,,,"{""telemetry"": 1.0, ""graph"": 151.0}",True,2350.1,False,False,True,0.0,,0.0,False,0.0,,0.0,False,0.0,,0.0,False
69.556,334,slm,TOWNSIM_INI,1,deliberative,FRENAR,0,54.56466752118504,False,23.65553855895996,14.042293548583984,-10.931577682495117,,,,47.5,False,,,"{""telemetry"": 0.8, ""graph"": 184.8}",True,2350.1,False,False,True,0.0,13.33,0.49,False,0.001,1.45,0.49,True,0.002,1.42,0.49,True
69.767,335,slm,TOWNSIM_INI,1,deliberative,FRENAR,0,54.56887640748065,False,23.65567970275879,14.042293548583984,-10.918956756591797,,,,47.48,False,,,"{""telemetry"": 1.3, ""graph"": 194.0}",True,2350.1,False,False,True,0.001,17.01,0.794,False,0.006,2.39,0.794,True,0.001,2.12,0.794,True
69.915,336,slm,TOWNSIM_INI,1,deliberative,ESCANEO,0,54.57233329993801,False,23.6557559967041,14.042293548583984,-10.910906791687012,,,,47.47,False,,,"{""telemetry"": 1.1, ""graph"": 141.8}",True,2350.1,False,False,True,0.0,,0.0,False,0.0,,0.0,False,0.0,,0.0,False
70.145,337,slm,TOWNSIM_INI,1,deliberative,FRENAR,0,54.575208921595404,False,23.6557559967041,14.042293548583984,-10.90322494506836,,,,47.47,False,,,"{""telemetry"": 1.2, ""graph"": 171.2}",True,2350.1,False,False,True,0.0,22.47,0.217,False,0.0,2.88,0.217,False,0.01,2.34,0.217,False
70.35,338,slm,TOWNSIM_INI,1,deliberative,FRENAR,0,54.577530572288026,False,23.6557559967041,14.042293548583984,-10.896780967712402,,,,47.47,False,,,"{""telemetry"": 1.3, ""graph"": 175.5}",True,2350.1,False,False,True,0.0,29.35,0.259,False,0.001,2.36,0.259,False,0.004,3.66,0.259,False
70.531,339,slm,TOWNSIM_INI,1,deliberative,FRENAR,0,54.57946465337622,False,23.6557559967041,14.042293548583984,-10.892008781433105,,,,47.46,False,,,"{""telemetry"": 1.0, ""graph"": 157.3}",True,2350.1,False,False,True,0.0,31.57,0.488,False,0.001,2.33,0.489,True,0.0,0.77,0.489,True
70.728,340,slm,TOWNSIM_INI,1,deliberative,FRENAR,0,54.5810349113178,False,23.6557559967041,14.042293548583984,-10.887666702270508,,,,47.46,False,,,"{""telemetry"": 0.9, ""graph"": 154.0}",True,2350.1,False,False,True,0.0,32.7,0.456,False,0.0,4.1,0.459,False,0.001,1.48,0.459,True
70.936,341,slm,TOWNSIM_INI,1,deliberative,FRENAR,0,54.58235734399199,False,23.6557559967041,14.042293548583984,-10.884026527404785,,,,47.46,False,,,"{""telemetry"": 1.0, ""graph"": 162.2}",True,2350.1,False,False,True,0.0,37.37,0.506,False,0.0,5.52,0.509,False,0.001,1.66,0.509,True
71.145,342,slm,TOWNSIM_INI,1,deliberative,FRENAR,0,54.583444849266904,False,23.6557559967041,14.042293548583984,-10.881040573120117,,,,47.46,False,,,"{""telemetry"": 1.3, ""graph"": 170.6}",True,2350.1,False,False,True,0.0,51.8,0.527,False,0.0,6.32,0.543,False,0.0,2.04,0.543,True
71.353,343,slm,TOWNSIM_INI,1,deliberative,GANAR_ALTURA,0,54.584359796359045,False,23.6557559967041,14.042293548583984,-10.878530502319336,,,,47.46,False,,,"{""telemetry"": 1.1, ""graph"": 177.9}",True,2307.9,False,False,True,0.0,59.21,0.673,False,0.0,5.87,0.704,False,0.0,2.27,0.704,True
71.523,344,slm,TOWNSIM_INI,1,evasive,GANAR_ALTURA,0,54.58514856274625,False,23.6557559967041,14.042293548583984,-10.875190734863281,,,,47.46,False,,,"{""telemetry"": 0.9, ""graph"": 147.7}",False,,,,,0.001,33.51,0.492,False,0.0,6.55,0.692,False,0.0,2.37,0.692,True
71.768,345,slm,TOWNSIM_INI,1,deliberative,FRENAR,0,54.589449958295766,False,23.6557559967041,14.042293548583984,-10.859231948852539,,,,47.36,False,,,"{""telemetry"": 1.2, ""graph"": 192.5}",True,2307.9,False,False,True,0.003,13.3,0.502,False,0.005,1.67,0.502,True,0.0,1.74,0.502,True
71.936,346,slm,TOWNSIM_INI,1,deliberative,ESCANEO,0,54.593259102335935,False,23.6557559967041,14.042293548583984,-10.849501609802246,,,,47.23,False,,,"{""telemetry"": 0.8, ""graph"": 159.9}",True,2307.9,False,False,True,0.0,,0.0,False,0.0,,0.0,False,0.0,,0.0,False
72.137,347,slm,TOWNSIM_INI,1,deliberative,ESCANEO,0,54.59842480288311,False,23.6557559967041,14.042293548583984,-10.833365440368652,,,,47.15,False,,,"{""telemetry"": 1.4, ""graph"": 159.0}",True,2307.9,False,False,True,0.0,,0.0,False,0.0,,0.0,False,0.0,,0.0,False
72.361,348,slm,TOWNSIM_INI,1,deliberative,FRENAR,0,54.60380196391824,False,23.6557559967041,14.042293548583984,-10.815984725952148,,,,47.99,False,,,"{""telemetry"": 1.0, ""graph"": 183.2}",True,2307.9,False,False,True,0.0,11.44,1.0,False,0.002,3.87,1.0,False,0.011,0.64,1.0,True
72.466,349,slm,TOWNSIM_INI,1,deliberative,ESCANEO,0,54.612589083149416,False,23.6557559967041,14.042293548583984,-10.794025421142578,,,,58.27,False,,,"{""telemetry"": 0.9, ""graph"": 88.3}",True,2307.9,False,False,True,0.0,,0.0,False,0.0,,0.0,False,0.0,,0.0,False
72.668,350,slm,TOWNSIM_INI,1,deliberative,ESCANEO,0,54.61651740900044,False,23.6557559967041,14.042293548583984,-10.78217887878418,,,,66.82,False,,,"{""telemetry"": 1.0, ""graph"": 89.0}",True,2307.9,False,False,True,0.0,,0.0,False,0.0,,0.0,False,0.0,,0.0,False
72.875,351,slm,TOWNSIM_INI,1,deliberative,ESCANEO,0,54.622886532253276,False,23.6557559967041,14.042293548583984,-10.764166831970215,,,,83.65,False,,,"{""telemetry"": 1.9, ""graph"": 94.8}",True,2307.9,False,False,True,0.0,,0.0,False,0.0,,0.0,False,0.0,,0.0,False
73.071,352,slm,TOWNSIM_INI,1,deliberative,ESCANEO,0,54.62802377932954,False,23.6557559967041,14.042293548583984,-10.750853538513184,,,,106.25,False,,,"{""telemetry"": 2.5, ""graph"": 89.4}",True,2307.9,False,False,True,0.0,,0.0,False,0.0,,0.0,False,0.0,,0.0,False
73.29,353,slm,TOWNSIM_INI,1,deliberative,ESCANEO,0,54.632244676583554,False,23.6557559967041,14.042293548583984,-10.738816261291504,,,,133.69,False,,,"{""telemetry"": 1.5, ""graph"": 109.2}",True,2307.9,False,False,True,0.0,,0.0,False,0.0,,0.0,False,0.0,,0.0,False
73.512,354,slm,TOWNSIM_INI,1,deliberative,ESCANEO,0,54.635914961425875,False,23.6557559967041,14.042293548583984,-10.723800659179688,,,,149.95,False,,,"{""telemetry"": 1.0, ""graph"": 131.2}",True,2307.9,False,False,True,0.0,,0.0,False,0.0,,0.0,False,0.0,,0.0,False
73.677,355,slm,TOWNSIM_INI,1,deliberative,ESCANEO,0,54.64191300150943,False,23.6557559967041,14.042293548583984,-10.709920883178711,,,,155.58,False,,,"{""telemetry"": 1.0, ""graph"": 95.9}",True,2307.9,False,False,True,0.0,,0.0,False,0.0,,0.0,False,0.0,,0.0,False
73.88,356,slm,TOWNSIM_INI,1,deliberative,ESCANEO,0,54.64711945002028,False,23.6557559967041,14.042293548583984,-10.696277618408203,,,,158.77,False,,,"{""telemetry"": 0.8, ""graph"": 98.9}",True,2307.9,False,False,True,0.0,,0.0,False,0.0,,0.0,False,0.0,,0.0,False
74.083,357,slm,TOWNSIM_INI,1,deliberative,ESCANEO,0,54.651525294413425,False,23.6557559967041,14.042293548583984,-10.679281234741211,,,,161.24,False,,,"{""telemetry"": 0.9, ""graph"": 101.9}",True,2307.9,False,False,True,0.0,,0.0,False,0.0,,0.0,False,0.0,,0.0,False
74.31,358,slm,TOWNSIM_INI,1,deliberative,ESCANEO,0,54.66086300383709,False,23.6557559967041,14.042293548583984,-10.654009819030762,,,,176.61,False,,,"{""telemetry"": 0.9, ""graph"": 128.3}",True,2307.9,False,False,True,0.0,,0.0,False,0.0,,0.0,False,0.0,,0.0,False
74.514,359,slm,TOWNSIM_INI,1,deliberative,ESCANEO,0,54.665894067264084,False,23.6557559967041,14.042293548583984,-10.642255783081055,,,,-160.94,False,,,"{""telemetry"": 1.3, ""graph"": 131.5}",True,2307.9,False,False,True,0.0,,0.0,False,0.0,,0.0,False,0.0,,0.0,False
74.673,360,slm,TOWNSIM_INI,1,deliberative,ESCANEO,0,54.66955929107532,False,23.6557559967041,14.042293548583984,-10.634536743164062,,,,-140.71,False,,,"{""telemetry"": 1.1, ""graph"": 89.6}",True,2307.9,False,False,True,0.0,,0.0,False,0.0,,0.0,False,0.0,,0.0,False
74.869,361,slm,TOWNSIM_INI,1,deliberative,ESCANEO,0,54.6726010999451,False,23.6557559967041,14.042293548583984,-10.625389099121094,,,,-124.02,False,,,"{""telemetry"": 1.1, ""graph"": 85.4}",True,2307.9,False,False,True,0.0,,0.0,False,0.0,,0.0,False,0.0,,0.0,False
75.081,362,slm,TOWNSIM_INI,1,deliberative,ESCANEO,0,54.677423991807565,False,23.6557559967041,14.042293548583984,-10.612648010253906,,,,-120.81,False,,,"{""telemetry"": 1.1, ""graph"": 98.1}",True,2307.9,False,False,True,0.0,,0.0,False,0.0,,0.0,False,0.0,,0.0,False
75.3,363,slm,TOWNSIM_INI,1,deliberative,ESCANEO,0,54.679394018855426,False,23.6557559967041,14.042293548583984,-10.608282089233398,,,,-127.64,False,,,"{""telemetry"": 1.2, ""graph"": 116.4}",True,2307.9,False,False,True,0.0,,0.0,False,0.0,,0.0,False,0.0,,0.0,False
75.48,364,slm,TOWNSIM_INI,1,deliberative,ESCANEO,0,54.68070324727598,False,23.6557559967041,14.042293548583984,-10.601486206054688,,,,-133.46,False,,,"{""telemetry"": 0.8, ""graph"": 95.5}",True,2307.9,False,False,True,0.0,,0.0,False,0.0,,0.0,False,0.0,,0.0,False
75.672,365,slm,TOWNSIM_INI,1,deliberative,ESCANEO,0,54.68617250110005,False,23.6557559967041,14.042293548583984,-10.585477828979492,,,,-136.51,False,,,"{""telemetry"": 0.9, ""graph"": 87.9}",True,2307.9,False,False,True,0.0,,0.0,False,0.0,,0.0,False,0.0,,0.0,False
75.949,366,slm,TOWNSIM_INI,1,deliberative,GANAR_ALTURA,0,54.69149652072662,False,23.6557559967041,14.042293548583984,-10.571264266967773,,,,-137.96,False,,,"{""telemetry"": 0.8, ""graph"": 164.3}",True,2484.9,False,False,True,0.0,19.83,1.0,False,0.001,12.19,1.0,False,0.006,2.21,1.0,True
76.139,367,slm,TOWNSIM_INI,1,evasive,GANAR_ALTURA,0,54.69589584573413,False,23.6557559967041,14.042293548583984,-10.55840015411377,,,,-138.77,False,,,"{""telemetry"": 0.8, ""graph"": 154.4}",False,,,,,0.0,11.7,0.534,False,0.0,45.66,0.252,False,0.001,40.01,0.554,False
76.287,368,slm,TOWNSIM_INI,1,evasive,GANAR_ALTURA,0,54.701005997509455,False,23.6557559967041,14.042293548583984,-10.544190406799316,,,,-141.33,False,,,"{""telemetry"": 1.3, ""graph"": 101.2}",False,,,,,0.0,,0.0,False,0.0,,0.0,False,0.0,,0.0,False
76.482,369,slm,TOWNSIM_INI,1,evasive,GANAR_ALTURA,0,54.704525424557545,False,23.6557559967041,14.042293548583984,-10.536972045898438,,,,-144.94,False,,,"{""telemetry"": 0.8, ""graph"": 96.5}",False,,,,,0.0,,0.0,False,0.0,,0.0,False,0.0,,0.0,False
76.679,370,slm,TOWNSIM_INI,1,evasive,GANAR_ALTURA,0,54.706102822299414,False,23.6557559967041,14.042293548583984,-10.534073829650879,,,,-149.21,False,,,"{""telemetry"": 1.4, ""graph"": 92.7}",False,,,,,0.0,,0.0,False,0.0,,0.0,False,0.0,,0.0,False
76.885,371,slm,TOWNSIM_INI,1,evasive,GANAR_ALTURA,0,54.7064445370274,False,23.6557559967041,14.042293548583984,-10.533966064453125,,,,-153.81,False,,,"{""telemetry"": 1.1, ""graph"": 98.1}",False,,,,,0.0,,0.0,False,0.0,,0.0,False,0.0,,0.0,False
77.086,372,slm,TOWNSIM_INI,1,deliberative,ESCANEO,0,54.706093999671246,False,23.6557559967041,14.042293548583984,-10.535429954528809,,,,-158.44,False,,,"{""telemetry"": 1.0, ""graph"": 99.0}",True,2484.9,False,False,True,0.0,,0.0,False,0.0,,0.0,False,0.0,,0.0,False
77.303,373,slm,TOWNSIM_INI,1,deliberative,ESCANEO,0,54.70545404597743,False,23.6557559967041,14.042293548583984,-10.531034469604492,,,,-161.93,False,,,"{""telemetry"": 0.7, ""graph"": 115.8}",True,2484.9,False,False,True,0.0,,0.0,False,0.0,,0.0,False,0.0,,0.0,False
77.481,374,slm,TOWNSIM_INI,1,deliberative,ESCANEO,0,54.713675574659895,False,23.6557559967041,14.042293548583984,-10.503890991210938,,,,-153.53,False,,,"{""telemetry"": 1.0, ""graph"": 92.7}",True,2484.9,False,False,True,0.0,,0.0,False,0.0,,0.0,False,0.0,,0.0,False
77.682,375,slm,TOWNSIM_INI,1,deliberative,ESCANEO,0,54.7203359570937,False,23.6557559967041,14.042293548583984,-10.490775108337402,,,,-134.38,False,,,"{""telemetry"": 0.8, ""graph"": 94.0}",True,2484.9,False,False,True,0.0,,0.0,False,0.0,,0.0,False,0.0,,0.0,False
77.88,376,slm,TOWNSIM_INI,1,deliberative,ESCANEO,0,54.72400135656819,False,23.6557559967041,14.042293548583984,-10.481450080871582,,,,-110.16,False,,,"{""telemetry"": 1.0, ""graph"": 90.9}",True,2484.9,False,False,True,0.0,,0.0,False,0.0,,0.0,False,0.0,,0.0,False
78.088,377,slm,TOWNSIM_INI,1,deliberative,ESCANEO,0,54.72694645743483,False,23.6557559967041,14.042293548583984,-10.473548889160156,,,,-82.42,False,,,"{""telemetry"": 1.8, ""graph"": 97.6}",True,2484.9,False,False,True,0.0,,0.0,False,0.0,,0.0,False,0.0,,0.0,False
78.283,378,slm,TOWNSIM_INI,1,deliberative,ESCANEO,0,54.729317478367214,False,23.6557559967041,14.042293548583984,-10.467382431030273,,,,-54.99,False,,,"{""telemetry"": 0.8, ""graph"": 93.4}",True,2484.9,False,False,True,0.0,,0.0,False,0.0,,0.0,False,0.0,,0.0,False
78.5,379,slm,TOWNSIM_INI,1,deliberative,ESCANEO,0,54.7313613814547,False,23.6557559967041,14.042293548583984,-10.458427429199219,,,,-33.43,False,,,"{""telemetry"": 0.8, ""graph"": 110.2}",True,2484.9,False,False,True,0.0,,0.0,False,0.0,,0.0,False,0.0,,0.0,False
78.703,380,slm,TOWNSIM_INI,1,deliberative,ESCANEO,0,54.73762432129018,False,23.6557559967041,14.042293548583984,-10.437195777893066,,,,-28.46,False,,,"{""telemetry"": 1.5, ""graph"": 111.4}",True,2484.9,False,False,True,0.0,,0.0,False,0.0,,0.0,False,0.0,,0.0,False
78.89,381,slm,TOWNSIM_INI,1,deliberative,ESCANEO,0,54.74194867997911,False,23.6557559967041,14.042293548583984,-10.434293746948242,,,,-34.12,False,,,"{""telemetry"": 1.3, ""graph"": 98.8}",True,2484.9,False,False,True,0.0,,0.0,False,0.0,,0.0,False,0.0,,0.0,False
79.083,382,slm,TOWNSIM_INI,1,deliberative,ESCANEO,0,54.74173121363358,False,23.6557559967041,14.042293548583984,-10.435093879699707,,,,-42.05,False,,,"{""telemetry"": 1.0, ""graph"": 91.3}",True,2484.9,False,False,True,0.0,,0.0,False,0.0,,0.0,False,0.0,,0.0,False
79.295,383,slm,TOWNSIM_INI,1,deliberative,ESCANEO,0,54.74208536639076,False,23.6557559967041,14.042293548583984,-10.427648544311523,,,,-46.79,False,,,"{""telemetry"": 0.8, ""graph"": 103.7}",True,2484.9,False,False,True,0.0,,0.0,False,0.0,,0.0,False,0.0,,0.0,False
79.507,384,slm,TOWNSIM_INI,1,deliberative,ESCANEO,0,54.74796133401966,False,23.6557559967041,14.042293548583984,-10.410052299499512,,,,-48.8,False,,,"{""telemetry"": 0.9, ""graph"": 114.6}",True,2484.9,False,False,True,0.0,,0.0,False,0.0,,0.0,False,0.0,,0.0,False
79.773,385,slm,TOWNSIM_INI,1,evasive,EVADIR_IZQUIERDA,0,54.7532677875707,False,23.6557559967041,14.042293548583984,-10.397133827209473,,,,-49.59,False,,,"{""telemetry"": 1.8, ""graph"": 179.6}",False,,,,,0.002,26.37,0.565,False,0.001,12.6,0.565,False,0.008,2.89,0.565,False
79.949,386,slm,TOWNSIM_INI,1,deliberative,FRENAR,0,54.75764805208777,False,23.655916213989258,14.04210090637207,-10.393376350402832,,,,-50.04,False,,,"{""telemetry"": 0.9, ""graph"": 156.2}",True,2484.9,False,False,True,0.0,14.66,0.192,False,0.0,2.96,0.174,False,0.005,35.0,0.248,False
80.176,387,slm,TOWNSIM_INI,1,deliberative,ESCANEO,0,54.7324640933516,False,23.67198371887207,14.023012161254883,-10.525228500366211,,,,-51.52,False,,,"{""telemetry"": 0.7, ""graph"": 183.3}",True,2484.9,False,False,True,0.0,,0.0,False,0.0,,0.0,False,0.0,,0.0,False
80.371,388,slm,TOWNSIM_INI,1,deliberative,FRENAR,0,54.704138702542565,False,23.696971893310547,13.99336051940918,-10.549423217773438,,,,-52.37,False,,,"{""telemetry"": 0.9, ""graph"": 177.6}",True,2484.9,False,False,True,0.122,1.02,0.252,False,0.028,0.3,0.252,False,0.08,0.74,0.252,False
80.555,389,slm,TOWNSIM_INI,1,deliberative,ESCANEO,0,54.70907389538465,False,23.722097396850586,13.963582038879395,-10.542108535766602,,,,-52.77,False,,,"{""telemetry"": 0.8, ""graph"": 160.4}",True,2484.9,False,False,True,0.0,,0.0,False,0.0,,0.0,False,0.0,,0.0,False
80.743,390,slm,TOWNSIM_INI,1,deliberative,ESCANEO,0,54.71431285989275,False,23.743314743041992,13.93844985961914,-10.535913467407227,,,,-52.95,False,,,"{""telemetry"": 2.0, ""graph"": 147.2}",True,2484.9,False,False,True,0.0,,0.0,False,0.0,,0.0,False,0.0,,0.0,False
80.956,391,slm,TOWNSIM_INI,1,deliberative,ESCANEO,0,54.71847725878171,False,23.761249542236328,13.917223930358887,-10.530450820922852,,,,-53.04,False,,,"{""telemetry"": 0.8, ""graph"": 161.4}",True,2484.9,False,False,True,0.0,,0.0,False,0.0,,0.0,False,0.0,,0.0,False
81.184,392,slm,TOWNSIM_INI,1,deliberative,ESCANEO,0,54.72183353770352,False,23.775436401367188,13.900426864624023,-10.525659561157227,,,,-53.08,False,,,"{""telemetry"": 0.8, ""graph"": 188.4}",True,2484.9,False,False,True,0.0,,0.0,False,0.0,,0.0,False,0.0,,0.0,False
81.353,393,slm,TOWNSIM_INI,1,deliberative,ESCANEO,0,54.7245671105152,False,23.783971786499023,13.890326499938965,-10.52242660522461,,,,-53.09,False,,,"{""telemetry"": 0.9, ""graph"": 157.1}",True,2484.9,False,False,True,0.0,,0.0,False,0.0,,0.0,False,0.0,,0.0,False
81.541,394,slm,TOWNSIM_INI,1,deliberative,ESCANEO,0,54.72676136516974,False,23.790983200073242,13.882026672363281,-10.519460678100586,,,,-53.1,False,,,"{""telemetry"": 2.3, ""graph"": 143.6}",True,2484.9,False,False,True,0.0,,0.0,False,0.0,,0.0,False,0.0,,0.0,False
81.776,395,slm,TOWNSIM_INI,1,deliberative,ESCANEO,0,54.728498198165,False,23.797321319580078,13.874528884887695,-10.51640510559082,,,,-53.1,False,,,"{""telemetry"": 1.1, ""graph"": 178.8}",True,2484.9,False,False,True,0.0,,0.0,False,0.0,,0.0,False,0.0,,0.0,False
81.96,396,slm,TOWNSIM_INI,1,deliberative,ESCANEO,0,54.72990576616013,False,23.800655364990234,13.870584487915039,-10.514570236206055,,,,-53.1,False,,,"{""telemetry"": 1.4, ""graph"": 162.3}",True,2484.9,False,False,True,0.0,,0.04,False,0.0,,0.04,False,0.0,,0.04,False
82.182,397,slm,TOWNSIM_INI,1,deliberative,FRENAR,0,54.73105247605369,False,23.80411720275879,13.866491317749023,-10.512396812438965,,,,-53.1,False,,,"{""telemetry"": 1.0, ""graph"": 184.5}",True,2484.9,False,False,True,0.001,49.44,0.204,False,0.0,18.03,0.204,False,0.0,31.95,0.204,False
82.35,398,slm,TOWNSIM_INI,1,deliberative,ESCANEO,0,54.732011482152274,False,23.806175231933594,13.864052772521973,-10.510896682739258,,,,-53.1,False,,,"{""telemetry"": 1.0, ""graph"": 152.2}",True,2484.9,False,False,True,0.0,,0.017,False,0.0,,0.017,False,0.0,,0.027,False
82.564,399,slm,TOWNSIM_INI,1,deliberative,ESCANEO,0,54.73280799168954,False,23.80806541442871,13.861814498901367,-10.509289741516113,,,,-53.1,False,,,"{""telemetry"": 1.2, ""graph"": 165.0}",True,2484.9,False,False,True,0.0,,0.004,False,0.0,,0.005,False,0.0,,0.008,False
82.745,400,slm,TOWNSIM_INI,1,deliberative,ESCANEO,0,54.73346949466487,False,23.809293746948242,13.860359191894531,-10.508047103881836,,,,-53.1,False,,,"{""telemetry"": 1.1, ""graph"": 145.5}",True,2484.9,False,False,True,0.0,,0.002,False,0.0,,0.003,False,0.0,,0.003,False
82.937,401,slm,TOWNSIM_INI,1,deliberative,ESCANEO,0,54.73402865684169,False,23.81024169921875,13.859240531921387,-10.506915092468262,,,,-53.1,False,,,"{""telemetry"": 1.1, ""graph"": 136.8}",True,2484.9,False,False,True,0.0,,0.002,False,0.0,,0.002,False,0.0,,0.002,False
83.178,402,slm,TOWNSIM_INI,1,deliberative,ESCANEO,0,54.73452223245771,False,23.811105728149414,13.858217239379883,-10.505643844604492,,,,-53.1,False,,,"{""telemetry"": 1.1, ""graph"": 177.7}",True,2484.9,False,False,True,0.0,,0.007,False,0.0,,0.009,False,0.0,,0.01,False
83.331,403,slm,TOWNSIM_INI,1,deliberative,ESCANEO,0,54.73495532750185,False,23.8115234375,13.857720375061035,-10.504886627197266,,,,-53.1,False,,,"{""telemetry"": 1.2, ""graph"": 130.8}",True,2484.9,False,False,True,0.0,,0.006,False,0.0,,0.007,False,0.0,,0.008,False
83.548,404,slm,TOWNSIM_INI,1,deliberative,ESCANEO,0,54.73533935835617,False,23.811962127685547,13.857197761535645,-10.503922462463379,,,,-53.1,False,,,"{""telemetry"": 1.1, ""graph"": 147.0}",True,2484.9,False,False,True,0.0,,0.004,False,0.0,,0.006,False,0.0,,0.006,False
83.77,405,slm,TOWNSIM_INI,1,deliberative,ESCANEO,0,54.73568223454563,False,23.812284469604492,13.8568115234375,-10.50300407409668,,,,-53.1,False,,,"{""telemetry"": 1.2, ""graph"": 169.2}",True,2484.9,False,False,True,0.0,,0.006,False,0.0,,0.007,False,0.0,,0.007,False
83.963,406,slm,TOWNSIM_INI,1,deliberative,ESCANEO,0,54.736005853927125,False,23.812528610229492,13.856555938720703,-10.502243041992188,,,,-53.1,False,,,"{""telemetry"": 1.0, ""graph"": 161.8}",True,2484.9,False,False,True,0.0,,0.005,False,0.0,,0.007,False,0.0,,0.006,False
84.15,407,slm,TOWNSIM_INI,1,deliberative,ESCANEO,0,54.73629805396228,False,23.812652587890625,13.856369972229004,-10.501522064208984,,,,-53.1,False,,,"{""telemetry"": 1.1, ""graph"": 148.5}",True,2484.9,False,False,True,0.0,,0.003,False,0.0,,0.004,False,0.0,,0.004,False
84.354,408,slm,TOWNSIM_INI,1,deliberative,ESCANEO,0,54.736593214472364,False,23.812782287597656,13.856222152709961,-10.500782012939453,,,,-53.1,False,,,"{""telemetry"": 1.0, ""graph"": 152.2}",True,2484.9,False,False,True,0.0,,0.003,False,0.0,,0.005,False,0.0,,0.004,False
84.537,409,slm,TOWNSIM_INI,1,deliberative,ESCANEO,0,54.73684349723384,False,23.812896728515625,13.856107711791992,-10.500152587890625,,,,-53.1,False,,,"{""telemetry"": 1.9, ""graph"": 134.0}",True,2484.9,False,False,True,0.0,,0.001,False,0.0,,0.001,False,0.0,,0.001,False
84.75,410,slm,TOWNSIM_INI,1,deliberative,ESCANEO,0,54.73706801218097,False,23.81301498413086,13.856033325195312,-10.499418258666992,,,,-53.1,False,,,"{""telemetry"": 0.8, ""graph"": 147.4}",True,2484.9,False,False,True,0.0,,0.005,False,0.0,,0.008,False,0.0,,0.007,False
84.957,411,slm,TOWNSIM_INI,1,deliberative,ESCANEO,0,54.737336645669714,False,23.81301498413086,13.855968475341797,-10.498723030090332,,,,-53.1,False,,,"{""telemetry"": 1.6, ""graph"": 153.2}",True,2484.9,False,False,True,0.0,,0.007,False,0.0,,0.013,False,0.0,,0.009,False
85.139,412,slm,TOWNSIM_INI,1,deliberative,ESCANEO,0,54.737605510792406,False,23.81301498413086,13.85590934753418,-10.49813175201416,,,,-53.1,False,,,"{""telemetry"": 3.2, ""graph"": 133.1}",True,2484.9,False,False,True,0.0,,0.003,False,0.0,,0.006,False,0.0,,0.0,False
85.352,413,slm,TOWNSIM_INI,1,deliberative,ESCANEO,0,54.73787132408615,False,23.81301498413086,13.855853080749512,-10.49747371673584,,,,-53.1,False,,,"{""telemetry"": 0.8, ""graph"": 147.9}",True,2484.9,False,False,True,0.0,,0.002,False,0.0,,0.004,False,0.0,,0.003,False
85.537,414,slm,TOWNSIM_INI,1,deliberative,ESCANEO,0,54.73810628705029,False,23.81301498413086,13.855853080749512,-10.496872901916504,,,,-53.1,False,,,"{""telemetry"": 1.1, ""graph"": 131.9}",True,2484.9,False,False,True,0.0,,0.003,False,0.0,,0.005,False,0.0,,0.002,False
85.757,415,slm,TOWNSIM_INI,1,deliberative,ESCANEO,0,54.73833055103082,False,23.81301498413086,13.855853080749512,-10.496186256408691,,,,-53.1,False,,,"{""telemetry"": 0.9, ""graph"": 152.4}",True,2484.9,False,False,True,0.0,,0.003,False,0.0,,0.011,False,0.0,,0.007,False
85.939,416,slm,TOWNSIM_INI,1,deliberative,ESCANEO,0,54.738558219413584,False,23.81301498413086,13.855853080749512,-10.49559497833252,,,,-53.1,False,,,"{""telemetry"": 1.2, ""graph"": 133.3}",True,2484.9,False,False,True,0.0,,0.001,False,0.0,,0.001,False,0.0,,0.0,False
86.175,417,slm,TOWNSIM_INI,1,deliberative,ESCANEO,0,54.738782496127364,False,23.81301498413086,13.855853080749512,-10.494879722595215,,,,-53.1,False,,,"{""telemetry"": 1.7, ""graph"": 169.1}",True,2484.9,False,False,True,0.0,,0.001,False,0.0,,0.002,False,0.0,,0.001,False
86.37,418,slm,TOWNSIM_INI,1,deliberative,ESCANEO,0,54.739010177436136,False,23.81301498413086,13.855853080749512,-10.494250297546387,,,,-53.1,False,,,"{""telemetry"": 1.0, ""graph"": 164.2}",True,2484.9,False,False,True,0.0,,0.005,False,0.0,,0.008,False,0.0,,0.004,False
86.55,419,slm,TOWNSIM_INI,1,deliberative,GANAR_ALTURA,0,54.73923446688284,False,23.81301498413086,13.855853080749512,-10.493687629699707,,,,-53.1,False,,,"{""telemetry"": 1.2, ""graph"": 143.4}",True,4062.4,False,False,True,0.0,,0.003,False,0.0,,0.006,False,0.0,,0.003,False
86.771,420,slm,TOWNSIM_INI,1,deliberative,FRENAR,0,54.73945876264803,False,23.81301498413086,13.855853080749512,-10.489910125732422,,,,-52.77,False,,,"{""telemetry"": 0.9, ""graph"": 164.8}",True,4062.4,False,False,True,0.0,,0.0,False,0.0,,0.0,False,0.0,,0.0,False
86.9,421,slm,TOWNSIM_INI,1,deliberative,FRENAR,0,54.743791968851575,False,23.81301498413086,13.855853080749512,-10.475558280944824,,,,-49.95,False,,,"{""telemetry"": 0.9, ""graph"": 93.5}",True,4062.4,False,False,True,0.0,,0.0,False,0.0,,0.0,False,0.0,,0.0,False
87.104,422,slm,TOWNSIM_INI,1,deliberative,FRENAR,0,54.749719563344186,False,23.81301498413086,13.855853080749512,-10.45856761932373,,,,-47.84,False,,,"{""telemetry"": 1.1, ""graph"": 96.6}",True,4062.4,False,False,True,0.0,,0.0,False,0.0,,0.0,False,0.0,,0.0,False
87.384,423,slm,TOWNSIM_INI,1,deliberative,FRENAR,0,54.755005246969866,False,23.81301498413086,13.855853080749512,-10.444488525390625,,,,-46.92,False,,,"{""telemetry"": 0.8, ""graph"": 176.8}",True,4062.4,False,False,True,0.011,2.82,0.649,False,0.0,2.91,0.649,False,0.006,8.01,0.649,False
87.569,424,slm,TOWNSIM_INI,1,deliberative,FRENAR,0,54.75936768087356,False,23.81301498413086,13.855853080749512,-10.4340238571167,,,,-46.54,False,,,"{""telemetry"": 0.8, ""graph"": 161.0}",True,4062.4,False,False,True,0.007,3.98,0.635,False,0.0,4.63,0.635,False,0.01,13.15,0.635,False
87.781,425,slm,TOWNSIM_INI,1,deliberative,FRENAR,0,54.7628609072615,False,23.81301498413086,13.855853080749512,-10.424150466918945,,,,-46.34,False,,,"{""telemetry"": 1.5, ""graph"": 172.0}",True,4062.4,False,False,True,0.005,8.9,0.303,False,0.001,2.38,0.292,False,0.006,26.04,0.303,False
87.958,426,slm,TOWNSIM_INI,1,deliberative,FRENAR,0,54.76571222968096,False,23.81301498413086,13.855853080749512,-10.417023658752441,,,,-46.27,False,,,"{""telemetry"": 1.0, ""graph"": 149.5}",True,4062.4,False,False,True,0.0,15.01,0.189,False,0.0,9.21,0.194,False,0.01,13.98,0.193,False
88.171,427,slm,TOWNSIM_INI,1,deliberative,FRENAR,0,54.76804851901086,False,23.81301498413086,13.855853080749512,-10.410487174987793,,,,-46.23,False,,,"{""telemetry"": 1.0, ""graph"": 161.9}",True,4062.4,False,False,True,0.0,,0.065,False,0.0,,0.071,False,0.0,,0.044,False
88.337,428,slm,TOWNSIM_INI,1,deliberative,FRENAR,0,54.76999554803588,False,23.81301498413086,13.855853080749512,-10.406003952026367,,,,-46.22,False,,,"{""telemetry"": 1.0, ""graph"": 128.1}",True,4062.4,False,False,True,0.0,,0.0,False,0.0,,0.0,False,0.0,,0.0,False
88.567,429,slm,TOWNSIM_INI,1,deliberative,FRENAR,0,54.77157691818497,False,23.81301498413086,13.855853080749512,-10.40166187286377,,,,-46.21,False,,,"{""telemetry"": 1.5, ""graph"": 157.2}",True,4062.4,False,False,True,0.0,,0.001,False,0.0,,0.001,False,0.0,,0.001,False
88.766,430,slm,TOWNSIM_INI,1,deliberative,FRENAR,0,54.77289069839498,False,23.81301498413086,13.855853080749512,-10.398223876953125,,,,-46.21,False,,,"{""telemetry"": 0.8, ""graph"": 156.7}",True,4062.4,False,False,True,0.0,,0.002,False,0.0,,0.002,False,0.0,,0.001,False
88.963,431,slm,TOWNSIM_INI,1,deliberative,FRENAR,0,54.77398931987789,False,23.81301498413086,13.855853080749512,-10.395465850830078,,,,-46.2,False,,,"{""telemetry"": 1.0, ""graph"": 152.7}",True,4062.4,False,False,True,0.0,,0.002,False,0.0,,0.002,False,0.0,,0.002,False
89.129,432,slm,TOWNSIM_INI,1,deliberative,FRENAR,0,54.77492731115546,False,23.81301498413086,13.855853080749512,-10.39319133758545,,,,-46.2,False,,,"{""telemetry"": 1.1, ""graph"": 119.0}",True,4062.4,False,False,True,0.0,,0.0,False,0.0,,0.0,False,0.0,,0.0,False
89.357,433,slm,TOWNSIM_INI,1,deliberative,FRENAR,0,54.77571178517644,False,23.81301498413086,13.855853080749512,-10.391000747680664,,,,-46.2,False,,,"{""telemetry"": 1.1, ""graph"": 146.3}",True,4062.4,False,False,True,0.0,,0.003,False,0.0,,0.003,False,0.0,,0.002,False
89.545,434,slm,TOWNSIM_INI,1,deliberative,FRENAR,0,54.7763942509914,False,23.81301498413086,13.855853080749512,-10.38932991027832,,,,-46.2,False,,,"{""telemetry"": 0.9, ""graph"": 134.8}",True,4062.4,False,False,True,0.0,,0.001,False,0.0,,0.001,False,0.0,,0.001,False
89.755,435,slm,TOWNSIM_INI,1,deliberative,FRENAR,0,54.77697604841201,False,23.81301498413086,13.855853080749512,-10.387711524963379,,,,-46.2,False,,,"{""telemetry"": 0.9, ""graph"": 144.0}",True,4062.4,False,False,True,0.0,,0.0,False,0.0,,0.0,False,0.0,,0.0,False
89.957,436,slm,TOWNSIM_INI,1,deliberative,FRENAR,0,54.77748652149075,False,23.81301498413086,13.855853080749512,-10.386274337768555,,,,-46.2,False,,,"{""telemetry"": 1.1, ""graph"": 146.2}",True,4062.4,False,False,True,0.0,,0.037,False,0.0,,0.035,False,0.0,,0.032,False
90.167,437,slm,TOWNSIM_INI,1,deliberative,FRENAR,0,54.77794477972892,False,23.81301498413086,13.855853080749512,-10.385072708129883,,,,-46.2,False,,,"{""telemetry"": 1.1, ""graph"": 155.2}",True,4062.4,False,False,True,0.0,,0.002,False,0.0,,0.002,False,0.0,,0.002,False
90.37,438,slm,TOWNSIM_INI,1,deliberative,FRENAR,0,54.77834978970676,False,23.81301498413086,13.855853080749512,-10.383938789367676,,,,-46.2,False,,,"{""telemetry"": 1.1, ""graph"": 157.7}",True,4062.4,False,False,True,0.0,,0.001,False,0.0,,0.001,False,0.0,,0.001,False
90.545,439,slm,TOWNSIM_INI,1,deliberative,FRENAR,0,54.77872442498659,False,23.81301498413086,13.855853080749512,-10.38306999206543,,,,-46.2,False,,,"{""telemetry"": 0.9, ""graph"": 132.7}",True,4062.4,False,False,True,0.0,,0.031,False,0.0,,0.029,False,0.0,,0.025,False
90.769,440,slm,TOWNSIM_INI,1,deliberative,FRENAR,0,54.779062533764986,False,23.81301498413086,13.855853080749512,-10.382031440734863,,,,-46.2,False,,,"{""telemetry"": 1.1, ""graph"": 157.0}",True,4062.4,False,False,True,0.0,,0.001,False,0.0,,0.001,False,0.0,,0.001,False
90.931,441,slm,TOWNSIM_INI,1,deliberative,FRENAR,0,54.77938153020301,False,23.81301498413086,13.855853080749512,-10.381269454956055,,,,-46.2,False,,,"{""telemetry"": 1.1, ""graph"": 118.0}",True,4062.4,False,False,True,0.0,,0.0,False,0.0,,0.0,False,0.0,,0.0,False
91.142,442,slm,TOWNSIM_INI,1,deliberative,FRENAR,0,54.779674580884084,False,23.81301498413086,13.855853080749512,-10.380420684814453,,,,-46.2,False,,,"{""telemetry"": 1.0, ""graph"": 128.5}",True,4062.4,False,False,True,0.0,,0.0,False,0.0,,0.0,False,0.0,,0.0,False
91.361,443,slm,TOWNSIM_INI,1,deliberative,FRENAR,0,54.77995568729482,False,23.81301498413086,13.855853080749512,-10.379585266113281,,,,-46.2,False,,,"{""telemetry"": 2.2, ""graph"": 146.8}",True,4062.4,False,False,True,0.0,,0.0,False,0.0,,0.0,False,0.0,,0.0,False
91.528,444,slm,TOWNSIM_INI,1,deliberative,FRENAR,0,54.780226214506236,False,23.81301498413086,13.855853080749512,-10.378954887390137,,,,-46.2,False,,,"{""telemetry"": 1.1, ""graph"": 114.2}",True,4062.4,False,False,True,0.0,,0.0,False,0.0,,0.0,False,0.0,,0.0,False
91.754,445,slm,TOWNSIM_INI,1,deliberative,FRENAR,0,54.780477963260196,False,23.81301498413086,13.855853080749512,-10.378231048583984,,,,-46.2,False,,,"{""telemetry"": 1.3, ""graph"": 139.4}",True,4062.4,False,False,True,0.0,,0.001,False,0.0,,0.001,False,0.0,,0.001,False
91.962,446,slm,TOWNSIM_INI,1,deliberative,FRENAR,0,54.78072971987517,False,23.81301498413086,13.855853080749512,-10.377496719360352,,,,-46.2,False,,,"{""telemetry"": 1.1, ""graph"": 147.7}",True,4062.4,False,False,True,0.0,,0.002,False,0.0,,0.002,False,0.0,,0.001,False
92.145,447,slm,TOWNSIM_INI,1,deliberative,FRENAR,0,54.78097772661451,False,23.81301498413086,13.855853080749512,-10.376867294311523,,,,-46.2,False,,,"{""telemetry"": 1.1, ""graph"": 130.3}",True,4062.4,False,False,True,0.0,,0.01,False,0.0,,0.009,False,0.0,,0.001,False
92.379,448,slm,TOWNSIM_INI,1,deliberative,FRENAR,0,54.78121344256892,False,23.81301498413086,13.855853080749512,-10.376115798950195,,,,-46.2,False,,,"{""telemetry"": 0.9, ""graph"": 164.1}",True,4062.4,False,False,True,0.0,,0.004,False,0.0,,0.004,False,0.0,,0.002,False
92.571,449,slm,TOWNSIM_INI,1,deliberative,FRENAR,0,54.781442332770226,False,23.81301498413086,13.855853080749512,-10.37551498413086,,,,-46.2,False,,,"{""telemetry"": 0.9, ""graph"": 155.8}",True,4062.4,False,False,True,0.0,,0.003,False,0.0,,0.003,False,0.0,,0.002,False
92.762,450,slm,TOWNSIM_INI,1,deliberative,FRENAR,0,54.78166781305151,False,23.81301498413086,13.855853080749512,-10.374914169311523,,,,-46.2,False,,,"{""telemetry"": 0.9, ""graph"": 146.8}",True,4062.4,False,False,True,0.0,,0.004,False,0.0,,0.009,False,0.0,,0.002,False
92.956,451,slm,TOWNSIM_INI,1,deliberative,FRENAR,0,54.7818967161485,False,23.81301498413086,13.855853080749512,-10.374284744262695,,,,-46.2,False,,,"{""telemetry"": 0.8, ""graph"": 140.3}",True,4062.4,False,False,True,0.0,,0.009,False,0.0,,0.007,False,0.0,,0.004,False
93.163,452,slm,TOWNSIM_INI,1,deliberative,FRENAR,0,54.782122209132844,False,23.81301498413086,13.855853080749512,-10.373636245727539,,,,-46.2,False,,,"{""telemetry"": 1.3, ""graph"": 146.3}",True,4062.4,False,False,True,0.0,,0.002,False,0.0,,0.002,False,0.0,,0.002,False
93.346,453,slm,TOWNSIM_INI,1,deliberative,FRENAR,0,54.78235112512519,False,23.81301498413086,13.855853080749512,-10.373064041137695,,,,-46.2,False,,,"{""telemetry"": 0.9, ""graph"": 129.6}",True,4062.4,False,False,True,0.0,,0.009,False,0.0,,0.007,False,0.0,,0.002,False
93.57,454,slm,TOWNSIM_INI,1,deliberative,FRENAR,0,54.78257663081226,False,23.81301498413086,13.855853080749512,-10.372358322143555,,,,-46.2,False,,,"{""telemetry"": 1.0, ""graph"": 152.7}",True,4062.4,False,False,True,0.0,,0.0,False,0.0,,0.0,False,0.0,,0.0,False
93.767,455,slm,TOWNSIM_INI,1,deliberative,FRENAR,0,54.782805559699646,False,23.81301498413086,13.855853080749512,-10.371728897094727,,,,-46.2,False,,,"{""telemetry"": 1.3, ""graph"": 149.3}",True,4062.4,False,False,True,0.0,,0.004,False,0.0,,0.003,False,0.0,,0.003,False
93.948,456,slm,TOWNSIM_INI,1,deliberative,FRENAR,0,54.78303107808913,False,23.81301498413086,13.855853080749512,-10.371156692504883,,,,-46.2,False,,,"{""telemetry"": 0.8, ""graph"": 130.8}",True,4062.4,False,False,True,0.0,,0.008,False,0.0,,0.008,False,0.0,,0.001,False
94.158,457,slm,TOWNSIM_INI,1,deliberative,FRENAR,0,54.783256602781954,False,23.81301498413086,13.855853080749512,-10.370489120483398,,,,-46.2,False,,,"{""telemetry"": 1.0, ""graph"": 139.8}",True,4062.4,False,False,True,0.0,,0.001,False,0.0,,0.001,False,0.0,,0.001,False
94.368,458,slm,TOWNSIM_INI,1,deliberative,FRENAR,0,54.783485550962816,False,23.81301498413086,13.855853080749512,-10.369821548461914,,,,-46.2,False,,,"{""telemetry"": 1.8, ""graph"": 149.0}",True,4062.4,False,False,True,0.0,,0.017,False,0.0,,0.015,False,0.0,,0.004,False
94.57,459,slm,TOWNSIM_INI,1,deliberative,FRENAR,0,54.783711088357585,False,23.81301498413086,13.855853080749512,-10.369211196899414,,,,-46.2,False,,,"{""telemetry"": 1.2, ""graph"": 151.4}",True,4062.4,False,False,True,0.0,,0.006,False,0.0,,0.006,False,0.0,,0.0,False
94.765,460,slm,TOWNSIM_INI,1,deliberative,FRENAR,0,54.78393663205546,False,23.81301498413086,13.855853080749512,-10.368572235107422,,,,-46.2,False,,,"{""telemetry"": 1.0, ""graph"": 146.2}",True,4062.4,False,False,True,0.0,,0.004,False,0.0,,0.003,False,0.0,,0.001,False
94.973,461,slm,TOWNSIM_INI,1,deliberative,FRENAR,0,54.78416218205635,False,23.81301498413086,13.855853080749512,-10.367923736572266,,,,-46.2,False,,,"{""telemetry"": 0.9, ""graph"": 154.1}",True,4062.4,False,False,True,0.0,,0.003,False,0.0,,0.002,False,0.0,,0.001,False
95.171,462,slm,TOWNSIM_INI,1,deliberative,FRENAR,0,54.784391155928425,False,23.81301498413086,13.855853080749512,-10.367303848266602,,,,-46.2,False,,,"{""telemetry"": 1.6, ""graph"": 150.2}",True,4062.4,False,False,True,0.0,,0.016,False,0.0,,0.011,False,0.0,,0.003,False
95.378,463,slm,TOWNSIM_INI,1,deliberative,FRENAR,0,54.78461671863063,False,23.81301498413086,13.855853080749512,-10.366645812988281,,,,-46.2,False,,,"{""telemetry"": 1.1, ""graph"": 157.7}",True,4062.4,False,False,True,0.0,,0.004,False,0.0,,0.003,False,0.0,,0.003,False
95.577,464,slm,TOWNSIM_INI,1,deliberative,FRENAR,0,54.7848457053963,False,23.81301498413086,13.855853080749512,-10.366025924682617,,,,-46.2,False,,,"{""telemetry"": 1.2, ""graph"": 156.4}",True,4062.4,False,False,True,0.0,,0.002,False,0.0,,0.002,False,0.0,,0.001,False
95.761,465,slm,TOWNSIM_INI,1,deliberative,FRENAR,0,54.78507128079951,False,23.81301498413086,13.855853080749512,-10.365415573120117,,,,-46.2,False,,,"{""telemetry"": 0.9, ""graph"": 140.4}",True,4062.4,False,False,True,0.0,,0.01,False,0.0,,0.01,False,0.0,,0.005,False
95.97,466,slm,TOWNSIM_INI,1,deliberative,FRENAR,0,54.78529686250534,False,23.81301498413086,13.855853080749512,-10.364757537841797,,,,-46.2,False,,,"{""telemetry"": 1.4, ""graph"": 148.7}",True,4062.4,False,False,True,0.0,,0.004,False,0.0,,0.004,False,0.0,,0.003,False
96.152,467,slm,TOWNSIM_INI,1,deliberative,FRENAR,0,54.78552586856233,False,23.81301498413086,13.855853080749512,-10.364194869995117,,,,-46.2,False,,,"{""telemetry"": 1.1, ""graph"": 130.4}",True,4062.4,False,False,True,0.0,,0.006,False,0.0,,0.012,False,0.0,,0.003,False
96.361,468,slm,TOWNSIM_INI,1,deliberative,FRENAR,0,54.7857514629687,False,23.81301498413086,13.855853080749512,-10.363527297973633,,,,-46.2,False,,,"{""telemetry"": 0.8, ""graph"": 139.8}",True,4062.4,False,False,True,0.0,,0.004,False,0.0,,0.003,False,0.0,,0.002,False
96.57,469,slm,TOWNSIM_INI,1,deliberative,FRENAR,0,54.785980481918486,False,23.81301498413086,13.855853080749512,-10.362878799438477,,,,-46.2,False,,,"{""telemetry"": 0.9, ""graph"": 147.5}",True,4062.4,False,False,True,0.0,,0.003,False,0.0,,0.003,False,0.0,,0.002,False
96.804,470,slm,TOWNSIM_INI,1,deliberative,FRENAR,0,54.78620608902506,False,23.81301498413086,13.855853080749512,-10.362154006958008,,,,-46.2,False,,,"{""telemetry"": 1.1, ""graph"": 181.8}",True,4062.4,False,False,True,0.0,,0.009,False,0.0,,0.009,False,0.0,,0.004,False
96.964,471,slm,TOWNSIM_INI,1,deliberative,FRENAR,0,54.78643170243387,False,23.81301498413086,13.855853080749512,-10.361629486083984,,,,-46.2,False,,,"{""telemetry"": 1.2, ""graph"": 140.6}",True,4062.4,False,False,True,0.0,,0.005,False,0.0,,0.007,False,0.0,,0.002,False
97.17,472,slm,TOWNSIM_INI,1,deliberative,FRENAR,0,54.78666074067378,False,23.81301498413086,13.855853080749512,-10.360980987548828,,,,-46.2,False,,,"{""telemetry"": 1.0, ""graph"": 146.6}",True,4062.4,False,False,True,0.0,,0.0,False,0.0,,0.001,False,0.0,,0.0,False
97.353,473,slm,TOWNSIM_INI,1,deliberative,FRENAR,0,54.78688636678233,False,23.81301498413086,13.855853080749512,-10.360389709472656,,,,-46.2,False,,,"{""telemetry"": 0.9, ""graph"": 129.5}",True,4062.4,False,False,True,0.0,,0.003,False,0.0,,0.003,False,0.0,,0.0,False
97.565,474,slm,TOWNSIM_INI,1,deliberative,FRENAR,0,54.78711541791424,False,23.81301498413086,13.855853080749512,-10.359722137451172,,,,-46.2,False,,,"{""telemetry"": 0.9, ""graph"": 140.7}",True,4062.4,False,False,True,0.0,,0.014,False,0.0,,0.014,False,0.0,,0.008,False
97.775,475,slm,TOWNSIM_INI,1,deliberative,FRENAR,0,54.787341056722205,False,23.81301498413086,13.855853080749512,-10.359064102172852,,,,-46.2,False,,,"{""telemetry"": 1.3, ""graph"": 150.1}",True,4062.4,False,False,True,0.0,,0.013,False,0.0,,0.013,False,0.0,,0.007,False
97.978,476,slm,TOWNSIM_INI,1,deliberative,FRENAR,0,54.78756670183202,False,23.81301498413086,13.855853080749512,-10.358482360839844,,,,-46.2,False,,,"{""telemetry"": 1.2, ""graph"": 153.0}",True,4062.4,False,False,True,0.0,,0.005,False,0.0,,0.004,False,0.0,,0.004,False
98.177,477,slm,TOWNSIM_INI,1,deliberative,FRENAR,0,54.787795772252856,False,23.81301498413086,13.855853080749512,-10.357795715332031,,,,-46.2,False,,,"{""telemetry"": 1.0, ""graph"": 151.7}",True,4062.4,False,False,True,0.0,,0.012,False,0.0,,0.012,False,0.0,,0.009,False
98.379,478,slm,TOWNSIM_INI,1,deliberative,FRENAR,0,54.78802143006162,False,23.81301498413086,13.855853080749512,-10.357147216796875,,,,-46.2,False,,,"{""telemetry"": 1.0, ""graph"": 153.7}",True,4062.4,False,False,True,0.0,,0.003,False,0.0,,0.002,False,0.0,,0.001,False
98.572,479,slm,TOWNSIM_INI,1,deliberative,FRENAR,0,54.78825051337365,False,23.81301498413086,13.855853080749512,-10.356536865234375,,,,-46.2,False,,,"{""telemetry"": 1.3, ""graph"": 146.1}",True,4062.4,False,False,True,0.0,,0.006,False,0.0,,0.005,False,0.0,,0.002,False
98.773,480,slm,TOWNSIM_INI,1,deliberative,FRENAR,0,54.78847960317962,False,23.81301498413086,13.855853080749512,-10.355897903442383,,,,-46.2,False,,,"{""telemetry"": 1.0, ""graph"": 147.6}",True,4062.4,False,False,True,0.0,,0.003,False,0.0,,0.003,False,0.0,,0.002,False
98.958,481,slm,TOWNSIM_INI,1,deliberative,FRENAR,0,54.78870528008394,False,23.81301498413086,13.855853080749512,-10.355325698852539,,,,-46.2,False,,,"{""telemetry"": 1.2, ""graph"": 131.3}",True,4062.4,False,False,True,0.0,,0.0,False,0.0,,0.0,False,0.0,,0.0,False
99.168,482,slm,TOWNSIM_INI,1,deliberative,FRENAR,0,54.788930963289644,False,23.81301498413086,13.855853080749512,-10.35464859008789,,,,-46.2,False,,,"{""telemetry"": 1.0, ""graph"": 141.6}",True,4062.4,False,False,True,0.0,,0.005,False,0.0,,0.005,False,0.0,,0.002,False
99.382,483,slm,TOWNSIM_INI,1,deliberative,FRENAR,0,54.7891600723831,False,23.81301498413086,13.855853080749512,-10.35399055480957,,,,-46.2,False,,,"{""telemetry"": 1.3, ""graph"": 155.4}",True,4062.4,False,False,True,0.0,,0.006,False,0.0,,0.007,False,0.0,,0.004,False
99.558,484,slm,TOWNSIM_INI,1,deliberative,FRENAR,0,54.7893857682868,False,23.81301498413086,13.855853080749512,-10.353418350219727,,,,-46.2,False,,,"{""telemetry"": 1.5, ""graph"": 129.7}",True,4062.4,False,False,True,0.0,,0.004,False,0.0,,0.006,False,0.0,,0.001,False
99.767,485,slm,TOWNSIM_INI,1,deliberative,FRENAR,0,54.789614890270485,False,23.81301498413086,13.855853080749512,-10.352750778198242,,,,-46.2,False,,,"{""telemetry"": 0.9, ""graph"": 138.9}",True,4062.4,False,False,True,0.0,,0.007,False,0.0,,0.008,False,0.0,,0.005,False
99.999,486,slm,TOWNSIM_INI,1,deliberative,FRENAR,0,54.78984059887187,False,23.81301498413086,13.855853080749512,-10.352025985717773,,,,-46.2,False,,,"{""telemetry"": 0.9, ""graph"": 170.6}",True,4062.4,False,False,True,0.0,,0.002,False,0.0,,0.002,False,0.0,,0.001,False
100.161,487,slm,TOWNSIM_INI,1,deliberative,FRENAR,0,54.79006973374546,False,23.81301498413086,13.855853080749512,-10.35150146484375,,,,-46.2,False,,,"{""telemetry"": 1.6, ""graph"": 132.3}",True,4062.4,False,False,True,0.0,,0.006,False,0.0,,0.012,False,0.0,,0.009,False
100.369,488,slm,TOWNSIM_INI,1,deliberative,FRENAR,0,54.79029545504421,False,23.81301498413086,13.855853080749512,-10.35084342956543,,,,-46.2,False,,,"{""telemetry"": 1.0, ""graph"": 139.5}",True,4062.4,False,False,True,0.0,,0.002,False,0.0,,0.002,False,0.0,,0.001,False
100.559,489,slm,TOWNSIM_INI,1,deliberative,FRENAR,0,54.79052460280739,False,23.81301498413086,13.855853080749512,-10.350242614746094,,,,-46.2,False,,,"{""telemetry"": 1.2, ""graph"": 129.9}",True,4062.4,False,False,True,0.0,,0.006,False,0.0,,0.015,False,0.0,,0.01,False
100.787,490,slm,TOWNSIM_INI,1,deliberative,FRENAR,0,54.790750336803185,False,23.81301498413086,13.855853080749512,-10.349536895751953,,,,-46.2,False,,,"{""telemetry"": 1.0, ""graph"": 157.8}",True,4062.4,False,False,True,0.0,,0.008,False,0.0,,0.01,False,0.0,,0.008,False
100.986,491,slm,TOWNSIM_INI,1,deliberative,FRENAR,0,54.79097607709966,False,23.81301498413086,13.855853080749512,-10.348907470703125,,,,-46.2,False,,,"{""telemetry"": 0.8, ""graph"": 157.0}",True,4062.4,False,False,True,0.0,,0.015,False,0.0,,0.019,False,0.0,,0.019,False
101.224,492,slm,TOWNSIM_INI,1,deliberative,FRENAR,0,54.79120524414816,False,23.81301498413086,13.855853080749512,-10.348154067993164,,,,-46.2,False,,,"{""telemetry"": 1.4, ""graph"": 193.5}",True,4062.4,False,False,True,0.0,,0.003,False,0.0,,0.004,False,0.0,,0.003,False
101.388,493,slm,TOWNSIM_INI,1,deliberative,FRENAR,0,54.791430997141205,False,23.81301498413086,13.855853080749512,-10.34762954711914,,,,-46.2,False,,,"{""telemetry"": 1.0, ""graph"": 158.0}",True,4062.4,False,False,True,0.0,,0.01,False,0.0,,0.012,False,0.0,,0.012,False
101.575,494,slm,TOWNSIM_INI,1,deliberative,FRENAR,0,54.791660177078505,False,23.81301498413086,13.855853080749512,-10.347038269042969,,,,-46.2,False,,,"{""telemetry"": 1.1, ""graph"": 144.5}",True,4062.4,False,False,True,0.0,,0.001,False,0.0,,0.002,False,0.0,,0.002,False
101.781,495,slm,TOWNSIM_INI,1,deliberative,FRENAR,0,54.791885942767806,False,23.81301498413086,13.855853080749512,-10.346380233764648,,,,-46.2,False,,,"{""telemetry"": 1.0, ""graph"": 150.6}",True,4062.4,False,False,True,0.0,,0.009,False,0.0,,0.011,False,0.0,,0.008,False
101.979,496,slm,TOWNSIM_INI,1,deliberative,FRENAR,0,54.79211513559357,False,23.81301498413086,13.855853080749512,-10.345760345458984,,,,-46.2,False,,,"{""telemetry"": 1.4, ""graph"": 147.1}",True,4062.4,False,False,True,0.0,,0.008,False,0.0,,0.015,False,0.0,,0.013,False
102.174,497,slm,TOWNSIM_INI,1,deliberative,FRENAR,0,54.79234091397881,False,23.81301498413086,13.855853080749512,-10.34514045715332,,,,-46.2,False,,,"{""telemetry"": 0.9, ""graph"": 142.4}",True,4062.4,False,False,True,0.0,,0.013,False,0.0,,0.014,False,0.0,,0.016,False
102.385,498,slm,TOWNSIM_INI,1,deliberative,FRENAR,0,54.79257011969272,False,23.81301498413086,13.855853080749512,-10.344482421875,,,,-46.2,False,,,"{""telemetry"": 1.5, ""graph"": 152.0}",True,4062.4,False,False,True,0.0,,0.015,False,0.0,,0.017,False,0.0,,0.018,False
102.567,499,slm,TOWNSIM_INI,1,deliberative,FRENAR,0,54.79279591077359,False,23.81301498413086,13.855853080749512,-10.343900680541992,,,,-46.2,False,,,"{""telemetry"": 1.3, ""graph"": 133.0}",True,4062.4,False,False,True,0.0,,0.004,False,0.0,,0.008,False,0.0,,0.006,False
102.775,500,slm,TOWNSIM_INI,1,deliberative,FRENAR,0,54.793021708154434,False,23.81301498413086,13.855853080749512,-10.343252182006836,,,,-46.2,False,,,"{""telemetry"": 0.9, ""graph"": 141.0}",True,4062.4,False,False,True,0.0,,0.005,False,0.0,,0.007,False,0.0,,0.006,False
103.003,501,slm,TOWNSIM_INI,1,deliberative,FRENAR,0,54.793250933151505,False,23.81301498413086,13.855853080749512,-10.342527389526367,,,,-46.2,False,,,"{""telemetry"": 1.2, ""graph"": 168.3}",True,4062.4,False,False,True,0.0,,0.013,False,0.0,,0.015,False,0.0,,0.013,False
103.167,502,slm,TOWNSIM_INI,1,deliberative,FRENAR,0,54.79348016464074,False,23.81301498413086,13.855853080749512,-10.342012405395508,,,,-46.2,False,,,"{""telemetry"": 1.3, ""graph"": 131.0}",True,4062.4,False,False,True,0.0,,0.006,False,0.0,,0.012,False,0.0,,0.009,False
103.375,503,slm,TOWNSIM_INI,1,deliberative,FRENAR,0,54.79370598111192,False,23.81301498413086,13.855853080749512,-10.341354370117188,,,,-46.2,False,,,"{""telemetry"": 1.1, ""graph"": 138.5}",True,4062.4,False,False,True,0.0,,0.006,False,0.0,,0.007,False,0.0,,0.005,False
103.613,504,slm,TOWNSIM_INI,1,deliberative,FRENAR,0,54.79393180388275,False,23.81301498413086,13.855853080749512,-10.340620040893555,,,,-46.2,False,,,"{""telemetry"": 1.8, ""graph"": 175.7}",True,4062.4,False,False,True,0.0,,0.003,False,0.0,,0.003,False,0.0,,0.002,False
103.805,505,slm,TOWNSIM_INI,1,deliberative,FRENAR,0,54.79415763295316,False,23.81301498413086,13.855853080749512,-10.34000015258789,,,,-46.2,False,,,"{""telemetry"": 1.1, ""graph"": 167.7}",True,4062.4,False,False,True,0.0,,0.001,False,0.0,,0.002,False,0.0,,0.001,False
103.984,506,slm,TOWNSIM_INI,1,deliberative,FRENAR,0,54.79438689011954,False,23.81301498413086,13.855853080749512,-10.339437484741211,,,,-46.2,False,,,"{""telemetry"": 1.0, ""graph"": 146.9}",True,4062.4,False,False,True,0.0,,0.005,False,0.0,,0.005,False,0.0,,0.005,False
104.193,507,slm,TOWNSIM_INI,1,deliberative,FRENAR,0,54.794612731884314,False,23.81301498413086,13.855853080749512,-10.33877944946289,,,,-46.2,False,,,"{""telemetry"": 1.0, ""graph"": 155.3}",True,4062.4,False,False,True,0.0,,0.003,False,0.0,,0.003,False,0.0,,0.003,False
104.372,508,slm,TOWNSIM_INI,1,deliberative,FRENAR,0,54.794838579948426,False,23.81301498413086,13.855853080749512,-10.338207244873047,,,,-46.2,False,,,"{""telemetry"": 1.5, ""graph"": 133.3}",True,4062.4,False,False,True,0.0,,0.002,False,0.0,,0.003,False,0.0,,0.002,False
104.587,509,slm,TOWNSIM_INI,1,deliberative,FRENAR,0,54.79506785639606,False,23.81301498413086,13.855853080749512,-10.337539672851562,,,,-46.2,False,,,"{""telemetry"": 1.0, ""graph"": 148.5}",True,4062.4,False,False,True,0.0,,0.002,False,0.0,,0.002,False,0.0,,0.002,False
104.785,510,slm,TOWNSIM_INI,1,deliberative,FRENAR,0,54.79529371715406,False,23.81301498413086,13.855853080749512,-10.33690071105957,,,,-46.2,False,,,"{""telemetry"": 1.2, ""graph"": 146.2}",True,4062.4,False,False,True,0.0,,0.01,False,0.0,,0.011,False,0.0,,0.012,False
104.992,511,slm,TOWNSIM_INI,1,deliberative,FRENAR,0,54.79551958421117,False,23.81301498413086,13.855853080749512,-10.336252212524414,,,,-46.2,False,,,"{""telemetry"": 1.2, ""graph"": 152.0}",True,4062.4,False,False,True,0.0,,0.016,False,0.0,,0.018,False,0.0,,0.016,False
105.171,512,slm,TOWNSIM_INI,1,deliberative,FRENAR,0,54.79574887993933,False,23.81301498413086,13.855853080749512,-10.33568000793457,,,,-46.2,False,,,"{""telemetry"": 1.4, ""graph"": 130.8}",True,4062.4,False,False,True,0.0,,0.007,False,0.0,,0.01,False,0.0,,0.006,False
105.376,513,slm,TOWNSIM_INI,1,deliberative,FRENAR,0,54.79597818215876,False,23.81301498413086,13.855853080749512,-10.33502197265625,,,,-46.2,False,,,"{""telemetry"": 1.1, ""graph"": 135.4}",True,4062.4,False,False,True,0.0,,0.012,False,0.0,,0.012,False,0.0,,0.01,False
105.597,514,slm,TOWNSIM_INI,1,deliberative,FRENAR,0,54.7962040683036,False,23.81301498413086,13.855853080749512,-10.334335327148438,,,,-46.2,False,,,"{""telemetry"": 0.9, ""graph"": 156.4}",True,4062.4,False,False,True,0.0,,0.017,False,0.0,,0.018,False,0.0,,0.019,False
105.794,515,slm,TOWNSIM_INI,1,deliberative,FRENAR,0,54.796433383408456,False,23.81301498413086,13.855853080749512,-10.333734512329102,,,,-46.2,False,,,"{""telemetry"": 1.1, ""graph"": 153.2}",True,4062.4,False,False,True,0.0,,0.005,False,0.0,,0.008,False,0.0,,0.003,False
105.986,516,slm,TOWNSIM_INI,1,deliberative,FRENAR,0,54.79665928224623,False,23.81301498413086,13.855853080749512,-10.333105087280273,,,,-46.2,False,,,"{""telemetry"": 1.2, ""graph"": 144.8}",True,4062.4,False,False,True,0.0,,0.019,False,0.0,,0.021,False,0.0,,0.026,False
106.235,517,slm,TOWNSIM_INI,1,deliberative,FRENAR,0,54.79688518738264,False,23.81301498413086,13.855853080749512,-10.33232307434082,,,,-46.2,False,,,"{""telemetry"": 1.1, ""graph"": 193.4}",True,4062.4,False,False,True,0.0,,0.012,False,0.0,,0.018,False,0.0,,0.018,False
106.375,518,slm,TOWNSIM_INI,1,deliberative,FRENAR,0,54.797111098817616,False,23.81301498413086,13.855853080749512,-10.33187484741211,,,,-46.2,False,,,"{""telemetry"": 1.4, ""graph"": 133.2}",True,4062.4,False,False,True,0.0,,0.001,False,0.0,,0.005,False,0.0,,0.01,False
106.59,519,slm,TOWNSIM_INI,1,deliberative,FRENAR,0,54.797340439595466,False,23.81301498413086,13.855853080749512,-10.331197738647461,,,,-46.2,False,,,"{""telemetry"": 2.0, ""graph"": 147.5}",True,4062.4,False,False,True,0.0,,0.018,False,0.0,,0.018,False,0.0,,0.018,False
106.772,520,slm,TOWNSIM_INI,1,deliberative,FRENAR,0,54.797569786864024,False,23.81301498413086,13.855853080749512,-10.330615997314453,,,,-46.2,False,,,"{""telemetry"": 1.0, ""graph"": 129.7}",True,4062.4,False,False,True,0.0,,0.007,False,0.0,,0.014,False,0.0,,0.009,False
106.983,521,slm,TOWNSIM_INI,1,deliberative,FRENAR,0,54.79779571738506,False,23.81301498413086,13.855853080749512,-10.329957962036133,,,,-46.2,False,,,"{""telemetry"": 1.1, ""graph"": 140.4}",True,4062.4,False,False,True,0.0,,0.011,False,0.0,,0.014,False,0.0,,0.017,False
107.187,522,slm,TOWNSIM_INI,1,deliberative,FRENAR,0,54.798025077537915,False,23.81301498413086,13.855853080749512,-10.329309463500977,,,,-46.2,False,,,"{""telemetry"": 1.0, ""graph"": 144.2}",True,4062.4,False,False,True,0.0,,0.013,False,0.0,,0.013,False,0.0,,0.017,False
107.395,523,slm,TOWNSIM_INI,1,deliberative,FRENAR,0,54.79825102075078,False,23.81301498413086,13.855853080749512,-10.328641891479492,,,,-46.2,False,,,"{""telemetry"": 0.9, ""graph"": 151.1}",True,4062.4,False,False,True,0.0,,0.012,False,0.0,,0.009,False,0.0,,0.017,False
107.58,524,slm,TOWNSIM_INI,1,deliberative,FRENAR,0,54.798480393787614,False,23.81301498413086,13.855853080749512,-10.328069686889648,,,,-46.2,False,,,"{""telemetry"": 1.7, ""graph"": 135.4}",True,4062.4,False,False,True,0.0,,0.002,False,0.0,,0.006,False,0.0,,0.005,False
107.79,525,slm,TOWNSIM_INI,1,deliberative,FRENAR,0,54.798706349692,False,23.81301498413086,13.855853080749512,-10.327402114868164,,,,-46.2,False,,,"{""telemetry"": 0.8, ""graph"": 145.5}",True,4062.4,False,False,True,0.0,,0.022,False,0.0,,0.016,False,0.0,,0.026,False
108.029,526,slm,TOWNSIM_INI,1,deliberative,FRENAR,0,54.79893573561249,False,23.81301498413086,13.855853080749512,-10.326648712158203,,,,-46.2,False,,,"{""telemetry"": 1.3, ""graph"": 184.0}",True,4062.4,False,False,True,0.0,,0.021,False,0.0,,0.02,False,0.0,,0.013,False
108.178,527,slm,TOWNSIM_INI,1,deliberative,FRENAR,0,54.799161704208075,False,23.81301498413086,13.855853080749512,-10.326171875,,,,-46.2,False,,,"{""telemetry"": 1.8, ""graph"": 131.8}",True,4062.4,False,False,True,0.0,,0.007,False,0.0,,0.011,False,0.0,,0.006,False
108.396,528,slm,TOWNSIM_INI,1,deliberative,FRENAR,0,54.79938767910144,False,23.81301498413086,13.855853080749512,-10.325485229492188,,,,-46.2,False,,,"{""telemetry"": 1.2, ""graph"": 150.4}",True,4062.4,False,False,True,0.0,,0.018,False,0.0,,0.017,False,0.0,,0.011,False
108.593,529,slm,TOWNSIM_INI,1,deliberative,FRENAR,0,54.79961708429837,False,23.81301498413086,13.855853080749512,-10.32485580444336,,,,-46.2,False,,,"{""telemetry"": 1.6, ""graph"": 145.8}",True,4062.4,False,False,True,0.0,,0.013,False,0.0,,0.012,False,0.0,,0.012,False
108.801,530,slm,TOWNSIM_INI,1,deliberative,FRENAR,0,54.799843071882464,False,23.81301498413086,13.855853080749512,-10.324207305908203,,,,-46.2,False,,,"{""telemetry"": 1.2, ""graph"": 154.1}",True,4062.4,False,False,True,0.0,,0.015,False,0.0,,0.016,False,0.0,,0.016,False
108.98,531,slm,TOWNSIM_INI,1,deliberative,FRENAR,0,54.80007248996225,False,23.81301498413086,13.855853080749512,-10.323625564575195,,,,-46.2,False,,,"{""telemetry"": 3.1, ""graph"": 131.6}",True,4062.4,False,False,True,0.0,,0.002,False,0.0,,0.007,False,0.0,,0.006,False
109.193,532,slm,TOWNSIM_INI,1,deliberative,FRENAR,0,54.800298490236756,False,23.81301498413086,13.855853080749512,-10.322967529296875,,,,-46.2,False,,,"{""telemetry"": 0.9, ""graph"": 146.0}",True,4062.4,False,False,True,0.0,,0.019,False,0.0,,0.017,False,0.0,,0.023,False
109.403,533,slm,TOWNSIM_INI,1,deliberative,FRENAR,0,54.80052792119907,False,23.81301498413086,13.855853080749512,-10.32229995727539,,,,-46.2,False,,,"{""telemetry"": 1.0, ""graph"": 155.4}",True,4062.4,False,False,True,0.0,,0.002,False,0.0,,0.002,False,0.0,,0.003,False
109.586,534,slm,TOWNSIM_INI,1,deliberative,FRENAR,0,54.80075393416367,False,23.81301498413086,13.855853080749512,-10.321718215942383,,,,-46.2,False,,,"{""telemetry"": 1.3, ""graph"": 137.3}",True,4062.4,False,False,True,0.0,,0.007,False,0.0,,0.006,False,0.0,,0.003,False
109.792,535,slm,TOWNSIM_INI,1,deliberative,FRENAR,0,54.8009799534255,False,23.81301498413086,13.855853080749512,-10.321060180664062,,,,-46.2,False,,,"{""telemetry"": 1.1, ""graph"": 144.0}",True,4062.4,False,False,True,0.0,,0.002,False,0.0,,0.003,False,0.0,,0.004,False
110.0,536,slm,TOWNSIM_INI,1,deliberative,FRENAR,0,54.80120940366258,False,23.81301498413086,13.855853080749512,-10.320411682128906,,,,-46.2,False,,,"{""telemetry"": 1.4, ""graph"": 150.7}",True,4062.4,False,False,True,0.0,,0.008,False,0.0,,0.008,False,0.0,,0.009,False
110.184,537,slm,TOWNSIM_INI,1,deliberative,FRENAR,0,54.80143543561403,False,23.81301498413086,13.855853080749512,-10.319829940795898,,,,-46.2,False,,,"{""telemetry"": 1.2, ""graph"": 134.7}",True,4062.4,False,False,True,0.0,,0.004,False,0.0,,0.009,False,0.0,,0.007,False
110.401,538,slm,TOWNSIM_INI,1,deliberative,FRENAR,0,54.801664898732845,False,23.81301498413086,13.855853080749512,-10.31915283203125,,,,-46.2,False,,,"{""telemetry"": 1.5, ""graph"": 150.5}",True,4062.4,False,False,True,0.0,,0.003,False,0.0,,0.002,False,0.0,,0.003,False
110.595,539,slm,TOWNSIM_INI,1,deliberative,FRENAR,0,54.8018909433736,False,23.81301498413086,13.855853080749512,-10.318532943725586,,,,-46.2,False,,,"{""telemetry"": 1.3, ""graph"": 144.8}",True,4062.4,False,False,True,0.0,,0.004,False,0.0,,0.01,False,0.0,,0.007,False
110.797,540,slm,TOWNSIM_INI,1,deliberative,FRENAR,0,54.80212041937382,False,23.81301498413086,13.855853080749512,-10.317893981933594,,,,-46.2,False,,,"{""telemetry"": 1.4, ""graph"": 144.9}",True,4062.4,False,False,True,0.0,,0.001,False,0.0,,0.001,False,0.0,,0.001,False
110.978,541,slm,TOWNSIM_INI,1,deliberative,FRENAR,0,54.80234647670357,False,23.81301498413086,13.855853080749512,-10.317312240600586,,,,-46.2,False,,,"{""telemetry"": 0.8, ""graph"": 126.5}",True,4062.4,False,False,True,0.0,,0.0,False,0.0,,0.001,False,0.0,,0.001,False
111.19,542,slm,TOWNSIM_INI,1,deliberative,FRENAR,0,54.80257596558488,False,23.81301498413086,13.855853080749512,-10.316654205322266,,,,-46.2,False,,,"{""telemetry"": 1.1, ""graph"": 137.2}",True,4062.4,False,False,True,0.0,,0.005,False,0.0,,0.004,False,0.0,,0.005,False
111.396,543,slm,TOWNSIM_INI,1,deliberative,FRENAR,0,54.8028020356033,False,23.81301498413086,13.855853080749512,-10.315986633300781,,,,-46.2,False,,,"{""telemetry"": 1.1, ""graph"": 143.5}",True,4062.4,False,False,True,0.0,,0.006,False,0.0,,0.007,False,0.0,,0.013,False
111.582,544,slm,TOWNSIM_INI,1,deliberative,FRENAR,0,54.80303153736537,False,23.81301498413086,13.855853080749512,-10.315404891967773,,,,-46.2,False,,,"{""telemetry"": 1.0, ""graph"": 128.3}",True,4062.4,False,False,True,0.0,,0.0,False,0.0,,0.003,False,0.0,,0.004,False
111.818,545,slm,TOWNSIM_INI,1,deliberative,FRENAR,0,54.80325762007215,False,23.81301498413086,13.855853080749512,-10.314727783203125,,,,-46.2,False,,,"{""telemetry"": 1.0, ""graph"": 164.8}",True,4062.4,False,False,True,0.0,,0.003,False,0.0,,0.006,False,0.0,,0.011,False
111.995,546,slm,TOWNSIM_INI,1,deliberative,FRENAR,0,54.80348028343735,False,23.81301498413086,13.855853080749512,-10.314117431640625,,,,-46.2,False,,,"{""telemetry"": 0.9, ""graph"": 141.3}",True,4062.4,False,False,True,0.0,,0.001,False,0.0,,0.002,False,0.0,,0.003,False
112.205,547,slm,TOWNSIM_INI,1,deliberative,FRENAR,0,54.80370980437471,False,23.81301498413086,13.855853080749512,-10.31344985961914,,,,-46.2,False,,,"{""telemetry"": 1.6, ""graph"": 150.1}",True,4062.4,False,False,True,0.0,,0.009,False,0.0,,0.008,False,0.0,,0.013,False
112.395,548,slm,TOWNSIM_INI,1,deliberative,FRENAR,0,54.803939331800514,False,23.81301498413086,13.855853080749512,-10.312858581542969,,,,-46.2,False,,,"{""telemetry"": 1.9, ""graph"": 139.3}",True,4062.4,False,False,True,0.0,,0.001,False,0.0,,0.001,False,0.0,,0.002,False
112.602,549,slm,TOWNSIM_INI,1,deliberative,FRENAR,0,54.80416543978766,False,23.81301498413086,13.855853080749512,-10.312191009521484,,,,-46.2,False,,,"{""telemetry"": 1.0, ""graph"": 146.9}",True,4062.4,False,False,True,0.0,,0.013,False,0.0,,0.012,False,0.0,,0.018,False
112.833,550,slm,TOWNSIM_INI,1,deliberative,FRENAR,0,54.80439155407086,False,23.81301498413086,13.855853080749512,-10.311447143554688,,,,-46.2,False,,,"{""telemetry"": 1.0, ""graph"": 177.3}",True,4062.4,False,False,True,0.0,,0.012,False,0.0,,0.011,False,0.0,,0.019,False
112.972,551,slm,TOWNSIM_INI,1,deliberative,FRENAR,0,54.804621100767825,False,23.81301498413086,13.855853080749512,-10.310970306396484,,,,-46.2,False,,,"{""telemetry"": 1.7, ""graph"": 115.0}",True,4062.4,False,False,True,0.0,,0.0,False,0.0,,0.0,False,0.0,,0.0,False
113.211,552,slm,TOWNSIM_INI,1,deliberative,FRENAR,0,54.80484722773828,False,23.81301498413086,13.855853080749512,-10.310226440429688,,,,-46.2,False,,,"{""telemetry"": 1.0, ""graph"": 154.5}",True,4062.4,False,False,True,0.0,,0.0,False,0.0,,0.0,False,0.0,,0.0,False
113.445,553,slm,TOWNSIM_INI,1,deliberative,FRENAR,0,54.80507678731457,False,23.81301498413086,13.855853080749512,-10.309539794921875,,,,-46.2,False,,,"{""telemetry"": 1.3, ""graph"": 188.3}",True,4062.4,False,False,True,0.0,,0.006,False,0.0,,0.007,False,0.0,,0.014,False
113.602,554,slm,TOWNSIM_INI,1,deliberative,FRENAR,0,54.805302926971954,False,23.81301498413086,13.855853080749512,-10.309024810791016,,,,-46.2,False,,,"{""telemetry"": 1.6, ""graph"": 144.1}",True,4062.4,False,False,True,0.0,,0.001,False,0.0,,0.004,False,0.0,,0.006,False
113.799,555,slm,TOWNSIM_INI,1,deliberative,FRENAR,0,54.80553249942725,False,23.81301498413086,13.855853080749512,-10.308395385742188,,,,-46.2,False,,,"{""telemetry"": 1.1, ""graph"": 141.6}",True,4062.4,False,False,True,0.0,,0.011,False,0.0,,0.009,False,0.0,,0.023,False
114.005,556,slm,TOWNSIM_INI,1,deliberative,FRENAR,0,54.80575865177126,False,23.81301498413086,13.855853080749512,-10.307737350463867,,,,-46.2,False,,,"{""telemetry"": 0.9, ""graph"": 147.3}",True,4062.4,False,False,True,0.0,,0.005,False,0.0,,0.007,False,0.0,,0.014,False
114.189,557,slm,TOWNSIM_INI,1,deliberative,FRENAR,0,54.80598823710523,False,23.81301498413086,13.855853080749512,-10.30715560913086,,,,-46.2,False,,,"{""telemetry"": 1.1, ""graph"": 130.4}",True,4062.4,False,False,True,0.0,,0.003,False,0.0,,0.006,False,0.0,,0.01,False
114.412,558,slm,TOWNSIM_INI,1,deliberative,FRENAR,0,54.806214402135545,False,23.81301498413086,13.855853080749512,-10.306478500366211,,,,-46.2,False,,,"{""telemetry"": 0.8, ""graph"": 153.1}",True,4062.4,False,False,True,0.0,,0.009,False,0.0,,0.007,False,0.0,,0.014,False
114.611,559,slm,TOWNSIM_INI,1,deliberative,FRENAR,0,54.8064405734612,False,23.81301498413086,13.855853080749512,-10.305839538574219,,,,-46.2,False,,,"{""telemetry"": 0.9, ""graph"": 151.5}",True,4062.4,False,False,True,0.0,,0.005,False,0.0,,0.009,False,0.0,,0.017,False
114.783,560,slm,TOWNSIM_INI,1,deliberative,FRENAR,0,54.80666675108212,False,23.81301498413086,13.855853080749512,-10.305257797241211,,,,-46.2,False,,,"{""telemetry"": 1.1, ""graph"": 123.6}",True,4062.4,False,False,True,0.0,,0.0,False,0.0,,0.0,False,0.0,,0.0,False
115.008,561,slm,TOWNSIM_INI,1,deliberative,FRENAR,0,54.80689636207567,False,23.81301498413086,13.855853080749512,-10.304590225219727,,,,-46.2,False,,,"{""telemetry"": 1.3, ""graph"": 147.2}",True,4062.4,False,False,True,0.0,,0.013,False,0.0,,0.008,False,0.0,,0.019,False
115.226,562,slm,TOWNSIM_INI,1,deliberative,FRENAR,0,54.80712255238226,False,23.81301498413086,13.855853080749512,-10.30389404296875,,,,-46.2,False,,,"{""telemetry"": 0.9, ""graph"": 165.1}",True,4062.4,False,False,True,0.0,,0.005,False,0.0,,0.007,False,0.0,,0.011,False
115.414,563,slm,TOWNSIM_INI,1,deliberative,FRENAR,0,54.80735217625353,False,23.81301498413086,13.855853080749512,-10.303312301635742,,,,-46.2,False,,,"{""telemetry"": 1.1, ""graph"": 152.6}",True,4062.4,False,False,True,0.0,,0.002,False,0.0,,0.006,False,0.0,,0.01,False
115.608,564,slm,TOWNSIM_INI,1,deliberative,FRENAR,0,54.80757837924548,False,23.81301498413086,13.855853080749512,-10.302682876586914,,,,-46.2,False,,,"{""telemetry"": 1.8, ""graph"": 145.0}",True,4062.4,False,False,True,0.0,,0.013,False,0.0,,0.013,False,0.0,,0.02,False
115.807,565,slm,TOWNSIM_INI,1,deliberative,FRENAR,0,54.8078045885323,False,23.81301498413086,13.855853080749512,-10.302024841308594,,,,-46.2,False,,,"{""telemetry"": 1.2, ""graph"": 144.1}",True,4062.4,False,False,True,0.0,,0.0,False,0.0,,0.0,False,0.0,,0.0,False
116.024,566,slm,TOWNSIM_INI,1,deliberative,FRENAR,0,54.80803423167114,False,23.81301498413086,13.855853080749512,-10.301395416259766,,,,-46.2,False,,,"{""telemetry"": 1.2, ""graph"": 160.5}",True,4062.4,False,False,True,0.0,,0.02,False,0.0,,0.012,False,0.0,,0.023,False
116.208,567,slm,TOWNSIM_INI,1,deliberative,FRENAR,0,54.80826045364284,False,23.81301498413086,13.855853080749512,-10.300813674926758,,,,-46.2,False,,,"{""telemetry"": 1.1, ""graph"": 144.6}",True,4062.4,False,False,True,0.0,,0.007,False,0.0,,0.007,False,0.0,,0.015,False
116.44,568,slm,TOWNSIM_INI,1,deliberative,FRENAR,0,54.80848668190918,False,23.81301498413086,13.855853080749512,-10.300079345703125,,,,-46.2,False,,,"{""telemetry"": 1.1, ""graph"": 176.7}",True,4062.4,False,False,True,0.0,,0.006,False,0.0,,0.004,False,0.0,,0.005,False
116.599,569,slm,TOWNSIM_INI,1,deliberative,FRENAR,0,54.80871634431487,False,23.81301498413086,13.855853080749512,-10.299564361572266,,,,-46.2,False,,,"{""telemetry"": 2.6, ""graph"": 133.5}",True,4062.4,False,False,True,0.0,,0.008,False,0.0,,0.008,False,0.0,,0.014,False
116.8,570,slm,TOWNSIM_INI,1,deliberative,FRENAR,0,54.80894601320722,False,23.81301498413086,13.855853080749512,-10.298896789550781,,,,-46.2,False,,,"{""telemetry"": 1.2, ""graph"": 134.8}",True,4062.4,False,False,True,0.0,,0.0,False,0.0,,0.0,False,0.0,,0.0,False
117.015,571,slm,TOWNSIM_INI,1,deliberative,FRENAR,0,54.80917226054774,False,23.81301498413086,13.855853080749512,-10.298248291015625,,,,-46.2,False,,,"{""telemetry"": 1.6, ""graph"": 149.0}",True,4062.4,False,False,True,0.0,,0.013,False,0.0,,0.011,False,0.0,,0.016,False
117.18,572,slm,TOWNSIM_INI,1,deliberative,FRENAR,0,54.80939851418258,False,23.81301498413086,13.855853080749512,-10.297676086425781,,,,-46.2,False,,,"{""telemetry"": 1.2, ""graph"": 113.9}",True,4062.4,False,False,True,0.0,,0.0,False,0.0,,0.0,False,0.0,,0.0,False
117.409,573,slm,TOWNSIM_INI,1,deliberative,FRENAR,0,54.80962820234082,False,23.81301498413086,13.855853080749512,-10.297018051147461,,,,-46.2,False,,,"{""telemetry"": 1.1, ""graph"": 142.5}",True,4062.4,False,False,True,0.0,,0.012,False,0.0,,0.006,False,0.0,,0.016,False
117.623,574,slm,TOWNSIM_INI,1,deliberative,FRENAR,0,54.80985446865944,False,23.81301498413086,13.855853080749512,-10.296340942382812,,,,-46.2,False,,,"{""telemetry"": 1.1, ""graph"": 156.1}",True,4062.4,False,False,True,0.0,,0.008,False,0.0,,0.005,False,0.0,,0.014,False
117.822,575,slm,TOWNSIM_INI,1,deliberative,FRENAR,0,54.810080741272145,False,23.81301498413086,13.855853080749512,-10.295711517333984,,,,-46.2,False,,,"{""telemetry"": 1.3, ""graph"": 155.5}",True,4062.4,False,False,True,0.0,,0.011,False,0.0,,0.011,False,0.0,,0.015,False
118.008,576,slm,TOWNSIM_INI,1,deliberative,FRENAR,0,54.81030702017887,False,23.81301498413086,13.855853080749512,-10.295110702514648,,,,-46.2,False,,,"{""telemetry"": 0.9, ""graph"": 141.1}",True,4062.4,False,False,True,0.0,,0.002,False,0.0,,0.003,False,0.0,,0.006,False
118.224,577,slm,TOWNSIM_INI,1,deliberative,FRENAR,0,54.81053673399156,False,23.81301498413086,13.855853080749512,-10.294452667236328,,,,-46.2,False,,,"{""telemetry"": 1.6, ""graph"": 155.9}",True,4062.4,False,False,True,0.0,,0.015,False,0.0,,0.012,False,0.0,,0.025,False
118.411,578,slm,TOWNSIM_INI,1,deliberative,FRENAR,0,54.81076302558143,False,23.81301498413086,13.855853080749512,-10.293880462646484,,,,-46.2,False,,,"{""telemetry"": 1.1, ""graph"": 142.9}",True,4062.4,False,False,True,0.0,,0.0,False,0.0,,0.0,False,0.0,,0.001,False
118.609,579,slm,TOWNSIM_INI,1,deliberative,FRENAR,0,54.810989323465066,False,23.81301498413086,13.855853080749512,-10.293212890625,,,,-46.2,False,,,"{""telemetry"": 1.8, ""graph"": 139.5}",True,4062.4,False,False,True,0.0,,0.005,False,0.0,,0.008,False,0.0,,0.014,False
118.803,580,slm,TOWNSIM_INI,1,deliberative,FRENAR,0,54.811215627642405,False,23.81301498413086,13.855853080749512,-10.292583465576172,,,,-46.2,False,,,"{""telemetry"": 0.9, ""graph"": 134.2}",True,4062.4,False,False,True,0.0,,0.006,False,0.0,,0.009,False,0.0,,0.017,False
119.005,581,slm,TOWNSIM_INI,1,deliberative,FRENAR,0,54.811445367108284,False,23.81301498413086,13.855853080749512,-10.291973114013672,,,,-46.2,False,,,"{""telemetry"": 0.8, ""graph"": 136.2}",True,4062.4,False,False,True,0.0,,0.007,False,0.0,,0.007,False,0.0,,0.008,False
119.201,582,slm,TOWNSIM_INI,1,deliberative,FRENAR,0,54.811671683968136,False,23.81301498413086,13.855853080749512,-10.291324615478516,,,,-46.2,False,,,"{""telemetry"": 0.8, ""graph"": 131.9}",True,4062.4,False,False,True,0.0,,0.002,False,0.0,,0.003,False,0.0,,0.005,False
119.404,583,slm,TOWNSIM_INI,1,deliberative,FRENAR,0,54.81189800712145,False,23.81301498413086,13.855853080749512,-10.290695190429688,,,,-46.2,False,,,"{""telemetry"": 2.3, ""graph"": 132.9}",True,4062.4,False,False,True,0.0,,0.0,False,0.0,,0.001,False,0.0,,0.001,False
119.6,584,slm,TOWNSIM_INI,1,deliberative,FRENAR,0,54.81212776585058,False,23.81301498413086,13.855853080749512,-10.290075302124023,,,,-46.2,False,,,"{""telemetry"": 1.1, ""graph"": 130.3}",True,4062.4,False,False,True,0.0,,0.0,False,0.0,,0.0,False,0.0,,0.0,False
119.795,585,slm,TOWNSIM_INI,1,deliberative,FRENAR,0,54.81235410168594,False,23.81301498413086,13.855853080749512,-10.289417266845703,,,,-46.2,False,,,"{""telemetry"": 0.9, ""graph"": 124.7}",True,4062.4,False,False,True,0.0,,0.0,False,0.0,,0.0,False,0.0,,0.0,False
120.022,586,slm,TOWNSIM_INI,1,deliberative,FRENAR,0,54.81258044381452,False,23.81301498413086,13.855853080749512,-10.288740158081055,,,,-46.2,False,,,"{""telemetry"": 1.5, ""graph"": 150.4}",True,4062.4,False,False,True,0.0,,0.01,False,0.0,,0.007,False,0.0,,0.011,False
120.214,587,slm,TOWNSIM_INI,1,deliberative,FRENAR,0,54.812806792236245,False,23.81301498413086,13.855853080749512,-10.288129806518555,,,,-46.2,False,,,"{""telemetry"": 1.4, ""graph"": 142.4}",True,4062.4,False,False,True,0.0,,0.005,False,0.0,,0.006,False,0.0,,0.01,False
120.401,588,slm,TOWNSIM_INI,1,deliberative,FRENAR,0,54.81303314695104,False,23.81301498413086,13.855853080749512,-10.28750991821289,,,,-46.2,False,,,"{""telemetry"": 0.8, ""graph"": 129.2}",True,4062.4,False,False,True,0.0,,0.0,False,0.0,,0.0,False,0.0,,0.0,False
120.605,589,slm,TOWNSIM_INI,1,deliberative,FRENAR,0,54.81325950795884,False,23.81301498413086,13.855853080749512,-10.28689956665039,,,,-46.2,False,,,"{""telemetry"": 0.9, ""graph"": 134.2}",True,4062.4,False,False,True,0.0,,0.002,False,0.0,,0.003,False,0.0,,0.007,False
120.791,590,slm,TOWNSIM_INI,1,deliberative,FRENAR,0,54.813485875259545,False,23.81301498413086,13.855853080749512,-10.286279678344727,,,,-46.2,False,,,"{""telemetry"": 0.9, ""graph"": 119.2}",True,4062.4,False,False,True,0.0,,0.0,False,0.0,,0.0,False,0.0,,0.0,False
121.0,591,slm,TOWNSIM_INI,1,deliberative,FRENAR,0,54.813715678804414,False,23.81301498413086,13.855853080749512,-10.285669326782227,,,,-46.2,False,,,"{""telemetry"": 0.9, ""graph"": 128.0}",True,4062.4,False,False,True,0.0,,0.0,False,0.0,,0.0,False,0.0,,0.0,False
121.227,592,slm,TOWNSIM_INI,1,deliberative,FRENAR,0,54.81394205878606,False,23.81301498413086,13.855853080749512,-10.284954071044922,,,,-46.2,False,,,"{""telemetry"": 0.9, ""graph"": 154.9}",True,4062.4,False,False,True,0.0,,0.002,False,0.0,,0.002,False,0.0,,0.003,False
121.412,593,slm,TOWNSIM_INI,1,deliberative,FRENAR,0,54.81416844506038,False,23.81301498413086,13.855853080749512,-10.284324645996094,,,,-46.2,False,,,"{""telemetry"": 1.1, ""graph"": 139.1}",True,4062.4,False,False,True,0.0,,0.0,False,0.0,,0.0,False,0.0,,0.0,False
121.623,594,slm,TOWNSIM_INI,1,deliberative,FRENAR,0,54.81439483762731,False,23.81301498413086,13.855853080749512,-10.283695220947266,,,,-46.2,False,,,"{""telemetry"": 0.9, ""graph"": 150.0}",True,4062.4,False,False,True,0.0,,0.004,False,0.0,,0.004,False,0.0,,0.005,False
121.818,595,slm,TOWNSIM_INI,1,deliberative,FRENAR,0,54.81462123648676,False,23.81301498413086,13.855853080749512,-10.283084869384766,,,,-46.2,False,,,"{""telemetry"": 0.8, ""graph"": 145.3}",True,4062.4,False,False,True,0.0,,0.0,False,0.0,,0.0,False,0.0,,0.0,False
122.037,596,slm,TOWNSIM_INI,1,deliberative,FRENAR,0,54.81485107206814,False,23.81301498413086,13.855853080749512,-10.282407760620117,,,,-46.2,False,,,"{""telemetry"": 1.4, ""graph"": 163.7}",True,4062.4,False,False,True,0.0,,0.011,False,0.0,,0.011,False,0.0,,0.019,False
122.222,597,slm,TOWNSIM_INI,1,deliberative,FRENAR,0,54.815070622559546,False,23.81301498413086,13.855853080749512,-10.281816482543945,,,,-46.2,False,,,"{""telemetry"": 1.1, ""graph"": 147.9}",True,4062.4,False,False,True,0.0,,0.006,False,0.0,,0.008,False,0.0,,0.007,False
122.421,598,slm,TOWNSIM_INI,1,deliberative,FRENAR,0,54.81529704020076,False,23.81301498413086,13.855853080749512,-10.281206130981445,,,,-46.2,False,,,"{""telemetry"": 1.1, ""graph"": 146.5}",True,4062.4,False,False,True,0.0,,0.004,False,0.0,,0.008,False,0.0,,0.009,False
122.614,599,slm,TOWNSIM_INI,1,deliberative,FRENAR,0,54.81552689484824,False,23.81301498413086,13.855853080749512,-10.280595779418945,,,,-46.2,False,,,"{""telemetry"": 0.9, ""graph"": 138.7}",True,4062.4,False,False,True,0.0,,0.004,False,0.0,,0.011,False,0.0,,0.01,False
122.806,600,slm,TOWNSIM_INI,1,deliberative,FRENAR,0,54.81575332516914,False,23.81301498413086,13.855853080749512,-10.279985427856445,,,,-46.2,False,,,"{""telemetry"": 1.2, ""graph"": 129.1}",True,4062.4,False,False,True,0.0,,0.001,False,0.0,,0.002,False,0.0,,0.002,False
122.998,601,slm,TOWNSIM_INI,1,deliberative,FRENAR,0,54.815979761782096,False,23.81301498413086,13.855853080749512,-10.279375076293945,,,,-46.2,False,,,"{""telemetry"": 0.9, ""graph"": 122.0}",True,4062.4,False,False,True,0.0,,0.001,False,0.0,,0.003,False,0.0,,0.005,False
123.222,602,slm,TOWNSIM_INI,1,deliberative,FRENAR,0,54.81620620468703,False,23.81301498413086,13.855853080749512,-10.278678894042969,,,,-46.2,False,,,"{""telemetry"": 1.2, ""graph"": 145.5}",True,4062.4,False,False,True,0.0,,0.001,False,0.0,,0.002,False,0.0,,0.003,False
123.427,603,slm,TOWNSIM_INI,1,deliberative,FRENAR,0,54.81643265388386,False,23.81301498413086,13.855853080749512,-10.278039932250977,,,,-46.2,False,,,"{""telemetry"": 1.0, ""graph"": 149.8}",True,4062.4,False,False,True,0.0,,0.006,False,0.0,,0.011,False,0.0,,0.014,False
123.627,604,slm,TOWNSIM_INI,1,deliberative,FRENAR,0,54.816659109372516,False,23.81301498413086,13.855853080749512,-10.277400970458984,,,,-46.2,False,,,"{""telemetry"": 1.2, ""graph"": 150.1}",True,4062.4,False,False,True,0.0,,0.003,False,0.0,,0.008,False,0.0,,0.011,False
123.824,605,slm,TOWNSIM_INI,1,deliberative,FRENAR,0,54.8168890024404,False,23.81301498413086,13.855853080749512,-10.276771545410156,,,,-46.2,False,,,"{""telemetry"": 1.3, ""graph"": 146.7}",True,4062.4,False,False,True,0.0,,0.002,False,0.0,,0.005,False,0.0,,0.006,False
124.025,606,slm,TOWNSIM_INI,1,deliberative,FRENAR,0,54.81711203922497,False,23.81301498413086,13.855853080749512,-10.276142120361328,,,,-46.2,False,,,"{""telemetry"": 0.9, ""graph"": 148.2}",True,4062.4,False,False,True,0.0,,0.003,False,0.0,,0.011,False,0.0,,0.011,False
124.224,607,slm,TOWNSIM_INI,1,deliberative,FRENAR,0,54.817341945066765,False,23.81301498413086,13.855853080749512,-10.275531768798828,,,,-46.2,False,,,"{""telemetry"": 1.0, ""graph"": 145.8}",True,4062.4,False,False,True,0.0,,0.001,False,0.0,,0.004,False,0.0,,0.004,False
124.427,608,slm,TOWNSIM_INI,1,deliberative,FRENAR,0,54.81756842581725,False,23.81301498413086,13.855853080749512,-10.274873733520508,,,,-46.2,False,,,"{""telemetry"": 0.9, ""graph"": 148.3}",True,4062.4,False,False,True,0.0,,0.002,False,0.0,,0.007,False,0.0,,0.008,False
124.626,609,slm,TOWNSIM_INI,1,deliberative,FRENAR,0,54.8177983445294,False,23.81301498413086,13.855853080749512,-10.274282455444336,,,,-46.2,False,,,"{""telemetry"": 1.0, ""graph"": 147.0}",True,4062.4,False,False,True,0.0,,0.002,False,0.0,,0.006,False,0.0,,0.007,False
124.817,610,slm,TOWNSIM_INI,1,deliberative,FRENAR,0,54.81802483795799,False,23.81301498413086,13.855853080749512,-10.273624420166016,,,,-46.2,False,,,"{""telemetry"": 1.0, ""graph"": 138.5}",True,4062.4,False,False,True,0.0,,0.0,False,0.0,,0.0,False,0.0,,0.0,False
125.051,611,slm,TOWNSIM_INI,1,deliberative,FRENAR,0,54.818251337677864,False,23.81301498413086,13.855853080749512,-10.272928237915039,,,,-46.2,False,,,"{""telemetry"": 1.0, ""graph"": 171.7}",True,4062.4,False,False,True,0.0,,0.002,False,0.0,,0.007,False,0.0,,0.008,False
125.242,612,slm,TOWNSIM_INI,1,deliberative,FRENAR,0,54.818477843688925,False,23.81301498413086,13.855853080749512,-10.272327423095703,,,,-46.2,False,,,"{""telemetry"": 1.4, ""graph"": 161.3}",True,4062.4,False,False,True,0.0,,0.001,False,0.0,,0.005,False,0.0,,0.005,False
125.427,613,slm,TOWNSIM_INI,1,deliberative,FRENAR,0,54.8187043559911,False,23.81301498413086,13.855853080749512,-10.271736145019531,,,,-46.2,False,,,"{""telemetry"": 1.2, ""graph"": 146.0}",True,4062.4,False,False,True,0.0,,0.006,False,0.0,,0.015,False,0.0,,0.015,False
125.631,614,slm,TOWNSIM_INI,1,deliberative,FRENAR,0,54.81892744243749,False,23.81301498413086,13.855853080749512,-10.271106719970703,,,,-46.2,False,,,"{""telemetry"": 1.8, ""graph"": 149.1}",True,4062.4,False,False,True,0.0,,0.005,False,0.0,,0.013,False,0.0,,0.013,False
125.826,615,slm,TOWNSIM_INI,1,deliberative,FRENAR,0,54.81915739946851,False,23.81301498413086,13.855853080749512,-10.270486831665039,,,,-46.2,False,,,"{""telemetry"": 1.9, ""graph"": 143.4}",True,4062.4,False,False,True,0.0,,0.008,False,0.0,,0.013,False,0.0,,0.012,False
126.04,616,slm,TOWNSIM_INI,1,deliberative,FRENAR,0,54.819383930643575,False,23.81301498413086,13.855853080749512,-10.269847869873047,,,,-46.2,False,,,"{""telemetry"": 1.1, ""graph"": 158.0}",True,4062.4,False,False,True,0.0,,0.002,False,0.0,,0.007,False,0.0,,0.007,False
126.221,617,slm,TOWNSIM_INI,1,deliberative,FRENAR,0,54.81958987353442,False,23.81301498413086,13.855853080749512,-10.269294738769531,,,,-46.2,False,,,"{""telemetry"": 1.9, ""graph"": 137.4}",True,4062.4,False,False,True,0.0,,0.001,False,0.0,,0.004,False,0.0,,0.005,False
126.418,618,slm,TOWNSIM_INI,1,deliberative,FRENAR,0,54.819819849240005,False,23.81301498413086,13.855853080749512,-10.268665313720703,,,,-46.2,False,,,"{""telemetry"": 1.3, ""graph"": 134.3}",True,4062.4,False,False,True,0.0,,0.008,False,0.0,,0.015,False,0.0,,0.012,False
126.622,619,slm,TOWNSIM_INI,1,deliberative,FRENAR,0,54.820046398810696,False,23.81301498413086,13.855853080749512,-10.268026351928711,,,,-46.2,False,,,"{""telemetry"": 1.5, ""graph"": 137.2}",True,4062.4,False,False,True,0.0,,0.001,False,0.0,,0.005,False,0.0,,0.006,False
126.821,620,slm,TOWNSIM_INI,1,deliberative,FRENAR,0,54.8202763873849,False,23.81301498413086,13.855853080749512,-10.267406463623047,,,,-46.2,False,,,"{""telemetry"": 1.0, ""graph"": 137.0}",True,4062.4,False,False,True,0.0,,0.002,False,0.0,,0.007,False,0.0,,0.005,False
127.017,621,slm,TOWNSIM_INI,1,deliberative,FRENAR,0,54.82050294963198,False,23.81301498413086,13.855853080749512,-10.26675796508789,,,,-46.2,False,,,"{""telemetry"": 0.9, ""graph"": 132.6}",True,4062.4,False,False,True,0.0,,0.0,False,0.0,,0.0,False,0.0,,0.0,False
127.222,622,slm,TOWNSIM_INI,1,deliberative,FRENAR,0,54.82072951816947,False,23.81301498413086,13.855853080749512,-10.26614761352539,,,,-46.2,False,,,"{""telemetry"": 0.9, ""graph"": 137.0}",True,4062.4,False,False,True,0.0,,0.002,False,0.0,,0.012,False,0.0,,0.014,False
127.422,623,slm,TOWNSIM_INI,1,deliberative,FRENAR,0,54.82095952599762,False,23.81301498413086,13.855853080749512,-10.265518188476562,,,,-46.2,False,,,"{""telemetry"": 1.5, ""graph"": 136.1}",True,4062.4,False,False,True,0.0,,0.007,False,0.0,,0.014,False,0.0,,0.013,False
127.638,624,slm,TOWNSIM_INI,1,deliberative,FRENAR,0,54.821186107211034,False,23.81301498413086,13.855853080749512,-10.26483154296875,,,,-46.2,False,,,"{""telemetry"": 2.6, ""graph"": 150.9}",True,4062.4,False,False,True,0.0,,0.003,False,0.0,,0.011,False,0.0,,0.012,False
127.814,625,slm,TOWNSIM_INI,1,deliberative,FRENAR,0,54.821412694714624,False,23.81301498413086,13.855853080749512,-10.264240264892578,,,,-46.2,False,,,"{""telemetry"": 1.0, ""graph"": 128.1}",True,4062.4,False,False,True,0.0,,0.0,False,0.0,,0.0,False,0.0,,0.0,False
128.018,626,slm,TOWNSIM_INI,1,deliberative,FRENAR,0,54.821642721795996,False,23.81301498413086,13.855853080749512,-10.263620376586914,,,,-46.2,False,,,"{""telemetry"": 2.1, ""graph"": 130.6}",True,4062.4,False,False,True,0.0,,0.004,False,0.0,,0.012,False,0.0,,0.013,False
128.221,627,slm,TOWNSIM_INI,1,deliberative,FRENAR,0,54.82186932197503,False,23.81301498413086,13.855853080749512,-10.262981414794922,,,,-46.2,False,,,"{""telemetry"": 1.3, ""graph"": 133.4}",True,4062.4,False,False,True,0.0,,0.003,False,0.0,,0.017,False,0.0,,0.017,False
128.424,628,slm,TOWNSIM_INI,1,deliberative,FRENAR,0,54.82209936192373,False,23.81301498413086,13.855853080749512,-10.262351989746094,,,,-46.2,False,,,"{""telemetry"": 2.0, ""graph"": 134.8}",True,4062.4,False,False,True,0.0,,0.004,False,0.0,,0.016,False,0.0,,0.019,False
128.621,629,slm,TOWNSIM_INI,1,deliberative,FRENAR,0,54.82232597477789,False,23.81301498413086,13.855853080749512,-10.261703491210938,,,,-46.2,False,,,"{""telemetry"": 1.0, ""graph"": 132.7}",True,4062.4,False,False,True,0.0,,0.0,False,0.0,,0.0,False,0.0,,0.0,False
128.846,630,slm,TOWNSIM_INI,1,deliberative,FRENAR,0,54.82255259392184,False,23.81301498413086,13.855853080749512,-10.261026382446289,,,,-46.2,False,,,"{""telemetry"": 0.9, ""graph"": 157.2}",True,4062.4,False,False,True,0.0,,0.004,False,0.0,,0.014,False,0.0,,0.02,False
129.031,631,slm,TOWNSIM_INI,1,deliberative,FRENAR,0,54.82277578558988,False,23.81301498413086,13.855853080749512,-10.260435104370117,,,,-46.2,False,,,"{""telemetry"": 0.9, ""graph"": 141.7}",True,4062.4,False,False,True,0.0,,0.0,False,0.0,,0.0,False,0.0,,0.0,False
129.249,632,slm,TOWNSIM_INI,1,deliberative,FRENAR,0,54.82299898335842,False,23.81301498413086,13.855853080749512,-10.259777069091797,,,,-46.2,False,,,"{""telemetry"": 1.0, ""graph"": 159.1}",True,4062.4,False,False,True,0.0,,0.005,False,0.0,,0.013,False,0.0,,0.016,False
129.424,633,slm,TOWNSIM_INI,1,deliberative,FRENAR,0,54.82322562118069,False,23.81301498413086,13.855853080749512,-10.259214401245117,,,,-46.2,False,,,"{""telemetry"": 1.0, ""graph"": 133.6}",True,4062.4,False,False,True,0.0,,0.0,False,0.0,,0.001,False,0.0,,0.001,False
129.627,634,slm,TOWNSIM_INI,1,deliberative,FRENAR,0,54.8234556993425,False,23.81301498413086,13.855853080749512,-10.258565902709961,,,,-46.2,False,,,"{""telemetry"": 1.0, ""graph"": 136.3}",True,4062.4,False,False,True,0.0,,0.008,False,0.0,,0.023,False,0.0,,0.029,False
129.836,635,slm,TOWNSIM_INI,1,deliberative,FRENAR,0,54.823682349838954,False,23.81301498413086,13.855853080749512,-10.25790786743164,,,,-46.2,False,,,"{""telemetry"": 0.8, ""graph"": 145.3}",True,4062.4,False,False,True,0.0,,0.001,False,0.0,,0.009,False,0.0,,0.01,False
130.025,636,slm,TOWNSIM_INI,1,deliberative,FRENAR,0,54.823909006624724,False,23.81301498413086,13.855853080749512,-10.257307052612305,,,,-46.2,False,,,"{""telemetry"": 1.0, ""graph"": 133.8}",True,4062.4,False,False,True,0.0,,0.002,False,0.0,,0.012,False,0.0,,0.012,False
130.216,637,slm,TOWNSIM_INI,1,deliberative,FRENAR,0,54.82413566969975,False,23.81301498413086,13.855853080749512,-10.256668090820312,,,,-46.2,False,,,"{""telemetry"": 0.9, ""graph"": 125.0}",True,4062.4,False,False,True,0.0,,0.0,False,0.0,,0.0,False,0.0,,0.0,False
130.424,638,slm,TOWNSIM_INI,1,deliberative,FRENAR,0,54.824362339063946,False,23.81301498413086,13.855853080749512,-10.256048202514648,,,,-46.2,False,,,"{""telemetry"": 1.0, ""graph"": 132.8}",True,4062.4,False,False,True,0.0,,0.005,False,0.0,,0.015,False,0.0,,0.015,False
130.635,639,slm,TOWNSIM_INI,1,deliberative,FRENAR,0,54.82458901471723,False,23.81301498413086,13.855853080749512,-10.255390167236328,,,,-46.2,False,,,"{""telemetry"": 1.1, ""graph"": 142.6}",True,4062.4,False,False,True,0.0,,0.0,False,0.0,,0.0,False,0.0,,0.0,False
130.816,640,slm,TOWNSIM_INI,1,deliberative,FRENAR,0,54.824815696659535,False,23.81301498413086,13.855853080749512,-10.254817962646484,,,,-46.2,False,,,"{""telemetry"": 0.9, ""graph"": 124.2}",True,4062.4,False,False,True,0.0,,0.0,False,0.0,,0.004,False,0.0,,0.005,False
131.042,641,slm,TOWNSIM_INI,1,deliberative,FRENAR,0,54.82504581960931,False,23.81301498413086,13.855853080749512,-10.254121780395508,,,,-46.2,False,,,"{""telemetry"": 1.5, ""graph"": 148.8}",True,4062.4,False,False,True,0.0,,0.005,False,0.0,,0.015,False,0.0,,0.016,False
131.235,642,slm,TOWNSIM_INI,1,deliberative,FRENAR,0,54.825272514224686,False,23.81301498413086,13.855853080749512,-10.253501892089844,,,,-46.2,False,,,"{""telemetry"": 1.0, ""graph"": 141.6}",True,4062.4,False,False,True,0.0,,0.008,False,0.0,,0.029,False,0.0,,0.033,False
131.425,643,slm,TOWNSIM_INI,1,deliberative,FRENAR,0,54.82549921512885,False,23.81301498413086,13.855853080749512,-10.252872467041016,,,,-46.2,False,,,"{""telemetry"": 0.9, ""graph"": 131.5}",True,4062.4,False,False,True,0.0,,0.0,False,0.0,,0.0,False,0.0,,0.0,False
131.644,644,slm,TOWNSIM_INI,1,deliberative,FRENAR,0,54.82572935732754,False,23.81301498413086,13.855853080749512,-10.252214431762695,,,,-46.2,False,,,"{""telemetry"": 0.9, ""graph"": 150.4}",True,4062.4,False,False,True,0.0,,0.002,False,0.0,,0.012,False,0.0,,0.015,False
131.828,645,slm,TOWNSIM_INI,1,deliberative,FRENAR,0,54.825956070904304,False,23.81301498413086,13.855853080749512,-10.251623153686523,,,,-46.2,False,,,"{""telemetry"": 0.8, ""graph"": 133.2}",True,4062.4,False,False,True,0.0,,0.003,False,0.0,,0.018,False,0.0,,0.017,False
132.026,646,slm,TOWNSIM_INI,1,deliberative,FRENAR,0,54.82618622596745,False,23.81301498413086,13.855853080749512,-10.25100326538086,,,,-46.2,False,,,"{""telemetry"": 1.4, ""graph"": 129.4}",True,4062.4,False,False,True,0.0,,0.004,False,0.0,,0.02,False,0.0,,0.022,False
132.249,647,slm,TOWNSIM_INI,1,deliberative,FRENAR,0,54.8264129522165,False,23.81301498413086,13.855853080749512,-10.250364303588867,,,,-46.2,False,,,"{""telemetry"": 1.4, ""graph"": 153.1}",True,4062.4,False,False,True,0.0,,0.0,False,0.0,,0.0,False,0.0,,0.0,False
132.456,648,slm,TOWNSIM_INI,1,deliberative,FRENAR,0,54.8266328139786,False,23.81301498413086,13.855853080749512,-10.249696731567383,,,,-46.2,False,,,"{""telemetry"": 1.2, ""graph"": 159.3}",True,4062.4,False,False,True,0.0,,0.005,False,0.0,,0.025,False,0.0,,0.021,False
132.659,649,slm,TOWNSIM_INI,1,deliberative,FRENAR,0,54.8268595526138,False,23.81301498413086,13.855853080749512,-10.249048233032227,,,,-46.2,False,,,"{""telemetry"": 0.9, ""graph"": 162.2}",True,4062.4,False,False,True,0.0,,0.005,False,0.0,,0.023,False,0.0,,0.018,False
132.846,650,slm,TOWNSIM_INI,1,deliberative,FRENAR,0,54.82708629753722,False,23.81301498413086,13.855853080749512,-10.248437881469727,,,,-46.2,False,,,"{""telemetry"": 0.9, ""graph"": 148.4}",True,4062.4,False,False,True,0.0,,0.007,False,0.0,,0.024,False,0.0,,0.019,False
133.054,651,slm,TOWNSIM_INI,1,deliberative,FRENAR,0,54.827313048748806,False,23.81301498413086,13.855853080749512,-10.247751235961914,,,,-46.2,False,,,"{""telemetry"": 0.8, ""graph"": 156.8}",True,4062.4,False,False,True,0.0,,0.0,False,0.0,,0.0,False,0.0,,0.0,False
133.238,652,slm,TOWNSIM_INI,1,deliberative,FRENAR,0,54.82753980624846,False,23.81301498413086,13.855853080749512,-10.247207641601562,,,,-46.2,False,,,"{""telemetry"": 0.9, ""graph"": 140.3}",True,4062.4,False,False,True,0.0,,0.003,False,0.0,,0.03,False,0.0,,0.029,False
133.434,653,slm,TOWNSIM_INI,1,deliberative,FRENAR,0,54.827770005899445,False,23.81301498413086,13.855853080749512,-10.246587753295898,,,,-46.2,False,,,"{""telemetry"": 0.9, ""graph"": 135.3}",True,4062.4,False,False,True,0.0,,0.004,False,0.0,,0.032,False,0.0,,0.03,False
133.633,654,slm,TOWNSIM_INI,1,deliberative,FRENAR,0,54.82799677607029,False,23.81301498413086,13.855853080749512,-10.245967864990234,,,,-46.2,False,,,"{""telemetry"": 2.1, ""graph"": 132.8}",True,4062.4,False,False,True,0.0,,0.003,False,0.0,,0.015,False,0.0,,0.016,False
133.829,655,slm,TOWNSIM_INI,1,deliberative,FRENAR,0,54.82822011647512,False,23.81301498413086,13.855853080749512,-10.24534797668457,,,,-46.2,False,,,"{""telemetry"": 0.9, ""graph"": 130.3}",True,4062.4,False,False,True,0.0,,0.003,False,0.0,,0.017,False,0.0,,0.016,False
134.034,656,slm,TOWNSIM_INI,1,deliberative,FRENAR,0,54.82845033527544,False,23.81301498413086,13.855853080749512,-10.244699478149414,,,,-46.2,False,,,"{""telemetry"": 1.7, ""graph"": 134.1}",True,4062.4,False,False,True,0.0,,0.0,False,0.0,,0.01,False,0.0,,0.009,False
134.23,657,slm,TOWNSIM_INI,1,deliberative,FRENAR,0,54.82868056055542,False,23.81301498413086,13.855853080749512,-10.24407958984375,,,,-46.2,False,,,"{""telemetry"": 4.0, ""graph"": 128.4}",True,4062.4,False,False,True,0.0,,0.003,False,0.0,,0.016,False,0.0,,0.015,False
134.412,658,slm,TOWNSIM_INI,1,deliberative,FRENAR,0,54.82890735597243,False,23.81301498413086,13.855853080749512,-10.243459701538086,,,,-46.2,False,,,"{""telemetry"": 1.2, ""graph"": 111.9}",True,4062.4,False,False,True,0.0,,0.0,False,0.0,,0.0,False,0.0,,0.0,False
134.659,659,slm,TOWNSIM_INI,1,deliberative,FRENAR,0,54.829134157676975,False,23.81301498413086,13.855853080749512,-10.242734909057617,,,,-46.2,False,,,"{""telemetry"": 1.3, ""graph"": 158.7}",True,4062.4,False,False,True,0.0,,0.004,False,0.0,,0.017,False,0.0,,0.016,False
134.817,660,slm,TOWNSIM_INI,1,deliberative,FRENAR,0,54.82936096566897,False,23.81301498413086,13.855853080749512,-10.242191314697266,,,,-46.2,False,,,"{""telemetry"": 1.7, ""graph"": 115.7}",True,4062.4,False,False,True,0.0,,0.0,False,0.0,,0.0,False,0.0,,0.0,False
135.014,661,slm,TOWNSIM_INI,1,deliberative,FRENAR,0,54.82958777994833,False,23.81301498413086,13.855853080749512,-10.241571426391602,,,,-46.2,False,,,"{""telemetry"": 0.9, ""graph"": 113.2}",True,4062.4,False,False,True,0.0,,0.0,False,0.0,,0.0,False,0.0,,0.0,False
135.212,662,slm,TOWNSIM_INI,1,deliberative,FRENAR,0,54.82981460051499,False,23.81301498413086,13.855853080749512,-10.240951538085938,,,,-46.2,False,,,"{""telemetry"": 0.8, ""graph"": 110.8}",True,4062.4,False,False,True,0.0,,0.0,False,0.0,,0.0,False,0.0,,0.0,False
135.456,663,slm,TOWNSIM_INI,1,deliberative,FRENAR,0,54.83004142736887,False,23.81301498413086,13.855853080749512,-10.240226745605469,,,,-46.2,False,,,"{""telemetry"": 0.9, ""graph"": 153.9}",True,4062.4,False,False,True,0.0,,0.008,False,0.0,,0.025,False,0.0,,0.024,False
135.655,664,slm,TOWNSIM_INI,1,deliberative,FRENAR,0,54.830271697424,False,23.81301498413086,13.855853080749512,-10.239606857299805,,,,-46.2,False,,,"{""telemetry"": 1.0, ""graph"": 152.9}",True,4062.4,False,False,True,0.0,,0.012,False,0.0,,0.027,False,0.0,,0.024,False
135.852,665,slm,TOWNSIM_INI,1,deliberative,FRENAR,0,54.83049853694734,False,23.81301498413086,13.855853080749512,-10.23898696899414,,,,-46.2,False,,,"{""telemetry"": 1.1, ""graph"": 149.5}",True,4062.4,False,False,True,0.0,,0.0,False,0.0,,0.003,False,0.0,,0.002,False
136.048,666,slm,TOWNSIM_INI,1,deliberative,FRENAR,0,54.83072538275765,False,23.81301498413086,13.855853080749512,-10.238357543945312,,,,-46.2,False,,,"{""telemetry"": 1.2, ""graph"": 145.4}",True,4062.4,False,False,True,0.0,,0.003,False,0.0,,0.015,False,0.0,,0.013,False
136.24,667,slm,TOWNSIM_INI,1,deliberative,FRENAR,0,54.83095223485486,False,23.81301498413086,13.855853080749512,-10.237728118896484,,,,-46.2,False,,,"{""telemetry"": 1.0, ""graph"": 137.7}",True,4062.4,False,False,True,0.0,,0.0,False,0.0,,0.0,False,0.0,,0.0,False
136.431,668,slm,TOWNSIM_INI,1,deliberative,FRENAR,0,54.8311790932389,False,23.81301498413086,13.855853080749512,-10.23710823059082,,,,-46.2,False,,,"{""telemetry"": 0.9, ""graph"": 127.8}",True,4062.4,False,False,True,0.0,,0.0,False,0.0,,0.0,False,0.0,,0.0,False
136.627,669,slm,TOWNSIM_INI,1,deliberative,FRENAR,0,54.83140595790969,False,23.81301498413086,13.855853080749512,-10.23649787902832,,,,-46.2,False,,,"{""telemetry"": 0.9, ""graph"": 123.2}",True,4062.4,False,False,True,0.0,,0.0,False,0.0,,0.0,False,0.0,,0.0,False
136.873,670,slm,TOWNSIM_INI,1,deliberative,FRENAR,0,54.83163626635424,False,23.81301498413086,13.855853080749512,-10.235811233520508,,,,-46.2,False,,,"{""telemetry"": 1.1, ""graph"": 168.8}",True,4062.4,False,False,True,0.0,,0.0,False,0.0,,0.0,False,0.0,,0.0,False
137.036,671,slm,TOWNSIM_INI,1,deliberative,FRENAR,0,54.831849393372806,False,23.81301498413086,13.855853080749512,-10.23527717590332,,,,-46.2,False,,,"{""telemetry"": 1.2, ""graph"": 131.3}",True,4062.4,False,False,True,0.0,,0.0,False,0.0,,0.007,False,0.0,,0.007,False
137.234,672,slm,TOWNSIM_INI,1,deliberative,FRENAR,0,54.832079714290884,False,23.81301498413086,13.855853080749512,-10.234657287597656,,,,-46.2,False,,,"{""telemetry"": 1.7, ""graph"": 128.0}",True,4062.4,False,False,True,0.0,,0.0,False,0.0,,0.002,False,0.0,,0.002,False
137.469,673,slm,TOWNSIM_INI,1,deliberative,FRENAR,0,54.83230660391738,False,23.81301498413086,13.855853080749512,-10.233903884887695,,,,-46.2,False,,,"{""telemetry"": 0.9, ""graph"": 163.4}",True,4062.4,False,False,True,0.0,,0.003,False,0.0,,0.02,False,0.0,,0.016,False
137.653,674,slm,TOWNSIM_INI,1,deliberative,FRENAR,0,54.832536937695444,False,23.81301498413086,13.855853080749512,-10.233341217041016,,,,-46.2,False,,,"{""telemetry"": 1.4, ""graph"": 146.4}",True,4062.4,False,False,True,0.0,,0.008,False,0.0,,0.033,False,0.0,,0.028,False
137.844,675,slm,TOWNSIM_INI,1,deliberative,FRENAR,0,54.83276383998982,False,23.81301498413086,13.855853080749512,-10.232721328735352,,,,-46.2,False,,,"{""telemetry"": 0.9, ""graph"": 137.9}",True,4062.4,False,False,True,0.0,,0.001,False,0.0,,0.004,False,0.0,,0.003,False
138.042,676,slm,TOWNSIM_INI,1,deliberative,FRENAR,0,54.832994186627545,False,23.81301498413086,13.855853080749512,-10.232053756713867,,,,-46.2,False,,,"{""telemetry"": 1.1, ""graph"": 134.5}",True,4062.4,False,False,True,0.0,,0.0,False,0.0,,0.0,False,0.0,,0.0,False
138.22,677,slm,TOWNSIM_INI,1,deliberative,FRENAR,0,54.8332211015895,False,23.81301498413086,13.855853080749512,-10.231491088867188,,,,-46.2,False,,,"{""telemetry"": 1.0, ""graph"": 112.9}",True,4062.4,False,False,True,0.0,,0.0,False,0.0,,0.0,False,0.0,,0.0,False
138.458,678,slm,TOWNSIM_INI,1,deliberative,FRENAR,0,54.833448022837494,False,23.81301498413086,13.855853080749512,-10.230775833129883,,,,-46.2,False,,,"{""telemetry"": 0.9, ""graph"": 150.7}",True,4062.4,False,False,True,0.0,,0.006,False,0.0,,0.032,False,0.0,,0.027,False
138.642,679,slm,TOWNSIM_INI,1,deliberative,FRENAR,0,54.83367495037146,False,23.81301498413086,13.855853080749512,-10.230165481567383,,,,-46.2,False,,,"{""telemetry"": 0.9, ""graph"": 134.3}",True,4062.4,False,False,True,0.0,,0.0,False,0.0,,0.0,False,0.0,,0.0,False
138.861,680,slm,TOWNSIM_INI,1,deliberative,FRENAR,0,54.833901884191306,False,23.81301498413086,13.855853080749512,-10.229516983032227,,,,-46.2,False,,,"{""telemetry"": 0.8, ""graph"": 152.9}",True,4062.4,False,False,True,0.0,,0.0,False,0.0,,0.001,False,0.0,,0.001,False
139.064,681,slm,TOWNSIM_INI,1,deliberative,FRENAR,0,54.83413226283176,False,23.81301498413086,13.855853080749512,-10.228858947753906,,,,-46.2,False,,,"{""telemetry"": 0.9, ""graph"": 155.4}",True,4062.4,False,False,True,0.0,,0.0,False,0.0,,0.0,False,0.0,,0.0,False
139.235,682,slm,TOWNSIM_INI,1,deliberative,FRENAR,0,54.83435577068836,False,23.81301498413086,13.855853080749512,-10.22830581665039,,,,-46.2,False,,,"{""telemetry"": 1.2, ""graph"": 125.7}",True,4062.4,False,False,True,0.0,,0.0,False,0.0,,0.0,False,0.0,,0.0,False
139.479,683,slm,TOWNSIM_INI,1,deliberative,FRENAR,0,54.83458616209067,False,23.81301498413086,13.855853080749512,-10.22764778137207,,,,-46.2,False,,,"{""telemetry"": 1.4, ""graph"": 169.8}",True,4062.4,False,False,True,0.0,,0.001,False,0.0,,0.032,False,0.0,,0.022,False
