t,cycle,arm,scenario,seed,route,action,wp_index,dist_to_wp_m,degraded,pos_x,pos_y,pos_z,vel_x,vel_y,vel_z,yaw_deg,has_collided,collision_object,min_obstacle_dist_m,latency_ms_json,slm_invoked,slm_latency_ms,slm_fallback,slm_timeout,slm_adherent,field_izquierda_occ,field_izquierda_ttc_s,field_izquierda_conf,field_izquierda_blocked,field_centro_occ,field_centro_ttc_s,field_centro_conf,field_centro_blocked,field_derecha_occ,field_derecha_ttc_s,field_derecha_conf,field_derecha_blocked
0.096,1,slm,TOWNSIM_CALIB_0,0,reactive,MANTENER_RUMBO,0,7.620852024852155,False,0.0,0.0,-2.3841915130615234,,,,0.0,False,,,"{""telemetry"": 1.5, ""graph"": 91.1}",False,,,,,0.0,,0.0,False,0.0,,0.0,False,0.0,,0.0,False
0.415,2,slm,TOWNSIM_CALIB_0,0,reactive,MANTENER_RUMBO,0,7.635394596497471,False,0.0,0.0,-2.369724750518799,,,,0.26,False,,,"{""telemetry"": 0.5, ""graph"": 201.1}",False,,,,,0.0,42.7,1.0,False,0.0,27.0,1.0,False,0.002,4.76,1.0,False
0.548,3,slm,TOWNSIM_CALIB_0,0,reactive,MANTENER_RUMBO,0,7.648053457671117,False,0.0,0.0,-2.3576431274414062,,,,3.86,False,,,"{""telemetry"": 0.5, ""graph"": 129.5}",False,,,,,0.0,,0.0,False,0.0,,0.0,False,0.0,,0.0,False
0.749,4,slm,TOWNSIM_CALIB_0,0,reactive,MANTENER_RUMBO,0,7.655967417943795,False,0.0,0.0,-2.3526699542999268,,,,8.79,False,,,"{""telemetry"": 1.0, ""graph"": 117.0}",False,,,,,0.0,,0.0,False,0.0,,0.0,False,0.0,,0.0,False
0.953,5,slm,TOWNSIM_CALIB_0,0,reactive,MANTENER_RUMBO,0,7.65908262780235,False,0.0,0.0,-2.348539113998413,,,,14.3,False,,,"{""telemetry"": 1.0, ""graph"": 120.0}",False,,,,,0.0,,0.0,False,0.0,,0.0,False,0.0,,0.0,False
1.16,6,slm,TOWNSIM_CALIB_0,0,reactive,MANTENER_RUMBO,0,7.665240439321152,False,0.0,0.0,-2.3419809341430664,,,,19.61,False,,,"{""telemetry"": 1.0, ""graph"": 125.5}",False,,,,,0.0,,0.0,False,0.0,,0.0,False,0.0,,0.0,False
1.364,7,slm,TOWNSIM_CALIB_0,0,reactive,MANTENER_RUMBO,0,7.671070408574812,False,0.0,0.0,-2.336841344833374,,,,24.8,False,,,"{""telemetry"": 1.0, ""graph"": 127.9}",False,,,,,0.0,,0.0,False,0.0,,0.0,False,0.0,,0.0,False
1.563,8,slm,TOWNSIM_CALIB_0,0,reactive,MANTENER_RUMBO,0,7.67573991647196,False,0.0,0.0,-2.332602024078369,,,,29.91,False,,,"{""telemetry"": 1.5, ""graph"": 124.7}",False,,,,,0.0,,0.0,False,0.0,,0.0,False,0.0,,0.0,False
1.764,9,slm,TOWNSIM_CALIB_0,0,reactive,MANTENER_RUMBO,0,7.679600385348819,False,0.0,0.0,-2.329094171524048,,,,34.8,False,,,"{""telemetry"": 3.0, ""graph"": 122.5}",False,,,,,0.0,,0.0,False,0.0,,0.0,False,0.0,,0.0,False
1.956,10,slm,TOWNSIM_CALIB_0,0,reactive,MANTENER_RUMBO,0,7.682820859477403,False,0.0,0.0,-2.3263099193573,,,,38.92,False,,,"{""telemetry"": 1.5, ""graph"": 114.5}",False,,,,,0.0,,0.0,False,0.0,,0.0,False,0.0,,0.0,False
2.139,11,slm,TOWNSIM_CALIB_0,0,reactive,MANTENER_RUMBO,0,7.685533479635399,False,0.0,0.0,-2.323948621749878,,,,42.64,False,,,"{""telemetry"": 2.0, ""graph"": 96.0}",False,,,,,0.0,,0.0,False,0.0,,0.0,False,0.0,,0.0,False
2.354,12,slm,TOWNSIM_CALIB_0,0,reactive,MANTENER_RUMBO,0,7.687874911256427,False,0.0,0.0,-2.321633815765381,,,,46.3,False,,,"{""telemetry"": 1.0, ""graph"": 110.5}",False,,,,,0.0,,0.0,False,0.0,,0.0,False,0.0,,0.0,False
2.561,13,slm,TOWNSIM_CALIB_0,0,reactive,MANTENER_RUMBO,0,7.6898618201245155,False,0.0,0.0,-2.3197906017303467,,,,49.4,False,,,"{""telemetry"": 0.5, ""graph"": 115.5}",False,,,,,0.0,,0.0,False,0.0,,0.0,False,0.0,,0.0,False
2.754,14,slm,TOWNSIM_CALIB_0,0,reactive,MANTENER_RUMBO,0,7.691549443753778,False,0.00022438036103267223,0.000281749467831105,-2.328254461288452,,,,52.19,False,,,"{""telemetry"": 1.0, ""graph"": 106.5}",False,,,,,0.0,,0.0,False,0.0,,0.0,False,0.0,,0.0,False
2.949,15,slm,TOWNSIM_CALIB_0,0,reactive,MANTENER_RUMBO,0,7.607784156797238,False,0.012587256729602814,0.015784909948706627,-2.4549806118011475,,,,54.87,False,,,"{""telemetry"": 1.0, ""graph"": 100.5}",False,,,,,0.0,,0.0,False,0.0,,0.0,False,0.0,,0.0,False
3.151,16,slm,TOWNSIM_CALIB_0,0,reactive,MANTENER_RUMBO,0,7.4545780062572335,False,0.04806744307279587,0.06181466579437256,-2.6045289039611816,,,,57.29,False,,,"{""telemetry"": 1.0, ""graph"": 100.4}",False,,,,,0.0,,0.0,False,0.0,,0.0,False,0.0,,0.0,False
3.363,17,slm,TOWNSIM_CALIB_0,0,reactive,MANTENER_RUMBO,0,7.29783623360977,False,0.11262042820453644,0.1499113291501999,-2.77026104927063,,,,59.57,False,,,"{""telemetry"": 1.0, ""graph"": 111.0}",False,,,,,0.0,,0.0,False,0.0,,0.0,False,0.0,,0.0,False
3.558,18,slm,TOWNSIM_CALIB_0,0,reactive,MANTENER_RUMBO,0,7.133388788587782,False,0.19841547310352325,0.2741256356239319,-2.9427690505981445,,,,61.83,False,,,"{""telemetry"": 1.0, ""graph"": 104.5}",False,,,,,0.0,,0.0,False,0.0,,0.0,False,0.0,,0.0,False
3.761,19,slm,TOWNSIM_CALIB_0,0,reactive,MANTENER_RUMBO,0,6.9539189717805385,False,0.314643532037735,0.450194388628006,-3.1086061000823975,,,,64.24,False,,,"{""telemetry"": 1.0, ""graph"": 106.0}",False,,,,,0.0,,0.0,False,0.0,,0.0,False,0.0,,0.0,False
3.943,20,slm,TOWNSIM_CALIB_0,0,reactive,MANTENER_RUMBO,0,6.821006441578084,False,0.4280604124069214,0.6271157264709473,-3.2284610271453857,,,,66.82,False,,,"{""telemetry"": 3.5, ""graph"": 84.5}",False,,,,,0.0,,0.0,False,0.0,,0.0,False,0.0,,0.0,False
4.152,21,slm,TOWNSIM_CALIB_0,0,reactive,MANTENER_RUMBO,0,6.71221498568498,False,0.5482854843139648,0.819997251033783,-3.348902702331543,,,,70.35,False,,,"{""telemetry"": 1.0, ""graph"": 93.9}",False,,,,,0.0,,0.0,False,0.0,,0.0,False,0.0,,0.0,False
4.397,22,slm,TOWNSIM_CALIB_0,0,reactive,MANTENER_RUMBO,0,6.603147505146586,False,0.66290283203125,1.0082433223724365,-3.5006535053253174,,,,75.47,False,,,"{""telemetry"": 1.0, ""graph"": 121.5}",False,,,,,0.0,,0.0,False,0.0,,0.0,False,0.0,,0.0,False
4.588,23,slm,TOWNSIM_CALIB_0,0,reactive,MANTENER_RUMBO,0,6.494892241191232,False,0.7341070771217346,1.1276830434799194,-3.6373636722564697,,,,80.71,False,,,"{""telemetry"": 1.5, ""graph"": 111.5}",False,,,,,0.0,,0.0,False,0.0,,0.0,False,0.0,,0.0,False
4.764,24,slm,TOWNSIM_CALIB_0,0,reactive,MANTENER_RUMBO,0,6.37505034110427,False,0.785075306892395,1.2149357795715332,-3.768094539642334,,,,86.56,False,,,"{""telemetry"": 1.0, ""graph"": 86.0}",False,,,,,0.0,,0.0,False,0.0,,0.0,False,0.0,,0.0,False
4.965,25,slm,TOWNSIM_CALIB_0,0,reactive,MANTENER_RUMBO,0,6.249315080284285,False,0.8313442468643188,1.2959460020065308,-3.8877477645874023,,,,93.43,False,,,"{""telemetry"": 1.0, ""graph"": 85.5}",False,,,,,0.0,,0.0,False,0.0,,0.0,False,0.0,,0.0,False
5.171,26,slm,TOWNSIM_CALIB_0,0,deliberative,GANAR_ALTURA,0,6.248854688743144,False,0.8718176484107971,1.3677488565444946,-3.872750759124756,,,,100.88,False,,,"{""telemetry"": 1.0, ""graph"": 90.6}",False,,,,,0.0,,0.0,False,0.0,,0.0,False,0.0,,0.0,False
5.379,27,slm,TOWNSIM_CALIB_0,0,evasive,GANAR_ALTURA,0,6.289878104023925,False,0.9017307758331299,1.4223123788833618,-3.8474841117858887,,,,108.3,False,,,"{""telemetry"": 1.0, ""graph"": 96.4}",False,,,,,0.0,,0.0,False,0.0,,0.0,False,0.0,,0.0,False
5.585,28,slm,TOWNSIM_CALIB_0,0,evasive,GANAR_ALTURA,0,6.319584658057844,False,0.9236268997192383,1.4639756679534912,-3.830744981765747,,,,116.05,False,,,"{""telemetry"": 1.0, ""graph"": 101.0}",False,,,,,0.0,,0.0,False,0.0,,0.0,False,0.0,,0.0,False
5.797,29,slm,TOWNSIM_CALIB_0,0,evasive,GANAR_ALTURA,0,6.338483634402083,False,0.9385215044021606,1.4950073957443237,-3.8223397731781006,,,,124.67,False,,,"{""telemetry"": 2.0, ""graph"": 109.5}",False,,,,,0.0,,0.0,False,0.0,,0.0,False,0.0,,0.0,False
5.985,30,slm,TOWNSIM_CALIB_0,0,evasive,GANAR_ALTURA,0,6.34898950566013,False,0.9462341666221619,1.5161147117614746,-3.819463014602661,,,,132.87,False,,,"{""telemetry"": 1.0, ""graph"": 97.0}",False,,,,,0.0,,0.0,False,0.0,,0.0,False,0.0,,0.0,False
6.181,31,slm,TOWNSIM_CALIB_0,0,evasive,GANAR_ALTURA,0,6.353854355927481,False,0.9481579065322876,1.5317679643630981,-3.81941819190979,,,,141.49,False,,,"{""telemetry"": 1.0, ""graph"": 92.5}",False,,,,,0.0,,0.0,False,0.0,,0.0,False,0.0,,0.0,False
6.386,32,slm,TOWNSIM_CALIB_0,0,evasive,GANAR_ALTURA,0,6.354485028850812,False,0.9437684416770935,1.5416710376739502,-3.8211452960968018,,,,150.45,False,,,"{""telemetry"": 1.5, ""graph"": 94.8}",False,,,,,0.0,,0.0,False,0.0,,0.0,False,0.0,,0.0,False
6.597,33,slm,TOWNSIM_CALIB_0,0,evasive,GANAR_ALTURA,0,6.351982904925239,False,0.9330042004585266,1.5449280738830566,-3.8239078521728516,,,,159.85,False,,,"{""telemetry"": 2.0, ""graph"": 103.5}",False,,,,,0.0,,0.0,False,0.0,,0.0,False,0.0,,0.0,False
6.809,34,slm,TOWNSIM_CALIB_0,0,evasive,GANAR_ALTURA,0,6.3469947105743865,False,0.9174103736877441,1.5403450727462769,-3.8271055221557617,,,,169.4,False,,,"{""telemetry"": 1.0, ""graph"": 115.9}",False,,,,,0.0,,0.0,False,0.0,,0.0,False,0.0,,0.0,False
6.991,35,slm,TOWNSIM_CALIB_0,0,reactive,MANTENER_RUMBO,0,6.340164125550748,False,0.902799665927887,1.5304962396621704,-3.8298306465148926,,,,177.35,False,,,"{""telemetry"": 1.0, ""graph"": 96.4}",False,,,,,0.0,,0.0,False,0.0,,0.0,False,0.0,,0.0,False
7.21,36,slm,TOWNSIM_CALIB_0,0,reactive,MANTENER_RUMBO,0,6.332852665735152,False,0.8858714699745178,1.5126698017120361,-3.829969644546509,,,,-174.18,False,,,"{""telemetry"": 1.0, ""graph"": 114.0}",False,,,,,0.0,,0.0,False,0.0,,0.0,False,0.0,,0.0,False
7.408,37,slm,TOWNSIM_CALIB_0,0,reactive,MANTENER_RUMBO,0,6.330818351122669,False,0.8727231621742249,1.4954818487167358,-3.8267054557800293,,,,-168.63,False,,,"{""telemetry"": 1.0, ""graph"": 108.5}",False,,,,,0.0,,0.0,False,0.0,,0.0,False,0.0,,0.0,False
7.587,38,slm,TOWNSIM_CALIB_0,0,reactive,MANTENER_RUMBO,0,6.3293696939033195,False,0.8634955286979675,1.4825725555419922,-3.8243167400360107,,,,-164.79,False,,,"{""telemetry"": 1.0, ""graph"": 86.5}",False,,,,,0.0,,0.0,False,0.0,,0.0,False,0.0,,0.0,False
7.799,39,slm,TOWNSIM_CALIB_0,0,reactive,MANTENER_RUMBO,0,6.328510174118049,False,0.855250895023346,1.4710137844085693,-3.8289949893951416,,,,-161.42,False,,,"{""telemetry"": 1.0, ""graph"": 97.0}",False,,,,,0.0,,0.0,False,0.0,,0.0,False,0.0,,0.0,False
8.007,40,slm,TOWNSIM_CALIB_0,0,reactive,MANTENER_RUMBO,0,6.2481741428443,False,0.8311023712158203,1.4570786952972412,-3.9449009895324707,,,,-158.7,False,,,"{""telemetry"": 1.0, ""graph"": 103.5}",False,,,,,0.0,,0.0,False,0.0,,0.0,False,0.0,,0.0,False
8.217,41,slm,TOWNSIM_CALIB_0,0,reactive,MANTENER_RUMBO,0,6.100535153566489,False,0.7683601379394531,1.4312468767166138,-4.1004486083984375,,,,-156.38,False,,,"{""telemetry"": 1.0, ""graph"": 112.5}",False,,,,,0.0,,0.0,False,0.0,,0.0,False,0.0,,0.0,False
8.454,42,slm,TOWNSIM_CALIB_0,0,reactive,MANTENER_RUMBO,0,5.924738622673613,False,0.672671914100647,1.393174648284912,-4.255632400512695,,,,-154.52,False,,,"{""telemetry"": 1.0, ""graph"": 148.5}",False,,,,,0.0,,0.0,False,0.0,,0.0,False,0.0,,0.0,False
8.603,43,slm,TOWNSIM_CALIB_0,0,reactive,MANTENER_RUMBO,0,5.727156283930235,False,0.5099428296089172,1.3260600566864014,-4.447558403015137,,,,-152.36,False,,,"{""telemetry"": 1.5, ""graph"": 93.5}",False,,,,,0.0,,0.0,False,0.0,,0.0,False,0.0,,0.0,False
8.836,44,slm,TOWNSIM_CALIB_0,0,reactive,MANTENER_RUMBO,0,5.517467761719898,False,0.2748774290084839,1.2248741388320923,-4.63083028793335,,,,-150.23,False,,,"{""telemetry"": 1.0, ""graph"": 126.5}",False,,,,,0.0,,0.0,False,0.0,,0.0,False,0.0,,0.0,False
9.104,45,slm,TOWNSIM_CALIB_0,0,deliberative,FRENAR,0,5.344196225874656,False,0.036282893270254135,1.1168912649154663,-4.7809739112854,,,,-148.43,False,,,"{""telemetry"": 1.0, ""graph"": 193.6}",False,,,,,0.025,2.56,0.29,False,0.009,1.96,0.29,False,0.028,4.49,0.29,False
9.285,46,slm,TOWNSIM_CALIB_0,0,deliberative,FRENAR,0,5.176170936064327,False,-0.19774018228054047,1.004388451576233,-4.91374397277832,,,,-146.68,False,,,"{""telemetry"": 1.0, ""graph"": 172.5}",False,,,,,0.0,,0.0,False,0.0,,0.0,False,0.0,,0.0,False
9.514,47,slm,TOWNSIM_CALIB_0,0,deliberative,FRENAR,0,5.090464974314909,False,-0.48184287548065186,0.8633735179901123,-4.951476573944092,,,,-145.34,False,,,"{""telemetry"": 0.4, ""graph"": 198.6}",False,,,,,0.0,,0.0,False,0.0,,0.0,False,0.0,,0.0,False
9.902,48,slm,TOWNSIM_CALIB_0,0,deliberative,FRENAR,0,5.097993644929157,False,-0.815326452255249,0.695365846157074,-4.964580535888672,,,,-144.69,False,,,"{""telemetry"": 1.5, ""graph"": 381.7}",False,,,,,0.0,,0.004,False,0.0,,0.004,False,0.0,,0.004,False
10.075,49,slm,TOWNSIM_CALIB_0,0,deliberative,FRENAR,0,5.128919520164981,False,-1.0157889127731323,0.5939005613327026,-4.968852996826172,,,,-144.56,False,,,"{""telemetry"": 1.5, ""graph"": 164.0}",False,,,,,0.0,,0.0,False,0.0,,0.0,False,0.0,,0.0,False
10.287,50,slm,TOWNSIM_CALIB_0,0,deliberative,FRENAR,0,5.1528185197548435,False,-1.12922203540802,0.5364646315574646,-4.965981960296631,,,,-144.53,False,,,"{""telemetry"": 1.5, ""graph"": 167.3}",False,,,,,0.0,,0.0,False,0.0,,0.0,False,0.0,,0.0,False
10.481,51,slm,TOWNSIM_CALIB_0,0,deliberative,FRENAR,0,5.1759815355434196,False,-1.2124403715133667,0.4943408966064453,-4.960529327392578,,,,-144.52,False,,,"{""telemetry"": 2.0, ""graph"": 159.4}",False,,,,,0.0,,0.0,False,0.0,,0.0,False,0.0,,0.0,False
10.678,52,slm,TOWNSIM_CALIB_0,0,deliberative,FRENAR,0,5.196947345783312,False,-1.2727185487747192,0.4638397991657257,-4.9544219970703125,,,,-144.51,False,,,"{""telemetry"": 1.5, ""graph"": 155.2}",False,,,,,0.0,,0.0,False,0.0,,0.0,False,0.0,,0.0,False
10.899,53,slm,TOWNSIM_CALIB_0,0,deliberative,FRENAR,0,5.214661210029395,False,-1.320662498474121,0.439586877822876,-4.947972297668457,,,,-144.51,False,,,"{""telemetry"": 2.5, ""graph"": 174.3}",False,,,,,0.0,,0.0,False,0.0,,0.0,False,0.0,,0.0,False
11.07,54,slm,TOWNSIM_CALIB_0,0,deliberative,FRENAR,0,5.229605073727633,False,-1.3488394021987915,0.42533591389656067,-4.943359851837158,,,,-144.51,False,,,"{""telemetry"": 1.5, ""graph"": 143.1}",False,,,,,0.0,,0.0,False,0.0,,0.0,False,0.0,,0.0,False
11.299,55,slm,TOWNSIM_CALIB_0,0,deliberative,FRENAR,0,5.242574244190302,False,-1.377890706062317,0.41064396500587463,-4.937766075134277,,,,-144.51,False,,,"{""telemetry"": 2.0, ""graph"": 155.8}",False,,,,,0.0,,0.0,False,0.0,,0.0,False,0.0,,0.0,False
11.493,56,slm,TOWNSIM_CALIB_0,0,deliberative,FRENAR,0,5.2520761140919,False,-1.3958511352539062,0.40156081318855286,-4.933727264404297,,,,-144.51,False,,,"{""telemetry"": 1.0, ""graph"": 150.0}",False,,,,,0.0,,0.0,False,0.0,,0.0,False,0.0,,0.0,False
11.738,57,slm,TOWNSIM_CALIB_0,0,deliberative,FRENAR,0,5.259811056961671,False,-1.4104363918304443,0.3941843807697296,-4.92996883392334,,,,-144.51,False,,,"{""telemetry"": 1.5, ""graph"": 192.6}",False,,,,,0.0,,0.007,False,0.0,,0.007,False,0.0,,0.007,False
11.926,58,slm,TOWNSIM_CALIB_0,0,deliberative,FRENAR,0,5.265912518389257,False,-1.4202163219451904,0.38923755288124084,-4.927090644836426,,,,-144.51,False,,,"{""telemetry"": 1.0, ""graph"": 179.6}",False,,,,,0.0,,0.001,False,0.0,,0.001,False,0.0,,0.001,False
12.146,59,slm,TOWNSIM_CALIB_0,0,deliberative,MANTENER_RUMBO,0,5.270883678979492,False,-1.4280059337615967,0.3852972686290741,-4.924481391906738,,,,-144.51,False,,,"{""telemetry"": 1.0, ""graph"": 197.9}",True,3010.1,False,False,True,0.0,,0.009,False,0.0,,0.009,False,0.0,,0.009,False
12.312,60,slm,TOWNSIM_CALIB_0,0,evasive,EVADIR_IZQUIERDA,0,5.2748842330664365,False,-1.4332773685455322,0.38263025879859924,-4.921008586883545,,,,-144.31,False,,,"{""telemetry"": 1.0, ""graph"": 162.1}",False,,,,,0.0,44.34,0.323,False,0.001,19.51,0.323,False,0.002,3.76,0.323,False
12.441,61,slm,TOWNSIM_CALIB_0,0,reactive,MANTENER_RUMBO,0,5.288192317504955,False,-1.4378435611724854,0.38030850887298584,-4.909944534301758,,,,-140.53,False,,,"{""telemetry"": 1.0, ""graph"": 89.7}",False,,,,,0.0,,0.0,False,0.0,,0.0,False,0.0,,0.0,False
12.653,62,slm,TOWNSIM_CALIB_0,0,reactive,MANTENER_RUMBO,0,5.2484746302780225,False,-1.4548834562301636,0.3678257167339325,-4.964352607727051,,,,-137.96,False,,,"{""telemetry"": 1.5, ""graph"": 100.0}",False,,,,,0.0,,0.0,False,0.0,,0.0,False,0.0,,0.0,False
12.835,63,slm,TOWNSIM_CALIB_0,0,reactive,MANTENER_RUMBO,0,5.257838151022676,False,-1.4768671989440918,0.3512997031211853,-4.944909572601318,,,,-133.47,False,,,"{""telemetry"": 1.0, ""graph"": 81.0}",False,,,,,0.0,,0.0,False,0.0,,0.0,False,0.0,,0.0,False
13.038,64,slm,TOWNSIM_CALIB_0,0,reactive,MANTENER_RUMBO,0,5.283261595265776,False,-1.4996494054794312,0.33486804366111755,-4.928614139556885,,,,-126.43,False,,,"{""telemetry"": 1.0, ""graph"": 83.0}",False,,,,,0.0,,0.0,False,0.0,,0.0,False,0.0,,0.0,False
13.263,65,slm,TOWNSIM_CALIB_0,0,reactive,MANTENER_RUMBO,0,5.298864192303017,False,-1.520437479019165,0.322022020816803,-4.920279026031494,,,,-117.35,False,,,"{""telemetry"": 1.5, ""graph"": 105.1}",False,,,,,0.0,,0.0,False,0.0,,0.0,False,0.0,,0.0,False
13.458,66,slm,TOWNSIM_CALIB_0,0,reactive,MANTENER_RUMBO,0,5.307326567685838,False,-1.5346260070800781,0.315989226102829,-4.91809606552124,,,,-108.91,False,,,"{""telemetry"": 1.0, ""graph"": 99.0}",False,,,,,0.0,,0.0,False,0.0,,0.0,False,0.0,,0.0,False
13.654,67,slm,TOWNSIM_CALIB_0,0,reactive,MANTENER_RUMBO,0,5.312023145155336,False,-1.5458649396896362,0.3138599097728729,-4.914669036865234,,,,-101.06,False,,,"{""telemetry"": 1.0, ""graph"": 93.5}",False,,,,,0.0,,0.0,False,0.0,,0.0,False,0.0,,0.0,False
13.843,68,slm,TOWNSIM_CALIB_0,0,reactive,MANTENER_RUMBO,0,5.322685512764715,False,-1.5544391870498657,0.31364092230796814,-4.906921863555908,,,,-94.46,False,,,"{""telemetry"": 1.0, ""graph"": 82.0}",False,,,,,0.0,,0.0,False,0.0,,0.0,False,0.0,,0.0,False
14.066,69,slm,TOWNSIM_CALIB_0,0,reactive,MANTENER_RUMBO,0,5.331983772510163,False,-1.562044382095337,0.31407490372657776,-4.899290561676025,,,,-87.92,False,,,"{""telemetry"": 1.0, ""graph"": 103.0}",False,,,,,0.0,,0.0,False,0.0,,0.0,False,0.0,,0.0,False
14.267,70,slm,TOWNSIM_CALIB_0,0,reactive,MANTENER_RUMBO,0,5.339364110078538,False,-1.5670075416564941,0.3145500719547272,-4.893942356109619,,,,-82.62,False,,,"{""telemetry"": 1.0, ""graph"": 102.5}",False,,,,,0.0,,0.0,False,0.0,,0.0,False,0.0,,0.0,False
14.457,71,slm,TOWNSIM_CALIB_0,0,reactive,MANTENER_RUMBO,0,5.345306529590492,False,-1.5707050561904907,0.3149561285972595,-4.889577865600586,,,,-77.61,False,,,"{""telemetry"": 1.5, ""graph"": 90.0}",False,,,,,0.0,,0.0,False,0.0,,0.0,False,0.0,,0.0,False
14.651,72,slm,TOWNSIM_CALIB_0,0,reactive,MANTENER_RUMBO,0,5.350049545452203,False,-1.5735026597976685,0.31527143716812134,-4.885934352874756,,,,-72.85,False,,,"{""telemetry"": 1.5, ""graph"": 82.5}",False,,,,,0.0,,0.0,False,0.0,,0.0,False,0.0,,0.0,False
14.872,73,slm,TOWNSIM_CALIB_0,0,reactive,MANTENER_RUMBO,0,5.353960442113297,False,-1.5758687257766724,0.3155282735824585,-4.8824310302734375,,,,-67.98,False,,,"{""telemetry"": 1.0, ""graph"": 103.0}",False,,,,,0.0,,0.0,False,0.0,,0.0,False,0.0,,0.0,False
15.07,74,slm,TOWNSIM_CALIB_0,0,reactive,MANTENER_RUMBO,0,5.357189427360253,False,-1.5774426460266113,0.31568485498428345,-4.879841327667236,,,,-63.83,False,,,"{""telemetry"": 1.0, ""graph"": 100.0}",False,,,,,0.0,,0.0,False,0.0,,0.0,False,0.0,,0.0,False
15.271,75,slm,TOWNSIM_CALIB_0,0,reactive,MANTENER_RUMBO,0,5.359851690080556,False,-1.5786021947860718,0.3157859444618225,-4.877679347991943,,,,-59.9,False,,,"{""telemetry"": 1.5, ""graph"": 98.5}",False,,,,,0.0,,0.0,False,0.0,,0.0,False,0.0,,0.0,False
15.47,76,slm,TOWNSIM_CALIB_0,0,reactive,MANTENER_RUMBO,0,5.362041524926525,False,-1.5794930458068848,0.3158501386642456,-4.875772953033447,,,,-56.04,False,,,"{""telemetry"": 1.0, ""graph"": 96.0}",False,,,,,0.0,,0.0,False,0.0,,0.0,False,0.0,,0.0,False
15.671,77,slm,TOWNSIM_CALIB_0,0,reactive,MANTENER_RUMBO,0,5.363915605900269,False,-1.5801433324813843,0.3158857822418213,-4.874156475067139,,,,-52.44,False,,,"{""telemetry"": 2.0, ""graph"": 93.5}",False,,,,,0.0,,0.0,False,0.0,,0.0,False,0.0,,0.0,False
15.884,78,slm,TOWNSIM_CALIB_0,0,reactive,MANTENER_RUMBO,0,5.365489676143485,False,-1.5806503295898438,0.3159037232398987,-4.872668266296387,,,,-48.84,False,,,"{""telemetry"": 1.0, ""graph"": 107.0}",False,,,,,0.0,,0.0,False,0.0,,0.0,False,0.0,,0.0,False
16.056,79,slm,TOWNSIM_CALIB_0,0,reactive,MANTENER_RUMBO,0,5.366851637988616,False,-1.5809584856033325,0.31590861082077026,-4.87162446975708,,,,-45.94,False,,,"{""telemetry"": 1.0, ""graph"": 77.5}",False,,,,,0.0,,0.0,False,0.0,,0.0,False,0.0,,0.0,False
16.271,80,slm,TOWNSIM_CALIB_0,0,deliberative,GANAR_ALTURA,0,5.368041629598318,False,-1.5812408924102783,0.3159070909023285,-4.870429515838623,,,,-42.73,False,,,"{""telemetry"": 1.0, ""graph"": 90.9}",True,3010.1,False,False,True,0.0,,0.0,False,0.0,,0.0,False,0.0,,0.0,False
16.493,81,slm,TOWNSIM_CALIB_0,0,evasive,GANAR_ALTURA,0,5.369108604480127,False,-1.5814545154571533,0.3159011900424957,-4.869312763214111,,,,-39.75,False,,,"{""telemetry"": 1.0, ""graph"": 111.7}",False,,,,,0.0,,0.0,False,0.0,,0.0,False,0.0,,0.0,False
16.679,82,slm,TOWNSIM_CALIB_0,0,evasive,GANAR_ALTURA,0,5.37003931292937,False,-1.5815823078155518,0.31589457392692566,-4.868560314178467,,,,-37.21,False,,,"{""telemetry"": 1.0, ""graph"": 96.5}",False,,,,,0.0,,0.0,False,0.0,,0.0,False,0.0,,0.0,False
16.867,83,slm,TOWNSIM_CALIB_0,0,evasive,GANAR_ALTURA,0,5.370674299958309,False,-1.5816795825958252,0.3158855140209198,-4.8680524826049805,,,,-34.3,False,,,"{""telemetry"": 1.0, ""graph"": 83.5}",False,,,,,0.0,,0.0,False,0.0,,0.0,False,0.0,,0.0,False
17.108,84,slm,TOWNSIM_CALIB_0,0,evasive,GANAR_ALTURA,0,5.371057574646496,False,-1.5817536115646362,0.31586840748786926,-4.8676934242248535,,,,-30.56,False,,,"{""telemetry"": 1.5, ""graph"": 122.6}",False,,,,,0.0,,0.0,False,0.0,,0.0,False,0.0,,0.0,False
17.291,85,slm,TOWNSIM_CALIB_0,0,evasive,GANAR_ALTURA,0,5.371275526105155,False,-1.5817794799804688,0.31585031747817993,-4.867547512054443,,,,-27.68,False,,,"{""telemetry"": 1.0, ""graph"": 103.1}",False,,,,,0.0,,0.0,False,0.0,,0.0,False,0.0,,0.0,False
17.487,86,slm,TOWNSIM_CALIB_0,0,evasive,GANAR_ALTURA,0,5.3713865682457,False,-1.5817813873291016,0.3158264756202698,-4.867465019226074,,,,-24.53,False,,,"{""telemetry"": 1.0, ""graph"": 97.5}",False,,,,,0.0,,0.0,False,0.0,,0.0,False,0.0,,0.0,False
17.682,87,slm,TOWNSIM_CALIB_0,0,evasive,GANAR_ALTURA,0,5.371429276663586,False,-1.5817590951919556,0.3158003091812134,-4.867430210113525,,,,-21.37,False,,,"{""telemetry"": 2.5, ""graph"": 90.0}",False,,,,,0.0,,0.0,False,0.0,,0.0,False,0.0,,0.0,False
17.891,88,slm,TOWNSIM_CALIB_0,0,evasive,GANAR_ALTURA,0,5.371428384064185,False,-1.581713318824768,0.3157731592655182,-4.867430210113525,,,,-17.97,False,,,"{""telemetry"": 1.0, ""graph"": 98.0}",False,,,,,0.0,,0.0,False,0.0,,0.0,False,0.0,,0.0,False
18.088,89,slm,TOWNSIM_CALIB_0,0,reactive,MANTENER_RUMBO,0,5.371407070075689,False,-1.5816560983657837,0.3157520890235901,-4.867447853088379,,,,-14.86,False,,,"{""telemetry"": 1.0, ""graph"": 95.0}",False,,,,,0.0,,0.0,False,0.0,,0.0,False,0.0,,0.0,False
18.288,90,slm,TOWNSIM_CALIB_0,0,reactive,MANTENER_RUMBO,0,5.371409950312411,False,-1.581193208694458,0.31564924120903015,-4.871386528015137,,,,-11.96,False,,,"{""telemetry"": 1.0, ""graph"": 92.5}",False,,,,,0.0,,0.0,False,0.0,,0.0,False,0.0,,0.0,False
18.486,91,slm,TOWNSIM_CALIB_0,0,reactive,MANTENER_RUMBO,0,5.298516291266274,False,-1.5397542715072632,0.30640411376953125,-4.974310398101807,,,,-9.92,False,,,"{""telemetry"": 1.0, ""graph"": 89.0}",False,,,,,0.0,,0.0,False,0.0,,0.0,False,0.0,,0.0,False
18.781,92,slm,TOWNSIM_CALIB_0,0,reactive,MANTENER_RUMBO,0,5.112743204453923,False,-1.3989402055740356,0.27707216143608093,-5.203579425811768,,,,-8.2,False,,,"{""telemetry"": 1.0, ""graph"": 183.0}",False,,,,,0.0,,0.032,False,0.0,,0.032,False,0.0,,0.032,False
19.024,93,slm,TOWNSIM_CALIB_0,0,reactive,MANTENER_RUMBO,0,4.832420871515109,False,-1.1373776197433472,0.2255704253911972,-5.467282295227051,,,,-6.58,False,,,"{""telemetry"": 1.0, ""graph"": 224.0}",False,,,,,0.0,,0.0,False,0.0,,0.0,False,0.0,,0.0,False
19.212,94,slm,TOWNSIM_CALIB_0,0,reactive,MANTENER_RUMBO,0,4.520730784387104,False,-0.8002352118492126,0.1642359346151352,-5.692097187042236,,,,-5.26,False,,,"{""telemetry"": 1.0, ""graph"": 182.8}",False,,,,,0.0,,0.0,False,0.0,,0.0,False,0.0,,0.0,False
19.397,95,slm,TOWNSIM_CALIB_0,0,reactive,MANTENER_RUMBO,0,4.263236701714883,False,-0.4649525284767151,0.10821767151355743,-5.861840724945068,,,,-4.25,False,,,"{""telemetry"": 1.0, ""graph"": 163.0}",False,,,,,0.0,,0.0,False,0.0,,0.0,False,0.0,,0.0,False
19.584,96,slm,TOWNSIM_CALIB_0,0,reactive,MANTENER_RUMBO,0,4.047930991670568,False,-0.07730359584093094,0.047480665147304535,-6.025611877441406,,,,-3.24,False,,,"{""telemetry"": 1.5, ""graph"": 148.6}",False,,,,,0.0,,0.0,False,0.0,,0.0,False,0.0,,0.0,False
19.832,97,slm,TOWNSIM_CALIB_0,0,reactive,MANTENER_RUMBO,0,3.888415217436837,False,0.4450550079345703,-0.027261905372142792,-6.209917068481445,,,,-1.59,False,,,"{""telemetry"": 1.5, ""graph"": 194.0}",False,,,,,0.0,,0.059,False,0.0,,0.059,False,0.0,,0.059,False
19.96,98,slm,TOWNSIM_CALIB_0,0,reactive,MANTENER_RUMBO,0,3.8046656373730725,False,0.8904005289077759,-0.08398247510194778,-6.360564231872559,,,,0.77,False,,,"{""telemetry"": 1.0, ""graph"": 121.5}",False,,,,,0.0,,0.0,False,0.0,,0.0,False,0.0,,0.0,False
20.15,99,slm,TOWNSIM_CALIB_0,0,reactive,MANTENER_RUMBO,0,3.7529732037965724,False,1.2757054567337036,-0.12847130000591278,-6.521761894226074,,,,4.42,False,,,"{""telemetry"": 1.0, ""graph"": 110.4}",False,,,,,0.0,,0.0,False,0.0,,0.0,False,0.0,,0.0,False
20.342,100,slm,TOWNSIM_CALIB_0,0,reactive,MANTENER_RUMBO,0,3.7216655119453033,False,1.601252555847168,-0.16335365176200867,-6.691963195800781,,,,9.14,False,,,"{""telemetry"": 1.0, ""graph"": 98.0}",False,,,,,0.0,,0.0,False,0.0,,0.0,False,0.0,,0.0,False
20.557,101,slm,TOWNSIM_CALIB_0,0,reactive,MANTENER_RUMBO,0,3.7063560894845113,False,1.8974978923797607,-0.1931668519973755,-6.865774631500244,,,,14.95,False,,,"{""telemetry"": 1.5, ""graph"": 98.7}",False,,,,,0.0,,0.0,False,0.0,,0.0,False,0.0,,0.0,False
20.768,102,slm,TOWNSIM_CALIB_0,0,reactive,MANTENER_RUMBO,0,3.7019448396387733,False,2.124018907546997,-0.2148580551147461,-7.0091633796691895,,,,21.0,False,,,"{""telemetry"": 1.0, ""graph"": 108.0}",False,,,,,0.0,,0.0,False,0.0,,0.0,False,0.0,,0.0,False
20.947,103,slm,TOWNSIM_CALIB_0,0,reactive,MANTENER_RUMBO,0,3.7792648930480035,False,2.2824299335479736,-0.23008105158805847,-7.00944709777832,,,,26.95,False,,,"{""telemetry"": 1.0, ""graph"": 86.0}",False,,,,,0.0,,0.0,False,0.0,,0.0,False,0.0,,0.0,False
21.161,104,slm,TOWNSIM_CALIB_0,0,reactive,MANTENER_RUMBO,0,3.88736053897464,False,2.4263317584991455,-0.24728578329086304,-6.9886627197265625,,,,35.36,False,,,"{""telemetry"": 0.5, ""graph"": 99.1}",False,,,,,0.0,,0.0,False,0.0,,0.0,False,0.0,,0.0,False
21.389,105,slm,TOWNSIM_CALIB_0,0,reactive,MANTENER_RUMBO,0,3.9680399136740405,False,2.5211105346679688,-0.26951971650123596,-6.970189571380615,,,,44.95,False,,,"{""telemetry"": 1.0, ""graph"": 125.6}",False,,,,,0.0,,0.0,False,0.0,,0.0,False,0.0,,0.0,False
21.572,106,slm,TOWNSIM_CALIB_0,0,reactive,MANTENER_RUMBO,0,4.020181700187528,False,2.5592241287231445,-0.29275408387184143,-6.958599090576172,,,,52.56,False,,,"{""telemetry"": 1.0, ""graph"": 106.5}",False,,,,,0.0,,0.0,False,0.0,,0.0,False,0.0,,0.0,False
21.769,107,slm,TOWNSIM_CALIB_0,0,reactive,MANTENER_RUMBO,0,4.050665019603689,False,2.574579954147339,-0.325565904378891,-6.94727087020874,,,,60.36,False,,,"{""telemetry"": 0.5, ""graph"": 103.0}",False,,,,,0.0,,0.0,False,0.0,,0.0,False,0.0,,0.0,False
21.952,108,slm,TOWNSIM_CALIB_0,0,reactive,MANTENER_RUMBO,0,4.068562108868625,False,2.575831651687622,-0.35566750168800354,-6.937753200531006,,,,66.62,False,,,"{""telemetry"": 1.0, ""graph"": 83.5}",False,,,,,0.0,,0.0,False,0.0,,0.0,False,0.0,,0.0,False
22.169,109,slm,TOWNSIM_CALIB_0,0,reactive,MANTENER_RUMBO,0,4.079619860544119,False,2.5724618434906006,-0.3859991729259491,-6.928432941436768,,,,73.09,False,,,"{""telemetry"": 1.0, ""graph"": 100.1}",False,,,,,0.0,,0.0,False,0.0,,0.0,False,0.0,,0.0,False
22.382,110,slm,TOWNSIM_CALIB_0,0,reactive,MANTENER_RUMBO,0,4.087289289602024,False,2.5682690143585205,-0.40870431065559387,-6.921254634857178,,,,78.89,False,,,"{""telemetry"": 0.5, ""graph"": 110.9}",False,,,,,0.0,,0.0,False,0.0,,0.0,False,0.0,,0.0,False
22.566,111,slm,TOWNSIM_CALIB_0,0,reactive,MANTENER_RUMBO,0,4.09310250590992,False,2.5649523735046387,-0.4238159954547882,-6.916201591491699,,,,83.93,False,,,"{""telemetry"": 1.0, ""graph"": 92.5}",False,,,,,0.0,,0.0,False,0.0,,0.0,False,0.0,,0.0,False
22.782,112,slm,TOWNSIM_CALIB_0,0,reactive,MANTENER_RUMBO,0,4.097736045055339,False,2.5617799758911133,-0.43710190057754517,-6.9111785888671875,,,,89.45,False,,,"{""telemetry"": 2.5, ""graph"": 106.5}",False,,,,,0.0,,0.0,False,0.0,,0.0,False,0.0,,0.0,False
22.967,113,slm,TOWNSIM_CALIB_0,0,reactive,MANTENER_RUMBO,0,4.101352842754937,False,2.559614419937134,-0.4457937180995941,-6.9076128005981445,,,,94.04,False,,,"{""telemetry"": 1.5, ""graph"": 90.1}",False,,,,,0.0,,0.0,False,0.0,,0.0,False,0.0,,0.0,False
23.186,114,slm,TOWNSIM_CALIB_0,0,reactive,MANTENER_RUMBO,0,4.104369399208448,False,2.5577070713043213,-0.45334455370903015,-6.90406608581543,,,,98.97,False,,,"{""telemetry"": 1.0, ""graph"": 107.6}",False,,,,,0.0,,0.0,False,0.0,,0.0,False,0.0,,0.0,False
23.371,115,slm,TOWNSIM_CALIB_0,0,reactive,MANTENER_RUMBO,0,4.106834736858241,False,2.556504964828491,-0.4581272304058075,-6.901607036590576,,,,102.93,False,,,"{""telemetry"": 0.0, ""graph"": 92.1}",False,,,,,0.0,,0.0,False,0.0,,0.0,False,0.0,,0.0,False
23.591,116,slm,TOWNSIM_CALIB_0,0,reactive,MANTENER_RUMBO,0,4.108935744012485,False,2.5554440021514893,-0.4624561369419098,-6.899020195007324,,,,107.36,False,,,"{""telemetry"": 1.0, ""graph"": 109.0}",False,,,,,0.0,,0.0,False,0.0,,0.0,False,0.0,,0.0,False
23.779,117,slm,TOWNSIM_CALIB_0,0,reactive,MANTENER_RUMBO,0,4.110712366919395,False,2.554810047149658,-0.4651471972465515,-6.89723014831543,,,,110.84,False,,,"{""telemetry"": 1.0, ""graph"": 96.0}",False,,,,,0.0,,0.0,False,0.0,,0.0,False,0.0,,0.0,False
23.971,118,slm,TOWNSIM_CALIB_0,0,reactive,MANTENER_RUMBO,0,4.112233504774795,False,2.554332971572876,-0.4672837257385254,-6.895565986633301,,,,114.21,False,,,"{""telemetry"": 1.5, ""graph"": 86.0}",False,,,,,0.0,,0.0,False,0.0,,0.0,False,0.0,,0.0,False
24.205,119,slm,TOWNSIM_CALIB_0,0,deliberative,PERDER_ALTURA,0,4.113557263311652,False,2.5539517402648926,-0.46911779046058655,-6.893881797790527,,,,117.71,False,,,"{""telemetry"": 1.5, ""graph"": 118.1}",True,3010.1,False,False,True,0.0,,0.0,False,0.0,,0.0,False,0.0,,0.0,False
24.386,120,slm,TOWNSIM_CALIB_0,0,evasive,PERDER_ALTURA,0,4.114681209159227,False,2.5536837577819824,-0.47010886669158936,-6.882795810699463,,,,120.22,False,,,"{""telemetry"": 2.0, ""graph"": 97.1}",False,,,,,0.0,,0.0,False,0.0,,0.0,False,0.0,,0.0,False
24.639,121,slm,TOWNSIM_CALIB_0,0,evasive,PERDER_ALTURA,0,4.177043453983585,False,2.5493481159210205,-0.463689386844635,-6.751174449920654,,,,121.05,False,,,"{""telemetry"": 1.0, ""graph"": 149.3}",False,,,,,0.0,,0.0,False,0.0,,0.0,False,0.0,,0.0,False
24.854,122,slm,TOWNSIM_CALIB_0,0,evasive,PERDER_ALTURA,0,4.295173569756405,False,2.5309250354766846,-0.4319222867488861,-6.586245536804199,,,,120.36,False,,,"{""telemetry"": 2.0, ""graph"": 162.0}",False,,,,,0.0,,0.006,False,0.0,,0.006,False,0.0,,0.006,False
25.061,123,slm,TOWNSIM_CALIB_0,0,evasive,PERDER_ALTURA,0,4.4032529458995375,False,2.4966800212860107,-0.3717074692249298,-6.422048568725586,,,,119.35,False,,,"{""telemetry"": 1.5, ""graph"": 166.5}",False,,,,,0.003,8.05,0.274,False,0.003,3.88,0.274,False,0.003,14.23,0.274,False
25.25,124,slm,TOWNSIM_CALIB_0,0,evasive,PERDER_ALTURA,0,4.501575891580698,False,2.441291570663452,-0.27368423342704773,-6.234770774841309,,,,118.79,False,,,"{""telemetry"": 1.5, ""graph"": 155.6}",False,,,,,0.0,,0.0,False,0.0,,0.0,False,0.0,,0.0,False
25.456,125,slm,TOWNSIM_CALIB_0,0,evasive,PERDER_ALTURA,0,4.597830789407601,False,2.3774006366729736,-0.16027383506298065,-6.060773849487305,,,,118.88,False,,,"{""telemetry"": 1.5, ""graph"": 160.0}",False,,,,,0.0,,0.0,False,0.0,,0.0,False,0.0,,0.0,False
25.658,126,slm,TOWNSIM_CALIB_0,0,evasive,PERDER_ALTURA,0,4.692673230503374,False,2.3067750930786133,-0.03470950201153755,-5.892824172973633,,,,119.19,False,,,"{""telemetry"": 1.0, ""graph"": 160.6}",False,,,,,0.0,,0.0,False,0.0,,0.0,False,0.0,,0.0,False
25.878,127,slm,TOWNSIM_CALIB_0,0,evasive,PERDER_ALTURA,0,4.790211318404152,False,2.229735851287842,0.10239610821008682,-5.726023197174072,,,,119.39,False,,,"{""telemetry"": 1.5, ""graph"": 179.0}",False,,,,,0.008,7.14,0.41,False,0.006,6.36,0.41,False,0.005,13.57,0.41,False
26.071,128,slm,TOWNSIM_CALIB_0,0,evasive,EVADIR_DERECHA,0,4.893970489971382,False,2.1478636264801025,0.24819786846637726,-5.560401439666748,,,,119.42,False,,,"{""telemetry"": 1.0, ""graph"": 169.8}",False,,,,,0.007,4.08,0.527,False,0.006,7.7,0.527,False,0.005,16.87,0.527,False
26.253,129,slm,TOWNSIM_CALIB_0,0,reactive,MANTENER_RUMBO,0,5.0038809231058154,False,2.063600778579712,0.398325115442276,-5.4066267013549805,,,,119.42,False,,,"{""telemetry"": 1.0, ""graph"": 151.6}",False,,,,,0.0,,0.0,False,0.0,,0.0,False,0.0,,0.0,False
26.447,130,slm,TOWNSIM_CALIB_0,0,reactive,MANTENER_RUMBO,0,5.028864508048,False,1.972390055656433,0.5608047246932983,-5.418355941772461,,,,120.64,False,,,"{""telemetry"": 1.0, ""graph"": 144.0}",False,,,,,0.0,,0.0,False,0.0,,0.0,False,0.0,,0.0,False
26.586,131,slm,TOWNSIM_CALIB_0,0,reactive,MANTENER_RUMBO,0,4.857988898813289,False,1.8723633289337158,0.7381848692893982,-5.592458248138428,,,,122.75,False,,,"{""telemetry"": 1.0, ""graph"": 81.5}",False,,,,,0.0,,0.0,False,0.0,,0.0,False,0.0,,0.0,False
26.805,132,slm,TOWNSIM_CALIB_0,0,reactive,MANTENER_RUMBO,0,4.6982024473863415,False,1.756905198097229,0.9413447380065918,-5.719064235687256,,,,125.42,False,,,"{""telemetry"": 1.0, ""graph"": 98.5}",False,,,,,0.0,,0.0,False,0.0,,0.0,False,0.0,,0.0,False
27.001,133,slm,TOWNSIM_CALIB_0,0,reactive,MANTENER_RUMBO,0,4.571294092220587,False,1.6635737419128418,1.103134036064148,-5.841244697570801,,,,128.01,False,,,"{""telemetry"": 1.0, ""graph"": 93.0}",False,,,,,0.0,,0.0,False,0.0,,0.0,False,0.0,,0.0,False
27.195,134,slm,TOWNSIM_CALIB_0,0,reactive,MANTENER_RUMBO,0,4.4425131309472,False,1.5835779905319214,1.239591121673584,-5.967920303344727,,,,130.88,False,,,"{""telemetry"": 1.0, ""graph"": 85.6}",False,,,,,0.0,,0.0,False,0.0,,0.0,False,0.0,,0.0,False
27.39,135,slm,TOWNSIM_CALIB_0,0,reactive,MANTENER_RUMBO,0,4.326583115425146,False,1.5145208835601807,1.355480432510376,-6.090108871459961,,,,133.96,False,,,"{""telemetry"": 1.0, ""graph"": 78.6}",False,,,,,0.0,,0.0,False,0.0,,0.0,False,0.0,,0.0,False
27.595,136,slm,TOWNSIM_CALIB_0,0,reactive,MANTENER_RUMBO,0,4.210413019968708,False,1.4613215923309326,1.443100094795227,-6.23411226272583,,,,137.58,False,,,"{""telemetry"": 1.0, ""graph"": 80.9}",False,,,,,0.0,,0.0,False,0.0,,0.0,False,0.0,,0.0,False
27.816,137,slm,TOWNSIM_CALIB_0,0,reactive,MANTENER_RUMBO,0,4.081911923453815,False,1.4146872758865356,1.5185561180114746,-6.359988689422607,,,,141.93,False,,,"{""telemetry"": 1.0, ""graph"": 100.0}",False,,,,,0.0,,0.0,False,0.0,,0.0,False,0.0,,0.0,False
28.019,138,slm,TOWNSIM_CALIB_0,0,reactive,MANTENER_RUMBO,0,4.072389618469298,False,1.378268837928772,1.576444149017334,-6.33936071395874,,,,146.32,False,,,"{""telemetry"": 1.0, ""graph"": 102.0}",False,,,,,0.0,,0.0,False,0.0,,0.0,False,0.0,,0.0,False
28.212,139,slm,TOWNSIM_CALIB_0,0,reactive,MANTENER_RUMBO,0,4.100473246178427,False,1.3520499467849731,1.6150882244110107,-6.316657066345215,,,,150.94,False,,,"{""telemetry"": 1.0, ""graph"": 92.1}",False,,,,,0.0,,0.0,False,0.0,,0.0,False,0.0,,0.0,False
28.402,140,slm,TOWNSIM_CALIB_0,0,reactive,MANTENER_RUMBO,0,4.11700403606635,False,1.3318341970443726,1.639322280883789,-6.303605079650879,,,,155.89,False,,,"{""telemetry"": 1.5, ""graph"": 80.5}",False,,,,,0.0,,0.0,False,0.0,,0.0,False,0.0,,0.0,False
28.617,141,slm,TOWNSIM_CALIB_0,0,reactive,MANTENER_RUMBO,0,4.12451490457062,False,1.3159552812576294,1.6501307487487793,-6.292301177978516,,,,160.91,False,,,"{""telemetry"": 0.4, ""graph"": 95.4}",False,,,,,0.0,,0.0,False,0.0,,0.0,False,0.0,,0.0,False
28.817,142,slm,TOWNSIM_CALIB_0,0,reactive,MANTENER_RUMBO,0,4.13385419596672,False,1.3057575225830078,1.6519105434417725,-6.2795538902282715,,,,164.91,False,,,"{""telemetry"": 1.0, ""graph"": 94.1}",False,,,,,0.0,,0.0,False,0.0,,0.0,False,0.0,,0.0,False
29.025,143,slm,TOWNSIM_CALIB_0,0,reactive,MANTENER_RUMBO,0,4.1414890135657965,False,1.2983015775680542,1.6511280536651611,-6.268776893615723,,,,168.68,False,,,"{""telemetry"": 1.0, ""graph"": 100.0}",False,,,,,0.0,,0.0,False,0.0,,0.0,False,0.0,,0.0,False
29.214,144,slm,TOWNSIM_CALIB_0,0,reactive,MANTENER_RUMBO,0,4.1476532549580325,False,1.2933331727981567,1.649854302406311,-6.2606353759765625,,,,171.92,False,,,"{""telemetry"": 2.0, ""graph"": 86.1}",False,,,,,0.0,,0.0,False,0.0,,0.0,False,0.0,,0.0,False
29.429,145,slm,TOWNSIM_CALIB_0,0,deliberative,GANAR_ALTURA,0,4.152724605610082,False,1.289367914199829,1.64850652217865,-6.253103256225586,,,,175.13,False,,,"{""telemetry"": 1.5, ""graph"": 101.0}",True,3010.1,False,False,True,0.0,,0.0,False,0.0,,0.0,False,0.0,,0.0,False
29.612,146,slm,TOWNSIM_CALIB_0,0,evasive,GANAR_ALTURA,0,4.157079240196842,False,1.2868754863739014,1.6475419998168945,-6.2478132247924805,,,,177.79,False,,,"{""telemetry"": 1.0, ""graph"": 83.1}",False,,,,,0.0,,0.0,False,0.0,,0.0,False,0.0,,0.0,False
29.837,147,slm,TOWNSIM_CALIB_0,0,evasive,GANAR_ALTURA,0,4.160692830709991,False,1.284718632698059,1.6466504335403442,-6.243032455444336,,,,-178.77,False,,,"{""telemetry"": 1.5, ""graph"": 105.5}",False,,,,,0.0,,0.0,False,0.0,,0.0,False,0.0,,0.0,False
30.029,148,slm,TOWNSIM_CALIB_0,0,evasive,GANAR_ALTURA,0,4.1626134152232845,False,1.283483624458313,1.646120548248291,-6.240968704223633,,,,-175.5,False,,,"{""telemetry"": 1.0, ""graph"": 96.5}",False,,,,,0.0,,0.0,False,0.0,,0.0,False,0.0,,0.0,False
30.216,149,slm,TOWNSIM_CALIB_0,0,evasive,GANAR_ALTURA,0,4.163363985426638,False,1.2827465534210205,1.6458051204681396,-6.240113735198975,,,,-172.14,False,,,"{""telemetry"": 1.0, ""graph"": 81.5}",False,,,,,0.0,,0.0,False,0.0,,0.0,False,0.0,,0.0,False
30.44,150,slm,TOWNSIM_CALIB_0,0,evasive,GANAR_ALTURA,0,4.163454026820078,False,1.2824125289916992,1.6456925868988037,-6.2400126457214355,,,,-168.07,False,,,"{""telemetry"": 1.5, ""graph"": 102.0}",False,,,,,0.0,,0.0,False,0.0,,0.0,False,0.0,,0.0,False
30.655,151,slm,TOWNSIM_CALIB_0,0,evasive,GANAR_ALTURA,0,4.163219352105099,False,1.282555103302002,1.64584219455719,-6.240442752838135,,,,-164.06,False,,,"{""telemetry"": 1.0, ""graph"": 101.6}",False,,,,,0.0,,0.0,False,0.0,,0.0,False,0.0,,0.0,False
30.843,152,slm,TOWNSIM_CALIB_0,0,evasive,GANAR_ALTURA,0,4.162894881181112,False,1.2829622030258179,1.6461542844772339,-6.241029262542725,,,,-160.54,False,,,"{""telemetry"": 1.0, ""graph"": 88.5}",False,,,,,0.0,,0.0,False,0.0,,0.0,False,0.0,,0.0,False
31.068,153,slm,TOWNSIM_CALIB_0,0,evasive,GANAR_ALTURA,0,4.162555151656112,False,1.283661961555481,1.6466853618621826,-6.241817474365234,,,,-156.41,False,,,"{""telemetry"": 1.0, ""graph"": 96.5}",False,,,,,0.0,,0.0,False,0.0,,0.0,False,0.0,,0.0,False
31.255,154,slm,TOWNSIM_CALIB_0,0,reactive,MANTENER_RUMBO,0,4.1622823882974265,False,1.2843385934829712,1.6472076177597046,-6.242471694946289,,,,-152.99,False,,,"{""telemetry"": 1.0, ""graph"": 81.9}",False,,,,,0.0,,0.0,False,0.0,,0.0,False,0.0,,0.0,False
31.473,155,slm,TOWNSIM_CALIB_0,0,reactive,MANTENER_RUMBO,0,4.1622768151636755,False,1.2846564054489136,1.6475600004196167,-6.247647285461426,,,,-149.43,False,,,"{""telemetry"": 1.0, ""graph"": 98.2}",False,,,,,0.0,,0.0,False,0.0,,0.0,False,0.0,,0.0,False
31.662,156,slm,TOWNSIM_CALIB_0,0,reactive,MANTENER_RUMBO,0,4.092091730763912,False,1.2517873048782349,1.6288758516311646,-6.341610431671143,,,,-147.39,False,,,"{""telemetry"": 2.0, ""graph"": 85.0}",False,,,,,0.0,,0.0,False,0.0,,0.0,False,0.0,,0.0,False
31.948,157,slm,TOWNSIM_CALIB_0,0,reactive,MANTENER_RUMBO,0,3.9094361005820506,False,1.1386727094650269,1.5622637271881104,-6.540250301361084,,,,-145.74,False,,,"{""telemetry"": 1.0, ""graph"": 171.0}",False,,,,,0.0,,0.0,False,0.0,,0.0,False,0.0,,0.0,False
32.15,158,slm,TOWNSIM_CALIB_0,0,reactive,MANTENER_RUMBO,0,3.6670413388949092,False,0.9647390842437744,1.45554780960083,-6.751612663269043,,,,-144.49,False,,,"{""telemetry"": 1.0, ""graph"": 170.5}",False,,,,,0.0,,0.0,False,0.0,,0.0,False,0.0,,0.0,False
32.366,159,slm,TOWNSIM_CALIB_0,0,reactive,MANTENER_RUMBO,1,76.56462797730235,False,0.7460483908653259,1.3166836500167847,-6.922278881072998,,,,-143.42,False,,,"{""telemetry"": 1.0, ""graph"": 184.4}",False,,,,,0.0,,0.0,False,0.0,,0.0,False,0.0,,0.0,False
32.574,160,slm,TOWNSIM_CALIB_0,0,reactive,MANTENER_RUMBO,1,76.37089477489238,False,0.4786524772644043,1.141669750213623,-7.088212966918945,,,,-142.29,False,,,"{""telemetry"": 1.5, ""graph"": 191.5}",False,,,,,0.0,,0.0,False,0.0,,0.0,False,0.0,,0.0,False
32.738,161,slm,TOWNSIM_CALIB_0,0,reactive,MANTENER_RUMBO,1,76.16794213815385,False,0.26369208097457886,0.9968332648277283,-7.216454982757568,,,,-141.06,False,,,"{""telemetry"": 1.0, ""graph"": 154.0}",False,,,,,0.0,,0.0,False,0.0,,0.0,False,0.0,,0.0,False
32.966,162,slm,TOWNSIM_CALIB_0,0,reactive,MANTENER_RUMBO,1,75.95385610152908,False,-0.0061088078655302525,0.8092922568321228,-7.373943328857422,,,,-139.06,False,,,"{""telemetry"": 1.0, ""graph"": 181.2}",False,,,,,0.0,,0.038,False,0.0,,0.038,False,0.0,,0.038,False
33.097,163,slm,TOWNSIM_CALIB_0,0,reactive,MANTENER_RUMBO,1,75.72869522636155,False,-0.27981024980545044,0.6116973161697388,-7.530289649963379,,,,-136.68,False,,,"{""telemetry"": 1.5, ""graph"": 110.5}",False,,,,,0.0,,0.0,False,0.0,,0.0,False,0.0,,0.0,False
33.289,164,slm,TOWNSIM_CALIB_0,0,reactive,MANTENER_RUMBO,1,75.48928731527779,False,-0.538353681564331,0.4182742238044739,-7.675406455993652,,,,-134.29,False,,,"{""telemetry"": 1.0, ""graph"": 100.5}",False,,,,,0.0,,0.0,False,0.0,,0.0,False,0.0,,0.0,False
33.484,165,slm,TOWNSIM_CALIB_0,0,reactive,MANTENER_RUMBO,1,75.24219786361401,False,-0.8161939382553101,0.20469939708709717,-7.81230354309082,,,,-131.84,False,,,"{""telemetry"": 1.0, ""graph"": 94.0}",False,,,,,0.0,,0.0,False,0.0,,0.0,False,0.0,,0.0,False
33.673,166,slm,TOWNSIM_CALIB_0,0,reactive,MANTENER_RUMBO,1,75.00465575568893,False,-1.0722662210464478,0.0002770742867141962,-7.94584321975708,,,,-129.53,False,,,"{""telemetry"": 1.5, ""graph"": 81.5}",False,,,,,0.0,,0.0,False,0.0,,0.0,False,0.0,,0.0,False
33.894,167,slm,TOWNSIM_CALIB_0,0,reactive,MANTENER_RUMBO,1,74.74881516387873,False,-1.3629530668258667,-0.2476414144039154,-8.109322547912598,,,,-126.52,False,,,"{""telemetry"": 1.0, ""graph"": 101.0}",False,,,,,0.0,,0.0,False,0.0,,0.0,False,0.0,,0.0,False
34.097,168,slm,TOWNSIM_CALIB_0,0,reactive,MANTENER_RUMBO,1,74.48914143433365,False,-1.6316683292388916,-0.4917185604572296,-8.26390266418457,,,,-123.59,False,,,"{""telemetry"": 1.0, ""graph"": 102.5}",False,,,,,0.0,,0.0,False,0.0,,0.0,False,0.0,,0.0,False
34.291,169,slm,TOWNSIM_CALIB_0,0,reactive,MANTENER_RUMBO,1,74.2151886896068,False,-1.8878536224365234,-0.7354370951652527,-8.412936210632324,,,,-120.73,False,,,"{""telemetry"": 2.5, ""graph"": 94.5}",False,,,,,0.0,,0.0,False,0.0,,0.0,False,0.0,,0.0,False
34.484,170,slm,TOWNSIM_CALIB_0,0,reactive,MANTENER_RUMBO,1,73.93293854984587,False,-2.1437764167785645,-0.9872961640357971,-8.562989234924316,,,,-117.85,False,,,"{""telemetry"": 1.0, ""graph"": 87.5}",False,,,,,0.0,,0.0,False,0.0,,0.0,False,0.0,,0.0,False
34.697,171,slm,TOWNSIM_CALIB_0,0,reactive,MANTENER_RUMBO,1,73.64447805027119,False,-2.4153316020965576,-1.261513352394104,-8.723246574401855,,,,-114.79,False,,,"{""telemetry"": 1.5, ""graph"": 98.0}",False,,,,,0.0,,0.0,False,0.0,,0.0,False,0.0,,0.0,False
34.9,172,slm,TOWNSIM_CALIB_0,0,reactive,MANTENER_RUMBO,1,73.35321623039395,False,-2.6772241592407227,-1.5309021472930908,-8.857397079467773,,,,-112.1,False,,,"{""telemetry"": 2.0, ""graph"": 99.5}",False,,,,,0.0,,0.0,False,0.0,,0.0,False,0.0,,0.0,False
35.103,173,slm,TOWNSIM_CALIB_0,0,reactive,MANTENER_RUMBO,1,73.07142659047973,False,-2.926914691925049,-1.8066316843032837,-9.008537292480469,,,,-109.57,False,,,"{""telemetry"": 1.5, ""graph"": 100.5}",False,,,,,0.0,,0.0,False,0.0,,0.0,False,0.0,,0.0,False
35.31,174,slm,TOWNSIM_CALIB_0,0,reactive,MANTENER_RUMBO,1,72.773328434304,False,-3.1496222019195557,-2.088284730911255,-9.14948844909668,,,,-106.86,False,,,"{""telemetry"": 2.5, ""graph"": 105.5}",False,,,,,0.0,,0.0,False,0.0,,0.0,False,0.0,,0.0,False
35.491,175,slm,TOWNSIM_CALIB_0,0,reactive,MANTENER_RUMBO,1,72.4695990890487,False,-3.3321988582611084,-2.353646993637085,-9.285726547241211,,,,-104.63,False,,,"{""telemetry"": 1.0, ""graph"": 86.5}",False,,,,,0.0,,0.0,False,0.0,,0.0,False,0.0,,0.0,False
35.713,176,slm,TOWNSIM_CALIB_0,0,reactive,MANTENER_RUMBO,1,72.14522514362892,False,-3.5310475826263428,-2.690000534057617,-9.432218551635742,,,,-101.79,False,,,"{""telemetry"": 1.5, ""graph"": 107.5}",False,,,,,0.0,,0.0,False,0.0,,0.0,False,0.0,,0.0,False
35.953,177,slm,TOWNSIM_CALIB_0,0,reactive,MANTENER_RUMBO,1,71.82284944302559,False,-3.675335645675659,-2.9734303951263428,-9.565239906311035,,,,-99.83,False,,,"{""telemetry"": 1.0, ""graph"": 146.0}",False,,,,,0.0,,0.0,False,0.0,,0.0,False,0.0,,0.0,False
36.119,178,slm,TOWNSIM_CALIB_0,0,reactive,MANTENER_RUMBO,1,71.4426853045953,False,-3.8377304077148438,-3.3531839847564697,-9.73738956451416,,,,-97.05,False,,,"{""telemetry"": 1.0, ""graph"": 95.0}",False,,,,,0.0,,0.0,False,0.0,,0.0,False,0.0,,0.0,False
36.322,179,slm,TOWNSIM_CALIB_0,0,reactive,MANTENER_RUMBO,1,71.0698749653967,False,-3.9672462940216064,-3.7148423194885254,-9.889466285705566,,,,-94.76,False,,,"{""telemetry"": 1.5, ""graph"": 96.1}",False,,,,,0.0,,0.0,False,0.0,,0.0,False,0.0,,0.0,False
36.513,180,slm,TOWNSIM_CALIB_0,0,reactive,MANTENER_RUMBO,1,70.665574752766,False,-4.079611778259277,-4.088070869445801,-10.027008056640625,,,,-92.54,False,,,"{""telemetry"": 1.5, ""graph"": 84.5}",False,,,,,0.0,,0.0,False,0.0,,0.0,False,0.0,,0.0,False
36.756,181,slm,TOWNSIM_CALIB_0,0,reactive,MANTENER_RUMBO,1,70.22910920587428,False,-4.193626403808594,-4.548243522644043,-10.199369430541992,,,,-90.41,False,,,"{""telemetry"": 1.0, ""graph"": 112.0}",False,,,,,0.0,,0.0,False,0.0,,0.0,False,0.0,,0.0,False
37.005,182,slm,TOWNSIM_CALIB_0,0,reactive,MANTENER_RUMBO,1,69.7991771392531,False,-4.2700347900390625,-4.93902587890625,-10.335623741149902,,,,-88.58,False,,,"{""telemetry"": 1.5, ""graph"": 158.2}",False,,,,,0.0,,0.0,False,0.0,,0.0,False,0.0,,0.0,False
37.211,183,slm,TOWNSIM_CALIB_0,0,reactive,MANTENER_RUMBO,1,69.36247782635375,False,-4.337082386016846,-5.375916004180908,-10.48766040802002,,,,-86.98,False,,,"{""telemetry"": 1.5, ""graph"": 163.0}",False,,,,,0.0,,0.0,False,0.0,,0.0,False,0.0,,0.0,False
37.447,184,slm,TOWNSIM_CALIB_0,0,reactive,MANTENER_RUMBO,1,68.90477164207577,False,-4.386622905731201,-5.8339056968688965,-10.648913383483887,,,,-85.29,False,,,"{""telemetry"": 1.0, ""graph"": 197.3}",False,,,,,0.0,,0.025,False,0.0,,0.025,False,0.0,,0.025,False
37.635,185,slm,TOWNSIM_CALIB_0,0,reactive,MANTENER_RUMBO,1,68.43077092806251,False,-4.417189598083496,-6.273322105407715,-10.798759460449219,,,,-83.83,False,,,"{""telemetry"": 1.0, ""graph"": 183.9}",False,,,,,0.0,,0.027,False,0.0,,0.027,False,0.0,,0.027,False
37.82,186,slm,TOWNSIM_CALIB_0,0,reactive,MANTENER_RUMBO,1,67.93500756963759,False,-4.434470176696777,-6.768473148345947,-10.960302352905273,,,,-82.35,False,,,"{""telemetry"": 0.5, ""graph"": 168.5}",False,,,,,0.0,,0.0,False,0.0,,0.0,False,0.0,,0.0,False
38.059,187,slm,TOWNSIM_CALIB_0,0,reactive,MANTENER_RUMBO,1,67.41259256520938,False,-4.435354709625244,-7.297266006469727,-11.127510070800781,,,,-80.97,False,,,"{""telemetry"": 1.5, ""graph"": 203.9}",False,,,,,0.0,,0.14,False,0.0,,0.14,False,0.0,,0.14,False
38.258,188,slm,TOWNSIM_CALIB_0,0,reactive,MANTENER_RUMBO,1,66.84945647242021,False,-4.420834541320801,-7.80246114730835,-11.2824068069458,,,,-79.78,False,,,"{""telemetry"": 1.5, ""graph"": 193.9}",False,,,,,0.0,,0.033,False,0.0,,0.033,False,0.0,,0.033,False
38.466,189,slm,TOWNSIM_CALIB_0,0,reactive,MANTENER_RUMBO,1,66.29699010371917,False,-4.390314102172852,-8.342607498168945,-11.44517707824707,,,,-78.67,False,,,"{""telemetry"": 1.0, ""graph"": 201.7}",False,,,,,0.0,,0.096,False,0.0,,0.096,False,0.0,,0.096,False
38.668,190,slm,TOWNSIM_CALIB_0,0,reactive,MANTENER_RUMBO,1,65.72532546115872,False,-4.345114707946777,-8.884058952331543,-11.605237007141113,,,,-77.66,False,,,"{""telemetry"": 1.0, ""graph"": 197.4}",False,,,,,0.0,,0.021,False,0.0,,0.021,False,0.0,,0.021,False
38.847,191,slm,TOWNSIM_CALIB_0,0,reactive,MANTENER_RUMBO,1,65.16234562653972,False,-4.290073871612549,-9.407859802246094,-11.757760047912598,,,,-76.74,False,,,"{""telemetry"": 1.0, ""graph"": 175.5}",False,,,,,0.0,,0.096,False,0.0,,0.096,False,0.0,,0.096,False
39.072,192,slm,TOWNSIM_CALIB_0,0,reactive,MANTENER_RUMBO,1,64.57555449523129,False,-4.214768409729004,-10.003019332885742,-11.930362701416016,,,,-75.85,False,,,"{""telemetry"": 2.0, ""graph"": 194.0}",False,,,,,0.026,5.4,0.196,False,0.02,5.72,0.196,False,0.021,7.47,0.196,False
39.289,193,slm,TOWNSIM_CALIB_0,0,reactive,MANTENER_RUMBO,1,63.983198106520334,False,-4.131175994873047,-10.561165809631348,-12.090933799743652,,,,-75.11,False,,,"{""telemetry"": 1.0, ""graph"": 211.1}",False,,,,,0.0,,0.108,False,0.0,,0.108,False,0.0,,0.108,False
39.481,194,slm,TOWNSIM_CALIB_0,0,reactive,MANTENER_RUMBO,1,63.360290368724016,False,-4.027362823486328,-11.172806739807129,-12.265570640563965,,,,-74.35,False,,,"{""telemetry"": 3.0, ""graph"": 184.5}",False,,,,,0.009,7.6,0.362,False,0.02,5.52,0.362,False,0.021,5.79,0.362,False
39.667,195,slm,TOWNSIM_CALIB_0,0,reactive,MANTENER_RUMBO,1,62.76923879686575,False,-3.9243674278259277,-11.719569206237793,-12.421558380126953,,,,-73.78,False,,,"{""telemetry"": 1.0, ""graph"": 170.4}",False,,,,,0.024,6.35,0.217,False,0.022,7.02,0.217,False,0.022,6.38,0.217,False
39.874,196,slm,TOWNSIM_CALIB_0,0,reactive,MANTENER_RUMBO,1,62.175908105674104,False,-3.8038442134857178,-12.301372528076172,-12.587037086486816,,,,-73.25,False,,,"{""telemetry"": 1.0, ""graph"": 175.6}",False,,,,,0.021,7.31,0.284,False,0.02,7.27,0.284,False,0.023,5.52,0.284,False
40.072,197,slm,TOWNSIM_CALIB_0,0,reactive,MANTENER_RUMBO,1,61.58107119138674,False,-3.6832234859466553,-12.84187126159668,-12.740257263183594,,,,-72.78,False,,,"{""telemetry"": 1.0, ""graph"": 171.9}",False,,,,,0.008,8.31,0.373,False,0.019,7.21,0.373,False,0.021,5.99,0.373,False
40.288,198,slm,TOWNSIM_CALIB_0,0,reactive,MANTENER_RUMBO,1,60.98520660419213,False,-3.541583776473999,-13.442147254943848,-12.910022735595703,,,,-72.28,False,,,"{""telemetry"": 1.5, ""graph"": 185.4}",False,,,,,0.019,7.88,0.294,False,0.02,8.21,0.294,False,0.023,5.81,0.294,False
40.472,199,slm,TOWNSIM_CALIB_0,0,reactive,MANTENER_RUMBO,1,60.38864392481634,False,-3.4127113819122314,-13.966733932495117,-13.058216094970703,,,,-71.85,False,,,"{""telemetry"": 1.5, ""graph"": 167.5}",False,,,,,0.015,8.28,0.258,False,0.019,8.95,0.258,False,0.022,6.28,0.258,False
40.694,200,slm,TOWNSIM_CALIB_0,0,reactive,MANTENER_RUMBO,1,59.79162328509067,False,-3.25420880317688,-14.584344863891602,-13.233195304870605,,,,-71.46,False,,,"{""telemetry"": 1.0, ""graph"": 188.5}",False,,,,,0.0,,0.064,False,0.0,,0.064,False,0.0,,0.064,False
40.88,201,slm,TOWNSIM_CALIB_0,0,reactive,MANTENER_RUMBO,1,59.19470495646621,False,-3.1054883003234863,-15.133685111999512,-13.389032363891602,,,,-71.18,False,,,"{""telemetry"": 1.0, ""graph"": 172.9}",False,,,,,0.021,7.7,0.21,False,0.018,8.53,0.21,False,0.023,6.01,0.21,False
41.071,202,slm,TOWNSIM_CALIB_0,0,reactive,MANTENER_RUMBO,1,58.59826920128539,False,-2.9575860500335693,-15.657079696655273,-13.537534713745117,,,,-70.95,False,,,"{""telemetry"": 2.0, ""graph"": 162.1}",False,,,,,0.0,,0.148,False,0.0,,0.148,False,0.0,,0.148,False
41.284,203,slm,TOWNSIM_CALIB_0,0,reactive,MANTENER_RUMBO,1,58.00239494932329,False,-2.784843921661377,-16.24740219116211,-13.705057144165039,,,,-70.69,False,,,"{""telemetry"": 1.5, ""graph"": 172.2}",False,,,,,0.019,8.73,0.166,False,0.018,8.79,0.166,False,0.023,5.44,0.166,False
41.505,204,slm,TOWNSIM_CALIB_0,0,reactive,MANTENER_RUMBO,1,57.362686051744575,False,-2.5971391201019287,-16.870893478393555,-13.882054328918457,,,,-70.43,False,,,"{""telemetry"": 3.5, ""graph"": 175.9}",False,,,,,0.017,8.5,0.204,False,0.018,9.46,0.204,False,0.023,6.24,0.204,False
41.697,205,slm,TOWNSIM_CALIB_0,0,reactive,MANTENER_RUMBO,1,56.77683794235558,False,-2.4316275119781494,-17.409765243530273,-14.035090446472168,,,,-70.21,False,,,"{""telemetry"": 1.1, ""graph"": 169.1}",False,,,,,0.0,,0.072,False,0.0,,0.072,False,0.0,,0.072,False
41.899,206,slm,TOWNSIM_CALIB_0,0,reactive,MANTENER_RUMBO,1,56.182710412784644,False,-2.262831449508667,-17.948074340820312,-14.188307762145996,,,,-70.08,False,,,"{""telemetry"": 2.0, ""graph"": 168.3}",False,,,,,0.0,,0.083,False,0.0,,0.083,False,0.0,,0.083,False
42.092,207,slm,TOWNSIM_CALIB_0,0,reactive,MANTENER_RUMBO,1,55.54541773801733,False,-2.0678799152374268,-18.55256462097168,-14.36069393157959,,,,-70.0,False,,,"{""telemetry"": 1.0, ""graph"": 145.5}",False,,,,,0.0,,0.015,False,0.0,,0.015,False,0.0,,0.015,False
42.314,208,slm,TOWNSIM_CALIB_0,0,reactive,MANTENER_RUMBO,1,54.95366572000601,False,-1.8764548301696777,-19.130788803100586,-14.5258207321167,,,,-69.96,False,,,"{""telemetry"": 1.4, ""graph"": 166.6}",False,,,,,0.0,,0.051,False,0.0,,0.051,False,0.0,,0.051,False
42.508,209,slm,TOWNSIM_CALIB_0,0,reactive,MANTENER_RUMBO,1,54.36308950401498,False,-1.695652961730957,-19.66634178161621,-14.678922653198242,,,,-69.94,False,,,"{""telemetry"": 1.2, ""graph"": 159.0}",False,,,,,0.0,,0.071,False,0.0,,0.071,False,0.0,,0.071,False
42.707,210,slm,TOWNSIM_CALIB_0,0,reactive,MANTENER_RUMBO,1,53.77358285812155,False,-1.4980181455612183,-20.243078231811523,-14.843957901000977,,,,-69.92,False,,,"{""telemetry"": 1.0, ""graph"": 156.1}",False,,,,,0.0,,0.032,False,0.0,,0.032,False,0.0,,0.032,False
42.92,211,slm,TOWNSIM_CALIB_0,0,reactive,MANTENER_RUMBO,1,53.19388803202356,False,-1.298020839691162,-20.819149017333984,-15.008993148803711,,,,-69.99,False,,,"{""telemetry"": 1.5, ""graph"": 167.6}",False,,,,,0.0,,0.114,False,0.0,,0.114,False,0.0,,0.114,False
43.126,212,slm,TOWNSIM_CALIB_0,0,reactive,MANTENER_RUMBO,1,52.60658269640507,False,-1.0929136276245117,-21.402795791625977,-15.176403045654297,,,,-70.15,False,,,"{""telemetry"": 0.5, ""graph"": 171.6}",False,,,,,0.0,,0.007,False,0.0,,0.007,False,0.0,,0.007,False
43.324,213,slm,TOWNSIM_CALIB_0,0,reactive,MANTENER_RUMBO,1,52.0205385554635,False,-0.9009832143783569,-21.94401741027832,-15.331809043884277,,,,-70.41,False,,,"{""telemetry"": 1.0, ""graph"": 168.1}",False,,,,,0.0,,0.088,False,0.0,,0.088,False,0.0,,0.088,False
43.507,214,slm,TOWNSIM_CALIB_0,0,reactive,MANTENER_RUMBO,1,51.4358647400171,False,-0.714123547077179,-22.467880249023438,-15.482433319091797,,,,-70.73,False,,,"{""telemetry"": 1.0, ""graph"": 149.5}",False,,,,,0.0,,0.012,False,0.0,,0.012,False,0.0,,0.012,False
43.721,215,slm,TOWNSIM_CALIB_0,0,reactive,MANTENER_RUMBO,1,50.852584215443635,False,-0.5092867612838745,-23.040836334228516,-15.6474027633667,,,,-71.21,False,,,"{""telemetry"": 1.0, ""graph"": 162.3}",False,,,,,0.0,,0.115,False,0.0,,0.115,False,0.0,,0.115,False
43.92,216,slm,TOWNSIM_CALIB_0,0,reactive,MANTENER_RUMBO,1,50.27080315763014,False,-0.3080534338951111,-23.604642868041992,-15.809981346130371,,,,-71.76,False,,,"{""telemetry"": 1.0, ""graph"": 158.0}",False,,,,,0.0,,0.02,False,0.0,,0.02,False,0.0,,0.02,False
44.123,217,slm,TOWNSIM_CALIB_0,0,reactive,MANTENER_RUMBO,1,49.64719951947303,False,-0.10475499927997589,-24.17572593688965,-15.972164154052734,,,,-72.35,False,,,"{""telemetry"": 2.5, ""graph"": 144.4}",False,,,,,0.0,,0.042,False,0.0,,0.042,False,0.0,,0.042,False
44.354,218,slm,TOWNSIM_CALIB_0,0,reactive,MANTENER_RUMBO,1,49.07490773829345,False,0.0952906459569931,-24.742141723632812,-16.120058059692383,,,,-73.07,False,,,"{""telemetry"": 1.0, ""graph"": 176.1}",False,,,,,0.0,,0.139,False,0.0,,0.139,False,0.0,,0.139,False
44.541,219,slm,TOWNSIM_CALIB_0,0,reactive,MANTENER_RUMBO,1,48.50690246689805,False,0.2772432565689087,-25.26565933227539,-16.259336471557617,,,,-73.83,False,,,"{""telemetry"": 1.0, ""graph"": 161.0}",False,,,,,0.0,,0.0,False,0.0,,0.0,False,0.0,,0.0,False
44.753,220,slm,TOWNSIM_CALIB_0,0,reactive,MANTENER_RUMBO,1,47.93923429755543,False,0.47575247287750244,-25.84640884399414,-16.416854858398438,,,,-74.74,False,,,"{""telemetry"": 1.0, ""graph"": 172.1}",False,,,,,0.0,,0.014,False,0.0,,0.014,False,0.0,,0.014,False
44.951,221,slm,TOWNSIM_CALIB_0,0,evasive,EVADIR_IZQUIERDA,1,47.37123275971757,False,0.6534779667854309,-26.378433227539062,-16.56353187561035,,,,-75.68,False,,,"{""telemetry"": 1.0, ""graph"": 168.4}",False,,,,,0.015,10.93,0.267,False,0.014,6.13,0.267,False,0.022,4.13,0.267,False
45.174,222,slm,TOWNSIM_CALIB_0,0,evasive,EVADIR_IZQUIERDA,1,46.803027315357085,False,0.8412257432937622,-26.959413528442383,-16.72638702392578,,,,-76.93,False,,,"{""telemetry"": 1.0, ""graph"": 188.9}",False,,,,,0.015,9.9,0.239,False,0.014,9.91,0.239,False,0.017,4.32,0.239,False
45.348,223,slm,TOWNSIM_CALIB_0,0,reactive,MANTENER_RUMBO,1,46.24906013664625,False,0.9975463151931763,-27.459026336669922,-16.9003849029541,,,,-78.92,False,,,"{""telemetry"": 1.0, ""graph"": 162.6}",False,,,,,0.0,,0.0,False,0.0,,0.0,False,0.0,,0.0,False
45.472,224,slm,TOWNSIM_CALIB_0,0,reactive,MANTENER_RUMBO,1,45.725701971359435,False,1.1326693296432495,-27.902437210083008,-17.079973220825195,,,,-81.18,False,,,"{""telemetry"": 1.0, ""graph"": 85.0}",False,,,,,0.0,,0.0,False,0.0,,0.0,False,0.0,,0.0,False
45.74,225,slm,TOWNSIM_CALIB_0,0,reactive,MANTENER_RUMBO,1,45.25248503132791,False,1.264573574066162,-28.35913848876953,-17.240549087524414,,,,-83.07,False,,,"{""telemetry"": 1.0, ""graph"": 151.6}",False,,,,,0.0,,0.0,False,0.0,,0.0,False,0.0,,0.0,False
45.93,226,slm,TOWNSIM_CALIB_0,0,reactive,MANTENER_RUMBO,1,44.78146623283414,False,1.3784321546554565,-28.797319412231445,-17.397064208984375,,,,-84.59,False,,,"{""telemetry"": 1.5, ""graph"": 140.0}",False,,,,,0.0,,0.0,False,0.0,,0.0,False,0.0,,0.0,False
46.167,227,slm,TOWNSIM_CALIB_0,0,reactive,MANTENER_RUMBO,1,44.29226470215613,False,1.4924423694610596,-29.282949447631836,-17.56479835510254,,,,-86.07,False,,,"{""telemetry"": 2.0, ""graph"": 173.9}",False,,,,,0.0,,0.001,False,0.0,,0.001,False,0.0,,0.001,False
46.362,228,slm,TOWNSIM_CALIB_0,0,reactive,MANTENER_RUMBO,1,43.78411360629165,False,1.593933343887329,-29.75184440612793,-17.719524383544922,,,,-87.36,False,,,"{""telemetry"": 2.5, ""graph"": 167.0}",False,,,,,0.0,,0.008,False,0.0,,0.008,False,0.0,,0.008,False
46.587,229,slm,TOWNSIM_CALIB_0,0,reactive,MANTENER_RUMBO,1,43.259933325430175,False,1.7091007232666016,-30.31992530822754,-17.899932861328125,,,,-88.82,False,,,"{""telemetry"": 1.5, ""graph"": 189.7}",False,,,,,0.0,,0.002,False,0.0,,0.002,False,0.0,,0.002,False
46.781,230,slm,TOWNSIM_CALIB_0,0,reactive,MANTENER_RUMBO,1,42.68139841324818,False,1.8022687435150146,-30.833980560302734,-18.060604095458984,,,,-89.99,False,,,"{""telemetry"": 2.0, ""graph"": 167.0}",False,,,,,0.0,,0.074,False,0.0,,0.074,False,0.0,,0.074,False
46.982,231,slm,TOWNSIM_CALIB_0,0,reactive,MANTENER_RUMBO,1,42.12988965091063,False,1.8814120292663574,-31.359737396240234,-18.221416473388672,,,,-91.11,False,,,"{""telemetry"": 1.0, ""graph"": 168.5}",False,,,,,0.0,,0.007,False,0.0,,0.007,False,0.0,,0.007,False
47.198,232,slm,TOWNSIM_CALIB_0,0,reactive,MANTENER_RUMBO,1,41.56828031689974,False,1.952203392982483,-31.943992614746094,-18.395713806152344,,,,-92.29,False,,,"{""telemetry"": 1.5, ""graph"": 183.1}",False,,,,,0.0,,0.035,False,0.0,,0.035,False,0.0,,0.035,False
47.398,233,slm,TOWNSIM_CALIB_0,0,evasive,EVADIR_DERECHA,1,41.00740159414439,False,2.002385377883911,-32.453975677490234,-18.544973373413086,,,,-93.29,False,,,"{""telemetry"": 1.0, ""graph"": 181.0}",False,,,,,0.018,6.91,0.227,False,0.014,3.78,0.227,False,0.013,10.01,0.227,False
47.597,234,slm,TOWNSIM_CALIB_0,0,reactive,MANTENER_RUMBO,1,40.43208061886021,False,2.050915479660034,-33.05169677734375,-18.71761703491211,,,,-94.36,False,,,"{""telemetry"": 1.0, ""graph"": 179.1}",False,,,,,0.016,6.65,0.18,False,0.014,7.12,0.18,False,0.012,9.72,0.18,False
47.822,235,slm,TOWNSIM_CALIB_0,0,girar_90,GIRAR_90,1,39.85952256005207,False,2.083200693130493,-33.539649963378906,-18.880952835083008,,,,-93.72,False,,,"{""telemetry"": 0.5, ""graph"": 203.5}",False,,,,,0.008,0.68,0.451,True,0.014,0.22,0.451,True,0.019,0.54,0.451,True
47.99,236,slm,TOWNSIM_CALIB_0,0,evasive,GIRAR_90,1,39.320728977287544,False,2.1090378761291504,-34.09349060058594,-19.049118041992188,,,,-93.59,False,,,"{""telemetry"": 1.0, ""graph"": 163.5}",False,,,,,0.0,,0.0,False,0.0,,0.0,False,0.0,,0.0,False
48.133,237,slm,TOWNSIM_CALIB_0,0,evasive,GIRAR_90,1,38.796788824547406,False,2.12323260307312,-34.55991744995117,-19.124614715576172,,,,-95.64,False,,,"{""telemetry"": 1.0, ""graph"": 95.5}",False,,,,,0.0,,0.0,False,0.0,,0.0,False,0.0,,0.0,False
48.338,238,slm,TOWNSIM_CALIB_0,0,evasive,GIRAR_90,1,38.36967081190122,False,2.132603406906128,-34.96125411987305,-19.202232360839844,,,,-98.39,False,,,"{""telemetry"": 1.0, ""graph"": 98.6}",False,,,,,0.0,,0.0,False,0.0,,0.0,False,0.0,,0.0,False
48.537,239,slm,TOWNSIM_CALIB_0,0,evasive,GIRAR_90,1,38.038532193224064,False,2.1388485431671143,-35.255149841308594,-19.254619598388672,,,,-101.14,False,,,"{""telemetry"": 1.0, ""graph"": 96.5}",False,,,,,0.0,,0.0,False,0.0,,0.0,False,0.0,,0.0,False
48.733,240,slm,TOWNSIM_CALIB_0,0,evasive,GIRAR_90,1,37.78951598557165,False,2.1436007022857666,-35.481346130371094,-19.284372329711914,,,,-103.98,False,,,"{""telemetry"": 1.0, ""graph"": 91.0}",False,,,,,0.0,,0.0,False,0.0,,0.0,False,0.0,,0.0,False
48.93,241,slm,TOWNSIM_CALIB_0,0,reactive,MANTENER_RUMBO,1,37.59715044641986,False,2.1472179889678955,-35.65126419067383,-19.29840087890625,,,,-106.82,False,,,"{""telemetry"": 1.0, ""graph"": 84.5}",False,,,,,0.0,,0.0,False,0.0,,0.0,False,0.0,,0.0,False
49.165,242,slm,TOWNSIM_CALIB_0,0,reactive,MANTENER_RUMBO,1,37.44787258460398,False,2.1501762866973877,-35.80105972290039,-19.30453109741211,,,,-109.52,False,,,"{""telemetry"": 1.0, ""graph"": 102.5}",False,,,,,0.0,,0.0,False,0.0,,0.0,False,0.0,,0.0,False
49.451,243,slm,TOWNSIM_CALIB_0,0,reactive,MANTENER_RUMBO,1,37.311892679827196,False,2.1317813396453857,-35.94330978393555,-19.446613311767578,,,,-110.62,False,,,"{""telemetry"": 1.0, ""graph"": 188.8}",False,,,,,0.0,,0.117,False,0.0,,0.117,False,0.0,,0.117,False
49.629,244,slm,TOWNSIM_CALIB_0,0,reactive,MANTENER_RUMBO,1,37.059405697947625,False,2.076836585998535,-36.16181182861328,-19.67941665649414,,,,-111.3,False,,,"{""telemetry"": 1.5, ""graph"": 164.5}",False,,,,,0.0,,0.0,False,0.0,,0.0,False,0.0,,0.0,False
49.838,245,slm,TOWNSIM_CALIB_0,0,reactive,MANTENER_RUMBO,1,36.72898031595366,False,1.9898850917816162,-36.4543571472168,-19.903236389160156,,,,-111.58,False,,,"{""telemetry"": 1.5, ""graph"": 171.6}",False,,,,,0.0,,0.002,False,0.0,,0.002,False,0.0,,0.002,False
50.024,246,slm,TOWNSIM_CALIB_0,0,reactive,MANTENER_RUMBO,1,36.34151717350844,False,1.8675283193588257,-36.82891082763672,-20.116180419921875,,,,-111.63,False,,,"{""telemetry"": 1.0, ""graph"": 155.5}",False,,,,,0.0,,0.0,False,0.0,,0.0,False,0.0,,0.0,False
50.252,247,slm,TOWNSIM_CALIB_0,0,reactive,MANTENER_RUMBO,1,35.90861478215587,False,1.7218056917190552,-37.24900817871094,-20.307628631591797,,,,-111.47,False,,,"{""telemetry"": 1.0, ""graph"": 182.1}",False,,,,,0.0,,0.003,False,0.0,,0.003,False,0.0,,0.003,False
50.417,248,slm,TOWNSIM_CALIB_0,0,reactive,MANTENER_RUMBO,1,35.44018203340626,False,1.5787662267684937,-37.64570617675781,-20.464834213256836,,,,-111.23,False,,,"{""telemetry"": 1.5, ""graph"": 145.0}",False,,,,,0.0,,0.0,False,0.0,,0.0,False,0.0,,0.0,False
50.622,249,slm,TOWNSIM_CALIB_0,0,reactive,MANTENER_RUMBO,1,34.94463308073857,False,1.3970115184783936,-38.13631057739258,-20.641788482666016,,,,-110.89,False,,,"{""telemetry"": 1.0, ""graph"": 149.6}",False,,,,,0.0,,0.0,False,0.0,,0.0,False,0.0,,0.0,False
50.827,250,slm,TOWNSIM_CALIB_0,0,reactive,MANTENER_RUMBO,1,34.428886076768116,False,1.214950442314148,-38.61936950683594,-20.804658889770508,,,,-110.44,False,,,"{""telemetry"": 1.0, ""graph"": 153.0}",False,,,,,0.0,,0.0,False,0.0,,0.0,False,0.0,,0.0,False
51.047,251,slm,TOWNSIM_CALIB_0,0,reactive,MANTENER_RUMBO,1,33.89845254254645,False,1.0172172784805298,-39.13987731933594,-20.972806930541992,,,,-109.89,False,,,"{""telemetry"": 1.0, ""graph"": 172.0}",False,,,,,0.0,,0.0,False,0.0,,0.0,False,0.0,,0.0,False
51.247,252,slm,TOWNSIM_CALIB_0,0,reactive,MANTENER_RUMBO,1,33.35745012421033,False,0.8231564164161682,-39.648651123046875,-21.132509231567383,,,,-109.32,False,,,"{""telemetry"": 1.0, ""graph"": 170.1}",False,,,,,0.0,,0.002,False,0.0,,0.002,False,0.0,,0.002,False
51.459,253,slm,TOWNSIM_CALIB_0,0,reactive,MANTENER_RUMBO,1,32.809054549181745,False,0.611833930015564,-40.20463943481445,-21.303485870361328,,,,-108.58,False,,,"{""telemetry"": 1.0, ""graph"": 178.9}",False,,,,,0.0,,0.023,False,0.0,,0.023,False,0.0,,0.023,False
51.634,254,slm,TOWNSIM_CALIB_0,0,reactive,MANTENER_RUMBO,1,32.255584976773186,False,0.4362987279891968,-40.671669006347656,-21.445274353027344,,,,-107.9,False,,,"{""telemetry"": 1.5, ""graph"": 153.5}",False,,,,,0.0,,0.009,False,0.0,,0.009,False,0.0,,0.009,False
51.826,255,slm,TOWNSIM_CALIB_0,0,reactive,MANTENER_RUMBO,1,31.707109351897305,False,0.23479531705379486,-41.214088439941406,-21.60848617553711,,,,-107.07,False,,,"{""telemetry"": 1.5, ""graph"": 144.0}",False,,,,,0.0,,0.0,False,0.0,,0.0,False,0.0,,0.0,False
52.046,256,slm,TOWNSIM_CALIB_0,0,reactive,MANTENER_RUMBO,1,31.13986438517968,False,0.03581177443265915,-41.759788513183594,-21.771657943725586,,,,-106.13,False,,,"{""telemetry"": 0.0, ""graph"": 163.1}",False,,,,,0.011,5.6,0.343,False,0.014,6.57,0.343,False,0.016,10.21,0.343,False
52.264,257,slm,TOWNSIM_CALIB_0,0,reactive,MANTENER_RUMBO,1,30.58812069782755,False,-0.1668759137392044,-42.332054138183594,-21.942007064819336,,,,-105.07,False,,,"{""telemetry"": 1.5, ""graph"": 179.1}",False,,,,,0.0,,0.069,False,0.0,,0.069,False,0.0,,0.069,False
52.449,258,slm,TOWNSIM_CALIB_0,0,reactive,MANTENER_RUMBO,1,30.019140525152572,False,-0.33968958258628845,-42.83329391479492,-22.09063720703125,,,,-104.11,False,,,"{""telemetry"": 2.0, ""graph"": 162.0}",False,,,,,0.0,,0.119,False,0.0,,0.119,False,0.0,,0.119,False
52.657,259,slm,TOWNSIM_CALIB_0,0,reactive,MANTENER_RUMBO,1,29.4668609847708,False,-0.5308933854103088,-43.40046310424805,-22.25836181640625,,,,-103.0,False,,,"{""telemetry"": 1.0, ""graph"": 169.0}",False,,,,,0.0,,0.106,False,0.0,,0.106,False,0.0,,0.106,False
52.856,260,slm,TOWNSIM_CALIB_0,0,evasive,EVADIR_IZQUIERDA,1,28.906339915596277,False,-0.707981288433075,-43.94429016113281,-22.41948699951172,,,,-101.83,False,,,"{""telemetry"": 1.5, ""graph"": 167.5}",False,,,,,0.012,3.64,0.279,False,0.012,7.59,0.279,False,0.013,10.7,0.279,False
53.071,261,slm,TOWNSIM_CALIB_0,0,reactive,MANTENER_RUMBO,1,28.34594634013085,False,-0.8808807134628296,-44.504703521728516,-22.58613395690918,,,,-100.63,False,,,"{""telemetry"": 1.5, ""graph"": 180.1}",False,,,,,0.0,,0.06,False,0.0,,0.06,False,0.0,,0.06,False
53.235,262,slm,TOWNSIM_CALIB_0,0,reactive,MANTENER_RUMBO,1,27.792070194228938,False,-1.0179604291915894,-44.97220230102539,-22.750213623046875,,,,-101.14,False,,,"{""telemetry"": 1.0, ""graph"": 143.0}",False,,,,,0.0,,0.0,False,0.0,,0.0,False,0.0,,0.0,False
53.44,263,slm,TOWNSIM_CALIB_0,0,reactive,MANTENER_RUMBO,1,27.28121122720931,False,-1.1594990491867065,-45.481048583984375,-22.917036056518555,,,,-101.3,False,,,"{""telemetry"": 1.0, ""graph"": 147.5}",False,,,,,0.0,,0.0,False,0.0,,0.0,False,0.0,,0.0,False
53.668,264,slm,TOWNSIM_CALIB_0,0,reactive,MANTENER_RUMBO,1,26.773638056837953,False,-1.3011348247528076,-46.033050537109375,-23.097618103027344,,,,-100.42,False,,,"{""telemetry"": 2.5, ""graph"": 171.6}",False,,,,,0.0,,0.0,False,0.0,,0.0,False,0.0,,0.0,False
53.864,265,slm,TOWNSIM_CALIB_0,0,reactive,MANTENER_RUMBO,1,26.251736257004932,False,-1.4070192575454712,-46.47532272338867,-23.240110397338867,,,,-99.41,False,,,"{""telemetry"": 2.0, ""graph"": 167.0}",False,,,,,0.0,,0.015,False,0.0,,0.015,False,0.0,,0.015,False
54.066,266,slm,TOWNSIM_CALIB_0,0,evasive,EVADIR_IZQUIERDA,1,25.73640322775522,False,-1.522560954093933,-46.9864501953125,-23.401424407958984,,,,-98.03,False,,,"{""telemetry"": 1.5, ""graph"": 168.0}",False,,,,,0.011,8.98,0.3,False,0.013,4.23,0.3,False,0.015,10.12,0.3,False
54.258,267,slm,TOWNSIM_CALIB_0,0,reactive,MANTENER_RUMBO,1,25.206357831088756,False,-1.6380199193954468,-47.52772521972656,-23.569316864013672,,,,-96.56,False,,,"{""telemetry"": 1.0, ""graph"": 159.7}",False,,,,,0.0,,0.0,False,0.0,,0.0,False,0.0,,0.0,False
54.459,268,slm,TOWNSIM_CALIB_0,0,reactive,MANTENER_RUMBO,1,24.670529809561025,False,-1.7407153844833374,-48.03526306152344,-23.746896743774414,,,,-97.01,False,,,"{""telemetry"": 1.0, ""graph"": 157.4}",False,,,,,0.0,,0.0,False,0.0,,0.0,False,0.0,,0.0,False
54.66,269,slm,TOWNSIM_CALIB_0,0,reactive,MANTENER_RUMBO,1,24.17280813729419,False,-1.83086097240448,-48.51164627075195,-23.907045364379883,,,,-96.88,False,,,"{""telemetry"": 1.0, ""graph"": 156.8}",False,,,,,0.0,,0.0,False,0.0,,0.0,False,0.0,,0.0,False
54.847,270,slm,TOWNSIM_CALIB_0,0,reactive,MANTENER_RUMBO,1,23.681274993685296,False,-1.9074511528015137,-48.954917907714844,-24.056663513183594,,,,-95.98,False,,,"{""telemetry"": 2.0, ""graph"": 142.0}",False,,,,,0.0,,0.0,False,0.0,,0.0,False,0.0,,0.0,False
55.069,271,slm,TOWNSIM_CALIB_0,0,reactive,MANTENER_RUMBO,1,23.18029441339773,False,-1.9851949214935303,-49.44478988647461,-24.218900680541992,,,,-94.65,False,,,"{""telemetry"": 1.5, ""graph"": 163.5}",False,,,,,0.0,,0.032,False,0.0,,0.032,False,0.0,,0.032,False
55.269,272,slm,TOWNSIM_CALIB_0,0,reactive,MANTENER_RUMBO,1,22.675928679201697,False,-2.0581583976745605,-49.938819885253906,-24.37826156616211,,,,-93.17,False,,,"{""telemetry"": 2.0, ""graph"": 161.1}",False,,,,,0.0,,0.061,False,0.0,,0.061,False,0.0,,0.061,False
55.47,273,slm,TOWNSIM_CALIB_0,0,reactive,MANTENER_RUMBO,1,22.15442109411349,False,-2.135883092880249,-50.49638366699219,-24.553916931152344,,,,-91.45,False,,,"{""telemetry"": 1.0, ""graph"": 161.0}",False,,,,,0.0,,0.0,False,0.0,,0.0,False,0.0,,0.0,False
55.675,274,slm,TOWNSIM_CALIB_0,0,reactive,MANTENER_RUMBO,1,21.625483146871638,False,-2.2001261711120605,-50.97711181640625,-24.70275115966797,,,,-89.96,False,,,"{""telemetry"": 1.5, ""graph"": 163.9}",False,,,,,0.0,,0.015,False,0.0,,0.015,False,0.0,,0.015,False
55.877,275,slm,TOWNSIM_CALIB_0,0,reactive,MANTENER_RUMBO,1,21.091080914287854,False,-2.268235206604004,-51.50223922729492,-24.86334800720215,,,,-88.34,False,,,"{""telemetry"": 2.0, ""graph"": 164.4}",False,,,,,0.0,,0.018,False,0.0,,0.018,False,0.0,,0.018,False
56.088,276,slm,TOWNSIM_CALIB_0,0,reactive,MANTENER_RUMBO,1,20.544779620904727,False,-2.3393445014953613,-52.06349182128906,-25.033382415771484,,,,-86.61,False,,,"{""telemetry"": 2.5, ""graph"": 171.1}",False,,,,,0.0,,0.015,False,0.0,,0.015,False,0.0,,0.015,False
56.318,277,slm,TOWNSIM_CALIB_0,0,reactive,MANTENER_RUMBO,1,19.971573912236366,False,-2.4095683097839355,-52.628414154052734,-25.20343017578125,,,,-84.89,False,,,"{""telemetry"": 1.5, ""graph"": 188.1}",False,,,,,0.0,,0.044,False,0.0,,0.044,False,0.0,,0.044,False
56.493,278,slm,TOWNSIM_CALIB_0,0,reactive,MANTENER_RUMBO,1,19.427625604402433,False,-2.4644689559936523,-53.133060455322266,-25.357269287109375,,,,-83.49,False,,,"{""telemetry"": 1.0, ""graph"": 160.9}",False,,,,,0.0,,0.058,False,0.0,,0.058,False,0.0,,0.058,False
56.695,279,slm,TOWNSIM_CALIB_0,0,reactive,MANTENER_RUMBO,1,18.87731069854949,False,-2.5055761337280273,-53.682411193847656,-25.5248966217041,,,,-82.07,False,,,"{""telemetry"": 1.5, ""graph"": 161.9}",False,,,,,0.0,,0.039,False,0.0,,0.039,False,0.0,,0.039,False
56.921,280,slm,TOWNSIM_CALIB_0,0,reactive,MANTENER_RUMBO,1,18.328421715989016,False,-2.5252110958099365,-54.22846221923828,-25.69088363647461,,,,-80.8,False,,,"{""telemetry"": 1.0, ""graph"": 186.9}",False,,,,,0.0,,0.043,False,0.0,,0.043,False,0.0,,0.043,False
57.106,281,slm,TOWNSIM_CALIB_0,0,reactive,MANTENER_RUMBO,1,17.772653396716887,False,-2.5238406658172607,-54.795570373535156,-25.860681533813477,,,,-79.58,False,,,"{""telemetry"": 1.0, ""graph"": 170.7}",False,,,,,0.012,14.96,0.343,False,0.011,5.22,0.343,False,0.013,9.48,0.343,False
57.297,282,slm,TOWNSIM_CALIB_0,0,reactive,MANTENER_RUMBO,1,17.20189400175744,False,-2.5029003620147705,-55.35035705566406,-26.025394439697266,,,,-78.53,False,,,"{""telemetry"": 1.5, ""graph"": 159.6}",False,,,,,0.0,,0.037,False,0.0,,0.037,False,0.0,,0.037,False
57.516,283,slm,TOWNSIM_CALIB_0,0,reactive,MANTENER_RUMBO,1,16.62490533960419,False,-2.46402907371521,-55.90866470336914,-26.188859939575195,,,,-77.55,False,,,"{""telemetry"": 0.0, ""graph"": 178.6}",False,,,,,0.012,13.75,0.332,False,0.012,4.62,0.332,False,0.013,9.01,0.332,False
57.693,284,slm,TOWNSIM_CALIB_0,0,evasive,EVADIR_IZQUIERDA,1,16.042765738278053,False,-2.4165921211242676,-56.411048889160156,-26.334278106689453,,,,-76.71,False,,,"{""telemetry"": 1.0, ""graph"": 152.6}",False,,,,,0.011,13.33,0.316,False,0.012,4.05,0.316,False,0.013,9.19,0.316,False
57.923,285,slm,TOWNSIM_CALIB_0,0,reactive,MANTENER_RUMBO,1,15.456079291931756,False,-2.341813325881958,-57.04106521606445,-26.5163516998291,,,,-75.81,False,,,"{""telemetry"": 1.0, ""graph"": 181.0}",False,,,,,0.013,10.34,0.295,False,0.012,5.69,0.295,False,0.012,12.7,0.295,False
58.092,286,slm,TOWNSIM_CALIB_0,0,reactive,MANTENER_RUMBO,1,14.873659913461166,False,-2.27351713180542,-57.524723052978516,-26.678518295288086,,,,-76.54,False,,,"{""telemetry"": 1.0, ""graph"": 149.0}",False,,,,,0.0,,0.0,False,0.0,,0.0,False,0.0,,0.0,False
58.29,287,slm,TOWNSIM_CALIB_0,0,reactive,MANTENER_RUMBO,1,14.319195967777365,False,-2.192591428756714,-58.0355110168457,-26.83965492248535,,,,-77.23,False,,,"{""telemetry"": 1.5, ""graph"": 144.0}",False,,,,,0.0,,0.0,False,0.0,,0.0,False,0.0,,0.0,False
58.495,288,slm,TOWNSIM_CALIB_0,0,reactive,MANTENER_RUMBO,1,13.788704828193405,False,-2.096571445465088,-58.56809997558594,-27.00937271118164,,,,-77.21,False,,,"{""telemetry"": 1.5, ""graph"": 148.0}",False,,,,,0.0,,0.0,False,0.0,,0.0,False,0.0,,0.0,False
58.73,289,slm,TOWNSIM_CALIB_0,0,reactive,MANTENER_RUMBO,1,13.23163699241834,False,-1.9836289882659912,-59.13542175292969,-27.187091827392578,,,,-76.86,False,,,"{""telemetry"": 1.5, ""graph"": 181.3}",False,,,,,0.0,,0.039,False,0.0,,0.039,False,0.0,,0.039,False
58.92,290,slm,TOWNSIM_CALIB_0,0,reactive,MANTENER_RUMBO,1,12.670157792823156,False,-1.8791621923446655,-59.62771987915039,-27.337337493896484,,,,-76.45,False,,,"{""telemetry"": 1.5, ""graph"": 169.9}",False,,,,,0.0,,0.071,False,0.0,,0.071,False,0.0,,0.071,False
59.122,291,slm,TOWNSIM_CALIB_0,0,reactive,MANTENER_RUMBO,1,12.097710412312896,False,-1.7557271718978882,-60.185184478759766,-27.5037841796875,,,,-75.95,False,,,"{""telemetry"": 1.0, ""graph"": 170.5}",False,,,,,0.0,,0.016,False,0.0,,0.016,False,0.0,,0.016,False
59.32,292,slm,TOWNSIM_CALIB_0,0,reactive,MANTENER_RUMBO,1,11.525293392587185,False,-1.639871597290039,-60.69291305541992,-27.652864456176758,,,,-75.49,False,,,"{""telemetry"": 2.0, ""graph"": 166.0}",False,,,,,0.0,,0.018,False,0.0,,0.018,False,0.0,,0.018,False
59.531,293,slm,TOWNSIM_CALIB_0,0,reactive,MANTENER_RUMBO,1,10.937630063031165,False,-1.5028939247131348,-61.28035354614258,-27.823265075683594,,,,-74.95,False,,,"{""telemetry"": 1.0, ""graph"": 177.0}",False,,,,,0.0,,0.019,False,0.0,,0.019,False,0.0,,0.019,False
59.725,294,slm,TOWNSIM_CALIB_0,0,reactive,MANTENER_RUMBO,1,10.34496059449172,False,-1.379826545715332,-61.797340393066406,-27.972009658813477,,,,-74.57,False,,,"{""telemetry"": 2.0, ""graph"": 168.9}",False,,,,,0.01,11.81,0.306,False,0.01,9.32,0.306,False,0.012,15.53,0.306,False
59.919,295,slm,TOWNSIM_CALIB_0,0,reactive,MANTENER_RUMBO,1,9.748353766679063,False,-1.2409275770187378,-62.36763000488281,-28.13372230529785,,,,-74.23,False,,,"{""telemetry"": 1.0, ""graph"": 161.9}",False,,,,,0.0,,0.022,False,0.0,,0.022,False,0.0,,0.022,False
60.142,296,slm,TOWNSIM_CALIB_0,0,reactive,MANTENER_RUMBO,1,9.150946514146593,False,-1.0916203260421753,-62.965614318847656,-28.288951873779297,,,,-74.0,False,,,"{""telemetry"": 1.0, ""graph"": 183.2}",False,,,,,0.012,9.58,0.318,False,0.011,11.94,0.318,False,0.01,15.14,0.318,False
60.328,297,slm,TOWNSIM_CALIB_0,0,reactive,MANTENER_RUMBO,1,8.561217501841451,False,-0.9552609920501709,-63.49779510498047,-28.423330307006836,,,,-73.88,False,,,"{""telemetry"": 1.0, ""graph"": 168.4}",False,,,,,0.0,,0.048,False,0.0,,0.048,False,0.0,,0.048,False
60.543,298,slm,TOWNSIM_CALIB_0,0,reactive,MANTENER_RUMBO,1,7.955202818244767,False,-0.7954694032669067,-64.10708618164062,-28.556793212890625,,,,-73.85,False,,,"{""telemetry"": 2.5, ""graph"": 180.0}",False,,,,,0.0,,0.062,False,0.0,,0.062,False,0.0,,0.062,False
60.711,299,slm,TOWNSIM_CALIB_0,0,reactive,MANTENER_RUMBO,1,7.367419697073243,False,-0.6569222211837769,-64.62390899658203,-28.66667938232422,,,,-73.89,False,,,"{""telemetry"": 1.0, ""graph"": 146.5}",False,,,,,0.0,,0.098,False,0.0,,0.098,False,0.0,,0.098,False
60.93,300,slm,TOWNSIM_CALIB_0,0,reactive,MANTENER_RUMBO,1,6.77294165796346,False,-0.49511003494262695,-65.21724700927734,-28.775588989257812,,,,-74.05,False,,,"{""telemetry"": 1.0, ""graph"": 165.6}",False,,,,,0.0,,0.059,False,0.0,,0.059,False,0.0,,0.059,False
61.141,301,slm,TOWNSIM_CALIB_0,0,reactive,MANTENER_RUMBO,1,6.1800284962408,False,-0.328435480594635,-65.81906127929688,-28.884553909301758,,,,-74.3,False,,,"{""telemetry"": 1.0, ""graph"": 175.5}",False,,,,,0.0,,0.074,False,0.0,,0.074,False,0.0,,0.074,False
61.317,302,slm,TOWNSIM_CALIB_0,0,reactive,MANTENER_RUMBO,1,5.579103762619905,False,-0.18128547072410583,-66.34458923339844,-28.977405548095703,,,,-74.55,False,,,"{""telemetry"": 1.0, ""graph"": 149.6}",False,,,,,0.0,,0.004,False,0.0,,0.004,False,0.0,,0.004,False
61.544,303,slm,TOWNSIM_CALIB_0,0,reactive,MANTENER_RUMBO,1,5.000523362471032,False,-0.009581762365996838,-66.95458221435547,-29.063974380493164,,,,-74.98,False,,,"{""telemetry"": 1.5, ""graph"": 174.5}",False,,,,,0.0,,0.125,False,0.0,,0.125,False,0.0,,0.125,False
61.726,304,slm,TOWNSIM_CALIB_0,0,reactive,MANTENER_RUMBO,1,4.417327372970344,False,0.13817697763442993,-67.47954559326172,-29.13719940185547,,,,-75.43,False,,,"{""telemetry"": 1.0, ""graph"": 155.6}",False,,,,,0.0,,0.015,False,0.0,,0.015,False,0.0,,0.015,False
61.924,305,slm,TOWNSIM_CALIB_0,0,reactive,MANTENER_RUMBO,1,3.838051001985929,False,0.29748138785362244,-68.04643249511719,-29.214599609375,,,,-75.95,False,,,"{""telemetry"": 1.0, ""graph"": 151.9}",False,,,,,0.0,,0.005,False,0.0,,0.005,False,0.0,,0.005,False
62.149,306,slm,TOWNSIM_CALIB_0,0,reactive,MANTENER_RUMBO,2,145.6228759010721,False,0.46008923649787903,-68.62952423095703,-29.277252197265625,,,,-76.62,False,,,"{""telemetry"": 1.0, ""graph"": 175.4}",False,,,,,0.011,11.2,0.241,False,0.01,13.55,0.241,False,0.009,9.04,0.241,False
62.351,307,slm,TOWNSIM_CALIB_0,0,reactive,MANTENER_RUMBO,2,145.7671861616863,False,0.6181788444519043,-69.20639038085938,-29.34467315673828,,,,-77.58,False,,,"{""telemetry"": 1.0, ""graph"": 176.6}",False,,,,,0.0,,0.0,False,0.0,,0.0,False,0.0,,0.0,False
62.483,308,slm,TOWNSIM_CALIB_0,0,reactive,MANTENER_RUMBO,2,145.90438001003525,False,0.7496761679649353,-69.69535827636719,-29.43780517578125,,,,-79.67,False,,,"{""telemetry"": 1.5, ""graph"": 107.5}",False,,,,,0.0,,0.0,False,0.0,,0.0,False,0.0,,0.0,False
62.684,309,slm,TOWNSIM_CALIB_0,0,reactive,MANTENER_RUMBO,2,146.02377236740065,False,0.8657758831977844,-70.13378143310547,-29.54640007019043,,,,-82.96,False,,,"{""telemetry"": 1.0, ""graph"": 107.0}",False,,,,,0.0,,0.0,False,0.0,,0.0,False,0.0,,0.0,False
62.872,310,slm,TOWNSIM_CALIB_0,0,reactive,MANTENER_RUMBO,2,146.12332860465324,False,0.9521560668945312,-70.46368408203125,-29.628040313720703,,,,-86.5,False,,,"{""telemetry"": 3.0, ""graph"": 90.7}",False,,,,,0.0,,0.0,False,0.0,,0.0,False,0.0,,0.0,False
63.089,311,slm,TOWNSIM_CALIB_0,0,reactive,MANTENER_RUMBO,2,146.20329610676393,False,1.0310230255126953,-70.76824188232422,-29.703899383544922,,,,-91.3,False,,,"{""telemetry"": 1.0, ""graph"": 107.0}",False,,,,,0.0,,0.0,False,0.0,,0.0,False,0.0,,0.0,False
63.305,312,slm,TOWNSIM_CALIB_0,0,reactive,MANTENER_RUMBO,2,146.26984023630595,False,1.0894029140472412,-70.99735260009766,-29.759408950805664,,,,-96.62,False,,,"{""telemetry"": 1.0, ""graph"": 108.0}",False,,,,,0.0,,0.0,False,0.0,,0.0,False,0.0,,0.0,False
63.485,313,slm,TOWNSIM_CALIB_0,0,reactive,MANTENER_RUMBO,2,146.31736831644483,False,1.1289608478546143,-71.15583038330078,-29.78598403930664,,,,-101.13,False,,,"{""telemetry"": 1.0, ""graph"": 86.0}",False,,,,,0.0,,0.0,False,0.0,,0.0,False,0.0,,0.0,False
63.689,314,slm,TOWNSIM_CALIB_0,0,reactive,MANTENER_RUMBO,2,146.354203537354,False,1.1637588739395142,-71.29837799072266,-29.78289794921875,,,,-106.19,False,,,"{""telemetry"": 1.0, ""graph"": 89.0}",False,,,,,0.0,,0.0,False,0.0,,0.0,False,0.0,,0.0,False
63.9,315,slm,TOWNSIM_CALIB_0,0,reactive,MANTENER_RUMBO,2,146.38171060519068,False,1.1881519556045532,-71.40597534179688,-29.77692222595215,,,,-111.09,False,,,"{""telemetry"": 1.0, ""graph"": 98.5}",False,,,,,0.0,,0.0,False,0.0,,0.0,False,0.0,,0.0,False
64.091,316,slm,TOWNSIM_CALIB_0,0,reactive,MANTENER_RUMBO,2,146.40051123706016,False,1.2035090923309326,-71.481201171875,-29.770666122436523,,,,-115.1,False,,,"{""telemetry"": 1.5, ""graph"": 87.5}",False,,,,,0.0,,0.0,False,0.0,,0.0,False,0.0,,0.0,False
64.307,317,slm,TOWNSIM_CALIB_0,0,reactive,MANTENER_RUMBO,2,146.41334477094972,False,1.2150541543960571,-71.5435791015625,-29.76364517211914,,,,-119.21,False,,,"{""telemetry"": 1.0, ""graph"": 102.5}",False,,,,,0.0,,0.0,False,0.0,,0.0,False,0.0,,0.0,False
64.499,318,slm,TOWNSIM_CALIB_0,0,reactive,MANTENER_RUMBO,2,146.4220512760435,False,1.2220141887664795,-71.58538055419922,-29.757797241210938,,,,-122.7,False,,,"{""telemetry"": 1.0, ""graph"": 93.0}",False,,,,,0.0,,0.0,False,0.0,,0.0,False,0.0,,0.0,False
64.691,319,slm,TOWNSIM_CALIB_0,0,reactive,MANTENER_RUMBO,2,146.42786681114646,False,1.2266900539398193,-71.61685943603516,-29.752586364746094,,,,-126.01,False,,,"{""telemetry"": 1.5, ""graph"": 83.0}",False,,,,,0.0,,0.0,False,0.0,,0.0,False,0.0,,0.0,False
64.912,320,slm,TOWNSIM_CALIB_0,0,reactive,MANTENER_RUMBO,2,146.43166688383758,False,1.2300920486450195,-71.64329528808594,-29.7474422454834,,,,-129.56,False,,,"{""telemetry"": 1.0, ""graph"": 102.5}",False,,,,,0.0,,0.0,False,0.0,,0.0,False,0.0,,0.0,False
65.117,321,slm,TOWNSIM_CALIB_0,0,reactive,MANTENER_RUMBO,2,146.43407800047459,False,1.2320057153701782,-71.66120147705078,-29.743383407592773,,,,-132.7,False,,,"{""telemetry"": 2.0, ""graph"": 105.5}",False,,,,,0.0,,0.0,False,0.0,,0.0,False,0.0,,0.0,False
65.354,322,slm,TOWNSIM_CALIB_0,0,reactive,MANTENER_RUMBO,2,146.4355497159966,False,1.2332327365875244,-71.67591857910156,-29.739564895629883,,,,-136.25,False,,,"{""telemetry"": 2.0, ""graph"": 141.1}",False,,,,,0.0,,0.0,False,0.0,,0.0,False,0.0,,0.0,False
65.531,323,slm,TOWNSIM_CALIB_0,0,reactive,MANTENER_RUMBO,2,146.43637297524603,False,1.233691692352295,-71.68388366699219,-29.73725700378418,,,,-138.92,False,,,"{""telemetry"": 1.0, ""graph"": 117.4}",False,,,,,0.0,,0.0,False,0.0,,0.0,False,0.0,,0.0,False
65.715,324,slm,TOWNSIM_CALIB_0,0,reactive,MANTENER_RUMBO,2,146.43677236326096,False,1.2337429523468018,-71.69044494628906,-29.733060836791992,,,,-141.64,False,,,"{""telemetry"": 1.0, ""graph"": 99.5}",False,,,,,0.0,,0.0,False,0.0,,0.0,False,0.0,,0.0,False
65.932,325,slm,TOWNSIM_CALIB_0,0,reactive,MANTENER_RUMBO,2,146.43207688013217,False,1.22092866897583,-71.70637512207031,-29.72246742248535,,,,-144.45,False,,,"{""telemetry"": 1.0, ""graph"": 115.0}",False,,,,,0.0,,0.0,False,0.0,,0.0,False,0.0,,0.0,False
66.125,326,slm,TOWNSIM_CALIB_0,0,reactive,MANTENER_RUMBO,2,146.40454583856337,False,1.1794744729995728,-71.74213409423828,-29.726970672607422,,,,-146.85,False,,,"{""telemetry"": 0.5, ""graph"": 106.5}",False,,,,,0.0,,0.0,False,0.0,,0.0,False,0.0,,0.0,False
66.319,327,slm,TOWNSIM_CALIB_0,0,reactive,MANTENER_RUMBO,2,146.33879734532798,False,1.099888801574707,-71.80367279052734,-29.738895416259766,,,,-149.14,False,,,"{""telemetry"": 1.0, ""graph"": 100.0}",False,,,,,0.0,,0.0,False,0.0,,0.0,False,0.0,,0.0,False
66.519,328,slm,TOWNSIM_CALIB_0,0,reactive,MANTENER_RUMBO,2,146.22957192784256,False,0.9770931601524353,-71.89203643798828,-29.74398422241211,,,,-151.29,False,,,"{""telemetry"": 1.0, ""graph"": 98.0}",False,,,,,0.0,,0.0,False,0.0,,0.0,False,0.0,,0.0,False
66.717,329,slm,TOWNSIM_CALIB_0,0,reactive,MANTENER_RUMBO,2,146.08133999020401,False,0.8114192485809326,-72.00312805175781,-29.759166717529297,,,,-153.48,False,,,"{""telemetry"": 1.5, ""graph"": 93.8}",False,,,,,0.0,,0.0,False,0.0,,0.0,False,0.0,,0.0,False
66.918,330,slm,TOWNSIM_CALIB_0,0,reactive,MANTENER_RUMBO,2,145.88468179501442,False,0.5990903377532959,-72.13721466064453,-29.765777587890625,,,,-155.67,False,,,"{""telemetry"": 1.0, ""graph"": 94.2}",False,,,,,0.0,,0.0,False,0.0,,0.0,False,0.0,,0.0,False
67.119,331,slm,TOWNSIM_CALIB_0,0,reactive,MANTENER_RUMBO,2,145.6523856079126,False,0.3558728098869324,-72.28219604492188,-29.768739700317383,,,,-157.72,False,,,"{""telemetry"": 1.0, ""graph"": 94.0}",False,,,,,0.0,,0.0,False,0.0,,0.0,False,0.0,,0.0,False
67.325,332,slm,TOWNSIM_CALIB_0,0,reactive,MANTENER_RUMBO,2,145.3799204503318,False,0.06749071925878525,-72.44279479980469,-29.77665138244629,,,,-159.92,False,,,"{""telemetry"": 1.0, ""graph"": 98.5}",False,,,,,0.0,,0.0,False,0.0,,0.0,False,0.0,,0.0,False
67.576,333,slm,TOWNSIM_CALIB_0,0,reactive,MANTENER_RUMBO,2,145.06819255183126,False,-0.24529443681240082,-72.6086654663086,-29.769193649291992,,,,-161.91,False,,,"{""telemetry"": 3.0, ""graph"": 146.0}",False,,,,,0.0,,0.0,False,0.0,,0.0,False,0.0,,0.0,False
67.789,334,slm,TOWNSIM_CALIB_0,0,reactive,MANTENER_RUMBO,2,144.73844144908662,False,-0.6091656684875488,-72.79013061523438,-29.757646560668945,,,,-163.86,False,,,"{""telemetry"": 1.0, ""graph"": 158.5}",False,,,,,0.0,,0.0,False,0.0,,0.0,False,0.0,,0.0,False
67.975,335,slm,TOWNSIM_CALIB_0,0,reactive,MANTENER_RUMBO,2,144.3849828043872,False,-0.9536798596382141,-72.94728088378906,-29.7550048828125,,,,-165.71,False,,,"{""telemetry"": 1.0, ""graph"": 143.9}",False,,,,,0.0,,0.0,False,0.0,,0.0,False,0.0,,0.0,False
68.124,336,slm,TOWNSIM_CALIB_0,0,reactive,MANTENER_RUMBO,2,144.00258030752664,False,-1.3536640405654907,-73.11640930175781,-29.752336502075195,,,,-167.75,False,,,"{""telemetry"": 1.0, ""graph"": 91.5}",False,,,,,0.0,,0.0,False,0.0,,0.0,False,0.0,,0.0,False
68.338,337,slm,TOWNSIM_CALIB_0,0,reactive,MANTENER_RUMBO,2,143.59479952445452,False,-1.7782095670700073,-73.28553771972656,-29.748743057250977,,,,-169.81,False,,,"{""telemetry"": 1.0, ""graph"": 103.6}",False,,,,,0.0,,0.0,False,0.0,,0.0,False,0.0,,0.0,False
68.592,338,slm,TOWNSIM_CALIB_0,0,reactive,MANTENER_RUMBO,2,143.16686144299416,False,-2.2131659984588623,-73.45152282714844,-29.737668991088867,,,,-171.72,False,,,"{""telemetry"": 1.0, ""graph"": 155.5}",False,,,,,0.0,,0.0,False,0.0,,0.0,False,0.0,,0.0,False
68.799,339,slm,TOWNSIM_CALIB_0,0,reactive,MANTENER_RUMBO,2,142.73446350192404,False,-2.662895917892456,-73.61114501953125,-29.72306251525879,,,,-173.42,False,,,"{""telemetry"": 1.0, ""graph"": 160.9}",False,,,,,0.0,,0.0,False,0.0,,0.0,False,0.0,,0.0,False
68.979,340,slm,TOWNSIM_CALIB_0,0,reactive,MANTENER_RUMBO,2,142.29334882885033,False,-3.07218074798584,-73.73886108398438,-29.71613121032715,,,,-175.02,False,,,"{""telemetry"": 1.0, ""graph"": 139.5}",False,,,,,0.0,,0.0,False,0.0,,0.0,False,0.0,,0.0,False
69.2,341,slm,TOWNSIM_CALIB_0,0,reactive,MANTENER_RUMBO,2,141.84250769262772,False,-3.537781238555908,-73.86637115478516,-29.710010528564453,,,,-176.82,False,,,"{""telemetry"": 1.0, ""graph"": 159.6}",False,,,,,0.01,7.9,0.229,False,0.008,11.19,0.229,False,0.008,17.06,0.229,False
69.422,342,slm,TOWNSIM_CALIB_0,0,evasive,EVADIR_DERECHA,2,141.3690299783046,False,-4.025673866271973,-73.98479461669922,-29.704206466674805,,,,-178.66,False,,,"{""telemetry"": 1.5, ""graph"": 178.9}",False,,,,,0.012,3.87,0.249,False,0.009,3.89,0.249,False,0.009,14.27,0.249,False
69.613,343,slm,TOWNSIM_CALIB_0,0,reactive,MANTENER_RUMBO,2,140.88246347364122,False,-4.525725364685059,-74.09467315673828,-29.69827651977539,,,,179.57,False,,,"{""telemetry"": 0.5, ""graph"": 169.0}",False,,,,,0.0,,0.049,False,0.0,,0.049,False,0.0,,0.049,False
69.805,344,slm,TOWNSIM_CALIB_0,0,reactive,MANTENER_RUMBO,2,140.39472165222963,False,-5.028197288513184,-74.19450378417969,-29.704360961914062,,,,179.83,False,,,"{""telemetry"": 2.0, ""graph"": 158.0}",False,,,,,0.0,,0.0,False,0.0,,0.0,False,0.0,,0.0,False
70.005,345,slm,TOWNSIM_CALIB_0,0,reactive,MANTENER_RUMBO,2,139.93173014948212,False,-5.4765520095825195,-74.26930236816406,-29.702781677246094,,,,179.82,False,,,"{""telemetry"": 1.0, ""graph"": 156.9}",False,,,,,0.0,,0.0,False,0.0,,0.0,False,0.0,,0.0,False
70.205,346,slm,TOWNSIM_CALIB_0,0,reactive,MANTENER_RUMBO,2,139.46771919651363,False,-5.961249828338623,-74.32954406738281,-29.704975128173828,,,,178.89,False,,,"{""telemetry"": 1.0, ""graph"": 156.1}",False,,,,,0.0,,0.0,False,0.0,,0.0,False,0.0,,0.0,False
70.415,347,slm,TOWNSIM_CALIB_0,0,reactive,MANTENER_RUMBO,2,138.98860420294994,False,-6.411200523376465,-74.36970520019531,-29.706989288330078,,,,177.72,False,,,"{""telemetry"": 1.5, ""graph"": 164.0}",False,,,,,0.0,,0.113,False,0.0,,0.113,False,0.0,,0.113,False
70.625,348,slm,TOWNSIM_CALIB_0,0,evasive,EVADIR_DERECHA,2,138.49326584039272,False,-6.934917449951172,-74.40266418457031,-29.708011627197266,,,,176.25,False,,,"{""telemetry"": 1.0, ""graph"": 172.5}",False,,,,,0.012,3.55,0.307,False,0.01,4.95,0.307,False,0.007,13.57,0.307,False
70.817,349,slm,TOWNSIM_CALIB_0,0,reactive,MANTENER_RUMBO,2,137.98412581226913,False,-7.417912483215332,-74.42376708984375,-29.707365036010742,,,,174.9,False,,,"{""telemetry"": 1.0, ""graph"": 164.0}",False,,,,,0.0,,0.07,False,0.0,,0.07,False,0.0,,0.07,False
71.003,350,slm,TOWNSIM_CALIB_0,0,reactive,MANTENER_RUMBO,2,137.4739206398395,False,-7.935222625732422,-74.43865203857422,-29.716398239135742,,,,175.27,False,,,"{""telemetry"": 1.0, ""graph"": 148.6}",False,,,,,0.0,,0.0,False,0.0,,0.0,False,0.0,,0.0,False
71.217,351,slm,TOWNSIM_CALIB_0,0,reactive,MANTENER_RUMBO,2,136.99100908990005,False,-8.458019256591797,-74.44359588623047,-29.715089797973633,,,,175.42,False,,,"{""telemetry"": 1.5, ""graph"": 160.1}",False,,,,,0.0,,0.0,False,0.0,,0.0,False,0.0,,0.0,False
71.425,352,slm,TOWNSIM_CALIB_0,0,reactive,MANTENER_RUMBO,2,136.50899139849437,False,-8.930413246154785,-74.43653869628906,-29.717609405517578,,,,174.78,False,,,"{""telemetry"": 1.0, ""graph"": 166.9}",False,,,,,0.0,,0.0,False,0.0,,0.0,False,0.0,,0.0,False
71.631,353,slm,TOWNSIM_CALIB_0,0,reactive,MANTENER_RUMBO,2,136.0129504235978,False,-9.417131423950195,-74.41989135742188,-29.72044563293457,,,,173.86,False,,,"{""telemetry"": 1.0, ""graph"": 171.5}",False,,,,,0.0,,0.027,False,0.0,,0.027,False,0.0,,0.027,False
71.815,354,slm,TOWNSIM_CALIB_0,0,reactive,MANTENER_RUMBO,2,135.50136558675808,False,-9.894346237182617,-74.39683532714844,-29.72222137451172,,,,172.85,False,,,"{""telemetry"": 1.0, ""graph"": 154.5}",False,,,,,0.0,,0.057,False,0.0,,0.057,False,0.0,,0.057,False
72.03,355,slm,TOWNSIM_CALIB_0,0,reactive,MANTENER_RUMBO,2,134.9764515277821,False,-10.453706741333008,-74.36382293701172,-29.723207473754883,,,,171.64,False,,,"{""telemetry"": 3.0, ""graph"": 165.9}",False,,,,,0.0,,0.035,False,0.0,,0.035,False,0.0,,0.035,False
72.222,356,slm,TOWNSIM_CALIB_0,0,reactive,MANTENER_RUMBO,2,134.44908917399283,False,-10.950970649719238,-74.3305892944336,-29.723482131958008,,,,170.56,False,,,"{""telemetry"": 1.0, ""graph"": 158.0}",False,,,,,0.0,,0.034,False,0.0,,0.034,False,0.0,,0.034,False
72.439,357,slm,TOWNSIM_CALIB_0,0,reactive,MANTENER_RUMBO,2,133.90558784233403,False,-11.536554336547852,-74.28523254394531,-29.724395751953125,,,,169.41,False,,,"{""telemetry"": 1.5, ""graph"": 172.2}",False,,,,,0.0,,0.047,False,0.0,,0.047,False,0.0,,0.047,False
72.634,358,slm,TOWNSIM_CALIB_0,0,reactive,MANTENER_RUMBO,2,133.35522518543524,False,-12.079608917236328,-74.23413848876953,-29.725181579589844,,,,168.43,False,,,"{""telemetry"": 1.5, ""graph"": 166.9}",False,,,,,0.0,,0.05,False,0.0,,0.05,False,0.0,,0.05,False
72.821,359,slm,TOWNSIM_CALIB_0,0,reactive,MANTENER_RUMBO,2,132.79938486842926,False,-12.594013214111328,-74.17818450927734,-29.725563049316406,,,,167.53,False,,,"{""telemetry"": 1.5, ""graph"": 152.4}",False,,,,,0.0,,0.129,False,0.0,,0.129,False,0.0,,0.129,False
73.063,360,slm,TOWNSIM_CALIB_0,0,reactive,MANTENER_RUMBO,2,132.23931702790796,False,-13.27077865600586,-74.0927505493164,-29.72672462463379,,,,166.51,False,,,"{""telemetry"": 1.0, ""graph"": 193.3}",False,,,,,0.0,,0.086,False,0.0,,0.086,False,0.0,,0.086,False
73.234,361,slm,TOWNSIM_CALIB_0,0,reactive,MANTENER_RUMBO,2,131.67589826054925,False,-13.741073608398438,-74.02428436279297,-29.72739601135254,,,,165.86,False,,,"{""telemetry"": 1.0, ""graph"": 163.2}",False,,,,,0.0,,0.118,False,0.0,,0.118,False,0.0,,0.118,False
73.434,362,slm,TOWNSIM_CALIB_0,0,reactive,MANTENER_RUMBO,2,131.1099182093661,False,-14.288802146911621,-73.93627166748047,-29.72775650024414,,,,165.14,False,,,"{""telemetry"": 2.0, ""graph"": 160.0}",False,,,,,0.012,11.12,0.404,False,0.008,6.72,0.404,False,0.013,14.72,0.404,False
73.644,363,slm,TOWNSIM_CALIB_0,0,reactive,MANTENER_RUMBO,2,130.55051642133537,False,-14.905723571777344,-73.82852935791016,-29.72783088684082,,,,164.36,False,,,"{""telemetry"": 1.0, ""graph"": 169.1}",False,,,,,0.011,10.23,0.32,False,0.008,12.23,0.32,False,0.013,13.38,0.32,False
73.845,364,slm,TOWNSIM_CALIB_0,0,reactive,MANTENER_RUMBO,2,129.98130140286565,False,-15.456042289733887,-73.7242431640625,-29.728471755981445,,,,163.78,False,,,"{""telemetry"": 2.0, ""graph"": 167.1}",False,,,,,0.0,,0.003,False,0.0,,0.003,False,0.0,,0.003,False
74.063,365,slm,TOWNSIM_CALIB_0,0,reactive,MANTENER_RUMBO,2,129.37726962771717,False,-16.0322208404541,-73.6050796508789,-29.729036331176758,,,,163.25,False,,,"{""telemetry"": 1.0, ""graph"": 169.4}",False,,,,,0.01,12.65,0.268,False,0.008,19.23,0.268,False,0.01,18.85,0.268,False
74.303,366,slm,TOWNSIM_CALIB_0,0,reactive,MANTENER_RUMBO,2,128.764286002362,False,-16.701757431030273,-73.45523071289062,-29.7260799407959,,,,162.69,False,,,"{""telemetry"": 1.0, ""graph"": 192.8}",False,,,,,0.012,6.98,0.302,False,0.009,6.98,0.302,False,0.01,14.76,0.302,False
74.471,367,slm,TOWNSIM_CALIB_0,0,reactive,MANTENER_RUMBO,2,128.19446338082082,False,-17.200870513916016,-73.33631896972656,-29.712108612060547,,,,162.41,False,,,"{""telemetry"": 1.0, ""graph"": 159.8}",False,,,,,0.0,,0.029,False,0.0,,0.029,False,0.0,,0.029,False
74.658,368,slm,TOWNSIM_CALIB_0,0,reactive,MANTENER_RUMBO,2,127.62552570331044,False,-17.750181198120117,-73.19775390625,-29.698488235473633,,,,162.19,False,,,"{""telemetry"": 2.0, ""graph"": 144.5}",False,,,,,0.01,12.39,0.3,False,0.007,16.82,0.285,False,0.009,14.91,0.3,False
74.873,369,slm,TOWNSIM_CALIB_0,0,reactive,MANTENER_RUMBO,2,127.05687074556813,False,-18.32423973083496,-73.0455093383789,-29.684690475463867,,,,161.98,False,,,"{""telemetry"": 1.5, ""graph"": 157.7}",False,,,,,0.012,9.64,0.418,False,0.008,8.53,0.418,False,0.009,17.62,0.418,False
75.078,370,slm,TOWNSIM_CALIB_0,0,reactive,MANTENER_RUMBO,2,126.50184294004995,False,-18.891094207763672,-72.8889389038086,-29.66887092590332,,,,161.94,False,,,"{""telemetry"": 1.5, ""graph"": 162.0}",False,,,,,0.0,,0.04,False,0.0,,0.04,False,0.0,,0.04,False
75.253,371,slm,TOWNSIM_CALIB_0,0,reactive,MANTENER_RUMBO,2,125.94337176475553,False,-19.438465118408203,-72.7315902709961,-29.676115036010742,,,,162.01,False,,,"{""telemetry"": 1.0, ""graph"": 136.1}",False,,,,,0.0,,0.0,False,0.0,,0.0,False,0.0,,0.0,False
75.492,372,slm,TOWNSIM_CALIB_0,0,reactive,MANTENER_RUMBO,2,125.38505728679326,False,-20.019569396972656,-72.55908203125,-29.68863296508789,,,,162.16,False,,,"{""telemetry"": 1.0, ""graph"": 173.0}",False,,,,,0.0,,0.012,False,0.0,,0.012,False,0.0,,0.012,False
75.687,373,slm,TOWNSIM_CALIB_0,0,reactive,MANTENER_RUMBO,2,124.82572071202372,False,-20.58537483215332,-72.38692474365234,-29.70275115966797,,,,162.33,False,,,"{""telemetry"": 1.0, ""graph"": 166.9}",False,,,,,0.0,,0.051,False,0.0,,0.051,False,0.0,,0.051,False
75.906,374,slm,TOWNSIM_CALIB_0,0,reactive,MANTENER_RUMBO,2,124.27370379292037,False,-21.168968200683594,-72.2063217163086,-29.719097137451172,,,,162.65,False,,,"{""telemetry"": 1.0, ""graph"": 184.0}",False,,,,,0.01,8.34,0.21,False,0.008,11.4,0.21,False,0.009,15.9,0.21,False
76.072,375,slm,TOWNSIM_CALIB_0,0,reactive,MANTENER_RUMBO,2,123.71275480051071,False,-21.661386489868164,-72.05243682861328,-29.73211097717285,,,,163.01,False,,,"{""telemetry"": 1.0, ""graph"": 148.5}",False,,,,,0.011,9.7,0.206,False,0.007,16.82,0.206,False,0.009,18.57,0.206,False
76.277,376,slm,TOWNSIM_CALIB_0,0,reactive,MANTENER_RUMBO,2,123.15171065474097,False,-22.220733642578125,-71.87710571289062,-29.728557586669922,,,,163.52,False,,,"{""telemetry"": 1.0, ""graph"": 152.4}",False,,,,,0.01,9.83,0.244,False,0.008,16.45,0.244,False,0.009,17.97,0.244,False
76.486,377,slm,TOWNSIM_CALIB_0,0,reactive,MANTENER_RUMBO,2,122.5909097076971,False,-22.821823120117188,-71.68882751464844,-29.723403930664062,,,,164.15,False,,,"{""telemetry"": 1.0, ""graph"": 159.3}",False,,,,,0.0,,0.022,False,0.0,,0.022,False,0.0,,0.022,False
76.679,378,slm,TOWNSIM_CALIB_0,0,reactive,MANTENER_RUMBO,2,122.03034865835545,False,-23.364473342895508,-71.51936340332031,-29.719554901123047,,,,164.76,False,,,"{""telemetry"": 1.0, ""graph"": 151.6}",False,,,,,0.0,,0.008,False,0.0,,0.008,False,0.0,,0.008,False
76.902,379,slm,TOWNSIM_CALIB_0,0,reactive,MANTENER_RUMBO,2,121.4700719293943,False,-23.940414428710938,-71.34129333496094,-29.71622657775879,,,,165.52,False,,,"{""telemetry"": 2.0, ""graph"": 171.5}",False,,,,,0.01,5.89,0.313,False,0.008,13.46,0.313,False,0.009,16.56,0.313,False
77.065,380,slm,TOWNSIM_CALIB_0,0,reactive,MANTENER_RUMBO,2,120.91860875530666,False,-24.432687759399414,-71.19184875488281,-29.7138671875,,,,166.23,False,,,"{""telemetry"": 1.0, ""graph"": 134.1}",False,,,,,0.0,,0.012,False,0.0,,0.012,False,0.0,,0.012,False
77.297,381,slm,TOWNSIM_CALIB_0,0,reactive,MANTENER_RUMBO,2,120.35926536260686,False,-25.008159637451172,-71.02037048339844,-29.711509704589844,,,,167.1,False,,,"{""telemetry"": 1.0, ""graph"": 164.2}",False,,,,,0.0,,0.004,False,0.0,,0.004,False,0.0,,0.004,False
77.489,382,slm,TOWNSIM_CALIB_0,0,reactive,MANTENER_RUMBO,2,119.8003630699552,False,-25.58344841003418,-70.85189056396484,-29.709522247314453,,,,167.98,False,,,"{""telemetry"": 1.0, ""graph"": 154.0}",False,,,,,0.0,,0.01,False,0.0,,0.009,False,0.0,,0.01,False
77.705,383,slm,TOWNSIM_CALIB_0,0,evasive,EVADIR_DERECHA,2,119.24182914120868,False,-26.15024757385254,-70.69033813476562,-29.708232879638672,,,,168.96,False,,,"{""telemetry"": 1.0, ""graph"": 168.6}",False,,,,,0.01,4.35,0.191,False,0.008,9.46,0.191,False,0.009,14.36,0.191,False
77.906,384,slm,TOWNSIM_CALIB_0,0,reactive,MANTENER_RUMBO,2,118.67528973904197,False,-26.716690063476562,-70.5361099243164,-29.707563400268555,,,,170.14,False,,,"{""telemetry"": 1.0, ""graph"": 167.7}",False,,,,,0.009,13.15,0.237,False,0.008,13.36,0.237,False,0.01,14.47,0.237,False
78.109,385,slm,TOWNSIM_CALIB_0,0,reactive,MANTENER_RUMBO,2,118.13574498063005,False,-27.274356842041016,-70.39115142822266,-29.72809410095215,,,,172.11,False,,,"{""telemetry"": 1.5, ""graph"": 169.5}",False,,,,,0.0,,0.0,False,0.0,,0.0,False,0.0,,0.0,False
78.275,386,slm,TOWNSIM_CALIB_0,0,reactive,MANTENER_RUMBO,2,117.62442934210192,False,-27.711824417114258,-70.28337860107422,-29.727781295776367,,,,173.47,False,,,"{""telemetry"": 1.0, ""graph"": 134.3}",False,,,,,0.0,,0.0,False,0.0,,0.0,False,0.0,,0.0,False
78.478,387,slm,TOWNSIM_CALIB_0,0,reactive,MANTENER_RUMBO,2,117.12204941758465,False,-28.223482131958008,-70.16749572753906,-29.7280330657959,,,,174.89,False,,,"{""telemetry"": 1.0, ""graph"": 135.3}",False,,,,,0.0,,0.0,False,0.0,,0.0,False,0.0,,0.0,False
78.705,388,slm,TOWNSIM_CALIB_0,0,reactive,MANTENER_RUMBO,2,116.6124329056518,False,-28.744382858276367,-70.05949401855469,-29.72916603088379,,,,176.21,False,,,"{""telemetry"": 1.0, ""graph"": 160.9}",False,,,,,0.0,,0.011,False,0.0,,0.011,False,0.0,,0.011,False
78.906,389,slm,TOWNSIM_CALIB_0,0,reactive,MANTENER_RUMBO,2,116.09241810616467,False,-29.268091201782227,-69.95849609375,-29.729930877685547,,,,177.46,False,,,"{""telemetry"": 1.5, ""graph"": 160.1}",False,,,,,0.007,15.96,0.299,False,0.008,9.18,0.299,False,0.009,12.84,0.299,False
79.114,390,slm,TOWNSIM_CALIB_0,0,reactive,MANTENER_RUMBO,2,115.56294264292484,False,-29.8248348236084,-69.85713195800781,-29.730213165283203,,,,178.73,False,,,"{""telemetry"": 1.5, ""graph"": 166.0}",False,,,,,0.0,,0.092,False,0.0,,0.092,False,0.0,,0.092,False
79.32,391,slm,TOWNSIM_CALIB_0,0,reactive,MANTENER_RUMBO,2,115.02586406796826,False,-30.356826782226562,-69.76438903808594,-29.730113983154297,,,,179.92,False,,,"{""telemetry"": 0.0, ""graph"": 173.1}",False,,,,,0.0,,0.032,False,0.0,,0.032,False,0.0,,0.032,False
79.518,392,slm,TOWNSIM_CALIB_0,0,reactive,MANTENER_RUMBO,2,114.49108618869728,False,-30.910400390625,-69.67089080810547,-29.729787826538086,,,,-178.85,False,,,"{""telemetry"": 1.0, ""graph"": 168.0}",False,,,,,0.0,,0.059,False,0.0,,0.059,False,0.0,,0.059,False
79.715,393,slm,TOWNSIM_CALIB_0,0,reactive,MANTENER_RUMBO,2,113.94383932700804,False,-31.451679229736328,-69.58172607421875,-29.729448318481445,,,,-177.68,False,,,"{""telemetry"": 1.0, ""graph"": 163.5}",False,,,,,0.0,,0.046,False,0.0,,0.046,False,0.0,,0.046,False
79.919,394,slm,TOWNSIM_CALIB_0,0,reactive,MANTENER_RUMBO,2,113.39283338799073,False,-32.013484954833984,-69.49845123291016,-29.73227882385254,,,,-176.57,False,,,"{""telemetry"": 1.0, ""graph"": 166.0}",False,,,,,0.0,,0.029,False,0.0,,0.029,False,0.0,,0.029,False
80.134,395,slm,TOWNSIM_CALIB_0,0,reactive,MANTENER_RUMBO,2,112.83705812532092,False,-32.58013153076172,-69.4339370727539,-29.736404418945312,,,,-175.52,False,,,"{""telemetry"": 1.0, ""graph"": 179.5}",False,,,,,0.005,12.73,0.196,False,0.007,18.62,0.196,False,0.011,17.83,0.196,False
80.321,396,slm,TOWNSIM_CALIB_0,0,reactive,MANTENER_RUMBO,2,112.2766904436386,False,-33.117340087890625,-69.39053344726562,-29.73920440673828,,,,-174.55,False,,,"{""telemetry"": 1.0, ""graph"": 165.0}",False,,,,,0.007,17.3,0.264,False,0.009,9.31,0.264,False,0.012,7.53,0.264,False
80.526,397,slm,TOWNSIM_CALIB_0,0,evasive,EVADIR_IZQUIERDA,2,111.71254655299866,False,-33.69143295288086,-69.35980987548828,-29.740877151489258,,,,-173.54,False,,,"{""telemetry"": 1.0, ""graph"": 168.3}",False,,,,,0.007,20.03,0.338,False,0.008,4.27,0.338,False,0.012,8.84,0.338,False
80.718,398,slm,TOWNSIM_CALIB_0,0,reactive,MANTENER_RUMBO,2,111.14545949736166,False,-34.242488861083984,-69.34210968017578,-29.741443634033203,,,,-172.57,False,,,"{""telemetry"": 1.0, ""graph"": 159.5}",False,,,,,0.007,18.85,0.274,False,0.009,5.3,0.274,False,0.012,8.31,0.274,False
80.908,399,slm,TOWNSIM_CALIB_0,0,reactive,MANTENER_RUMBO,2,110.59509751143796,False,-34.781455993652344,-69.3342514038086,-29.7601318359375,,,,-173.19,False,,,"{""telemetry"": 1.0, ""graph"": 148.0}",False,,,,,0.0,,0.0,False,0.0,,0.0,False,0.0,,0.0,False
81.104,400,slm,TOWNSIM_CALIB_0,0,reactive,MANTENER_RUMBO,2,110.07262946763657,False,-35.290618896484375,-69.33704376220703,-29.76131248474121,,,,-173.75,False,,,"{""telemetry"": 1.0, ""graph"": 142.5}",False,,,,,0.0,,0.0,False,0.0,,0.0,False,0.0,,0.0,False
81.321,401,slm,TOWNSIM_CALIB_0,0,reactive,MANTENER_RUMBO,2,109.55808605540483,False,-35.845619201660156,-69.35601806640625,-29.76409339904785,,,,-173.53,False,,,"{""telemetry"": 1.0, ""graph"": 156.5}",False,,,,,0.0,,0.0,False,0.0,,0.0,False,0.0,,0.0,False
81.529,402,slm,TOWNSIM_CALIB_0,0,reactive,MANTENER_RUMBO,2,109.03477634832072,False,-36.35702896118164,-69.38612365722656,-29.766992568969727,,,,-173.01,False,,,"{""telemetry"": 1.0, ""graph"": 163.0}",False,,,,,0.0,,0.107,False,0.0,,0.107,False,0.0,,0.107,False
81.729,403,slm,TOWNSIM_CALIB_0,0,evasive,EVADIR_IZQUIERDA,2,108.49971460030949,False,-36.8873291015625,-69.42676544189453,-29.769012451171875,,,,-172.37,False,,,"{""telemetry"": 1.0, ""graph"": 161.6}",False,,,,,0.004,16.72,0.442,False,0.009,4.34,0.442,False,0.009,8.61,0.442,False
81.925,404,slm,TOWNSIM_CALIB_0,0,reactive,MANTENER_RUMBO,2,107.95410605198526,False,-37.410545349121094,-69.47370147705078,-29.76953125,,,,-171.72,False,,,"{""telemetry"": 1.5, ""graph"": 155.2}",False,,,,,0.0,,0.066,False,0.0,,0.066,False,0.0,,0.066,False
82.102,405,slm,TOWNSIM_CALIB_0,0,reactive,MANTENER_RUMBO,2,107.41092596005424,False,-37.93635177612305,-69.5257339477539,-29.78302001953125,,,,-172.47,False,,,"{""telemetry"": 1.0, ""graph"": 132.0}",False,,,,,0.0,,0.0,False,0.0,,0.0,False,0.0,,0.0,False
82.322,406,slm,TOWNSIM_CALIB_0,0,reactive,MANTENER_RUMBO,2,106.90039886575225,False,-38.47964096069336,-69.58355712890625,-29.78180503845215,,,,-173.09,False,,,"{""telemetry"": 1.5, ""graph"": 149.7}",False,,,,,0.0,,0.0,False,0.0,,0.0,False,0.0,,0.0,False
82.511,407,slm,TOWNSIM_CALIB_0,0,reactive,MANTENER_RUMBO,2,106.39458736332327,False,-38.96494674682617,-69.6391830444336,-29.78318977355957,,,,-172.99,False,,,"{""telemetry"": 1.0, ""graph"": 138.0}",False,,,,,0.0,,0.0,False,0.0,,0.0,False,0.0,,0.0,False
82.738,408,slm,TOWNSIM_CALIB_0,0,reactive,MANTENER_RUMBO,2,105.87727705856547,False,-39.485782623291016,-69.70219421386719,-29.785667419433594,,,,-172.6,False,,,"{""telemetry"": 1.5, ""graph"": 163.0}",False,,,,,0.0,,0.018,False,0.0,,0.018,False,0.0,,0.018,False
82.949,409,slm,TOWNSIM_CALIB_0,0,reactive,MANTENER_RUMBO,2,105.35416135972152,False,-40.05241394042969,-69.77352905273438,-29.78756332397461,,,,-172.06,False,,,"{""telemetry"": 1.0, ""graph"": 172.0}",False,,,,,0.0,,0.024,False,0.0,,0.024,False,0.0,,0.024,False
83.121,410,slm,TOWNSIM_CALIB_0,0,reactive,MANTENER_RUMBO,2,104.81109619306031,False,-40.557621002197266,-69.83885192871094,-29.788488388061523,,,,-171.54,False,,,"{""telemetry"": 1.0, ""graph"": 142.5}",False,,,,,0.0,,0.0,False,0.0,,0.0,False,0.0,,0.0,False
83.319,411,slm,TOWNSIM_CALIB_0,0,reactive,MANTENER_RUMBO,2,104.2584050006601,False,-41.09528350830078,-69.90961456298828,-29.787229537963867,,,,-170.97,False,,,"{""telemetry"": 1.0, ""graph"": 138.7}",False,,,,,0.0,,0.0,False,0.0,,0.0,False,0.0,,0.0,False
83.542,412,slm,TOWNSIM_CALIB_0,0,reactive,MANTENER_RUMBO,2,103.69232692274035,False,-41.69499206542969,-69.99024200439453,-29.770124435424805,,,,-170.45,False,,,"{""telemetry"": 2.5, ""graph"": 159.0}",False,,,,,0.0,,0.054,False,0.0,,0.054,False,0.0,,0.054,False
83.755,413,slm,TOWNSIM_CALIB_0,0,reactive,MANTENER_RUMBO,2,103.0970000002707,False,-42.29985809326172,-70.07433319091797,-29.755226135253906,,,,-169.98,False,,,"{""telemetry"": 1.5, ""graph"": 155.1}",False,,,,,0.008,13.36,0.296,False,0.007,15.5,0.285,False,0.007,17.96,0.3,False
83.959,414,slm,TOWNSIM_CALIB_0,0,reactive,MANTENER_RUMBO,2,102.48789944587703,False,-42.90983581542969,-70.16168975830078,-29.741933822631836,,,,-169.55,False,,,"{""telemetry"": 1.5, ""graph"": 143.5}",False,,,,,0.0,,0.0,False,0.0,,0.0,False,0.0,,0.0,False
84.165,415,slm,TOWNSIM_CALIB_0,0,reactive,MANTENER_RUMBO,2,101.91845954605671,False,-43.44518280029297,-70.24089050292969,-29.726280212402344,,,,-169.3,False,,,"{""telemetry"": 1.0, ""graph"": 149.6}",False,,,,,0.0,,0.065,False,0.0,,0.065,False,0.0,,0.065,False
84.382,416,slm,TOWNSIM_CALIB_0,0,reactive,MANTENER_RUMBO,2,101.34726964538132,False,-44.05086135864258,-70.3345718383789,-29.711652755737305,,,,-169.1,False,,,"{""telemetry"": 0.5, ""graph"": 165.6}",False,,,,,0.009,14.89,0.3,False,0.007,14.53,0.295,False,0.007,16.59,0.3,False
84.566,417,slm,TOWNSIM_CALIB_0,0,reactive,MANTENER_RUMBO,2,100.7736286219528,False,-44.59062194824219,-70.42146301269531,-29.701139450073242,,,,-168.97,False,,,"{""telemetry"": 1.5, ""graph"": 146.4}",False,,,,,0.009,17.42,0.167,False,0.007,20.79,0.167,False,0.008,15.15,0.167,False
84.757,418,slm,TOWNSIM_CALIB_0,0,reactive,MANTENER_RUMBO,2,100.20639808003854,False,-45.14081573486328,-70.5126953125,-29.69144630432129,,,,-168.84,False,,,"{""telemetry"": 1.1, ""graph"": 136.1}",False,,,,,0.009,17.84,0.231,False,0.008,15.88,0.231,False,0.008,15.63,0.231,False
84.967,419,slm,TOWNSIM_CALIB_0,0,reactive,MANTENER_RUMBO,2,99.63040528212923,False,-45.75026321411133,-70.61666870117188,-29.673677444458008,,,,-168.8,False,,,"{""telemetry"": 0.5, ""graph"": 145.0}",False,,,,,0.0,,0.0,False,0.0,,0.0,False,0.0,,0.0,False
85.154,420,slm,TOWNSIM_CALIB_0,0,reactive,MANTENER_RUMBO,2,99.05926797105333,False,-46.28542709350586,-70.71089935302734,-29.67574119567871,,,,-168.89,False,,,"{""telemetry"": 0.5, ""graph"": 131.0}",False,,,,,0.0,,0.0,False,0.0,,0.0,False,0.0,,0.0,False
85.374,421,slm,TOWNSIM_CALIB_0,0,reactive,MANTENER_RUMBO,2,98.49133503552184,False,-46.88737106323242,-70.81993103027344,-29.685222625732422,,,,-169.04,False,,,"{""telemetry"": 1.5, ""graph"": 148.5}",False,,,,,0.0,,0.0,False,0.0,,0.0,False,0.0,,0.0,False
85.593,422,slm,TOWNSIM_CALIB_0,0,reactive,MANTENER_RUMBO,2,97.92209389817377,False,-47.4828987121582,-70.93035888671875,-29.69744873046875,,,,-169.23,False,,,"{""telemetry"": 1.0, ""graph"": 166.0}",False,,,,,0.008,13.86,0.3,False,0.006,15.65,0.299,False,0.007,18.22,0.3,False
85.772,423,slm,TOWNSIM_CALIB_0,0,reactive,MANTENER_RUMBO,2,97.35070163371032,False,-48.012386322021484,-71.02996063232422,-29.710622787475586,,,,-169.48,False,,,"{""telemetry"": 1.0, ""graph"": 143.6}",False,,,,,0.01,17.0,0.163,False,0.008,15.56,0.163,False,0.008,9.94,0.163,False
85.989,424,slm,TOWNSIM_CALIB_0,0,reactive,MANTENER_RUMBO,2,96.77749613409951,False,-48.611881256103516,-71.14352416992188,-29.723188400268555,,,,-169.84,False,,,"{""telemetry"": 0.5, ""graph"": 159.7}",False,,,,,0.0,,0.026,False,0.0,,0.026,False,0.0,,0.026,False
86.173,425,slm,TOWNSIM_CALIB_0,0,reactive,MANTENER_RUMBO,2,96.20447743176221,False,-49.15079879760742,-71.24566650390625,-29.70819854736328,,,,-170.24,False,,,"{""telemetry"": 1.0, ""graph"": 141.0}",False,,,,,0.009,15.23,0.3,False,0.007,14.96,0.3,False,0.007,13.35,0.3,False
86.403,426,slm,TOWNSIM_CALIB_0,0,reactive,MANTENER_RUMBO,2,95.6319250842223,False,-49.75835418701172,-71.36011505126953,-29.69182777404785,,,,-170.73,False,,,"{""telemetry"": 1.5, ""graph"": 170.0}",False,,,,,0.008,14.99,0.3,False,0.006,12.61,0.3,False,0.006,15.4,0.3,False
86.57,427,slm,TOWNSIM_CALIB_0,0,reactive,MANTENER_RUMBO,2,95.0586712592112,False,-50.34123992919922,-71.4689712524414,-29.68156623840332,,,,-171.24,False,,,"{""telemetry"": 1.0, ""graph"": 136.0}",False,,,,,0.0,,0.0,False,0.0,,0.0,False,0.0,,0.0,False
86.786,428,slm,TOWNSIM_CALIB_0,0,reactive,MANTENER_RUMBO,2,94.48437871632038,False,-50.87367248535156,-71.56693267822266,-29.691329956054688,,,,-171.76,False,,,"{""telemetry"": 1.0, ""graph"": 150.5}",False,,,,,0.009,16.39,0.203,False,0.008,15.53,0.203,False,0.007,9.56,0.203,False
86.989,429,slm,TOWNSIM_CALIB_0,0,reactive,MANTENER_RUMBO,2,93.91793001744152,False,-51.45835494995117,-71.67169952392578,-29.705699920654297,,,,-172.38,False,,,"{""telemetry"": 1.0, ""graph"": 152.4}",False,,,,,0.0,,0.015,False,0.0,,0.015,False,0.0,,0.015,False
87.18,430,slm,TOWNSIM_CALIB_0,0,reactive,MANTENER_RUMBO,2,93.3338049088258,False,-52.060813903808594,-71.77667236328125,-29.71961212158203,,,,-173.04,False,,,"{""telemetry"": 2.0, ""graph"": 139.5}",False,,,,,0.0,,0.0,False,0.0,,0.0,False,0.0,,0.0,False
87.397,431,slm,TOWNSIM_CALIB_0,0,reactive,MANTENER_RUMBO,2,92.76662712961239,False,-52.594688415527344,-71.8666763305664,-29.716012954711914,,,,-173.66,False,,,"{""telemetry"": 1.0, ""graph"": 156.7}",False,,,,,0.0,,0.076,False,0.0,,0.076,False,0.0,,0.076,False
87.566,432,slm,TOWNSIM_CALIB_0,0,reactive,MANTENER_RUMBO,2,92.1906160579969,False,-53.18054962158203,-71.96075439453125,-29.71115493774414,,,,-174.39,False,,,"{""telemetry"": 1.0, ""graph"": 125.5}",False,,,,,0.0,,0.0,False,0.0,,0.0,False,0.0,,0.0,False
87.798,433,slm,TOWNSIM_CALIB_0,0,reactive,MANTENER_RUMBO,2,91.61436998744519,False,-53.77532196044922,-72.05155181884766,-29.707042694091797,,,,-175.14,False,,,"{""telemetry"": 1.0, ""graph"": 155.6}",False,,,,,0.0,,0.003,False,0.0,,0.003,False,0.0,,0.003,False
88.007,434,slm,TOWNSIM_CALIB_0,0,reactive,MANTENER_RUMBO,2,91.03795578653357,False,-54.37894821166992,-72.13976287841797,-29.703571319580078,,,,-175.91,False,,,"{""telemetry"": 1.0, ""graph"": 163.0}",False,,,,,0.0,,0.001,False,0.0,,0.001,False,0.0,,0.001,False
88.182,435,slm,TOWNSIM_CALIB_0,0,reactive,MANTENER_RUMBO,2,90.461384284208,False,-54.89645004272461,-72.21297454833984,-29.7010498046875,,,,-176.57,False,,,"{""telemetry"": 1.5, ""graph"": 136.4}",False,,,,,0.01,12.24,0.3,False,0.007,15.87,0.3,False,0.01,12.45,0.3,False
88.407,436,slm,TOWNSIM_CALIB_0,0,reactive,MANTENER_RUMBO,2,89.8847330789571,False,-55.491783142089844,-72.29509735107422,-29.698585510253906,,,,-177.33,False,,,"{""telemetry"": 2.5, ""graph"": 158.4}",False,,,,,0.0,,0.004,False,0.0,,0.004,False,0.0,,0.004,False
88.592,437,slm,TOWNSIM_CALIB_0,0,reactive,MANTENER_RUMBO,2,89.30801914540734,False,-56.06991958618164,-72.37323760986328,-29.69805145263672,,,,-178.07,False,,,"{""telemetry"": 1.0, ""graph"": 142.5}",False,,,,,0.0,,0.004,False,0.0,,0.004,False,0.0,,0.004,False
88.81,438,slm,TOWNSIM_CALIB_0,0,reactive,MANTENER_RUMBO,2,88.73969225271853,False,-56.657039642333984,-72.44796752929688,-29.717435836791992,,,,-178.85,False,,,"{""telemetry"": 1.0, ""graph"": 160.2}",False,,,,,0.0,,0.009,False,0.0,,0.009,False,0.0,,0.009,False
88.992,439,slm,TOWNSIM_CALIB_0,0,reactive,MANTENER_RUMBO,2,88.15361303552066,False,-57.26179885864258,-72.51496887207031,-29.737913131713867,,,,-179.68,False,,,"{""telemetry"": 1.0, ""graph"": 140.5}",False,,,,,0.0,,0.0,False,0.0,,0.0,False,0.0,,0.0,False
89.194,440,slm,TOWNSIM_CALIB_0,0,reactive,MANTENER_RUMBO,2,87.58439776592394,False,-57.78050231933594,-72.56378173828125,-29.739423751831055,,,,179.6,False,,,"{""telemetry"": 1.5, ""graph"": 140.5}",False,,,,,0.01,13.92,0.3,False,0.007,13.1,0.3,False,0.012,14.38,0.3,False
89.403,441,slm,TOWNSIM_CALIB_0,0,reactive,MANTENER_RUMBO,2,87.00596109849819,False,-58.36876678466797,-72.60890197753906,-29.739032745361328,,,,178.78,False,,,"{""telemetry"": 1.0, ""graph"": 148.5}",False,,,,,0.0,,0.005,False,0.0,,0.005,False,0.0,,0.005,False
89.611,442,slm,TOWNSIM_CALIB_0,0,reactive,MANTENER_RUMBO,2,86.42696207879517,False,-58.957454681396484,-72.64469909667969,-29.738388061523438,,,,177.97,False,,,"{""telemetry"": 1.0, ""graph"": 155.0}",False,,,,,0.0,,0.017,False,0.0,,0.017,False,0.0,,0.017,False
89.822,443,slm,TOWNSIM_CALIB_0,0,reactive,MANTENER_RUMBO,2,85.84747874997944,False,-59.555118560791016,-72.67354583740234,-29.737598419189453,,,,177.14,False,,,"{""telemetry"": 1.0, ""graph"": 164.5}",False,,,,,0.0,,0.026,False,0.0,,0.026,False,0.0,,0.026,False
90.025,444,slm,TOWNSIM_CALIB_0,0,reactive,MANTENER_RUMBO,2,85.26763916834334,False,-60.153045654296875,-72.69670867919922,-29.73671531677246,,,,176.31,False,,,"{""telemetry"": 0.5, ""graph"": 166.6}",False,,,,,0.01,10.96,0.3,False,0.009,14.54,0.3,False,0.008,18.27,0.3,False
90.218,445,slm,TOWNSIM_CALIB_0,0,reactive,MANTENER_RUMBO,2,84.68754043583627,False,-60.69044876098633,-72.7138442993164,-29.73588752746582,,,,175.56,False,,,"{""telemetry"": 1.2, ""graph"": 157.1}",False,,,,,0.0,,0.008,False,0.0,,0.008,False,0.0,,0.008,False
90.441,446,slm,TOWNSIM_CALIB_0,0,reactive,MANTENER_RUMBO,2,84.1071425405707,False,-61.32341766357422,-72.73075866699219,-29.735048294067383,,,,174.68,False,,,"{""telemetry"": 2.5, ""graph"": 176.4}",False,,,,,0.0,,0.05,False,0.0,,0.05,False,0.0,,0.05,False
90.633,447,slm,TOWNSIM_CALIB_0,0,reactive,MANTENER_RUMBO,2,83.48335967391867,False,-61.9130744934082,-72.744140625,-29.734302520751953,,,,173.87,False,,,"{""telemetry"": 1.5, ""graph"": 154.0}",False,,,,,0.0,,0.005,False,0.0,,0.005,False,0.0,,0.005,False
90.843,448,slm,TOWNSIM_CALIB_0,0,reactive,MANTENER_RUMBO,2,82.91124158206101,False,-62.5117301940918,-72.75155639648438,-29.734975814819336,,,,173.14,False,,,"{""telemetry"": 2.0, ""graph"": 162.0}",False,,,,,0.0,,0.022,False,0.0,,0.022,False,0.0,,0.022,False
91.023,449,slm,TOWNSIM_CALIB_0,0,reactive,MANTENER_RUMBO,2,82.32108802889996,False,-63.04140090942383,-72.74742126464844,-29.736125946044922,,,,172.56,False,,,"{""telemetry"": 2.5, ""graph"": 140.0}",False,,,,,0.0,,0.002,False,0.0,,0.002,False,0.0,,0.002,False
91.239,450,slm,TOWNSIM_CALIB_0,0,reactive,MANTENER_RUMBO,2,81.74751822312314,False,-63.641014099121094,-72.73046112060547,-29.73700714111328,,,,171.93,False,,,"{""telemetry"": 2.0, ""graph"": 154.0}",False,,,,,0.0,,0.045,False,0.0,,0.045,False,0.0,,0.045,False
91.45,451,slm,TOWNSIM_CALIB_0,0,reactive,MANTENER_RUMBO,2,81.15584900227255,False,-64.25843811035156,-72.70156860351562,-29.73732566833496,,,,171.3,False,,,"{""telemetry"": 2.0, ""graph"": 164.7}",False,,,,,0.0,,0.092,False,0.0,,0.092,False,0.0,,0.092,False
91.626,452,slm,TOWNSIM_CALIB_0,0,reactive,MANTENER_RUMBO,2,80.58117128777903,False,-64.78044891357422,-72.67000579833984,-29.737287521362305,,,,170.78,False,,,"{""telemetry"": 1.0, ""graph"": 140.5}",False,,,,,0.0,,0.065,False,0.0,,0.065,False,0.0,,0.065,False
91.85,453,slm,TOWNSIM_CALIB_0,0,reactive,MANTENER_RUMBO,2,79.99714140369527,False,-65.40721893310547,-72.6234359741211,-29.737857818603516,,,,170.26,False,,,"{""telemetry"": 0.5, ""graph"": 162.5}",False,,,,,0.0,,0.002,False,0.0,,0.002,False,0.0,,0.002,False
92.045,454,slm,TOWNSIM_CALIB_0,0,reactive,MANTENER_RUMBO,2,79.41289793175604,False,-66.0165786743164,-72.56705474853516,-29.738420486450195,,,,169.83,False,,,"{""telemetry"": 1.0, ""graph"": 156.0}",False,,,,,0.0,,0.0,False,0.0,,0.0,False,0.0,,0.0,False
92.266,455,slm,TOWNSIM_CALIB_0,0,reactive,MANTENER_RUMBO,2,78.8284627634879,False,-66.59111785888672,-72.50482177734375,-29.738597869873047,,,,169.46,False,,,"{""telemetry"": 1.0, ""graph"": 175.5}",False,,,,,0.0,,0.091,False,0.0,,0.091,False,0.0,,0.091,False
92.454,456,slm,TOWNSIM_CALIB_0,0,reactive,MANTENER_RUMBO,2,78.25261450402624,False,-67.16565704345703,-72.43547821044922,-29.738523483276367,,,,169.12,False,,,"{""telemetry"": 1.0, ""graph"": 162.5}",False,,,,,0.0,,0.071,False,0.0,,0.071,False,0.0,,0.071,False
92.638,457,slm,TOWNSIM_CALIB_0,0,reactive,MANTENER_RUMBO,2,77.66794360352182,False,-67.69667053222656,-72.36547088623047,-29.738615036010742,,,,168.9,False,,,"{""telemetry"": 1.0, ""graph"": 145.5}",False,,,,,0.01,13.71,0.3,False,0.009,18.85,0.298,False,0.008,11.96,0.3,False
92.836,458,slm,TOWNSIM_CALIB_0,0,reactive,MANTENER_RUMBO,2,77.0831815250454,False,-68.29732513427734,-72.27906799316406,-29.73859214782715,,,,168.73,False,,,"{""telemetry"": 0.5, ""graph"": 141.8}",False,,,,,0.011,10.04,0.3,False,0.009,15.83,0.3,False,0.008,12.21,0.3,False
93.055,459,slm,TOWNSIM_CALIB_0,0,reactive,MANTENER_RUMBO,2,76.49867502398784,False,-68.88880920410156,-72.18739318847656,-29.738384246826172,,,,168.61,False,,,"{""telemetry"": 1.0, ""graph"": 159.5}",False,,,,,0.0,,0.018,False,0.0,,0.018,False,0.0,,0.018,False
93.261,460,slm,TOWNSIM_CALIB_0,0,reactive,MANTENER_RUMBO,2,75.91435326121447,False,-69.50633239746094,-72.08622741699219,-29.738004684448242,,,,168.5,False,,,"{""telemetry"": 3.0, ""graph"": 161.5}",False,,,,,0.0,,0.038,False,0.0,,0.038,False,0.0,,0.038,False
93.446,461,slm,TOWNSIM_CALIB_0,0,reactive,MANTENER_RUMBO,2,75.33005709361225,False,-70.03688049316406,-71.99589538574219,-29.73760986328125,,,,168.42,False,,,"{""telemetry"": 1.5, ""graph"": 145.0}",False,,,,,0.0,,0.0,False,0.0,,0.0,False,0.0,,0.0,False
93.653,462,slm,TOWNSIM_CALIB_0,0,reactive,MANTENER_RUMBO,2,74.70254481806938,False,-70.65394592285156,-71.88721466064453,-29.73720359802246,,,,168.43,False,,,"{""telemetry"": 1.5, ""graph"": 136.0}",False,,,,,0.0,,0.01,False,0.0,,0.01,False,0.0,,0.01,False
93.862,463,slm,TOWNSIM_CALIB_0,0,reactive,MANTENER_RUMBO,2,74.11905387247637,False,-71.26191711425781,-71.77625274658203,-29.736738204956055,,,,168.54,False,,,"{""telemetry"": 0.5, ""graph"": 145.0}",False,,,,,0.01,10.46,0.3,False,0.01,16.18,0.3,False,0.009,9.39,0.3,False
94.073,464,slm,TOWNSIM_CALIB_0,0,reactive,MANTENER_RUMBO,2,73.53601909672642,False,-71.86947631835938,-71.66207885742188,-29.736204147338867,,,,168.68,False,,,"{""telemetry"": 1.0, ""graph"": 154.0}",False,,,,,0.01,10.76,0.3,False,0.01,16.79,0.3,False,0.009,9.37,0.3,False
94.262,465,slm,TOWNSIM_CALIB_0,0,reactive,MANTENER_RUMBO,2,72.9535848275751,False,-72.39857482910156,-71.56050109863281,-29.73459815979004,,,,168.82,False,,,"{""telemetry"": 1.5, ""graph"": 140.7}",False,,,,,0.01,10.16,0.3,False,0.009,16.48,0.3,False,0.009,9.09,0.3,False
94.481,466,slm,TOWNSIM_CALIB_0,0,reactive,MANTENER_RUMBO,2,72.38096045449335,False,-73.01293182373047,-71.44098663330078,-29.71739387512207,,,,169.1,False,,,"{""telemetry"": 1.0, ""graph"": 159.6}",False,,,,,0.01,7.87,0.193,False,0.01,11.74,0.193,False,0.011,9.11,0.193,False
94.669,467,slm,TOWNSIM_CALIB_0,0,reactive,MANTENER_RUMBO,2,71.80105454335619,False,-73.548583984375,-71.33597564697266,-29.703630447387695,,,,169.42,False,,,"{""telemetry"": 1.5, ""graph"": 145.5}",False,,,,,0.009,12.63,0.298,False,0.01,12.17,0.293,False,0.01,5.43,0.3,False
94.871,468,slm,TOWNSIM_CALIB_0,0,reactive,MANTENER_RUMBO,2,71.22167604838427,False,-74.15313720703125,-71.21694946289062,-29.69099998474121,,,,169.83,False,,,"{""telemetry"": 1.5, ""graph"": 145.5}",False,,,,,0.0,,0.001,False,0.0,,0.001,False,0.0,,0.001,False
95.093,469,slm,TOWNSIM_CALIB_0,0,reactive,MANTENER_RUMBO,2,70.63386890638594,False,-74.76588439941406,-71.09615325927734,-29.681264877319336,,,,170.26,False,,,"{""telemetry"": 1.5, ""graph"": 166.0}",False,,,,,0.0,,0.028,False,0.0,,0.028,False,0.0,,0.028,False
95.278,470,slm,TOWNSIM_CALIB_0,0,reactive,MANTENER_RUMBO,2,70.06600322592087,False,-75.2807388305664,-70.9951400756836,-29.68445587158203,,,,170.7,False,,,"{""telemetry"": 1.0, ""graph"": 150.1}",False,,,,,0.0,,0.069,False,0.0,,0.069,False,0.0,,0.069,False
95.52,471,slm,TOWNSIM_CALIB_0,0,reactive,MANTENER_RUMBO,2,69.49192691967149,False,-75.97422790527344,-70.8617935180664,-29.69453239440918,,,,171.39,False,,,"{""telemetry"": 1.0, ""graph"": 190.9}",False,,,,,0.007,11.61,0.3,False,0.008,13.39,0.3,False,0.01,8.59,0.3,False
95.687,472,slm,TOWNSIM_CALIB_0,0,reactive,MANTENER_RUMBO,2,68.91798291276659,False,-76.47972869873047,-70.76667022705078,-29.7042236328125,,,,171.91,False,,,"{""telemetry"": 4.1, ""graph"": 152.9}",False,,,,,0.0,,0.001,False,0.0,,0.001,False,0.0,,0.001,False
95.853,473,slm,TOWNSIM_CALIB_0,0,reactive,MANTENER_RUMBO,2,68.34365017498372,False,-77.0027847290039,-70.66978454589844,-29.713769912719727,,,,172.47,False,,,"{""telemetry"": 1.5, ""graph"": 119.5}",False,,,,,0.0,,0.0,False,0.0,,0.0,False,0.0,,0.0,False
96.093,474,slm,TOWNSIM_CALIB_0,0,reactive,MANTENER_RUMBO,2,67.77034450370395,False,-77.59304809570312,-70.56312561035156,-29.698070526123047,,,,173.15,False,,,"{""telemetry"": 1.5, ""graph"": 158.4}",False,,,,,0.011,5.37,0.378,False,0.011,10.99,0.378,False,0.012,8.88,0.378,False
96.299,475,slm,TOWNSIM_CALIB_0,0,reactive,MANTENER_RUMBO,2,67.2065392255457,False,-78.18304443359375,-70.46163177490234,-29.682531356811523,,,,173.89,False,,,"{""telemetry"": 1.5, ""graph"": 163.7}",False,,,,,0.009,19.23,0.3,False,0.008,11.66,0.3,False,0.011,5.55,0.3,False
96.475,476,slm,TOWNSIM_CALIB_0,0,reactive,MANTENER_RUMBO,2,66.63381751535952,False,-78.70523071289062,-70.37602233886719,-29.672332763671875,,,,174.56,False,,,"{""telemetry"": 1.0, ""graph"": 139.0}",False,,,,,0.0,,0.002,False,0.0,,0.002,False,0.0,,0.002,False
96.682,477,slm,TOWNSIM_CALIB_0,0,reactive,MANTENER_RUMBO,2,66.06017837063573,False,-79.28829193115234,-70.2857437133789,-29.68312644958496,,,,175.35,False,,,"{""telemetry"": 1.0, ""graph"": 144.6}",False,,,,,0.0,,0.069,False,0.0,,0.069,False,0.0,,0.069,False
96.877,478,slm,TOWNSIM_CALIB_0,0,reactive,MANTENER_RUMBO,2,65.4856752072236,False,-79.87220764160156,-70.20205688476562,-29.69858169555664,,,,176.16,False,,,"{""telemetry"": 1.0, ""graph"": 137.5}",False,,,,,0.0,,0.015,False,0.0,,0.015,False,0.0,,0.015,False
97.091,479,slm,TOWNSIM_CALIB_0,0,reactive,MANTENER_RUMBO,2,64.91053377300172,False,-80.46537780761719,-70.12326049804688,-29.71554183959961,,,,177.0,False,,,"{""telemetry"": 1.5, ""graph"": 149.9}",False,,,,,0.0,,0.004,False,0.0,,0.004,False,0.0,,0.004,False
97.302,480,slm,TOWNSIM_CALIB_0,0,reactive,MANTENER_RUMBO,2,64.33487793808867,False,-81.05039978027344,-70.05045318603516,-29.72931480407715,,,,177.82,False,,,"{""telemetry"": 0.5, ""graph"": 160.2}",False,,,,,0.0,,0.056,False,0.0,,0.056,False,0.0,,0.056,False
97.506,481,slm,TOWNSIM_CALIB_0,0,reactive,MANTENER_RUMBO,2,63.76086680561875,False,-81.63304138183594,-69.98340606689453,-29.713829040527344,,,,178.62,False,,,"{""telemetry"": 1.0, ""graph"": 163.0}",False,,,,,0.0,,0.01,False,0.0,,0.01,False,0.0,,0.01,False
97.707,482,slm,TOWNSIM_CALIB_0,0,reactive,MANTENER_RUMBO,2,63.18819496652782,False,-82.21536254882812,-69.92475128173828,-29.698993682861328,,,,179.44,False,,,"{""telemetry"": 1.5, ""graph"": 161.1}",False,,,,,0.0,,0.0,False,0.0,,0.0,False,0.0,,0.0,False
97.905,483,slm,TOWNSIM_CALIB_0,0,reactive,MANTENER_RUMBO,2,62.614625708001725,False,-82.75582885742188,-69.87736511230469,-29.68775177001953,,,,-179.79,False,,,"{""telemetry"": 1.0, ""graph"": 158.9}",False,,,,,0.0,,0.051,False,0.0,,0.051,False,0.0,,0.051,False
98.099,484,slm,TOWNSIM_CALIB_0,0,reactive,MANTENER_RUMBO,2,62.03982330844167,False,-83.3145980834961,-69.83422088623047,-29.679357528686523,,,,-178.99,False,,,"{""telemetry"": 1.5, ""graph"": 150.5}",False,,,,,0.0,,0.002,False,0.0,,0.002,False,0.0,,0.002,False
98.302,485,slm,TOWNSIM_CALIB_0,0,reactive,MANTENER_RUMBO,2,61.46355418325926,False,-83.90912628173828,-69.79570770263672,-29.692718505859375,,,,-178.18,False,,,"{""telemetry"": 1.5, ""graph"": 151.6}",False,,,,,0.008,12.67,0.3,False,0.008,13.57,0.3,False,0.012,13.88,0.3,False
98.491,486,slm,TOWNSIM_CALIB_0,0,reactive,MANTENER_RUMBO,2,60.89448796248187,False,-84.48768615722656,-69.76741027832031,-29.70969009399414,,,,-177.41,False,,,"{""telemetry"": 1.0, ""graph"": 140.0}",False,,,,,0.0,,0.004,False,0.0,,0.004,False,0.0,,0.004,False
98.741,487,slm,TOWNSIM_CALIB_0,0,reactive,MANTENER_RUMBO,2,60.30693136929615,False,-85.09272766113281,-69.74658966064453,-29.723283767700195,,,,-176.61,False,,,"{""telemetry"": 1.0, ""graph"": 188.0}",False,,,,,0.0,,0.008,False,0.0,,0.008,False,0.0,,0.008,False
98.912,488,slm,TOWNSIM_CALIB_0,0,reactive,MANTENER_RUMBO,2,59.731769066564866,False,-85.68331909179688,-69.73422241210938,-29.707517623901367,,,,-175.94,False,,,"{""telemetry"": 1.5, ""graph"": 156.0}",False,,,,,0.0,,0.0,False,0.0,,0.0,False,0.0,,0.0,False
99.102,489,slm,TOWNSIM_CALIB_0,0,reactive,MANTENER_RUMBO,2,59.159998771719785,False,-86.24697875976562,-69.73149108886719,-29.693435668945312,,,,-175.29,False,,,"{""telemetry"": 1.0, ""graph"": 144.8}",False,,,,,0.0,,0.0,False,0.0,,0.0,False,0.0,,0.0,False
99.326,490,slm,TOWNSIM_CALIB_0,0,reactive,MANTENER_RUMBO,2,58.58692156265578,False,-86.8294906616211,-69.73693084716797,-29.684247970581055,,,,-174.62,False,,,"{""telemetry"": 1.0, ""graph"": 168.0}",False,,,,,0.0,,0.032,False,0.0,,0.032,False,0.0,,0.032,False
99.508,491,slm,TOWNSIM_CALIB_0,0,reactive,MANTENER_RUMBO,2,58.01124125600608,False,-87.33698272705078,-69.74852752685547,-29.694358825683594,,,,-174.08,False,,,"{""telemetry"": 1.0, ""graph"": 148.4}",False,,,,,0.008,16.19,0.3,False,0.007,17.7,0.3,False,0.007,17.32,0.3,False
99.704,492,slm,TOWNSIM_CALIB_0,0,reactive,MANTENER_RUMBO,2,57.44171332375648,False,-87.90667724609375,-69.76927185058594,-29.708934783935547,,,,-173.52,False,,,"{""telemetry"": 1.0, ""graph"": 142.9}",False,,,,,0.008,21.97,0.208,False,0.007,15.3,0.208,False,0.008,17.92,0.208,False
99.913,493,slm,TOWNSIM_CALIB_0,0,reactive,MANTENER_RUMBO,2,56.86157488050516,False,-88.55562591552734,-69.80134582519531,-29.72154426574707,,,,-172.91,False,,,"{""telemetry"": 1.0, ""graph"": 151.0}",False,,,,,0.0,,0.0,False,0.0,,0.0,False,0.0,,0.0,False
100.122,494,slm,TOWNSIM_CALIB_0,0,reactive,MANTENER_RUMBO,2,56.283588662671455,False,-89.15744018554688,-69.83826446533203,-29.705059051513672,,,,-172.44,False,,,"{""telemetry"": 0.5, ""graph"": 157.9}",False,,,,,0.0,,0.0,False,0.0,,0.0,False,0.0,,0.0,False
100.312,495,slm,TOWNSIM_CALIB_0,0,reactive,MANTENER_RUMBO,2,55.70776392443417,False,-89.69866943359375,-69.87835693359375,-29.691457748413086,,,,-172.05,False,,,"{""telemetry"": 1.5, ""graph"": 145.9}",False,,,,,0.0,,0.0,False,0.0,,0.0,False,0.0,,0.0,False
100.536,496,slm,TOWNSIM_CALIB_0,0,reactive,MANTENER_RUMBO,2,55.13058058132937,False,-90.27589416503906,-69.92741394042969,-29.682008743286133,,,,-171.66,False,,,"{""telemetry"": 1.0, ""graph"": 168.7}",False,,,,,0.0,,0.007,False,0.0,,0.007,False,0.0,,0.007,False
100.72,497,slm,TOWNSIM_CALIB_0,0,reactive,MANTENER_RUMBO,2,54.55117923016054,False,-90.82921600341797,-69.9803466796875,-29.69280242919922,,,,-171.35,False,,,"{""telemetry"": 1.5, ""graph"": 152.0}",False,,,,,0.0,,0.015,False,0.0,,0.015,False,0.0,,0.015,False
100.936,498,slm,TOWNSIM_CALIB_0,0,reactive,MANTENER_RUMBO,2,53.96987724581276,False,-91.44479370117188,-70.04584503173828,-29.708410263061523,,,,-171.06,False,,,"{""telemetry"": 0.5, ""graph"": 166.3}",False,,,,,0.007,22.64,0.269,False,0.008,15.32,0.269,False,0.008,17.52,0.269,False
101.122,499,slm,TOWNSIM_CALIB_0,0,reactive,MANTENER_RUMBO,2,53.38716976546101,False,-91.98348236083984,-70.10796356201172,-29.72161865234375,,,,-170.84,False,,,"{""telemetry"": 1.0, ""graph"": 151.0}",False,,,,,0.007,21.23,0.209,False,0.008,12.52,0.209,False,0.008,14.68,0.209,False
101.31,500,slm,TOWNSIM_CALIB_0,0,reactive,MANTENER_RUMBO,2,52.80362167404023,False,-92.54900360107422,-70.17733764648438,-29.71843719482422,,,,-170.68,False,,,"{""telemetry"": 1.0, ""graph"": 136.6}",False,,,,,0.0,,0.016,False,0.0,,0.016,False,0.0,,0.016,False
101.534,501,slm,TOWNSIM_CALIB_0,0,reactive,MANTENER_RUMBO,2,52.21942731067009,False,-93.17610168457031,-70.25946044921875,-29.713401794433594,,,,-170.58,False,,,"{""telemetry"": 2.0, ""graph"": 158.5}",False,,,,,0.0,,0.075,False,0.0,,0.075,False,0.0,,0.075,False
101.721,502,slm,TOWNSIM_CALIB_0,0,reactive,MANTENER_RUMBO,2,51.63479885146898,False,-93.73399353027344,-70.3364486694336,-29.70965003967285,,,,-170.52,False,,,"{""telemetry"": 1.0, ""graph"": 144.6}",False,,,,,0.0,,0.022,False,0.0,,0.022,False,0.0,,0.022,False
101.914,503,slm,TOWNSIM_CALIB_0,0,reactive,MANTENER_RUMBO,2,51.04986428421863,False,-94.30081939697266,-70.41764831542969,-29.706432342529297,,,,-170.47,False,,,"{""telemetry"": 1.0, ""graph"": 136.0}",False,,,,,0.0,,0.005,False,0.0,,0.005,False,0.0,,0.005,False
102.135,504,slm,TOWNSIM_CALIB_0,0,reactive,MANTENER_RUMBO,2,50.464718022651816,False,-94.95440673828125,-70.51408386230469,-29.699127197265625,,,,-170.41,False,,,"{""telemetry"": 1.0, ""graph"": 156.0}",False,,,,,0.0,,0.0,False,0.0,,0.0,False,0.0,,0.0,False
102.324,505,slm,TOWNSIM_CALIB_0,0,reactive,MANTENER_RUMBO,2,49.88603058770212,False,-95.46945190429688,-70.59183502197266,-29.683475494384766,,,,-170.48,False,,,"{""telemetry"": 1.0, ""graph"": 142.7}",False,,,,,0.0,,0.0,False,0.0,,0.0,False,0.0,,0.0,False
102.541,506,slm,TOWNSIM_CALIB_0,0,reactive,MANTENER_RUMBO,2,49.31340985755412,False,-96.1097412109375,-70.69097137451172,-29.66935157775879,,,,-170.63,False,,,"{""telemetry"": 1.0, ""graph"": 157.5}",False,,,,,0.0,,0.0,False,0.0,,0.0,False,0.0,,0.0,False
102.721,507,slm,TOWNSIM_CALIB_0,0,reactive,MANTENER_RUMBO,2,48.75051669162136,False,-96.61258697509766,-70.77044677734375,-29.6732234954834,,,,-170.83,False,,,"{""telemetry"": 1.0, ""graph"": 136.9}",False,,,,,0.0,,0.0,False,0.0,,0.0,False,0.0,,0.0,False
102.93,508,slm,TOWNSIM_CALIB_0,0,reactive,MANTENER_RUMBO,2,48.17873440067387,False,-97.1591567993164,-70.85791778564453,-29.6816349029541,,,,-171.1,False,,,"{""telemetry"": 1.5, ""graph"": 144.5}",False,,,,,0.0,,0.007,False,0.0,,0.007,False,0.0,,0.007,False
103.12,509,slm,TOWNSIM_CALIB_0,0,reactive,MANTENER_RUMBO,2,47.605135937198035,False,-97.75912475585938,-70.95494079589844,-29.693519592285156,,,,-171.42,False,,,"{""telemetry"": 2.0, ""graph"": 132.5}",False,,,,,0.0,,0.01,False,0.0,,0.01,False,0.0,,0.01,False
103.329,510,slm,TOWNSIM_CALIB_0,0,reactive,MANTENER_RUMBO,2,47.02964109634049,False,-98.32681274414062,-71.0473861694336,-29.706708908081055,,,,-171.73,False,,,"{""telemetry"": 1.0, ""graph"": 140.4}",False,,,,,0.0,,0.036,False,0.0,,0.036,False,0.0,,0.036,False
103.549,511,slm,TOWNSIM_CALIB_0,0,reactive,MANTENER_RUMBO,2,46.45263949605293,False,-98.9644546508789,-71.15178680419922,-29.7174129486084,,,,-172.08,False,,,"{""telemetry"": 1.0, ""graph"": 159.4}",False,,,,,0.0,,0.0,False,0.0,,0.0,False,0.0,,0.0,False
103.723,512,slm,TOWNSIM_CALIB_0,0,reactive,MANTENER_RUMBO,2,45.879427927817495,False,-99.46815490722656,-71.23382568359375,-29.7028751373291,,,,-172.44,False,,,"{""telemetry"": 1.0, ""graph"": 132.1}",False,,,,,0.0,,0.0,False,0.0,,0.0,False,0.0,,0.0,False
103.929,513,slm,TOWNSIM_CALIB_0,0,reactive,MANTENER_RUMBO,2,45.309957994661694,False,-100.06426239013672,-71.32880401611328,-29.686880111694336,,,,-172.94,False,,,"{""telemetry"": 0.5, ""graph"": 136.0}",False,,,,,0.0,,0.0,False,0.0,,0.0,False,0.0,,0.0,False
104.125,514,slm,TOWNSIM_CALIB_0,0,reactive,MANTENER_RUMBO,2,44.739795380456805,False,-100.60175323486328,-71.41233825683594,-29.67412757873535,,,,-173.44,False,,,"{""telemetry"": 1.5, ""graph"": 130.0}",False,,,,,0.0,,0.012,False,0.0,,0.012,False,0.0,,0.012,False
104.357,515,slm,TOWNSIM_CALIB_0,0,reactive,MANTENER_RUMBO,2,44.17365074093042,False,-101.20114135742188,-71.50262451171875,-29.675704956054688,,,,-174.01,False,,,"{""telemetry"": 1.5, ""graph"": 160.5}",False,,,,,0.0,,0.049,False,0.0,,0.049,False,0.0,,0.049,False
104.527,516,slm,TOWNSIM_CALIB_0,0,reactive,MANTENER_RUMBO,2,43.61078216628173,False,-101.74886322021484,-71.58145141601562,-29.684648513793945,,,,-174.6,False,,,"{""telemetry"": 1.0, ""graph"": 129.5}",False,,,,,0.0,,0.0,False,0.0,,0.0,False,0.0,,0.0,False
104.783,517,slm,TOWNSIM_CALIB_0,0,reactive,MANTENER_RUMBO,2,43.0374791049204,False,-102.37543487548828,-71.66766357421875,-29.69774627685547,,,,-175.3,False,,,"{""telemetry"": 3.0, ""graph"": 181.6}",False,,,,,0.0,,0.003,False,0.0,,0.003,False,0.0,,0.003,False
104.952,518,slm,TOWNSIM_CALIB_0,0,reactive,MANTENER_RUMBO,2,42.478158727397464,False,-102.92884826660156,-71.74101257324219,-29.711103439331055,,,,-175.92,False,,,"{""telemetry"": 1.5, ""graph"": 150.3}",False,,,,,0.0,,0.045,False,0.0,,0.045,False,0.0,,0.045,False
105.146,519,slm,TOWNSIM_CALIB_0,0,reactive,MANTENER_RUMBO,2,41.907716312294546,False,-103.4590072631836,-71.80943298339844,-29.72378158569336,,,,-176.52,False,,,"{""telemetry"": 1.0, ""graph"": 144.7}",False,,,,,0.008,14.07,0.189,False,0.008,14.83,0.189,False,0.011,16.49,0.189,False
105.375,520,slm,TOWNSIM_CALIB_0,0,reactive,MANTENER_RUMBO,2,41.33538377423616,False,-104.06817626953125,-71.88442993164062,-29.719621658325195,,,,-177.25,False,,,"{""telemetry"": 1.0, ""graph"": 171.6}",False,,,,,0.0,,0.111,False,0.0,,0.111,False,0.0,,0.111,False
105.56,521,slm,TOWNSIM_CALIB_0,0,reactive,MANTENER_RUMBO,2,40.76128195771942,False,-104.64485168457031,-71.94892883300781,-29.71462059020996,,,,-177.96,False,,,"{""telemetry"": 1.0, ""graph"": 155.0}",False,,,,,0.0,,0.144,False,0.0,,0.144,False,0.0,,0.144,False
105.757,522,slm,TOWNSIM_CALIB_0,0,reactive,MANTENER_RUMBO,2,40.18564774403864,False,-105.19701385498047,-72.00487518310547,-29.710607528686523,,,,-178.65,False,,,"{""telemetry"": 1.5, ""graph"": 149.1}",False,,,,,0.0,,0.044,False,0.0,,0.044,False,0.0,,0.044,False
105.971,523,slm,TOWNSIM_CALIB_0,0,reactive,MANTENER_RUMBO,2,39.60883813336512,False,-105.79337310791016,-72.06004333496094,-29.70694351196289,,,,-179.39,False,,,"{""telemetry"": 1.0, ""graph"": 162.0}",False,,,,,0.0,,0.041,False,0.0,,0.041,False,0.0,,0.041,False
106.17,524,slm,TOWNSIM_CALIB_0,0,reactive,MANTENER_RUMBO,2,39.03115744518088,False,-106.37327575683594,-72.1095962524414,-29.703941345214844,,,,179.88,False,,,"{""telemetry"": 1.0, ""graph"": 160.0}",False,,,,,0.0,,0.057,False,0.0,,0.057,False,0.0,,0.057,False
106.385,525,slm,TOWNSIM_CALIB_0,0,reactive,MANTENER_RUMBO,2,38.45281487120189,False,-106.99710083007812,-72.1595687866211,-29.701215744018555,,,,179.09,False,,,"{""telemetry"": 1.5, ""graph"": 172.6}",False,,,,,0.0,,0.003,False,0.0,,0.003,False,0.0,,0.003,False
106.564,526,slm,TOWNSIM_CALIB_0,0,reactive,MANTENER_RUMBO,2,37.87405050773783,False,-107.54338073730469,-72.20118713378906,-29.699180603027344,,,,178.41,False,,,"{""telemetry"": 1.2, ""graph"": 149.9}",False,,,,,0.0,,0.002,False,0.0,,0.002,False,0.0,,0.002,False
106.76,527,slm,TOWNSIM_CALIB_0,0,reactive,MANTENER_RUMBO,2,37.29491213026634,False,-108.09858703613281,-72.24200439453125,-29.698902130126953,,,,177.71,False,,,"{""telemetry"": 1.0, ""graph"": 144.6}",False,,,,,0.0,,0.018,False,0.0,,0.018,False,0.0,,0.018,False
106.978,528,slm,TOWNSIM_CALIB_0,0,reactive,MANTENER_RUMBO,2,36.71523417383925,False,-108.69779968261719,-72.28072357177734,-29.718952178955078,,,,177.0,False,,,"{""telemetry"": 3.0, ""graph"": 159.0}",False,,,,,0.0,,0.007,False,0.0,,0.007,False,0.0,,0.007,False
107.162,529,slm,TOWNSIM_CALIB_0,0,reactive,MANTENER_RUMBO,2,36.13453289366733,False,-109.28025817871094,-72.30772399902344,-29.739295959472656,,,,176.33,False,,,"{""telemetry"": 1.5, ""graph"": 143.6}",False,,,,,0.0,,0.011,False,0.0,,0.011,False,0.0,,0.011,False
107.371,530,slm,TOWNSIM_CALIB_0,0,reactive,MANTENER_RUMBO,2,35.55307143145618,False,-109.83706665039062,-72.32318878173828,-29.74138832092285,,,,175.71,False,,,"{""telemetry"": 1.5, ""graph"": 151.2}",False,,,,,0.007,18.3,0.3,False,0.008,12.48,0.3,False,0.007,15.35,0.3,False
107.595,531,slm,TOWNSIM_CALIB_0,0,reactive,MANTENER_RUMBO,2,34.97066688901685,False,-110.46408081054688,-72.3282699584961,-29.741230010986328,,,,175.04,False,,,"{""telemetry"": 1.0, ""graph"": 173.9}",False,,,,,0.0,,0.023,False,0.0,,0.023,False,0.0,,0.023,False
107.791,532,slm,TOWNSIM_CALIB_0,0,reactive,MANTENER_RUMBO,2,34.39610931230057,False,-111.0479965209961,-72.32308197021484,-29.740741729736328,,,,174.43,False,,,"{""telemetry"": 1.0, ""graph"": 169.6}",False,,,,,0.0,,0.103,False,0.0,,0.103,False,0.0,,0.103,False
107.972,533,slm,TOWNSIM_CALIB_0,0,reactive,MANTENER_RUMBO,2,33.81201581044655,False,-111.58866119384766,-72.3116455078125,-29.740121841430664,,,,173.86,False,,,"{""telemetry"": 1.0, ""graph"": 148.3}",False,,,,,0.0,,0.046,False,0.0,,0.046,False,0.0,,0.046,False
108.185,534,slm,TOWNSIM_CALIB_0,0,reactive,MANTENER_RUMBO,2,33.21876504018819,False,-112.19065856933594,-72.29316711425781,-29.73933219909668,,,,173.24,False,,,"{""telemetry"": 2.0, ""graph"": 158.6}",False,,,,,0.0,,0.029,False,0.0,,0.029,False,0.0,,0.029,False
108.375,535,slm,TOWNSIM_CALIB_0,0,reactive,MANTENER_RUMBO,2,32.64238699259148,False,-112.74052429199219,-72.27228546142578,-29.73862648010254,,,,172.67,False,,,"{""telemetry"": 1.5, ""graph"": 146.5}",False,,,,,0.0,,0.017,False,0.0,,0.017,False,0.0,,0.017,False
108.592,536,slm,TOWNSIM_CALIB_0,0,reactive,MANTENER_RUMBO,2,32.05706386856708,False,-113.36021423339844,-72.2427978515625,-29.73854637145996,,,,172.12,False,,,"{""telemetry"": 1.0, ""graph"": 163.8}",False,,,,,0.0,,0.016,False,0.0,,0.016,False,0.0,,0.016,False
108.748,537,slm,TOWNSIM_CALIB_0,0,reactive,MANTENER_RUMBO,2,31.471155330063276,False,-113.92789459228516,-72.20729064941406,-29.73870277404785,,,,171.69,False,,,"{""telemetry"": 1.0, ""graph"": 117.6}",False,,,,,0.0,,0.0,False,0.0,,0.0,False,0.0,,0.0,False
108.993,538,slm,TOWNSIM_CALIB_0,0,reactive,MANTENER_RUMBO,2,30.884565248685394,False,-114.54812622070312,-72.15953063964844,-29.73863983154297,,,,171.25,False,,,"{""telemetry"": 1.5, ""graph"": 161.3}",False,,,,,0.0,,0.041,False,0.0,,0.041,False,0.0,,0.041,False
109.178,539,slm,TOWNSIM_CALIB_0,0,reactive,MANTENER_RUMBO,2,30.29766365762172,False,-115.08973693847656,-72.1114730834961,-29.738391876220703,,,,170.88,False,,,"{""telemetry"": 1.0, ""graph"": 145.7}",False,,,,,0.0,,0.057,False,0.0,,0.057,False,0.0,,0.057,False
109.395,540,slm,TOWNSIM_CALIB_0,0,reactive,MANTENER_RUMBO,2,29.710507372825834,False,-115.70123291015625,-72.05044555664062,-29.738359451293945,,,,170.55,False,,,"{""telemetry"": 2.0, ""graph"": 160.4}",False,,,,,0.0,,0.001,False,0.0,,0.001,False,0.0,,0.001,False
109.571,541,slm,TOWNSIM_CALIB_0,0,reactive,MANTENER_RUMBO,2,29.123085565406594,False,-116.25157928466797,-71.98878479003906,-29.73828887939453,,,,170.32,False,,,"{""telemetry"": 1.5, ""graph"": 135.4}",False,,,,,0.0,,0.001,False,0.0,,0.001,False,0.0,,0.001,False
109.789,542,slm,TOWNSIM_CALIB_0,0,reactive,MANTENER_RUMBO,2,28.535452125583365,False,-116.85433959960938,-71.91478729248047,-29.738037109375,,,,170.1,False,,,"{""telemetry"": 1.0, ""graph"": 152.1}",False,,,,,0.0,,0.033,False,0.0,,0.033,False,0.0,,0.033,False
110.001,543,slm,TOWNSIM_CALIB_0,0,reactive,MANTENER_RUMBO,2,27.94769122210981,False,-117.47457122802734,-71.8330307006836,-29.73763084411621,,,,169.89,False,,,"{""telemetry"": 1.0, ""graph"": 162.6}",False,,,,,0.0,,0.028,False,0.0,,0.028,False,0.0,,0.028,False
110.188,544,slm,TOWNSIM_CALIB_0,0,reactive,MANTENER_RUMBO,2,27.351109549723773,False,-118.02491760253906,-71.75682830810547,-29.737154006958008,,,,169.71,False,,,"{""telemetry"": 1.5, ""graph"": 147.4}",False,,,,,0.0,,0.001,False,0.0,,0.001,False,0.0,,0.001,False
110.407,545,slm,TOWNSIM_CALIB_0,0,reactive,MANTENER_RUMBO,2,26.7633309728315,False,-118.63599395751953,-71.66914367675781,-29.733983993530273,,,,169.51,False,,,"{""telemetry"": 1.0, ""graph"": 164.6}",False,,,,,0.0,,0.01,False,0.0,,0.01,False,0.0,,0.01,False
110.606,546,slm,TOWNSIM_CALIB_0,0,reactive,MANTENER_RUMBO,2,26.179061905375935,False,-119.18199157714844,-71.58802795410156,-29.71832847595215,,,,169.46,False,,,"{""telemetry"": 1.0, ""graph"": 162.2}",False,,,,,0.0,,0.006,False,0.0,,0.006,False,0.0,,0.006,False
110.8,547,slm,TOWNSIM_CALIB_0,0,reactive,MANTENER_RUMBO,2,25.606509122771453,False,-119.81263732910156,-71.48981475830078,-29.702634811401367,,,,169.49,False,,,"{""telemetry"": 1.5, ""graph"": 153.6}",False,,,,,0.0,,0.0,False,0.0,,0.0,False,0.0,,0.0,False
110.988,548,slm,TOWNSIM_CALIB_0,0,reactive,MANTENER_RUMBO,2,25.025513309995098,False,-120.3398666381836,-71.40426635742188,-29.692047119140625,,,,169.56,False,,,"{""telemetry"": 1.0, ""graph"": 141.0}",False,,,,,0.0,,0.001,False,0.0,,0.001,False,0.0,,0.001,False
111.21,549,slm,TOWNSIM_CALIB_0,0,reactive,MANTENER_RUMBO,2,24.435429404453714,False,-120.95357513427734,-71.30152893066406,-29.680625915527344,,,,169.72,False,,,"{""telemetry"": 1.5, ""graph"": 161.1}",False,,,,,0.0,,0.011,False,0.0,,0.011,False,0.0,,0.011,False
111.385,550,slm,TOWNSIM_CALIB_0,0,reactive,MANTENER_RUMBO,2,23.85959625329291,False,-121.49104309082031,-71.2093734741211,-29.6826171875,,,,169.97,False,,,"{""telemetry"": 1.0, ""graph"": 133.9}",False,,,,,0.0,,0.0,False,0.0,,0.0,False,0.0,,0.0,False
111.59,551,slm,TOWNSIM_CALIB_0,0,reactive,MANTENER_RUMBO,2,23.29728520127922,False,-122.07721710205078,-71.10719299316406,-29.691415786743164,,,,170.3,False,,,"{""telemetry"": 1.0, ""graph"": 138.8}",False,,,,,0.0,,0.0,False,0.0,,0.0,False,0.0,,0.0,False
111.818,552,slm,TOWNSIM_CALIB_0,0,reactive,MANTENER_RUMBO,2,22.71742229584475,False,-122.67338562011719,-71.0019760131836,-29.703203201293945,,,,170.66,False,,,"{""telemetry"": 1.0, ""graph"": 165.6}",False,,,,,0.0,,0.0,False,0.0,,0.0,False,0.0,,0.0,False
111.985,553,slm,TOWNSIM_CALIB_0,0,reactive,MANTENER_RUMBO,2,22.14442314106813,False,-123.20333862304688,-70.90763854980469,-29.715410232543945,,,,170.98,False,,,"{""telemetry"": 1.5, ""graph"": 130.7}",False,,,,,0.007,16.62,0.3,False,0.011,15.5,0.3,False,0.01,15.22,0.3,False
112.21,554,slm,TOWNSIM_CALIB_0,0,reactive,MANTENER_RUMBO,2,21.56983296416471,False,-123.83718872070312,-70.79403686523438,-29.725801467895508,,,,171.37,False,,,"{""telemetry"": 1.5, ""graph"": 153.1}",False,,,,,0.0,,0.0,False,0.0,,0.0,False,0.0,,0.0,False
112.39,555,slm,TOWNSIM_CALIB_0,0,reactive,MANTENER_RUMBO,2,21.008825995319043,False,-124.33673095703125,-70.70496368408203,-29.711183547973633,,,,171.74,False,,,"{""telemetry"": 1.5, ""graph"": 132.5}",False,,,,,0.0,,0.0,False,0.0,,0.0,False,0.0,,0.0,False
112.593,556,slm,TOWNSIM_CALIB_0,0,reactive,MANTENER_RUMBO,2,20.44427062528787,False,-124.91908264160156,-70.60342407226562,-29.695449829101562,,,,172.27,False,,,"{""telemetry"": 1.0, ""graph"": 133.9}",False,,,,,0.0,,0.0,False,0.0,,0.0,False,0.0,,0.0,False
112.825,557,slm,TOWNSIM_CALIB_0,0,reactive,MANTENER_RUMBO,2,19.87899397110349,False,-125.5029525756836,-70.50428009033203,-29.68227195739746,,,,172.83,False,,,"{""telemetry"": 1.0, ""graph"": 164.5}",False,,,,,0.0,,0.01,False,0.0,,0.01,False,0.0,,0.01,False
112.992,558,slm,TOWNSIM_CALIB_0,0,reactive,MANTENER_RUMBO,2,19.316000306483783,False,-126.03275299072266,-70.41710662841797,-29.684410095214844,,,,173.37,False,,,"{""telemetry"": 1.5, ""graph"": 129.4}",False,,,,,0.0,,0.0,False,0.0,,0.0,False,0.0,,0.0,False
113.201,559,slm,TOWNSIM_CALIB_0,0,reactive,MANTENER_RUMBO,2,18.754720173834023,False,-126.61334991455078,-70.32568359375,-29.693099975585938,,,,174.01,False,,,"{""telemetry"": 1.0, ""graph"": 137.6}",False,,,,,0.0,,0.0,False,0.0,,0.0,False,0.0,,0.0,False
113.428,560,slm,TOWNSIM_CALIB_0,0,reactive,MANTENER_RUMBO,2,18.191380737673754,False,-127.20541381835938,-70.2364730834961,-29.704668045043945,,,,174.7,False,,,"{""telemetry"": 1.0, ""graph"": 163.1}",False,,,,,0.0,,0.003,False,0.0,,0.003,False,0.0,,0.003,False
113.607,561,slm,TOWNSIM_CALIB_0,0,reactive,MANTENER_RUMBO,2,17.62546751223909,False,-127.73250579833984,-70.15978240966797,-29.71550941467285,,,,175.32,False,,,"{""telemetry"": 2.5, ""graph"": 138.0}",False,,,,,0.0,,0.11,False,0.0,,0.11,False,0.0,,0.11,False
113.822,562,slm,TOWNSIM_CALIB_0,0,reactive,MANTENER_RUMBO,2,17.057719086262917,False,-128.32147216796875,-70.07781219482422,-29.710216522216797,,,,176.04,False,,,"{""telemetry"": 1.0, ""graph"": 153.5}",False,,,,,0.006,7.79,0.157,False,0.011,13.13,0.157,False,0.01,15.55,0.157,False
114.031,563,slm,TOWNSIM_CALIB_0,0,reactive,MANTENER_RUMBO,2,16.44570935616225,False,-128.92990112304688,-69.99964904785156,-29.703718185424805,,,,176.8,False,,,"{""telemetry"": 1.0, ""graph"": 146.0}",False,,,,,0.0,,0.119,False,0.0,,0.119,False,0.0,,0.119,False
114.249,564,slm,TOWNSIM_CALIB_0,0,reactive,MANTENER_RUMBO,2,15.874681932290178,False,-129.54029846191406,-69.92758178710938,-29.698375701904297,,,,177.58,False,,,"{""telemetry"": 1.0, ""graph"": 162.4}",False,,,,,0.0,,0.118,False,0.0,,0.118,False,0.0,,0.118,False
114.443,565,slm,TOWNSIM_CALIB_0,0,reactive,MANTENER_RUMBO,2,15.302541936337564,False,-130.10032653808594,-69.86598205566406,-29.695999145507812,,,,178.29,False,,,"{""telemetry"": 1.0, ""graph"": 155.1}",False,,,,,0.0,,0.096,False,0.0,,0.096,False,0.0,,0.096,False
114.659,566,slm,TOWNSIM_CALIB_0,0,reactive,MANTENER_RUMBO,2,14.729208779291326,False,-130.70468139648438,-69.80552673339844,-29.714000701904297,,,,179.06,False,,,"{""telemetry"": 1.5, ""graph"": 169.3}",False,,,,,0.0,,0.037,False,0.0,,0.037,False,0.0,,0.037,False
114.839,567,slm,TOWNSIM_CALIB_0,0,reactive,MANTENER_RUMBO,2,14.1547757033638,False,-131.25830078125,-69.75735473632812,-29.731212615966797,,,,179.77,False,,,"{""telemetry"": 1.5, ""graph"": 147.7}",False,,,,,0.0,,0.022,False,0.0,,0.022,False,0.0,,0.022,False
115.057,568,slm,TOWNSIM_CALIB_0,0,reactive,MANTENER_RUMBO,2,13.579959701730404,False,-131.8558807373047,-69.71324157714844,-29.73126792907715,,,,-179.49,False,,,"{""telemetry"": 1.0, ""graph"": 165.0}",False,,,,,0.0,,0.003,False,0.0,,0.003,False,0.0,,0.003,False
115.241,569,slm,TOWNSIM_CALIB_0,0,reactive,MANTENER_RUMBO,2,13.004414269171981,False,-132.39352416992188,-69.68101501464844,-29.729612350463867,,,,-178.82,False,,,"{""telemetry"": 1.5, ""graph"": 147.6}",False,,,,,0.0,,0.002,False,0.0,,0.002,False,0.0,,0.002,False
115.45,570,slm,TOWNSIM_CALIB_0,0,reactive,MANTENER_RUMBO,2,12.427781845251157,False,-133.00128173828125,-69.65196228027344,-29.72786521911621,,,,-178.08,False,,,"{""telemetry"": 1.0, ""graph"": 155.6}",False,,,,,0.0,,0.026,False,0.0,,0.026,False,0.0,,0.026,False
115.66,571,slm,TOWNSIM_CALIB_0,0,reactive,MANTENER_RUMBO,2,11.850743544665017,False,-133.59237670898438,-69.62957763671875,-29.726295471191406,,,,-177.36,False,,,"{""telemetry"": 1.5, ""graph"": 162.6}",False,,,,,0.0,,0.013,False,0.0,,0.013,False,0.0,,0.013,False
115.862,572,slm,TOWNSIM_CALIB_0,0,reactive,MANTENER_RUMBO,2,11.27314728827343,False,-134.20120239257812,-69.6111068725586,-29.724821090698242,,,,-176.61,False,,,"{""telemetry"": 2.0, ""graph"": 163.4}",False,,,,,0.0,,0.015,False,0.0,,0.015,False,0.0,,0.015,False
116.052,573,slm,TOWNSIM_CALIB_0,0,reactive,MANTENER_RUMBO,2,10.695748248015292,False,-134.74044799804688,-69.59764099121094,-29.7236385345459,,,,-175.96,False,,,"{""telemetry"": 2.5, ""graph"": 150.7}",False,,,,,0.007,20.67,0.3,False,0.008,17.41,0.3,False,0.008,13.64,0.3,False
116.248,574,slm,TOWNSIM_CALIB_0,0,reactive,MANTENER_RUMBO,2,10.118394099221732,False,-135.33229064941406,-69.58519744873047,-29.720890045166016,,,,-175.24,False,,,"{""telemetry"": 1.5, ""graph"": 146.6}",False,,,,,0.0,,0.002,False,0.0,,0.002,False,0.0,,0.002,False
116.47,575,slm,TOWNSIM_CALIB_0,0,reactive,MANTENER_RUMBO,2,9.54180097094694,False,-135.9411163330078,-69.57772064208984,-29.704681396484375,,,,-174.61,False,,,"{""telemetry"": 1.5, ""graph"": 167.1}",False,,,,,0.0,,0.0,False,0.0,,0.0,False,0.0,,0.0,False
116.66,576,slm,TOWNSIM_CALIB_0,0,reactive,MANTENER_RUMBO,2,8.965024057263607,False,-136.4890594482422,-69.58013153076172,-29.692068099975586,,,,-174.09,False,,,"{""telemetry"": 1.0, ""graph"": 155.6}",False,,,,,0.0,,0.003,False,0.0,,0.003,False,0.0,,0.003,False
116.861,577,slm,TOWNSIM_CALIB_0,0,reactive,MANTENER_RUMBO,2,8.386955276565597,False,-137.07266235351562,-69.59223937988281,-29.682601928710938,,,,-173.57,False,,,"{""telemetry"": 1.0, ""graph"": 155.6}",False,,,,,0.007,19.67,0.3,False,0.008,15.42,0.3,False,0.008,12.29,0.3,False
117.055,578,slm,TOWNSIM_CALIB_0,0,reactive,MANTENER_RUMBO,2,7.806657982806037,False,-137.6571044921875,-69.61410522460938,-29.694316864013672,,,,-173.12,False,,,"{""telemetry"": 1.0, ""graph"": 147.1}",False,,,,,0.0,,0.001,False,0.0,,0.001,False,0.0,,0.001,False
117.268,579,slm,TOWNSIM_CALIB_0,0,reactive,MANTENER_RUMBO,2,7.23319639973442,False,-138.2506103515625,-69.64583587646484,-29.709993362426758,,,,-172.7,False,,,"{""telemetry"": 0.5, ""graph"": 158.1}",False,,,,,0.0,,0.06,False,0.0,,0.06,False,0.0,,0.06,False
117.48,580,slm,TOWNSIM_CALIB_0,0,reactive,MANTENER_RUMBO,2,6.640798341287729,False,-138.8626251220703,-69.68693542480469,-29.724843978881836,,,,-172.3,False,,,"{""telemetry"": 1.0, ""graph"": 168.8}",False,,,,,0.0,,0.066,False,0.0,,0.066,False,0.0,,0.066,False
117.678,581,slm,TOWNSIM_CALIB_0,0,reactive,MANTENER_RUMBO,2,6.056808171427284,False,-139.45716857910156,-69.73394012451172,-29.721473693847656,,,,-171.97,False,,,"{""telemetry"": 1.0, ""graph"": 164.6}",False,,,,,0.007,16.46,0.3,False,0.008,16.68,0.3,False,0.008,15.5,0.3,False
117.861,582,slm,TOWNSIM_CALIB_0,0,reactive,MANTENER_RUMBO,2,5.472540039281193,False,-139.99925231933594,-69.78304290771484,-29.717529296875,,,,-171.72,False,,,"{""telemetry"": 1.5, ""graph"": 145.5}",False,,,,,0.0,,0.006,False,0.0,,0.006,False,0.0,,0.006,False
118.078,583,slm,TOWNSIM_CALIB_0,0,reactive,MANTENER_RUMBO,2,4.887868478526941,False,-140.5937957763672,-69.8427734375,-29.713817596435547,,,,-171.46,False,,,"{""telemetry"": 2.0, ""graph"": 161.0}",False,,,,,0.0,,0.024,False,0.0,,0.024,False,0.0,,0.024,False
118.28,584,slm,TOWNSIM_CALIB_0,0,reactive,MANTENER_RUMBO,2,4.302949261746361,False,-141.18887329101562,-69.90731048583984,-29.71068000793457,,,,-171.21,False,,,"{""telemetry"": 2.0, ""graph"": 162.0}",False,,,,,0.0,,0.011,False,0.0,,0.011,False,0.0,,0.011,False
118.492,585,slm,TOWNSIM_CALIB_0,0,reactive,MANTENER_RUMBO,2,3.717618767622252,False,-141.80197143554688,-69.97843933105469,-29.708105087280273,,,,-171.06,False,,,"{""telemetry"": 1.5, ""graph"": 172.9}",False,,,,,0.007,17.2,0.3,False,0.009,17.68,0.3,False,0.007,15.78,0.3,False
118.657,586,slm,TOWNSIM_CALIB_0,0,reactive,MANTENER_RUMBO,3,153.69443400805545,False,-142.3359832763672,-70.04454040527344,-29.70615577697754,,,,-170.97,False,,,"{""telemetry"": 1.0, ""graph"": 137.0}",False,,,,,0.007,17.96,0.3,False,0.009,13.67,0.3,False,0.009,11.14,0.3,False
118.865,587,slm,TOWNSIM_CALIB_0,0,reactive,MANTENER_RUMBO,3,153.75278196777424,False,-142.919677734375,-70.12065124511719,-29.7103271484375,,,,-170.92,False,,,"{""telemetry"": 1.5, ""graph"": 143.1}",False,,,,,0.0,,0.0,False,0.0,,0.0,False,0.0,,0.0,False
119.068,588,slm,TOWNSIM_CALIB_0,0,reactive,MANTENER_RUMBO,3,153.81246210118195,False,-143.45352172851562,-70.19296264648438,-29.739715576171875,,,,-172.06,False,,,"{""telemetry"": 1.0, ""graph"": 144.8}",False,,,,,0.0,,0.0,False,0.0,,0.0,False,0.0,,0.0,False
119.211,589,slm,TOWNSIM_CALIB_0,0,reactive,MANTENER_RUMBO,3,153.86745091120514,False,-143.90106201171875,-70.25498962402344,-29.792604446411133,,,,-174.62,False,,,"{""telemetry"": 1.0, ""graph"": 86.5}",False,,,,,0.0,,0.0,False,0.0,,0.0,False,0.0,,0.0,False
119.425,590,slm,TOWNSIM_CALIB_0,0,reactive,MANTENER_RUMBO,3,153.91464337731702,False,-144.2810821533203,-70.30815124511719,-29.846513748168945,,,,-178.13,False,,,"{""telemetry"": 1.5, ""graph"": 98.1}",False,,,,,0.0,,0.0,False,0.0,,0.0,False,0.0,,0.0,False
119.627,591,slm,TOWNSIM_CALIB_0,0,reactive,MANTENER_RUMBO,3,153.95316599915324,False,-144.5750732421875,-70.34928131103516,-29.88313865661621,,,,178.14,False,,,"{""telemetry"": 1.0, ""graph"": 99.4}",False,,,,,0.0,,0.0,False,0.0,,0.0,False,0.0,,0.0,False
119.814,592,slm,TOWNSIM_CALIB_0,0,reactive,MANTENER_RUMBO,3,153.98355076637384,False,-144.77842712402344,-70.37755584716797,-29.900020599365234,,,,174.26,False,,,"{""telemetry"": 1.0, ""graph"": 83.6}",False,,,,,0.0,,0.0,False,0.0,,0.0,False,0.0,,0.0,False
120.025,593,slm,TOWNSIM_CALIB_0,0,reactive,MANTENER_RUMBO,3,154.00701567539727,False,-144.95957946777344,-70.40239715576172,-29.90692710876465,,,,169.04,False,,,"{""telemetry"": 1.0, ""graph"": 94.8}",False,,,,,0.0,,0.0,False,0.0,,0.0,False,0.0,,0.0,False
120.227,594,slm,TOWNSIM_CALIB_0,0,reactive,MANTENER_RUMBO,3,154.02483466114452,False,-145.095947265625,-70.42063903808594,-29.906496047973633,,,,163.53,False,,,"{""telemetry"": 1.0, ""graph"": 94.4}",False,,,,,0.0,,0.0,False,0.0,,0.0,False,0.0,,0.0,False
120.433,595,slm,TOWNSIM_CALIB_0,0,reactive,MANTENER_RUMBO,3,154.0382483186175,False,-145.19813537597656,-70.433837890625,-29.90033531188965,,,,158.43,False,,,"{""telemetry"": 2.0, ""graph"": 98.5}",False,,,,,0.0,,0.0,False,0.0,,0.0,False,0.0,,0.0,False
120.602,596,slm,TOWNSIM_CALIB_0,0,reactive,MANTENER_RUMBO,3,154.0483861413295,False,-145.26699829101562,-70.44265747070312,-29.891109466552734,,,,154.54,False,,,"{""telemetry"": 1.5, ""graph"": 66.5}",False,,,,,0.0,,0.0,False,0.0,,0.0,False,0.0,,0.0,False
120.811,597,slm,TOWNSIM_CALIB_0,0,reactive,MANTENER_RUMBO,3,154.05628721104833,False,-145.32728576660156,-70.45072937011719,-29.881147384643555,,,,150.67,False,,,"{""telemetry"": 1.0, ""graph"": 73.5}",False,,,,,0.0,,0.0,False,0.0,,0.0,False,0.0,,0.0,False
121.013,598,slm,TOWNSIM_CALIB_0,0,reactive,MANTENER_RUMBO,3,154.06256585568985,False,-145.37261962890625,-70.45726776123047,-29.87204933166504,,,,147.2,False,,,"{""telemetry"": 1.5, ""graph"": 74.0}",False,,,,,0.0,,0.0,False,0.0,,0.0,False,0.0,,0.0,False
121.22,599,slm,TOWNSIM_CALIB_0,0,reactive,MANTENER_RUMBO,3,154.067586173674,False,-145.40457153320312,-70.46231079101562,-29.864402770996094,,,,144.13,False,,,"{""telemetry"": 1.5, ""graph"": 80.1}",False,,,,,0.0,,0.0,False,0.0,,0.0,False,0.0,,0.0,False
121.426,600,slm,TOWNSIM_CALIB_0,0,reactive,MANTENER_RUMBO,3,154.07162972083893,False,-145.4286651611328,-70.46647644042969,-29.857637405395508,,,,141.16,False,,,"{""telemetry"": 2.0, ""graph"": 83.7}",False,,,,,0.0,,0.0,False,0.0,,0.0,False,0.0,,0.0,False
121.627,601,slm,TOWNSIM_CALIB_0,0,reactive,MANTENER_RUMBO,3,154.0748290169228,False,-145.44554138183594,-70.4697265625,-29.852237701416016,,,,138.29,False,,,"{""telemetry"": 1.0, ""graph"": 85.0}",False,,,,,0.0,,0.0,False,0.0,,0.0,False,0.0,,0.0,False
121.835,602,slm,TOWNSIM_CALIB_0,0,reactive,MANTENER_RUMBO,3,154.07744041027036,False,-145.45770263671875,-70.47230529785156,-29.848108291625977,,,,135.1,False,,,"{""telemetry"": 1.0, ""graph"": 90.0}",False,,,,,0.0,,0.0,False,0.0,,0.0,False,0.0,,0.0,False
122.019,603,slm,TOWNSIM_CALIB_0,0,reactive,MANTENER_RUMBO,3,154.07954985544836,False,-145.4655303955078,-70.47416687011719,-29.8454647064209,,,,132.17,False,,,"{""telemetry"": 1.0, ""graph"": 73.0}",False,,,,,0.0,,0.0,False,0.0,,0.0,False,0.0,,0.0,False
122.225,604,slm,TOWNSIM_CALIB_0,0,reactive,MANTENER_RUMBO,3,154.08150144095342,False,-145.47174072265625,-70.47607421875,-29.84247398376465,,,,129.14,False,,,"{""telemetry"": 1.0, ""graph"": 77.5}",False,,,,,0.0,,0.0,False,0.0,,0.0,False,0.0,,0.0,False
122.459,605,slm,TOWNSIM_CALIB_0,0,reactive,MANTENER_RUMBO,3,154.0831090659642,False,-145.4767303466797,-70.47772979736328,-29.838504791259766,,,,125.9,False,,,"{""telemetry"": 1.5, ""graph"": 94.5}",False,,,,,0.0,,0.0,False,0.0,,0.0,False,0.0,,0.0,False
122.646,606,slm,TOWNSIM_CALIB_0,0,reactive,MANTENER_RUMBO,3,154.07918922430173,False,-145.48658752441406,-70.46920776367188,-29.82872200012207,,,,123.65,False,,,"{""telemetry"": 1.3, ""graph"": 80.0}",False,,,,,0.0,,0.0,False,0.0,,0.0,False,0.0,,0.0,False
122.871,607,slm,TOWNSIM_CALIB_0,0,reactive,MANTENER_RUMBO,3,154.05133472129236,False,-145.51966857910156,-70.42719268798828,-29.824840545654297,,,,121.3,False,,,"{""telemetry"": 2.2, ""graph"": 103.5}",False,,,,,0.0,,0.0,False,0.0,,0.0,False,0.0,,0.0,False
123.108,608,slm,TOWNSIM_CALIB_0,0,reactive,MANTENER_RUMBO,3,153.9901760071946,False,-145.56741333007812,-70.35978698730469,-29.82936668395996,,,,119.5,False,,,"{""telemetry"": 1.5, ""graph"": 139.4}",False,,,,,0.0,,0.0,False,0.0,,0.0,False,0.0,,0.0,False
123.262,609,slm,TOWNSIM_CALIB_0,0,reactive,MANTENER_RUMBO,3,153.89021956479544,False,-145.64688110351562,-70.23914337158203,-29.850900650024414,,,,117.37,False,,,"{""telemetry"": 1.0, ""graph"": 91.7}",False,,,,,0.0,,0.0,False,0.0,,0.0,False,0.0,,0.0,False
123.454,610,slm,TOWNSIM_CALIB_0,0,reactive,MANTENER_RUMBO,3,153.73596678084596,False,-145.74444580078125,-70.0811538696289,-29.876848220825195,,,,115.29,False,,,"{""telemetry"": 1.0, ""graph"": 82.0}",False,,,,,0.0,,0.0,False,0.0,,0.0,False,0.0,,0.0,False
123.654,611,slm,TOWNSIM_CALIB_0,0,reactive,MANTENER_RUMBO,3,153.52658670303947,False,-145.8758087158203,-69.85823059082031,-29.882600784301758,,,,113.16,False,,,"{""telemetry"": 1.0, ""graph"": 80.0}",False,,,,,0.0,,0.0,False,0.0,,0.0,False,0.0,,0.0,False
123.864,612,slm,TOWNSIM_CALIB_0,0,reactive,MANTENER_RUMBO,3,153.28498077106042,False,-146.02320861816406,-69.59555053710938,-29.88243293762207,,,,111.15,False,,,"{""telemetry"": 1.0, ""graph"": 88.5}",False,,,,,0.0,,0.0,False,0.0,,0.0,False,0.0,,0.0,False
124.092,613,slm,TOWNSIM_CALIB_0,0,reactive,MANTENER_RUMBO,3,153.00459012431318,False,-146.19613647460938,-69.2644271850586,-29.89160919189453,,,,108.79,False,,,"{""telemetry"": 0.5, ""graph"": 116.0}",False,,,,,0.0,,0.0,False,0.0,,0.0,False,0.0,,0.0,False
124.344,614,slm,TOWNSIM_CALIB_0,0,reactive,MANTENER_RUMBO,3,152.6587892752869,False,-146.35374450683594,-68.947021484375,-29.884679794311523,,,,106.89,False,,,"{""telemetry"": 1.5, ""graph"": 150.1}",False,,,,,0.0,,0.0,False,0.0,,0.0,False,0.0,,0.0,False
124.552,615,slm,TOWNSIM_CALIB_0,0,reactive,MANTENER_RUMBO,3,152.31581416776206,False,-146.51992797851562,-68.5927505493164,-29.87388038635254,,,,105.09,False,,,"{""telemetry"": 1.0, ""graph"": 156.5}",False,,,,,0.0,,0.0,False,0.0,,0.0,False,0.0,,0.0,False
124.746,616,slm,TOWNSIM_CALIB_0,0,reactive,MANTENER_RUMBO,3,151.94874041186995,False,-146.66494750976562,-68.25666809082031,-29.87107276916504,,,,103.38,False,,,"{""telemetry"": 1.5, ""graph"": 148.6}",False,,,,,0.0,,0.0,False,0.0,,0.0,False,0.0,,0.0,False
124.879,617,slm,TOWNSIM_CALIB_0,0,reactive,MANTENER_RUMBO,3,151.5592400514677,False,-146.8306427001953,-67.84235382080078,-29.86814308166504,,,,101.38,False,,,"{""telemetry"": 1.0, ""graph"": 80.5}",False,,,,,0.0,,0.0,False,0.0,,0.0,False,0.0,,0.0,False
125.098,618,slm,TOWNSIM_CALIB_0,0,reactive,MANTENER_RUMBO,3,151.13910089332856,False,-147.00302124023438,-67.38331604003906,-29.864166259765625,,,,99.27,False,,,"{""telemetry"": 2.5, ""graph"": 96.5}",False,,,,,0.0,,0.0,False,0.0,,0.0,False,0.0,,0.0,False
125.363,619,slm,TOWNSIM_CALIB_0,0,reactive,MANTENER_RUMBO,3,150.6926880972019,False,-147.1614532470703,-66.94081115722656,-29.85353660583496,,,,97.48,False,,,"{""telemetry"": 2.0, ""graph"": 159.6}",False,,,,,0.0,,0.0,False,0.0,,0.0,False,0.0,,0.0,False
125.553,620,slm,TOWNSIM_CALIB_0,0,reactive,MANTENER_RUMBO,3,150.26071297434515,False,-147.29971313476562,-66.52845764160156,-29.839466094970703,,,,96.1,False,,,"{""telemetry"": 1.5, ""graph"": 148.7}",False,,,,,0.0,,0.0,False,0.0,,0.0,False,0.0,,0.0,False
125.77,621,slm,TOWNSIM_CALIB_0,0,reactive,MANTENER_RUMBO,3,149.8224914220898,False,-147.42799377441406,-66.09198760986328,-29.831457138061523,,,,94.52,False,,,"{""telemetry"": 1.0, ""graph"": 165.0}",False,,,,,0.0,,0.003,False,0.0,,0.003,False,0.0,,0.003,False
125.966,622,slm,TOWNSIM_CALIB_0,0,reactive,MANTENER_RUMBO,3,149.36797505512243,False,-147.5487518310547,-65.61786651611328,-29.825153350830078,,,,92.79,False,,,"{""telemetry"": 1.0, ""graph"": 159.5}",False,,,,,0.0,,0.105,False,0.0,,0.105,False,0.0,,0.105,False
126.177,623,slm,TOWNSIM_CALIB_0,0,evasive,EVADIR_DERECHA,3,148.89001610324388,False,-147.66012573242188,-65.11998748779297,-29.81922721862793,,,,91.02,False,,,"{""telemetry"": 1.0, ""graph"": 169.5}",False,,,,,0.011,3.77,0.163,False,0.009,4.62,0.163,False,0.008,13.35,0.163,False
126.389,624,slm,TOWNSIM_CALIB_0,0,reactive,MANTENER_RUMBO,3,148.39815773979095,False,-147.76144409179688,-64.6162338256836,-29.8131160736084,,,,89.34,False,,,"{""telemetry"": 1.5, ""graph"": 179.6}",False,,,,,0.0,,0.019,False,0.0,,0.019,False,0.0,,0.019,False
126.562,625,slm,TOWNSIM_CALIB_0,0,reactive,MANTENER_RUMBO,3,147.91189486277352,False,-147.84707641601562,-64.14525604248047,-29.818510055541992,,,,89.62,False,,,"{""telemetry"": 1.5, ""graph"": 150.0}",False,,,,,0.0,,0.0,False,0.0,,0.0,False,0.0,,0.0,False
126.76,626,slm,TOWNSIM_CALIB_0,0,reactive,MANTENER_RUMBO,3,147.44300943361782,False,-147.9175262451172,-63.68567657470703,-29.816204071044922,,,,89.68,False,,,"{""telemetry"": 1.0, ""graph"": 148.0}",False,,,,,0.0,,0.0,False,0.0,,0.0,False,0.0,,0.0,False
126.956,627,slm,TOWNSIM_CALIB_0,0,reactive,MANTENER_RUMBO,3,146.9734387405765,False,-147.97080993652344,-63.21861267089844,-29.817739486694336,,,,88.88,False,,,"{""telemetry"": 2.0, ""graph"": 140.7}",False,,,,,0.0,,0.0,False,0.0,,0.0,False,0.0,,0.0,False
127.181,628,slm,TOWNSIM_CALIB_0,0,reactive,MANTENER_RUMBO,3,146.4890199036598,False,-148.0102996826172,-62.728694915771484,-29.81962776184082,,,,87.71,False,,,"{""telemetry"": 1.0, ""graph"": 164.0}",False,,,,,0.0,,0.144,False,0.0,,0.144,False,0.0,,0.144,False
127.388,629,slm,TOWNSIM_CALIB_0,0,evasive,EVADIR_DERECHA,3,145.98858267038685,False,-148.03758239746094,-62.23868942260742,-29.820419311523438,,,,86.43,False,,,"{""telemetry"": 2.0, ""graph"": 169.7}",False,,,,,0.011,3.29,0.328,False,0.009,5.02,0.328,False,0.008,14.93,0.328,False
127.576,630,slm,TOWNSIM_CALIB_0,0,reactive,MANTENER_RUMBO,3,145.47449313782684,False,-148.05685424804688,-61.728973388671875,-29.819774627685547,,,,85.08,False,,,"{""telemetry"": 1.5, ""graph"": 156.0}",False,,,,,0.0,,0.061,False,0.0,,0.061,False,0.0,,0.061,False
127.757,631,slm,TOWNSIM_CALIB_0,0,reactive,MANTENER_RUMBO,3,144.95963376123487,False,-148.0688934326172,-61.221195220947266,-29.828699111938477,,,,85.41,False,,,"{""telemetry"": 1.0, ""graph"": 136.1}",False,,,,,0.0,,0.0,False,0.0,,0.0,False,0.0,,0.0,False
127.975,632,slm,TOWNSIM_CALIB_0,0,reactive,MANTENER_RUMBO,3,144.47994864187262,False,-148.07244873046875,-60.70867919921875,-29.82722282409668,,,,85.69,False,,,"{""telemetry"": 1.0, ""graph"": 152.0}",False,,,,,0.0,,0.0,False,0.0,,0.0,False,0.0,,0.0,False
128.161,633,slm,TOWNSIM_CALIB_0,0,reactive,MANTENER_RUMBO,3,143.9946637581665,False,-148.06552124023438,-60.249122619628906,-29.829158782958984,,,,85.17,False,,,"{""telemetry"": 1.9, ""graph"": 137.0}",False,,,,,0.0,,0.0,False,0.0,,0.0,False,0.0,,0.0,False
128.396,634,slm,TOWNSIM_CALIB_0,0,reactive,MANTENER_RUMBO,3,143.49585251495697,False,-148.04879760742188,-59.74602127075195,-29.831945419311523,,,,84.3,False,,,"{""telemetry"": 1.7, ""graph"": 170.1}",False,,,,,0.0,,0.079,False,0.0,,0.079,False,0.0,,0.079,False
128.585,635,slm,TOWNSIM_CALIB_0,0,reactive,MANTENER_RUMBO,3,142.9817659728979,False,-148.0242462158203,-59.228118896484375,-29.833799362182617,,,,83.28,False,,,"{""telemetry"": 1.5, ""graph"": 158.0}",False,,,,,0.0,,0.075,False,0.0,,0.075,False,0.0,,0.075,False
128.773,636,slm,TOWNSIM_CALIB_0,0,reactive,MANTENER_RUMBO,3,142.4624631688292,False,-147.99472045898438,-58.71385955810547,-29.83467674255371,,,,82.23,False,,,"{""telemetry"": 1.5, ""graph"": 144.5}",False,,,,,0.0,,0.0,False,0.0,,0.0,False,0.0,,0.0,False
128.992,637,slm,TOWNSIM_CALIB_0,0,reactive,MANTENER_RUMBO,3,141.9249492432111,False,-147.96038818359375,-58.182464599609375,-29.83359718322754,,,,81.14,False,,,"{""telemetry"": 1.0, ""graph"": 162.5}",False,,,,,0.0,,0.033,False,0.0,,0.033,False,0.0,,0.033,False
129.216,638,slm,TOWNSIM_CALIB_0,0,evasive,EVADIR_DERECHA,3,141.38915333905737,False,-147.9149932861328,-57.57221221923828,-29.816848754882812,,,,80.02,False,,,"{""telemetry"": 1.0, ""graph"": 185.1}",False,,,,,0.009,15.55,0.299,False,0.009,6.72,0.299,False,0.008,3.89,0.299,False
129.426,639,slm,TOWNSIM_CALIB_0,0,reactive,MANTENER_RUMBO,3,140.84003214954916,False,-147.86614990234375,-57.029911041259766,-29.80353355407715,,,,79.14,False,,,"{""telemetry"": 1.0, ""graph"": 193.1}",False,,,,,0.0,,0.059,False,0.0,,0.059,False,0.0,,0.059,False
129.593,640,slm,TOWNSIM_CALIB_0,0,reactive,MANTENER_RUMBO,3,140.2963847306213,False,-147.81210327148438,-56.50736999511719,-29.807979583740234,,,,79.87,False,,,"{""telemetry"": 2.5, ""graph"": 157.0}",False,,,,,0.0,,0.0,False,0.0,,0.0,False,0.0,,0.0,False
129.804,641,slm,TOWNSIM_CALIB_0,0,reactive,MANTENER_RUMBO,3,139.7943101081957,False,-147.75221252441406,-55.996124267578125,-29.79787254333496,,,,80.35,False,,,"{""telemetry"": 1.0, ""graph"": 168.5}",False,,,,,0.0,,0.0,False,0.0,,0.0,False,0.0,,0.0,False
129.997,642,slm,TOWNSIM_CALIB_0,0,reactive,MANTENER_RUMBO,3,139.29063638844843,False,-147.6865234375,-55.505008697509766,-29.792776107788086,,,,80.16,False,,,"{""telemetry"": 1.0, ""graph"": 159.6}",False,,,,,0.0,,0.0,False,0.0,,0.0,False,0.0,,0.0,False
130.214,643,slm,TOWNSIM_CALIB_0,0,reactive,MANTENER_RUMBO,3,138.78438329385904,False,-147.61122131347656,-54.99460220336914,-29.789722442626953,,,,79.69,False,,,"{""telemetry"": 1.5, ""graph"": 174.9}",False,,,,,0.0,,0.043,False,0.0,,0.043,False,0.0,,0.043,False
130.404,644,slm,TOWNSIM_CALIB_0,0,reactive,MANTENER_RUMBO,3,138.25758731851855,False,-147.53517150878906,-54.51188659667969,-29.787240982055664,,,,79.15,False,,,"{""telemetry"": 1.0, ""graph"": 163.9}",False,,,,,0.0,,0.105,False,0.0,,0.105,False,0.0,,0.105,False
130.605,645,slm,TOWNSIM_CALIB_0,0,reactive,MANTENER_RUMBO,3,137.72742360559857,False,-147.44456481933594,-53.96323013305664,-29.784517288208008,,,,78.49,False,,,"{""telemetry"": 1.0, ""graph"": 163.5}",False,,,,,0.0,,0.042,False,0.0,,0.042,False,0.0,,0.042,False
130.829,646,slm,TOWNSIM_CALIB_0,0,reactive,MANTENER_RUMBO,3,137.18013388083773,False,-147.346435546875,-53.3892822265625,-29.7818603515625,,,,77.79,False,,,"{""telemetry"": 1.5, ""graph"": 185.1}",False,,,,,0.0,,0.04,False,0.0,,0.04,False,0.0,,0.04,False
131.042,647,slm,TOWNSIM_CALIB_0,0,reactive,MANTENER_RUMBO,3,136.63411795734362,False,-147.24351501464844,-52.8082275390625,-29.779685974121094,,,,77.18,False,,,"{""telemetry"": 1.5, ""graph"": 197.6}",False,,,,,0.009,17.97,0.45,False,0.01,7.44,0.45,False,0.008,11.13,0.45,False
131.22,648,slm,TOWNSIM_CALIB_0,0,reactive,MANTENER_RUMBO,3,136.07434991425976,False,-147.1510009765625,-52.30575180053711,-29.778038024902344,,,,76.71,False,,,"{""telemetry"": 0.5, ""graph"": 172.6}",False,,,,,0.0,,0.079,False,0.0,,0.079,False,0.0,,0.079,False
131.469,649,slm,TOWNSIM_CALIB_0,0,reactive,MANTENER_RUMBO,3,135.47660794004273,False,-147.0122833251953,-51.580257415771484,-29.77594757080078,,,,76.1,False,,,"{""telemetry"": 1.5, ""graph"": 205.5}",False,,,,,0.0,,0.125,False,0.0,,0.125,False,0.0,,0.125,False
131.658,650,slm,TOWNSIM_CALIB_0,0,reactive,MANTENER_RUMBO,3,134.89240988351435,False,-146.91079711914062,-51.0714111328125,-29.774866104125977,,,,75.82,False,,,"{""telemetry"": 1.0, ""graph"": 185.5}",False,,,,,0.009,20.47,0.248,False,0.009,7.29,0.248,False,0.008,14.12,0.248,False
131.864,651,slm,TOWNSIM_CALIB_0,0,reactive,MANTENER_RUMBO,3,134.297432986499,False,-146.7867431640625,-50.47581481933594,-29.773765563964844,,,,75.59,False,,,"{""telemetry"": 2.0, ""graph"": 181.1}",False,,,,,0.01,7.97,0.182,False,0.01,5.83,0.182,False,0.008,12.83,0.182,False
132.062,652,slm,TOWNSIM_CALIB_0,0,reactive,MANTENER_RUMBO,3,133.73498603812286,False,-146.67425537109375,-49.955543518066406,-29.77284049987793,,,,75.43,False,,,"{""telemetry"": 2.5, ""graph"": 175.4}",False,,,,,0.009,14.54,0.394,False,0.01,12.14,0.394,False,0.008,16.58,0.394,False
132.261,653,slm,TOWNSIM_CALIB_0,0,reactive,MANTENER_RUMBO,3,133.16304837230453,False,-146.54049682617188,-49.35760498046875,-29.77190589904785,,,,75.37,False,,,"{""telemetry"": 1.5, ""graph"": 172.4}",False,,,,,0.009,16.9,0.426,False,0.01,13.24,0.426,False,0.008,12.22,0.426,False
132.471,654,slm,TOWNSIM_CALIB_0,0,reactive,MANTENER_RUMBO,3,132.55649445470456,False,-146.4018096923828,-48.7591552734375,-29.771099090576172,,,,75.39,False,,,"{""telemetry"": 1.0, ""graph"": 168.3}",False,,,,,0.009,15.27,0.252,False,0.01,16.55,0.252,False,0.008,17.3,0.252,False
132.651,655,slm,TOWNSIM_CALIB_0,0,reactive,MANTENER_RUMBO,3,131.99248769171675,False,-146.27552795410156,-48.22889709472656,-29.770389556884766,,,,75.45,False,,,"{""telemetry"": 1.5, ""graph"": 146.0}",False,,,,,0.0,,0.076,False,0.0,,0.076,False,0.0,,0.076,False
132.878,656,slm,TOWNSIM_CALIB_0,0,reactive,MANTENER_RUMBO,3,131.42005777425103,False,-146.12991333007812,-47.63022232055664,-29.769588470458984,,,,75.65,False,,,"{""telemetry"": 1.5, ""graph"": 172.0}",False,,,,,0.008,9.48,0.184,False,0.011,8.72,0.184,False,0.009,13.0,0.184,False
133.079,657,slm,TOWNSIM_CALIB_0,0,reactive,MANTENER_RUMBO,3,130.84796985402036,False,-145.9839324951172,-47.040435791015625,-29.768798828125,,,,75.95,False,,,"{""telemetry"": 1.0, ""graph"": 172.0}",False,,,,,0.0,,0.01,False,0.0,,0.01,False,0.0,,0.01,False
133.254,658,slm,TOWNSIM_CALIB_0,0,reactive,MANTENER_RUMBO,3,130.2764278225062,False,-145.85328674316406,-46.519317626953125,-29.76810073852539,,,,76.26,False,,,"{""telemetry"": 1.0, ""graph"": 145.6}",False,,,,,0.0,,0.008,False,0.0,,0.008,False,0.0,,0.008,False
133.479,659,slm,TOWNSIM_CALIB_0,0,reactive,MANTENER_RUMBO,3,129.71394359018188,False,-145.7026824951172,-45.921749114990234,-29.76729965209961,,,,76.73,False,,,"{""telemetry"": 1.0, ""graph"": 168.5}",False,,,,,0.009,11.4,0.281,False,0.01,14.48,0.281,False,0.01,15.18,0.281,False
133.664,660,slm,TOWNSIM_CALIB_0,0,reactive,MANTENER_RUMBO,3,129.15219333344245,False,-145.55020141601562,-45.31632614135742,-29.76648712158203,,,,77.31,False,,,"{""telemetry"": 2.0, ""graph"": 150.5}",False,,,,,0.0,,0.0,False,0.0,,0.0,False,0.0,,0.0,False
133.856,661,slm,TOWNSIM_CALIB_0,0,reactive,MANTENER_RUMBO,3,128.58266693396735,False,-145.41989135742188,-44.79666519165039,-29.7658634185791,,,,77.83,False,,,"{""telemetry"": 1.5, ""graph"": 142.1}",False,,,,,0.0,,0.002,False,0.0,,0.002,False,0.0,,0.002,False
134.059,662,slm,TOWNSIM_CALIB_0,0,reactive,MANTENER_RUMBO,3,128.0222857788407,False,-145.2689208984375,-44.19228744506836,-29.765186309814453,,,,78.47,False,,,"{""telemetry"": 1.0, ""graph"": 144.0}",False,,,,,0.0,,0.0,False,0.0,,0.0,False,0.0,,0.0,False
134.282,663,slm,TOWNSIM_CALIB_0,0,reactive,MANTENER_RUMBO,3,127.45400111645783,False,-145.13888549804688,-43.66495895385742,-29.764680862426758,,,,79.14,False,,,"{""telemetry"": 1.0, ""graph"": 165.4}",False,,,,,0.008,6.83,0.255,False,0.01,12.97,0.255,False,0.01,14.63,0.255,False
134.493,664,slm,TOWNSIM_CALIB_0,0,reactive,MANTENER_RUMBO,3,126.88639026993452,False,-144.990234375,-43.044673919677734,-29.764123916625977,,,,80.0,False,,,"{""telemetry"": 5.0, ""graph"": 170.1}",False,,,,,0.0,,0.043,False,0.0,,0.043,False,0.0,,0.043,False
134.663,665,slm,TOWNSIM_CALIB_0,0,reactive,MANTENER_RUMBO,3,126.32784948444606,False,-144.87551879882812,-42.55226516723633,-29.763681411743164,,,,80.72,False,,,"{""telemetry"": 1.5, ""graph"": 142.0}",False,,,,,0.0,,0.003,False,0.0,,0.003,False,0.0,,0.003,False
134.889,666,slm,TOWNSIM_CALIB_0,0,reactive,MANTENER_RUMBO,3,125.76138350803639,False,-144.73851013183594,-41.94985580444336,-29.763139724731445,,,,81.61,False,,,"{""telemetry"": 1.0, ""graph"": 168.0}",False,,,,,0.0,,0.0,False,0.0,,0.0,False,0.0,,0.0,False
135.072,667,slm,TOWNSIM_CALIB_0,0,reactive,MANTENER_RUMBO,3,125.20377947200984,False,-144.6231689453125,-41.43257141113281,-29.76267433166504,,,,82.39,False,,,"{""telemetry"": 1.5, ""graph"": 149.2}",False,,,,,0.008,16.25,0.299,False,0.009,17.73,0.283,False,0.009,15.58,0.3,False
135.294,668,slm,TOWNSIM_CALIB_0,0,reactive,MANTENER_RUMBO,3,124.63808465196786,False,-144.49098205566406,-40.83087158203125,-29.759801864624023,,,,83.29,False,,,"{""telemetry"": 2.5, ""graph"": 168.7}",False,,,,,0.0,,0.073,False,0.0,,0.073,False,0.0,,0.073,False
135.512,669,slm,TOWNSIM_CALIB_0,0,reactive,MANTENER_RUMBO,3,124.07396451342956,False,-144.36277770996094,-40.22288513183594,-29.742820739746094,,,,84.31,False,,,"{""telemetry"": 1.0, ""graph"": 186.1}",False,,,,,0.0,,0.035,False,0.0,,0.035,False,0.0,,0.035,False
135.68,670,slm,TOWNSIM_CALIB_0,0,reactive,MANTENER_RUMBO,3,123.51118058272972,False,-144.26730346679688,-39.73369598388672,-29.73103904724121,,,,85.18,False,,,"{""telemetry"": 1.0, ""graph"": 153.0}",False,,,,,0.0,,0.002,False,0.0,,0.002,False,0.0,,0.002,False
135.896,671,slm,TOWNSIM_CALIB_0,0,reactive,MANTENER_RUMBO,3,122.94825081246526,False,-144.16111755371094,-39.14300537109375,-29.71933364868164,,,,86.28,False,,,"{""telemetry"": 2.5, ""graph"": 166.1}",False,,,,,0.0,,0.023,False,0.0,,0.023,False,0.0,,0.023,False
136.108,672,slm,TOWNSIM_CALIB_0,0,reactive,MANTENER_RUMBO,3,122.39319207564826,False,-144.05914306640625,-38.52645492553711,-29.709415435791016,,,,87.44,False,,,"{""telemetry"": 1.0, ""graph"": 177.9}",False,,,,,0.0,,0.088,False,0.0,,0.088,False,0.0,,0.088,False
136.294,673,slm,TOWNSIM_CALIB_0,0,reactive,MANTENER_RUMBO,3,121.82920634896743,False,-143.98049926757812,-38.01932144165039,-29.702688217163086,,,,88.41,False,,,"{""telemetry"": 1.0, ""graph"": 162.1}",False,,,,,0.009,18.03,0.3,False,0.009,17.13,0.297,False,0.01,15.02,0.3,False
136.468,674,slm,TOWNSIM_CALIB_0,0,reactive,MANTENER_RUMBO,3,121.26480713195684,False,-143.90054321289062,-37.47800064086914,-29.696680068969727,,,,89.43,False,,,"{""telemetry"": 1.5, ""graph"": 133.7}",False,,,,,0.0,,0.0,False,0.0,,0.0,False,0.0,,0.0,False
136.695,675,slm,TOWNSIM_CALIB_0,0,reactive,MANTENER_RUMBO,3,120.70847784998843,False,-143.81900024414062,-36.90302276611328,-29.68978500366211,,,,90.51,False,,,"{""telemetry"": 1.0, ""graph"": 160.5}",False,,,,,0.0,,0.016,False,0.0,,0.016,False,0.0,,0.016,False
136.9,676,slm,TOWNSIM_CALIB_0,0,reactive,MANTENER_RUMBO,3,120.14853539936618,False,-143.74578857421875,-36.33485412597656,-29.69397735595703,,,,91.52,False,,,"{""telemetry"": 1.5, ""graph"": 163.0}",False,,,,,0.0,,0.124,False,0.0,,0.124,False,0.0,,0.124,False
137.09,677,slm,TOWNSIM_CALIB_0,0,reactive,MANTENER_RUMBO,3,119.59205957902289,False,-143.6869659423828,-35.768096923828125,-29.704734802246094,,,,92.58,False,,,"{""telemetry"": 1.0, ""graph"": 151.0}",False,,,,,0.0,,0.0,False,0.0,,0.0,False,0.0,,0.0,False
137.326,678,slm,TOWNSIM_CALIB_0,0,reactive,MANTENER_RUMBO,3,119.04220910597112,False,-143.6407928466797,-35.18256378173828,-29.715078353881836,,,,93.7,False,,,"{""telemetry"": 0.5, ""graph"": 187.3}",False,,,,,0.0,,0.105,False,0.0,,0.105,False,0.0,,0.105,False
137.505,679,slm,TOWNSIM_CALIB_0,0,reactive,MANTENER_RUMBO,3,118.48141809058887,False,-143.61111450195312,-34.653297424316406,-29.709848403930664,,,,94.68,False,,,"{""telemetry"": 1.0, ""graph"": 164.5}",False,,,,,0.0,,0.017,False,0.0,,0.017,False,0.0,,0.017,False
137.709,680,slm,TOWNSIM_CALIB_0,0,reactive,MANTENER_RUMBO,3,117.91772389576764,False,-143.59317016601562,-34.0964241027832,-29.704078674316406,,,,95.69,False,,,"{""telemetry"": 2.5, ""graph"": 164.5}",False,,,,,0.007,19.96,0.156,False,0.009,10.99,0.156,False,0.01,14.89,0.156,False
137.9,681,slm,TOWNSIM_CALIB_0,0,reactive,MANTENER_RUMBO,3,117.35141408086685,False,-143.58689880371094,-33.53749465942383,-29.698999404907227,,,,96.69,False,,,"{""telemetry"": 1.5, ""graph"": 155.3}",False,,,,,0.008,18.89,0.167,False,0.01,8.14,0.167,False,0.011,11.52,0.167,False
138.138,682,slm,TOWNSIM_CALIB_0,0,reactive,MANTENER_RUMBO,3,116.7490293091398,False,-143.59091186523438,-32.900394439697266,-29.6939697265625,,,,97.83,False,,,"{""telemetry"": 1.0, ""graph"": 176.5}",False,,,,,0.008,20.55,0.16,False,0.009,9.28,0.16,False,0.01,12.5,0.16,False
138.338,683,slm,TOWNSIM_CALIB_0,0,reactive,MANTENER_RUMBO,3,116.17896856934114,False,-143.60174560546875,-32.34696960449219,-29.692428588867188,,,,98.8,False,,,"{""telemetry"": 1.0, ""graph"": 175.6}",False,,,,,0.0,,0.13,False,0.0,,0.13,False,0.0,,0.13,False
138.531,684,slm,TOWNSIM_CALIB_0,0,reactive,MANTENER_RUMBO,3,115.6159656917656,False,-143.62173461914062,-31.78384017944336,-29.71104621887207,,,,99.68,False,,,"{""telemetry"": 1.0, ""graph"": 167.5}",False,,,,,0.0,,0.026,False,0.0,,0.026,False,0.0,,0.026,False
138.708,685,slm,TOWNSIM_CALIB_0,0,reactive,MANTENER_RUMBO,3,115.04294082673272,False,-143.65289306640625,-31.236774444580078,-29.730060577392578,,,,100.46,False,,,"{""telemetry"": 1.5, ""graph"": 142.5}",False,,,,,0.0,,0.043,False,0.0,,0.043,False,0.0,,0.043,False
138.916,686,slm,TOWNSIM_CALIB_0,0,reactive,MANTENER_RUMBO,3,114.47730861264559,False,-143.69786071777344,-30.66326904296875,-29.73175048828125,,,,101.19,False,,,"{""telemetry"": 1.0, ""graph"": 149.5}",False,,,,,0.0,,0.004,False,0.0,,0.004,False,0.0,,0.004,False
139.158,687,slm,TOWNSIM_CALIB_0,0,reactive,MANTENER_RUMBO,3,113.90198175904457,False,-143.7615509033203,-30.037508010864258,-29.730955123901367,,,,101.92,False,,,"{""telemetry"": 1.0, ""graph"": 188.5}",False,,,,,0.0,,0.146,False,0.0,,0.146,False,0.0,,0.146,False
139.342,688,slm,TOWNSIM_CALIB_0,0,reactive,MANTENER_RUMBO,3,113.28262408713103,False,-143.8280029296875,-29.4882755279541,-29.730026245117188,,,,102.53,False,,,"{""telemetry"": 1.5, ""graph"": 155.6}",False,,,,,0.009,18.99,0.179,False,0.01,10.33,0.179,False,0.01,10.84,0.179,False
139.553,689,slm,TOWNSIM_CALIB_0,0,reactive,MANTENER_RUMBO,3,112.70551285286166,False,-143.9123077392578,-28.87849235534668,-29.729530334472656,,,,103.1,False,,,"{""telemetry"": 1.5, ""graph"": 164.1}",False,,,,,0.0,,0.007,False,0.0,,0.007,False,0.0,,0.007,False
139.739,690,slm,TOWNSIM_CALIB_0,0,reactive,MANTENER_RUMBO,3,112.13647296958638,False,-143.9993896484375,-28.31995964050293,-29.72909164428711,,,,103.55,False,,,"{""telemetry"": 1.5, ""graph"": 149.9}",False,,,,,0.0,,0.104,False,0.0,,0.104,False,0.0,,0.104,False
139.96,691,slm,TOWNSIM_CALIB_0,0,reactive,MANTENER_RUMBO,3,111.54979018712844,False,-144.10226440429688,-27.718271255493164,-29.728456497192383,,,,103.99,False,,,"{""telemetry"": 1.5, ""graph"": 168.5}",False,,,,,0.0,,0.14,False,0.0,,0.14,False,0.0,,0.14,False
140.151,692,slm,TOWNSIM_CALIB_0,0,reactive,MANTENER_RUMBO,3,110.98013291135977,False,-144.2005157470703,-27.185293197631836,-29.728090286254883,,,,104.26,False,,,"{""telemetry"": 1.5, ""graph"": 158.4}",False,,,,,0.0,,0.011,False,0.0,,0.011,False,0.0,,0.011,False
140.366,693,slm,TOWNSIM_CALIB_0,0,reactive,MANTENER_RUMBO,3,110.39318323573835,False,-144.32473754882812,-26.55788803100586,-29.727624893188477,,,,104.47,False,,,"{""telemetry"": 2.0, ""graph"": 171.2}",False,,,,,0.0,,0.103,False,0.0,,0.103,False,0.0,,0.103,False
140.551,694,slm,TOWNSIM_CALIB_0,0,reactive,MANTENER_RUMBO,3,109.81493720086235,False,-144.43272399902344,-26.042343139648438,-29.727134704589844,,,,104.61,False,,,"{""telemetry"": 2.0, ""graph"": 154.7}",False,,,,,0.0,,0.086,False,0.0,,0.086,False,0.0,,0.086,False
140.757,695,slm,TOWNSIM_CALIB_0,0,reactive,MANTENER_RUMBO,3,109.24544981333388,False,-144.56593322753906,-25.43242645263672,-29.726457595825195,,,,104.76,False,,,"{""telemetry"": 1.0, ""graph"": 160.9}",False,,,,,0.0,,0.069,False,0.0,,0.069,False,0.0,,0.069,False
140.947,696,slm,TOWNSIM_CALIB_0,0,reactive,MANTENER_RUMBO,3,108.66754730715942,False,-144.6923370361328,-24.874300003051758,-29.7259464263916,,,,104.78,False,,,"{""telemetry"": 1.0, ""graph"": 148.8}",False,,,,,0.008,21.31,0.193,False,0.008,20.01,0.193,False,0.007,19.92,0.193,False
141.159,697,slm,TOWNSIM_CALIB_0,0,reactive,MANTENER_RUMBO,3,108.09009716264485,False,-144.82498168945312,-24.30801773071289,-29.725418090820312,,,,104.74,False,,,"{""telemetry"": 1.0, ""graph"": 160.0}",False,,,,,0.0,,0.002,False,0.0,,0.002,False,0.0,,0.002,False
141.359,698,slm,TOWNSIM_CALIB_0,0,reactive,MANTENER_RUMBO,3,107.51318122461235,False,-144.96966552734375,-23.707897186279297,-29.724750518798828,,,,104.65,False,,,"{""telemetry"": 0.5, ""graph"": 158.6}",False,,,,,0.007,18.75,0.3,False,0.008,16.44,0.3,False,0.008,11.93,0.3,False
141.565,699,slm,TOWNSIM_CALIB_0,0,reactive,MANTENER_RUMBO,3,106.93682675354441,False,-145.11105346679688,-23.134017944335938,-29.724111557006836,,,,104.43,False,,,"{""telemetry"": 2.0, ""graph"": 159.9}",False,,,,,0.008,15.96,0.184,False,0.008,10.75,0.184,False,0.008,8.14,0.184,False
141.762,700,slm,TOWNSIM_CALIB_0,0,reactive,MANTENER_RUMBO,3,106.31829780334915,False,-145.25680541992188,-22.55223274230957,-29.72346305847168,,,,104.12,False,,,"{""telemetry"": 3.0, ""graph"": 140.4}",False,,,,,0.0,,0.053,False,0.0,,0.053,False,0.0,,0.053,False
141.982,701,slm,TOWNSIM_CALIB_0,0,reactive,MANTENER_RUMBO,3,105.75208990650474,False,-145.40615844726562,-21.962692260742188,-29.72056770324707,,,,103.77,False,,,"{""telemetry"": 1.0, ""graph"": 161.3}",False,,,,,0.0,,0.026,False,0.0,,0.026,False,0.0,,0.026,False
142.188,702,slm,TOWNSIM_CALIB_0,0,reactive,MANTENER_RUMBO,3,105.18012658855727,False,-145.55540466308594,-21.376787185668945,-29.70340347290039,,,,103.3,False,,,"{""telemetry"": 1.0, ""graph"": 166.1}",False,,,,,0.0,,0.036,False,0.0,,0.036,False,0.0,,0.033,False
142.375,703,slm,TOWNSIM_CALIB_0,0,reactive,MANTENER_RUMBO,3,104.61094281205253,False,-145.6844940185547,-20.868736267089844,-29.69020652770996,,,,102.82,False,,,"{""telemetry"": 1.5, ""graph"": 150.7}",False,,,,,0.0,,0.001,False,0.0,,0.001,False,0.0,,0.001,False
142.596,704,slm,TOWNSIM_CALIB_0,0,reactive,MANTENER_RUMBO,3,104.04237750436502,False,-145.8447723388672,-20.233797073364258,-29.679462432861328,,,,102.18,False,,,"{""telemetry"": 1.0, ""graph"": 172.0}",False,,,,,0.0,,0.001,False,0.0,,0.001,False,0.0,,0.001,False
142.778,705,slm,TOWNSIM_CALIB_0,0,reactive,MANTENER_RUMBO,3,103.47365596061958,False,-145.97158813476562,-19.725540161132812,-29.689613342285156,,,,101.58,False,,,"{""telemetry"": 1.5, ""graph"": 151.1}",False,,,,,0.008,20.44,0.175,False,0.008,7.76,0.175,False,0.01,12.63,0.175,False
142.969,706,slm,TOWNSIM_CALIB_0,0,reactive,MANTENER_RUMBO,3,102.91334266299137,False,-146.1123809814453,-19.149328231811523,-29.704612731933594,,,,100.85,False,,,"{""telemetry"": 1.0, ""graph"": 140.0}",False,,,,,0.0,,0.035,False,0.0,,0.035,False,0.0,,0.035,False
143.19,707,slm,TOWNSIM_CALIB_0,0,reactive,MANTENER_RUMBO,3,102.34458613533367,False,-146.2500457763672,-18.573251724243164,-29.71708869934082,,,,100.09,False,,,"{""telemetry"": 1.0, ""graph"": 160.5}",False,,,,,0.0,,0.016,False,0.0,,0.016,False,0.0,,0.016,False
143.398,708,slm,TOWNSIM_CALIB_0,0,reactive,MANTENER_RUMBO,3,101.77939505754878,False,-146.3810272216797,-18.0102596282959,-29.701522827148438,,,,99.3,False,,,"{""telemetry"": 1.0, ""graph"": 167.6}",False,,,,,0.0,,0.019,False,0.0,,0.019,False,0.0,,0.019,False
143.57,709,slm,TOWNSIM_CALIB_0,0,reactive,MANTENER_RUMBO,3,101.2175021931818,False,-146.50250244140625,-17.46564483642578,-29.686843872070312,,,,98.48,False,,,"{""telemetry"": 1.0, ""graph"": 138.5}",False,,,,,0.0,,0.0,False,0.0,,0.0,False,0.0,,0.0,False
143.786,710,slm,TOWNSIM_CALIB_0,0,reactive,MANTENER_RUMBO,3,100.65536204987131,False,-146.619140625,-16.9205265045166,-29.67381477355957,,,,97.61,False,,,"{""telemetry"": 1.0, ""graph"": 152.9}",False,,,,,0.009,8.53,0.255,False,0.009,8.06,0.255,False,0.01,13.31,0.255,False
143.988,711,slm,TOWNSIM_CALIB_0,0,reactive,MANTENER_RUMBO,3,100.0976226757804,False,-146.73251342773438,-16.364702224731445,-29.67555809020996,,,,96.76,False,,,"{""telemetry"": 1.5, ""graph"": 151.8}",False,,,,,0.009,15.33,0.408,False,0.01,8.39,0.408,False,0.009,5.3,0.408,False
144.172,712,slm,TOWNSIM_CALIB_0,0,reactive,MANTENER_RUMBO,3,99.54331073727647,False,-146.83822631835938,-15.81024169921875,-29.684995651245117,,,,95.82,False,,,"{""telemetry"": 1.0, ""graph"": 134.7}",False,,,,,0.0,,0.0,False,0.0,,0.0,False,0.0,,0.0,False
144.392,713,slm,TOWNSIM_CALIB_0,0,reactive,MANTENER_RUMBO,3,98.99554534988744,False,-146.93896484375,-15.245128631591797,-29.69709587097168,,,,94.85,False,,,"{""telemetry"": 1.0, ""graph"": 154.3}",False,,,,,0.0,,0.021,False,0.0,,0.021,False,0.0,,0.021,False
144.599,714,slm,TOWNSIM_CALIB_0,0,reactive,MANTENER_RUMBO,3,98.43673122520092,False,-147.035888671875,-14.668695449829102,-29.71126365661621,,,,93.84,False,,,"{""telemetry"": 1.5, ""graph"": 159.3}",False,,,,,0.0,,0.111,False,0.0,,0.111,False,0.0,,0.111,False
144.812,715,slm,TOWNSIM_CALIB_0,0,reactive,MANTENER_RUMBO,3,97.87535098689857,False,-147.13279724121094,-14.064400672912598,-29.724851608276367,,,,92.79,False,,,"{""telemetry"": 2.0, ""graph"": 170.9}",False,,,,,0.009,16.84,0.165,False,0.009,14.34,0.165,False,0.012,14.56,0.165,False
145.014,716,slm,TOWNSIM_CALIB_0,0,reactive,MANTENER_RUMBO,3,97.3203951983595,False,-147.20974731445312,-13.550554275512695,-29.721311569213867,,,,91.89,False,,,"{""telemetry"": 1.0, ""graph"": 172.0}",False,,,,,0.0,,0.019,False,0.0,,0.019,False,0.0,,0.019,False
145.194,717,slm,TOWNSIM_CALIB_0,0,reactive,MANTENER_RUMBO,3,96.75488952938046,False,-147.28274536132812,-13.000981330871582,-29.717117309570312,,,,90.93,False,,,"{""telemetry"": 1.0, ""graph"": 151.5}",False,,,,,0.009,18.71,0.19,False,0.009,17.57,0.19,False,0.009,16.01,0.189,False
145.417,718,slm,TOWNSIM_CALIB_0,0,reactive,MANTENER_RUMBO,3,96.19584394593952,False,-147.35211181640625,-12.398618698120117,-29.713205337524414,,,,89.87,False,,,"{""telemetry"": 1.5, ""graph"": 170.7}",False,,,,,0.0,,0.107,False,0.0,,0.107,False,0.0,,0.107,False
145.615,719,slm,TOWNSIM_CALIB_0,0,reactive,MANTENER_RUMBO,3,95.62670888167646,False,-147.40769958496094,-11.845673561096191,-29.710067749023438,,,,88.91,False,,,"{""telemetry"": 2.0, ""graph"": 167.1}",False,,,,,0.0,,0.127,False,0.0,,0.127,False,0.0,,0.127,False
145.803,720,slm,TOWNSIM_CALIB_0,0,reactive,MANTENER_RUMBO,3,95.05631250145613,False,-147.45669555664062,-11.300174713134766,-29.707351684570312,,,,87.96,False,,,"{""telemetry"": 1.0, ""graph"": 153.6}",False,,,,,0.0,,0.066,False,0.0,,0.066,False,0.0,,0.066,False
146.025,721,slm,TOWNSIM_CALIB_0,0,reactive,MANTENER_RUMBO,3,94.48496056580008,False,-147.50668334960938,-10.685538291931152,-29.704700469970703,,,,86.89,False,,,"{""telemetry"": 1.5, ""graph"": 174.2}",False,,,,,0.0,,0.113,False,0.0,,0.113,False,0.0,,0.113,False
146.212,722,slm,TOWNSIM_CALIB_0,0,reactive,MANTENER_RUMBO,3,93.91288880646334,False,-147.5476531982422,-10.138555526733398,-29.70265769958496,,,,85.94,False,,,"{""telemetry"": 1.5, ""graph"": 161.0}",False,,,,,0.0,,0.021,False,0.0,,0.021,False,0.0,,0.021,False
146.413,723,slm,TOWNSIM_CALIB_0,0,reactive,MANTENER_RUMBO,3,93.34882422676908,False,-147.58619689941406,-9.591117858886719,-29.70092010498047,,,,85.0,False,,,"{""telemetry"": 2.5, ""graph"": 158.6}",False,,,,,0.0,,0.023,False,0.0,,0.023,False,0.0,,0.023,False
146.659,724,slm,TOWNSIM_CALIB_0,0,reactive,MANTENER_RUMBO,3,92.7755901724596,False,-147.626220703125,-8.871445655822754,-29.70161247253418,,,,83.9,False,,,"{""telemetry"": 3.0, ""graph"": 203.0}",False,,,,,0.0,,0.083,False,0.0,,0.083,False,0.0,,0.083,False
146.825,725,slm,TOWNSIM_CALIB_0,0,reactive,MANTENER_RUMBO,3,92.17522215314693,False,-147.63938903808594,-8.424857139587402,-29.702760696411133,,,,83.28,False,,,"{""telemetry"": 1.0, ""graph"": 161.5}",False,,,,,0.008,17.12,0.273,False,0.009,8.42,0.273,False,0.008,17.63,0.273,False
147.04,726,slm,TOWNSIM_CALIB_0,0,reactive,MANTENER_RUMBO,3,91.5818321087455,False,-147.6431121826172,-7.805202960968018,-29.703758239746094,,,,82.44,False,,,"{""telemetry"": 1.5, ""graph"": 166.0}",False,,,,,0.0,,0.133,False,0.0,,0.133,False,0.0,,0.133,False
147.23,727,slm,TOWNSIM_CALIB_0,0,reactive,MANTENER_RUMBO,3,91.004354919925,False,-147.63427734375,-7.2447190284729,-29.703996658325195,,,,81.7,False,,,"{""telemetry"": 1.5, ""graph"": 155.6}",False,,,,,0.01,12.39,0.158,False,0.009,6.56,0.158,False,0.007,20.36,0.158,False
147.448,728,slm,TOWNSIM_CALIB_0,0,reactive,MANTENER_RUMBO,3,90.42588641906116,False,-147.61402893066406,-6.622964382171631,-29.703880310058594,,,,80.89,False,,,"{""telemetry"": 1.0, ""graph"": 170.6}",False,,,,,0.0,,0.139,False,0.0,,0.139,False,0.0,,0.139,False
147.65,729,slm,TOWNSIM_CALIB_0,0,reactive,MANTENER_RUMBO,3,89.84663169388901,False,-147.58580017089844,-6.060993194580078,-29.70478057861328,,,,80.27,False,,,"{""telemetry"": 1.5, ""graph"": 171.5}",False,,,,,0.0,,0.01,False,0.0,,0.01,False,0.0,,0.01,False
147.831,730,slm,TOWNSIM_CALIB_0,0,reactive,MANTENER_RUMBO,3,89.26666922939552,False,-147.5458221435547,-5.498484134674072,-29.70570945739746,,,,79.73,False,,,"{""telemetry"": 1.0, ""graph"": 151.0}",False,,,,,0.0,,0.004,False,0.0,,0.004,False,0.0,,0.004,False
148.054,731,slm,TOWNSIM_CALIB_0,0,reactive,MANTENER_RUMBO,3,88.68613613501975,False,-147.489990234375,-4.8835673332214355,-29.706186294555664,,,,79.17,False,,,"{""telemetry"": 1.5, ""graph"": 172.0}",False,,,,,0.0,,0.108,False,0.0,,0.108,False,0.0,,0.108,False
148.25,732,slm,TOWNSIM_CALIB_0,0,reactive,MANTENER_RUMBO,3,88.10518498685029,False,-147.4288330078125,-4.311617374420166,-29.706249237060547,,,,78.67,False,,,"{""telemetry"": 1.0, ""graph"": 167.6}",False,,,,,0.0,,0.13,False,0.0,,0.13,False,0.0,,0.13,False
148.451,733,slm,TOWNSIM_CALIB_0,0,reactive,MANTENER_RUMBO,3,87.5326396832982,False,-147.36148071289062,-3.756819725036621,-29.706613540649414,,,,78.3,False,,,"{""telemetry"": 1.5, ""graph"": 166.5}",False,,,,,0.0,,0.02,False,0.0,,0.02,False,0.0,,0.02,False
148.649,734,slm,TOWNSIM_CALIB_0,0,reactive,MANTENER_RUMBO,3,86.95132857071646,False,-147.28305053710938,-3.184640884399414,-29.70688819885254,,,,77.99,False,,,"{""telemetry"": 3.0, ""graph"": 161.5}",False,,,,,0.0,,0.059,False,0.0,,0.059,False,0.0,,0.059,False
148.86,735,slm,TOWNSIM_CALIB_0,0,reactive,MANTENER_RUMBO,3,86.37003822076544,False,-147.1898651123047,-2.569127082824707,-29.706886291503906,,,,77.71,False,,,"{""telemetry"": 3.0, ""graph"": 170.6}",False,,,,,0.0,,0.119,False,0.0,,0.119,False,0.0,,0.119,False
149.038,736,slm,TOWNSIM_CALIB_0,0,reactive,MANTENER_RUMBO,3,85.79753441494077,False,-147.0974578857422,-2.0057373046875,-29.706880569458008,,,,77.56,False,,,"{""telemetry"": 1.0, ""graph"": 149.5}",False,,,,,0.0,,0.004,False,0.0,,0.004,False,0.0,,0.004,False
149.235,737,slm,TOWNSIM_CALIB_0,0,reactive,MANTENER_RUMBO,3,85.21663959111932,False,-147.00022888183594,-1.4512301683425903,-29.706722259521484,,,,77.47,False,,,"{""telemetry"": 1.5, ""graph"": 144.1}",False,,,,,0.0,,0.038,False,0.0,,0.038,False,0.0,,0.038,False
149.458,738,slm,TOWNSIM_CALIB_0,0,reactive,MANTENER_RUMBO,3,84.62743405859004,False,-146.88803100585938,-0.8449912071228027,-29.706388473510742,,,,77.41,False,,,"{""telemetry"": 1.5, ""graph"": 165.0}",False,,,,,0.0,,0.066,False,0.0,,0.066,False,0.0,,0.066,False
149.659,739,slm,TOWNSIM_CALIB_0,0,reactive,MANTENER_RUMBO,3,84.055903857553,False,-146.77439880371094,-0.25629299879074097,-29.705974578857422,,,,77.38,False,,,"{""telemetry"": 2.0, ""graph"": 164.6}",False,,,,,0.0,,0.041,False,0.0,,0.041,False,0.0,,0.041,False
149.847,740,slm,TOWNSIM_CALIB_0,0,reactive,MANTENER_RUMBO,3,83.47610460110592,False,-146.66232299804688,0.30613791942596436,-29.70549201965332,,,,77.46,False,,,"{""telemetry"": 1.0, ""graph"": 152.6}",False,,,,,0.0,,0.113,False,0.0,,0.113,False,0.0,,0.113,False
150.048,741,slm,TOWNSIM_CALIB_0,0,reactive,MANTENER_RUMBO,3,82.89691786541917,False,-146.5454559326172,0.8767615556716919,-29.704988479614258,,,,77.63,False,,,"{""telemetry"": 1.5, ""graph"": 151.1}",False,,,,,0.009,11.59,0.3,False,0.009,16.86,0.3,False,0.008,18.15,0.3,False
150.262,742,slm,TOWNSIM_CALIB_0,0,reactive,MANTENER_RUMBO,3,82.31839291015788,False,-146.41693115234375,1.4901127815246582,-29.70444679260254,,,,77.87,False,,,"{""telemetry"": 1.5, ""graph"": 163.6}",False,,,,,0.0,,0.001,False,0.0,,0.001,False,0.0,,0.001,False
150.466,743,slm,TOWNSIM_CALIB_0,0,reactive,MANTENER_RUMBO,3,81.74914409152687,False,-146.2994384765625,2.0425124168395996,-29.703838348388672,,,,78.19,False,,,"{""telemetry"": 1.0, ""graph"": 166.1}",False,,,,,0.009,11.8,0.222,False,0.009,19.69,0.222,False,0.009,18.54,0.222,False
150.649,744,slm,TOWNSIM_CALIB_0,0,reactive,MANTENER_RUMBO,3,81.1720473902736,False,-146.17758178710938,2.6116080284118652,-29.703208923339844,,,,78.58,False,,,"{""telemetry"": 1.5, ""graph"": 147.5}",False,,,,,0.0,,0.021,False,0.0,,0.021,False,0.0,,0.021,False
150.839,745,slm,TOWNSIM_CALIB_0,0,reactive,MANTENER_RUMBO,3,80.59571380028234,False,-146.0575714111328,3.171574592590332,-29.70258903503418,,,,79.0,False,,,"{""telemetry"": 1.5, ""graph"": 136.1}",False,,,,,0.0,,0.001,False,0.0,,0.001,False,0.0,,0.001,False
151.053,746,slm,TOWNSIM_CALIB_0,0,reactive,MANTENER_RUMBO,3,80.02005792821822,False,-145.92758178710938,3.77319073677063,-29.69775390625,,,,79.46,False,,,"{""telemetry"": 1.5, ""graph"": 148.0}",False,,,,,0.0,,0.0,False,0.0,,0.0,False,0.0,,0.0,False
151.257,747,slm,TOWNSIM_CALIB_0,0,reactive,MANTENER_RUMBO,3,79.4537040304089,False,-145.81044006347656,4.319963455200195,-29.68077278137207,,,,79.96,False,,,"{""telemetry"": 1.0, ""graph"": 151.6}",False,,,,,0.0,,0.0,False,0.0,,0.0,False,0.0,,0.0,False
151.458,748,slm,TOWNSIM_CALIB_0,0,reactive,MANTENER_RUMBO,3,78.89574222575685,False,-145.69139099121094,4.887381076812744,-29.6672420501709,,,,80.59,False,,,"{""telemetry"": 1.5, ""graph"": 149.6}",False,,,,,0.0,,0.0,False,0.0,,0.0,False,0.0,,0.0,False
151.662,749,slm,TOWNSIM_CALIB_0,0,reactive,MANTENER_RUMBO,3,78.34735794621861,False,-145.5826416015625,5.420735836029053,-29.671194076538086,,,,81.25,False,,,"{""telemetry"": 1.5, ""graph"": 152.9}",False,,,,,0.0,,0.009,False,0.0,,0.009,False,0.0,,0.009,False
151.889,750,slm,TOWNSIM_CALIB_0,0,reactive,MANTENER_RUMBO,3,77.78970899892202,False,-145.46270751953125,6.03117561340332,-29.681312561035156,,,,82.06,False,,,"{""telemetry"": 1.0, ""graph"": 177.9}",False,,,,,0.007,12.58,0.3,False,0.006,14.12,0.3,False,0.007,19.18,0.3,False
152.057,751,slm,TOWNSIM_CALIB_0,0,reactive,MANTENER_RUMBO,3,77.22118055794346,False,-145.35885620117188,6.577409744262695,-29.692798614501953,,,,82.81,False,,,"{""telemetry"": 1.5, ""graph"": 143.5}",False,,,,,0.0,,0.0,False,0.0,,0.0,False,0.0,,0.0,False
152.279,752,slm,TOWNSIM_CALIB_0,0,reactive,MANTENER_RUMBO,3,76.6669486078296,False,-145.2556915283203,7.134408950805664,-29.706295013427734,,,,83.58,False,,,"{""telemetry"": 1.0, ""graph"": 165.2}",False,,,,,0.007,18.46,0.173,False,0.007,19.88,0.173,False,0.01,15.8,0.173,False
152.477,753,slm,TOWNSIM_CALIB_0,0,reactive,MANTENER_RUMBO,3,76.10232767261267,False,-145.15281677246094,7.701789855957031,-29.719345092773438,,,,84.38,False,,,"{""telemetry"": 1.0, ""graph"": 162.1}",False,,,,,0.006,17.39,0.209,False,0.008,20.19,0.209,False,0.01,14.12,0.209,False
152.683,754,slm,TOWNSIM_CALIB_0,0,reactive,MANTENER_RUMBO,3,75.53632627331316,False,-145.05503845214844,8.262094497680664,-29.714994430541992,,,,85.21,False,,,"{""telemetry"": 1.5, ""graph"": 165.7}",False,,,,,0.0,,0.115,False,0.0,,0.115,False,0.0,,0.115,False
152.876,755,slm,TOWNSIM_CALIB_0,0,reactive,MANTENER_RUMBO,3,74.96899063663855,False,-144.96165466308594,8.84073543548584,-29.70986557006836,,,,86.12,False,,,"{""telemetry"": 0.5, ""graph"": 157.7}",False,,,,,0.0,,0.118,False,0.0,,0.118,False,0.0,,0.118,False
153.081,756,slm,TOWNSIM_CALIB_0,0,reactive,MANTENER_RUMBO,3,74.40895113289731,False,-144.87936401367188,9.394880294799805,-29.705751419067383,,,,87.0,False,,,"{""telemetry"": 2.5, ""graph"": 159.5}",False,,,,,0.0,,0.005,False,0.0,,0.005,False,0.0,,0.005,False
153.291,757,slm,TOWNSIM_CALIB_0,0,reactive,MANTENER_RUMBO,3,73.83099140033127,False,-144.79820251464844,9.983976364135742,-29.702045440673828,,,,87.95,False,,,"{""telemetry"": 3.0, ""graph"": 167.1}",False,,,,,0.0,,0.005,False,0.0,,0.005,False,0.0,,0.005,False
153.489,758,slm,TOWNSIM_CALIB_0,0,reactive,MANTENER_RUMBO,3,73.27784633092718,False,-144.72634887695312,10.539532661437988,-29.699068069458008,,,,88.85,False,,,"{""telemetry"": 1.0, ""graph"": 166.1}",False,,,,,0.0,,0.065,False,0.0,,0.064,False,0.0,,0.065,False
153.684,759,slm,TOWNSIM_CALIB_0,0,reactive,MANTENER_RUMBO,3,72.70716883955777,False,-144.6568145751953,11.10409164428711,-29.696483612060547,,,,89.76,False,,,"{""telemetry"": 2.0, ""graph"": 158.5}",False,,,,,0.007,20.0,0.3,False,0.007,19.46,0.3,False,0.01,12.69,0.3,False
153.871,760,slm,TOWNSIM_CALIB_0,0,reactive,MANTENER_RUMBO,3,72.13610999547842,False,-144.5919189453125,11.651890754699707,-29.6956729888916,,,,90.64,False,,,"{""telemetry"": 1.0, ""graph"": 145.0}",False,,,,,0.0,,0.0,False,0.0,,0.0,False,0.0,,0.0,False
154.104,761,slm,TOWNSIM_CALIB_0,0,reactive,MANTENER_RUMBO,3,71.56445113828934,False,-144.52658081054688,12.260260581970215,-29.716371536254883,,,,91.62,False,,,"{""telemetry"": 0.3, ""graph"": 177.5}",False,,,,,0.0,,0.004,False,0.0,,0.004,False,0.0,,0.004,False
154.261,762,slm,TOWNSIM_CALIB_0,0,reactive,MANTENER_RUMBO,3,71.00028819671769,False,-144.4777374267578,12.82656478881836,-29.736452102661133,,,,92.52,False,,,"{""telemetry"": 0.0, ""graph"": 133.7}",False,,,,,0.0,,0.0,False,0.0,,0.0,False,0.0,,0.0,False
154.496,763,slm,TOWNSIM_CALIB_0,0,reactive,MANTENER_RUMBO,3,70.42661611177402,False,-144.4401397705078,13.410717010498047,-29.738752365112305,,,,93.42,False,,,"{""telemetry"": 1.0, ""graph"": 166.6}",False,,,,,0.0,,0.069,False,0.0,,0.069,False,0.0,,0.069,False
154.698,764,slm,TOWNSIM_CALIB_0,0,reactive,MANTENER_RUMBO,3,69.85181274770461,False,-144.41622924804688,13.98705768585205,-29.73883819580078,,,,94.31,False,,,"{""telemetry"": 1.5, ""graph"": 166.0}",False,,,,,0.008,18.94,0.162,False,0.007,16.11,0.162,False,0.01,9.04,0.162,False
154.901,765,slm,TOWNSIM_CALIB_0,0,reactive,MANTENER_RUMBO,3,69.27593274326532,False,-144.403564453125,14.546821594238281,-29.73849868774414,,,,95.16,False,,,"{""telemetry"": 1.0, ""graph"": 167.9}",False,,,,,0.0,,0.104,False,0.0,,0.104,False,0.0,,0.104,False
155.092,766,slm,TOWNSIM_CALIB_0,0,reactive,MANTENER_RUMBO,3,68.70779537000219,False,-144.39913940429688,15.098450660705566,-29.73792266845703,,,,95.99,False,,,"{""telemetry"": 1.5, ""graph"": 156.5}",False,,,,,0.0,,0.035,False,0.0,,0.035,False,0.0,,0.035,False
155.317,767,slm,TOWNSIM_CALIB_0,0,reactive,MANTENER_RUMBO,3,68.12175651167307,False,-144.40150451660156,15.73672103881836,-29.737077713012695,,,,96.95,False,,,"{""telemetry"": 6.0, ""graph"": 175.4}",False,,,,,0.0,,0.052,False,0.0,,0.052,False,0.0,,0.052,False
155.5,768,slm,TOWNSIM_CALIB_0,0,reactive,MANTENER_RUMBO,3,67.55243939809252,False,-144.408447265625,16.289037704467773,-29.736408233642578,,,,97.78,False,,,"{""telemetry"": 2.0, ""graph"": 160.7}",False,,,,,0.0,,0.058,False,0.0,,0.058,False,0.0,,0.058,False
155.694,769,slm,TOWNSIM_CALIB_0,0,reactive,MANTENER_RUMBO,3,66.97400106572813,False,-144.4215850830078,16.824399948120117,-29.736888885498047,,,,98.49,False,,,"{""telemetry"": 1.0, ""graph"": 154.5}",False,,,,,0.0,,0.032,False,0.0,,0.032,False,0.0,,0.032,False
155.888,770,slm,TOWNSIM_CALIB_0,0,reactive,MANTENER_RUMBO,3,66.40336974149771,False,-144.44985961914062,17.45526885986328,-29.737857818603516,,,,99.24,False,,,"{""telemetry"": 1.0, ""graph"": 146.0}",False,,,,,0.0,,0.0,False,0.0,,0.0,False,0.0,,0.0,False
156.122,771,slm,TOWNSIM_CALIB_0,0,reactive,MANTENER_RUMBO,3,65.82321070509083,False,-144.48629760742188,18.017444610595703,-29.73830223083496,,,,99.88,False,,,"{""telemetry"": 1.0, ""graph"": 180.5}",False,,,,,0.0,,0.06,False,0.0,,0.06,False,0.0,,0.06,False
156.313,772,slm,TOWNSIM_CALIB_0,0,reactive,MANTENER_RUMBO,3,65.25100426860611,False,-144.53004455566406,18.562639236450195,-29.738401412963867,,,,100.48,False,,,"{""telemetry"": 1.0, ""graph"": 169.6}",False,,,,,0.0,,0.094,False,0.0,,0.094,False,0.0,,0.094,False
156.546,773,slm,TOWNSIM_CALIB_0,0,reactive,MANTENER_RUMBO,3,64.66953823653226,False,-144.5910186767578,19.194664001464844,-29.73908042907715,,,,101.06,False,,,"{""telemetry"": 1.5, ""graph"": 200.5}",False,,,,,0.0,,0.009,False,0.0,,0.009,False,0.0,,0.009,False
156.73,774,slm,TOWNSIM_CALIB_0,0,reactive,MANTENER_RUMBO,3,64.09621904003245,False,-144.65777587890625,19.774919509887695,-29.739580154418945,,,,101.52,False,,,"{""telemetry"": 1.0, ""graph"": 179.2}",False,,,,,0.0,,0.009,False,0.0,,0.009,False,0.0,,0.009,False
156.952,775,slm,TOWNSIM_CALIB_0,0,reactive,MANTENER_RUMBO,3,63.4877270011601,False,-144.73361206054688,20.355281829833984,-29.739702224731445,,,,101.94,False,,,"{""telemetry"": 1.5, ""graph"": 187.7}",False,,,,,0.0,,0.097,False,0.0,,0.097,False,0.0,,0.097,False
157.18,776,slm,TOWNSIM_CALIB_0,0,reactive,MANTENER_RUMBO,3,62.92238132943875,False,-144.8231201171875,20.97903060913086,-29.739587783813477,,,,102.37,False,,,"{""telemetry"": 1.5, ""graph"": 215.1}",False,,,,,0.0,,0.078,False,0.0,,0.078,False,0.0,,0.078,False
157.38,777,slm,TOWNSIM_CALIB_0,0,reactive,MANTENER_RUMBO,3,62.31340140606573,False,-144.91094970703125,21.542078018188477,-29.73970603942871,,,,102.62,False,,,"{""telemetry"": 1.0, ""graph"": 193.6}",False,,,,,0.0,,0.038,False,0.0,,0.038,False,0.0,,0.038,False
157.576,778,slm,TOWNSIM_CALIB_0,0,reactive,MANTENER_RUMBO,3,61.70444916838547,False,-145.0088348388672,22.122241973876953,-29.73969841003418,,,,102.79,False,,,"{""telemetry"": 2.0, ""graph"": 176.0}",False,,,,,0.0,,0.007,False,0.0,,0.007,False,0.0,,0.007,False
157.801,779,slm,TOWNSIM_CALIB_0,0,reactive,MANTENER_RUMBO,3,61.121726916762306,False,-145.12437438964844,22.76276969909668,-29.739469528198242,,,,102.94,False,,,"{""telemetry"": 2.0, ""graph"": 199.4}",False,,,,,0.0,,0.044,False,0.0,,0.044,False,0.0,,0.044,False
157.969,780,slm,TOWNSIM_CALIB_0,0,reactive,MANTENER_RUMBO,3,60.53047671131948,False,-145.22592163085938,23.299243927001953,-29.73912811279297,,,,103.04,False,,,"{""telemetry"": 1.0, ""graph"": 163.0}",False,,,,,0.0,,0.046,False,0.0,,0.046,False,0.0,,0.046,False
158.196,781,slm,TOWNSIM_CALIB_0,0,reactive,MANTENER_RUMBO,3,59.91343952297775,False,-145.35037231445312,23.93057632446289,-29.738710403442383,,,,103.05,False,,,"{""telemetry"": 1.9, ""graph"": 176.3}",False,,,,,0.007,21.83,0.284,False,0.007,23.77,0.284,False,0.012,12.64,0.284,False
158.387,782,slm,TOWNSIM_CALIB_0,0,reactive,MANTENER_RUMBO,3,59.340317493724086,False,-145.463623046875,24.483642578125,-29.738344192504883,,,,103.0,False,,,"{""telemetry"": 3.5, ""graph"": 164.5}",False,,,,,0.0,,0.002,False,0.0,,0.002,False,0.0,,0.002,False
158.59,783,slm,TOWNSIM_CALIB_0,0,reactive,MANTENER_RUMBO,3,58.75904062096489,False,-145.58566284179688,25.062231063842773,-29.73786163330078,,,,102.92,False,,,"{""telemetry"": 1.5, ""graph"": 167.0}",False,,,,,0.0,,0.003,False,0.0,,0.003,False,0.0,,0.003,False
158.795,784,slm,TOWNSIM_CALIB_0,0,reactive,MANTENER_RUMBO,3,58.186984825085446,False,-145.71231079101562,25.648983001708984,-29.737342834472656,,,,102.71,False,,,"{""telemetry"": 1.0, ""graph"": 171.9}",False,,,,,0.007,17.59,0.226,False,0.008,10.77,0.226,False,0.012,7.1,0.226,False
158.977,785,slm,TOWNSIM_CALIB_0,0,reactive,MANTENER_RUMBO,3,57.615628123716355,False,-145.83145141601562,26.19208526611328,-29.736862182617188,,,,102.45,False,,,"{""telemetry"": 2.0, ""graph"": 151.3}",False,,,,,0.0,,0.121,False,0.0,,0.121,False,0.0,,0.121,False
159.183,786,slm,TOWNSIM_CALIB_0,0,reactive,MANTENER_RUMBO,3,57.044977899800315,False,-145.95965576171875,26.769187927246094,-29.736351013183594,,,,102.14,False,,,"{""telemetry"": 2.0, ""graph"": 156.5}",False,,,,,0.0,,0.003,False,0.0,,0.003,False,0.0,,0.003,False
159.393,787,slm,TOWNSIM_CALIB_0,0,reactive,MANTENER_RUMBO,3,56.47497935038298,False,-146.0928192138672,27.363094329833984,-29.73578453063965,,,,101.79,False,,,"{""telemetry"": 1.0, ""graph"": 165.8}",False,,,,,0.0,,0.05,False,0.0,,0.05,False,0.0,,0.05,False
159.588,788,slm,TOWNSIM_CALIB_0,0,reactive,MANTENER_RUMBO,3,55.888367208631216,False,-146.21060180664062,27.88776206970215,-29.73520278930664,,,,101.38,False,,,"{""telemetry"": 1.5, ""graph"": 159.7}",False,,,,,0.008,18.43,0.304,False,0.008,14.63,0.304,False,0.013,7.44,0.304,False
159.774,789,slm,TOWNSIM_CALIB_0,0,reactive,MANTENER_RUMBO,3,55.31978379416745,False,-146.34071350097656,28.47212791442871,-29.734554290771484,,,,100.85,False,,,"{""telemetry"": 1.0, ""graph"": 144.5}",False,,,,,0.0,,0.085,False,0.0,,0.085,False,0.0,,0.085,False
160.0,790,slm,TOWNSIM_CALIB_0,0,reactive,MANTENER_RUMBO,3,54.75195287799721,False,-146.47494506835938,29.08176040649414,-29.733877182006836,,,,100.26,False,,,"{""telemetry"": 1.0, ""graph"": 169.6}",False,,,,,0.0,,0.008,False,0.0,,0.008,False,0.0,,0.008,False
160.206,791,slm,TOWNSIM_CALIB_0,0,reactive,MANTENER_RUMBO,3,54.1761967701953,False,-146.60223388671875,29.66525650024414,-29.73322868347168,,,,99.67,False,,,"{""telemetry"": 1.0, ""graph"": 174.0}",False,,,,,0.0,,0.002,False,0.0,,0.002,False,0.0,,0.002,False
160.431,792,slm,TOWNSIM_CALIB_0,0,reactive,MANTENER_RUMBO,3,53.609622283486395,False,-146.7304229736328,30.25703239440918,-29.732620239257812,,,,99.06,False,,,"{""telemetry"": 1.0, ""graph"": 196.1}",False,,,,,0.0,,0.125,False,0.0,,0.125,False,0.0,,0.125,False
160.596,793,slm,TOWNSIM_CALIB_0,0,reactive,MANTENER_RUMBO,3,53.04356733525347,False,-146.83404541015625,30.745683670043945,-29.732315063476562,,,,98.47,False,,,"{""telemetry"": 1.0, ""graph"": 161.3}",False,,,,,0.0,,0.137,False,0.0,,0.137,False,0.0,,0.137,False
160.791,794,slm,TOWNSIM_CALIB_0,0,reactive,MANTENER_RUMBO,3,52.469465976580345,False,-146.95285034179688,31.328401565551758,-29.73204803466797,,,,97.71,False,,,"{""telemetry"": 1.5, ""graph"": 152.8}",False,,,,,0.0,,0.044,False,0.0,,0.044,False,0.0,,0.044,False
161.001,795,slm,TOWNSIM_CALIB_0,0,reactive,MANTENER_RUMBO,3,51.89585368419749,False,-147.06655883789062,31.91091537475586,-29.731658935546875,,,,96.92,False,,,"{""telemetry"": 1.0, ""graph"": 161.7}",False,,,,,0.0,,0.01,False,0.0,,0.01,False,0.0,,0.01,False
161.206,796,slm,TOWNSIM_CALIB_0,0,reactive,MANTENER_RUMBO,3,51.322636650733294,False,-147.17755126953125,32.5018310546875,-29.731191635131836,,,,96.09,False,,,"{""telemetry"": 1.0, ""graph"": 165.9}",False,,,,,0.0,,0.007,False,0.0,,0.007,False,0.0,,0.007,False
161.439,797,slm,TOWNSIM_CALIB_0,0,reactive,MANTENER_RUMBO,3,50.70697467145965,False,-147.2897491455078,33.1182975769043,-29.730642318725586,,,,95.23,False,,,"{""telemetry"": 1.0, ""graph"": 182.6}",False,,,,,0.0,,0.037,False,0.0,,0.037,False,0.0,,0.037,False
161.649,798,slm,TOWNSIM_CALIB_0,0,reactive,MANTENER_RUMBO,3,50.13450405453782,False,-147.39926147460938,33.7346305847168,-29.730093002319336,,,,94.36,False,,,"{""telemetry"": 1.5, ""graph"": 190.1}",False,,,,,0.0,,0.009,False,0.0,,0.009,False,0.0,,0.009,False
161.806,799,slm,TOWNSIM_CALIB_0,0,reactive,MANTENER_RUMBO,3,49.57078358795161,False,-147.4845428466797,34.22256088256836,-29.729658126831055,,,,93.68,False,,,"{""telemetry"": 1.5, ""graph"": 146.0}",False,,,,,0.0,,0.008,False,0.0,,0.008,False,0.0,,0.008,False
161.997,800,slm,TOWNSIM_CALIB_0,0,reactive,MANTENER_RUMBO,3,48.998736617597636,False,-147.58645629882812,34.81321334838867,-29.7291316986084,,,,92.85,False,,,"{""telemetry"": 1.0, ""graph"": 135.5}",False,,,,,0.0,,0.0,False,0.0,,0.0,False,0.0,,0.0,False
162.228,801,slm,TOWNSIM_CALIB_0,0,reactive,MANTENER_RUMBO,3,48.426908894656044,False,-147.68898010253906,35.41242599487305,-29.72859764099121,,,,92.0,False,,,"{""telemetry"": 1.0, ""graph"": 165.1}",False,,,,,0.0,,0.011,False,0.0,,0.01,False,0.0,,0.011,False
162.426,802,slm,TOWNSIM_CALIB_0,0,reactive,MANTENER_RUMBO,3,47.85530847173896,False,-147.7788543701172,35.94315719604492,-29.728124618530273,,,,91.25,False,,,"{""telemetry"": 1.5, ""graph"": 160.7}",False,,,,,0.0,,0.011,False,0.0,,0.011,False,0.0,,0.011,False
162.613,803,slm,TOWNSIM_CALIB_0,0,reactive,MANTENER_RUMBO,3,47.29247312655187,False,-147.87017822265625,36.48244857788086,-29.727643966674805,,,,90.49,False,,,"{""telemetry"": 1.0, ""graph"": 146.6}",False,,,,,0.0,,0.009,False,0.0,,0.009,False,0.0,,0.009,False
162.84,804,slm,TOWNSIM_CALIB_0,0,reactive,MANTENER_RUMBO,3,46.721353814403784,False,-147.97523498535156,37.10734176635742,-29.727087020874023,,,,89.61,False,,,"{""telemetry"": 2.0, ""graph"": 171.6}",False,,,,,0.0,,0.015,False,0.0,,0.015,False,0.0,,0.015,False
163.035,805,slm,TOWNSIM_CALIB_0,0,reactive,MANTENER_RUMBO,3,46.158998528911916,False,-148.06846618652344,37.663753509521484,-29.726591110229492,,,,88.83,False,,,"{""telemetry"": 2.0, ""graph"": 164.9}",False,,,,,0.0,,0.007,False,0.0,,0.007,False,0.0,,0.007,False
163.253,806,slm,TOWNSIM_CALIB_0,0,reactive,MANTENER_RUMBO,3,45.57987550898238,False,-148.1731719970703,38.28864669799805,-29.72603416442871,,,,87.95,False,,,"{""telemetry"": 4.0, ""graph"": 178.6}",False,,,,,0.0,,0.025,False,0.0,,0.025,False,0.0,,0.025,False
163.449,807,slm,TOWNSIM_CALIB_0,0,reactive,MANTENER_RUMBO,3,45.026571121134346,False,-148.2664031982422,38.84505844116211,-29.72553825378418,,,,87.16,False,,,"{""telemetry"": 1.5, ""graph"": 176.1}",False,,,,,0.0,,0.031,False,0.0,,0.031,False,0.0,,0.031,False
163.648,808,slm,TOWNSIM_CALIB_0,0,reactive,MANTENER_RUMBO,3,44.45652780610555,False,-148.36106872558594,39.410030364990234,-29.725034713745117,,,,86.37,False,,,"{""telemetry"": 1.5, ""graph"": 172.9}",False,,,,,0.0,,0.032,False,0.0,,0.032,False,0.0,,0.032,False
163.829,809,slm,TOWNSIM_CALIB_0,0,reactive,MANTENER_RUMBO,3,43.895287177855316,False,-148.4499969482422,39.94076156616211,-29.72456169128418,,,,85.62,False,,,"{""telemetry"": 1.0, ""graph"": 153.2}",False,,,,,0.0,,0.005,False,0.0,,0.005,False,0.0,,0.005,False
164.045,810,slm,TOWNSIM_CALIB_0,0,reactive,MANTENER_RUMBO,3,43.325746957313,False,-148.5518341064453,40.54874801635742,-29.72402000427246,,,,84.76,False,,,"{""telemetry"": 1.0, ""graph"": 168.9}",False,,,,,0.0,,0.02,False,0.0,,0.02,False,0.0,,0.02,False
164.23,811,slm,TOWNSIM_CALIB_0,0,reactive,MANTENER_RUMBO,3,42.75638368831845,False,-148.64076232910156,41.079715728759766,-29.723546981811523,,,,84.02,False,,,"{""telemetry"": 1.5, ""graph"": 151.5}",False,,,,,0.0,,0.005,False,0.0,,0.005,False,0.0,,0.005,False
164.448,812,slm,TOWNSIM_CALIB_0,0,reactive,MANTENER_RUMBO,3,42.19584956925611,False,-148.7411651611328,41.679195404052734,-29.723012924194336,,,,83.17,False,,,"{""telemetry"": 1.0, ""graph"": 168.0}",False,,,,,0.0,,0.008,False,0.0,,0.008,False,0.0,,0.008,False
164.64,813,slm,TOWNSIM_CALIB_0,0,reactive,MANTENER_RUMBO,3,41.627172436660906,False,-148.83152770996094,42.218727111816406,-29.722532272338867,,,,82.41,False,,,"{""telemetry"": 1.0, ""graph"": 158.0}",False,,,,,0.0,,0.042,False,0.0,,0.042,False,0.0,,0.042,False
164.84,814,slm,TOWNSIM_CALIB_0,0,reactive,MANTENER_RUMBO,3,41.058862438973726,False,-148.9247589111328,42.775386810302734,-29.722036361694336,,,,81.63,False,,,"{""telemetry"": 1.5, ""graph"": 155.6}",False,,,,,0.0,,0.021,False,0.0,,0.021,False,0.0,,0.021,False
165.063,815,slm,TOWNSIM_CALIB_0,0,reactive,MANTENER_RUMBO,3,40.49077886514781,False,-149.03089904785156,43.409385681152344,-29.721471786499023,,,,80.74,False,,,"{""telemetry"": 1.5, ""graph"": 178.5}",False,,,,,0.0,,0.009,False,0.0,,0.009,False,0.0,,0.009,False
165.236,816,slm,TOWNSIM_CALIB_0,0,reactive,MANTENER_RUMBO,3,39.93146661770082,False,-149.1198272705078,43.940589904785156,-29.720998764038086,,,,79.99,False,,,"{""telemetry"": 2.0, ""graph"": 149.6}",False,,,,,0.0,,0.007,False,0.0,,0.007,False,0.0,,0.007,False
165.45,817,slm,TOWNSIM_CALIB_0,0,reactive,MANTENER_RUMBO,3,39.364092939598244,False,-149.22023010253906,44.54033660888672,-29.7204647064209,,,,79.14,False,,,"{""telemetry"": 2.5, ""graph"": 161.1}",False,,,,,0.0,,0.003,False,0.0,,0.003,False,0.0,,0.003,False
165.635,818,slm,TOWNSIM_CALIB_0,0,reactive,MANTENER_RUMBO,3,38.79715352859098,False,-149.30772399902344,45.06297302246094,-29.719999313354492,,,,78.41,False,,,"{""telemetry"": 2.0, ""graph"": 143.6}",False,,,,,0.0,,0.016,False,0.0,,0.016,False,0.0,,0.016,False
165.841,819,slm,TOWNSIM_CALIB_0,0,reactive,MANTENER_RUMBO,3,38.238959434198264,False,-149.4066925048828,45.65440368652344,-29.719472885131836,,,,77.58,False,,,"{""telemetry"": 1.5, ""graph"": 149.5}",False,,,,,0.0,,0.005,False,0.0,,0.005,False,0.0,,0.005,False
166.044,820,slm,TOWNSIM_CALIB_0,0,reactive,MANTENER_RUMBO,3,37.67268553542923,False,-149.50262451171875,46.228702545166016,-29.719167709350586,,,,76.79,False,,,"{""telemetry"": 1.5, ""graph"": 149.5}",False,,,,,0.0,,0.004,False,0.0,,0.004,False,0.0,,0.004,False
166.265,821,slm,TOWNSIM_CALIB_0,0,reactive,MANTENER_RUMBO,3,37.10633421957711,False,-149.5809783935547,46.794429779052734,-29.731124877929688,,,,76.14,False,,,"{""telemetry"": 1.0, ""graph"": 170.9}",False,,,,,0.0,,0.14,False,0.0,,0.14,False,0.0,,0.14,False
166.479,822,slm,TOWNSIM_CALIB_0,0,reactive,MANTENER_RUMBO,3,36.53784497408304,False,-149.62387084960938,47.40282440185547,-29.750539779663086,,,,75.48,False,,,"{""telemetry"": 1.5, ""graph"": 183.2}",False,,,,,0.0,,0.042,False,0.0,,0.042,False,0.0,,0.042,False
166.664,823,slm,TOWNSIM_CALIB_0,0,deliberative,FRENAR,3,35.96669271728065,False,-149.62640380859375,47.925376892089844,-29.7631778717041,,,,74.92,False,,,"{""telemetry"": 1.5, ""graph"": 166.5}",True,3010.1,False,False,True,0.009,4.46,0.247,False,0.009,3.05,0.247,False,0.009,16.13,0.247,False
166.859,824,slm,TOWNSIM_CALIB_0,0,deliberative,FRENAR,3,35.3931812857298,False,-149.5974578857422,48.51575469970703,-29.771533966064453,,,,73.89,False,,,"{""telemetry"": 1.0, ""graph"": 160.6}",True,3010.1,False,False,True,0.013,6.17,0.641,False,0.009,1.63,0.641,True,0.006,4.23,0.641,False
167.049,825,slm,TOWNSIM_CALIB_0,0,deliberative,FRENAR,3,34.840223936365504,False,-149.5496368408203,49.0518913269043,-29.84951400756836,,,,72.98,False,,,"{""telemetry"": 1.0, ""graph"": 149.5}",True,3010.1,False,False,True,0.0,,0.0,False,0.0,,0.0,False,0.0,,0.0,False
167.26,826,slm,TOWNSIM_CALIB_0,0,deliberative,FRENAR,3,34.39065258866555,False,-149.50575256347656,49.47185134887695,-29.964839935302734,,,,72.84,False,,,"{""telemetry"": 1.0, ""graph"": 157.9}",True,3010.1,False,False,True,0.0,,0.0,False,0.0,,0.0,False,0.0,,0.0,False
167.446,827,slm,TOWNSIM_CALIB_0,0,deliberative,FRENAR,3,34.03681464427773,False,-149.47311401367188,49.772457122802734,-30.045013427734375,,,,72.88,False,,,"{""telemetry"": 1.0, ""graph"": 143.2}",True,3010.1,False,False,True,0.0,,0.0,False,0.0,,0.0,False,0.0,,0.0,False
167.656,828,slm,TOWNSIM_CALIB_0,0,deliberative,FRENAR,3,33.75902678967337,False,-149.44447326660156,50.034263610839844,-30.10209083557129,,,,72.94,False,,,"{""telemetry"": 2.0, ""graph"": 150.0}",True,3010.1,False,False,True,0.0,,0.0,False,0.0,,0.0,False,0.0,,0.0,False
167.861,829,slm,TOWNSIM_CALIB_0,0,deliberative,FRENAR,3,33.547491737073,False,-149.42433166503906,50.21858596801758,-30.129610061645508,,,,72.98,False,,,"{""telemetry"": 1.5, ""graph"": 153.6}",True,3010.1,False,False,True,0.0,,0.0,False,0.0,,0.0,False,0.0,,0.0,False
168.06,830,slm,TOWNSIM_CALIB_0,0,deliberative,FRENAR,3,33.38577145384974,False,-149.40805053710938,50.36833953857422,-30.123682022094727,,,,73.01,False,,,"{""telemetry"": 1.5, ""graph"": 151.5}",True,3010.1,False,False,True,0.0,,0.0,False,0.0,,0.0,False,0.0,,0.0,False
168.254,831,slm,TOWNSIM_CALIB_0,0,deliberative,FRENAR,3,33.26496603541031,False,-149.39674377441406,50.472930908203125,-30.10881996154785,,,,73.03,False,,,"{""telemetry"": 1.0, ""graph"": 143.9}",True,3010.1,False,False,True,0.0,,0.0,False,0.0,,0.0,False,0.0,,0.0,False
168.463,832,slm,TOWNSIM_CALIB_0,0,deliberative,PERDER_ALTURA,3,33.174065123621595,False,-149.38803100585938,50.55327606201172,-30.0894832611084,,,,73.04,False,,,"{""telemetry"": 1.5, ""graph"": 151.5}",True,1743.7,False,False,True,0.0,,0.0,False,0.0,,0.0,False,0.0,,0.0,False
168.68,833,slm,TOWNSIM_CALIB_0,0,reactive,MANTENER_RUMBO,3,33.104944613402395,False,-149.3805389404297,50.62337112426758,-30.047908782958984,,,,73.07,False,,,"{""telemetry"": 1.0, ""graph"": 167.5}",False,,,,,0.0,,0.0,False,0.0,,0.0,False,0.0,,0.0,False
168.878,834,slm,TOWNSIM_CALIB_0,0,reactive,MANTENER_RUMBO,3,33.04704618718611,False,-149.3724365234375,50.67932891845703,-29.911209106445312,,,,73.1,False,,,"{""telemetry"": 1.0, ""graph"": 164.6}",False,,,,,0.0,,0.0,False,0.0,,0.0,False,0.0,,0.0,False
169.069,835,slm,TOWNSIM_CALIB_0,0,reactive,MANTENER_RUMBO,3,32.95624876471843,False,-149.34080505371094,50.804779052734375,-29.906808853149414,,,,73.04,False,,,"{""telemetry"": 0.5, ""graph"": 154.0}",False,,,,,0.0,,0.0,False,0.0,,0.0,False,0.0,,0.0,False
169.265,836,slm,TOWNSIM_CALIB_0,0,reactive,MANTENER_RUMBO,3,32.75705475219032,False,-149.2779541015625,51.0261116027832,-29.99043083190918,,,,72.91,False,,,"{""telemetry"": 1.2, ""graph"": 147.6}",False,,,,,0.0,,0.0,False,0.0,,0.0,False,0.0,,0.0,False
169.472,837,slm,TOWNSIM_CALIB_0,0,reactive,MANTENER_RUMBO,3,32.477247801738976,False,-149.18740844726562,51.33523178100586,-30.05652618408203,,,,72.75,False,,,"{""telemetry"": 1.0, ""graph"": 152.4}",False,,,,,0.0,,0.0,False,0.0,,0.0,False,0.0,,0.0,False
169.66,838,slm,TOWNSIM_CALIB_0,0,reactive,MANTENER_RUMBO,3,32.12470893909744,False,-149.0833740234375,51.68544006347656,-30.09543228149414,,,,72.59,False,,,"{""telemetry"": 2.5, ""graph"": 137.5}",False,,,,,0.0,,0.0,False,0.0,,0.0,False,0.0,,0.0,False
169.858,839,slm,TOWNSIM_CALIB_0,0,reactive,MANTENER_RUMBO,3,31.716981446342366,False,-148.958984375,52.100894927978516,-30.119352340698242,,,,72.42,False,,,"{""telemetry"": 1.5, ""graph"": 135.1}",False,,,,,0.0,,0.0,False,0.0,,0.0,False,0.0,,0.0,False
170.075,840,slm,TOWNSIM_CALIB_0,0,reactive,MANTENER_RUMBO,3,31.26656521128766,False,-148.81605529785156,52.57595443725586,-30.133142471313477,,,,72.24,False,,,"{""telemetry"": 1.0, ""graph"": 151.4}",False,,,,,0.0,,0.0,False,0.0,,0.0,False,0.0,,0.0,False
170.261,841,slm,TOWNSIM_CALIB_0,0,reactive,MANTENER_RUMBO,3,30.791354259975893,False,-148.6833038330078,53.01582336425781,-30.13971519470215,,,,72.09,False,,,"{""telemetry"": 1.5, ""graph"": 135.4}",False,,,,,0.0,,0.0,False,0.0,,0.0,False,0.0,,0.0,False
170.463,842,slm,TOWNSIM_CALIB_0,0,reactive,MANTENER_RUMBO,3,30.285088030004452,False,-148.52626037597656,53.53514862060547,-30.143699645996094,,,,71.91,False,,,"{""telemetry"": 1.0, ""graph"": 136.5}",False,,,,,0.0,,0.0,False,0.0,,0.0,False,0.0,,0.0,False
170.693,843,slm,TOWNSIM_CALIB_0,0,reactive,MANTENER_RUMBO,3,29.761107697777568,False,-148.3638153076172,54.071678161621094,-30.145601272583008,,,,71.73,False,,,"{""telemetry"": 1.0, ""graph"": 164.5}",False,,,,,0.0,,0.015,False,0.0,,0.015,False,0.0,,0.015,False
170.889,844,slm,TOWNSIM_CALIB_0,0,reactive,MANTENER_RUMBO,3,29.224204966358275,False,-148.1973114013672,54.620849609375,-30.146371841430664,,,,71.56,False,,,"{""telemetry"": 1.0, ""graph"": 160.5}",False,,,,,0.0,,0.026,False,0.0,,0.026,False,0.0,,0.026,False
171.085,845,slm,TOWNSIM_CALIB_0,0,evasive,EVADIR_IZQUIERDA,3,28.686287313287043,False,-148.04180908203125,55.13014602661133,-30.146583557128906,,,,71.51,False,,,"{""telemetry"": 1.0, ""graph"": 155.1}",False,,,,,0.009,13.58,0.351,False,0.01,5.06,0.351,False,0.015,3.56,0.351,False
171.275,846,slm,TOWNSIM_CALIB_0,0,reactive,MANTENER_RUMBO,3,28.134116102345953,False,-147.86968994140625,55.68522262573242,-30.14391326904297,,,,71.41,False,,,"{""telemetry"": 1.0, ""graph"": 143.1}",False,,,,,0.0,,0.0,False,0.0,,0.0,False,0.0,,0.0,False
171.468,847,slm,TOWNSIM_CALIB_0,0,reactive,MANTENER_RUMBO,3,27.597275550594812,False,-147.7093048095703,56.195472717285156,-30.14754295349121,,,,70.23,False,,,"{""telemetry"": 1.0, ""graph"": 135.0}",False,,,,,0.0,,0.0,False,0.0,,0.0,False,0.0,,0.0,False
171.679,848,slm,TOWNSIM_CALIB_0,0,reactive,MANTENER_RUMBO,3,27.089604171084723,False,-147.55108642578125,56.69195556640625,-30.128332138061523,,,,69.63,False,,,"{""telemetry"": 1.0, ""graph"": 143.9}",False,,,,,0.0,,0.0,False,0.0,,0.0,False,0.0,,0.0,False
171.879,849,slm,TOWNSIM_CALIB_0,0,reactive,MANTENER_RUMBO,3,26.591416032763224,False,-147.38217163085938,57.209991455078125,-30.112058639526367,,,,69.58,False,,,"{""telemetry"": 1.0, ""graph"": 141.7}",False,,,,,0.0,,0.0,False,0.0,,0.0,False,0.0,,0.0,False
172.064,850,slm,TOWNSIM_CALIB_0,0,reactive,MANTENER_RUMBO,3,26.087553080112308,False,-147.23187255859375,57.66050338745117,-30.098546981811523,,,,69.86,False,,,"{""telemetry"": 2.0, ""graph"": 123.5}",False,,,,,0.0,,0.0,False,0.0,,0.0,False,0.0,,0.0,False
172.281,851,slm,TOWNSIM_CALIB_0,0,reactive,MANTENER_RUMBO,3,25.583509548871394,False,-147.04652404785156,58.20198059082031,-30.081459045410156,,,,70.35,False,,,"{""telemetry"": 1.0, ""graph"": 141.1}",False,,,,,0.0,,0.0,False,0.0,,0.0,False,0.0,,0.0,False
172.484,852,slm,TOWNSIM_CALIB_0,0,reactive,MANTENER_RUMBO,3,25.07189114621508,False,-146.8771514892578,58.688045501708984,-30.064355850219727,,,,71.0,False,,,"{""telemetry"": 1.0, ""graph"": 142.9}",False,,,,,0.0,,0.04,False,0.0,,0.04,False,0.0,,0.04,False
172.673,853,slm,TOWNSIM_CALIB_0,0,reactive,MANTENER_RUMBO,3,24.568900564515918,False,-146.6968994140625,59.199893951416016,-30.051525115966797,,,,71.79,False,,,"{""telemetry"": 1.5, ""graph"": 129.5}",False,,,,,0.0,,0.0,False,0.0,,0.0,False,0.0,,0.0,False
172.887,854,slm,TOWNSIM_CALIB_0,0,reactive,MANTENER_RUMBO,3,24.054018847232463,False,-146.51348876953125,59.71741485595703,-30.03901481628418,,,,72.64,False,,,"{""telemetry"": 0.5, ""graph"": 143.0}",False,,,,,0.0,,0.112,False,0.0,,0.112,False,0.0,,0.112,False
173.098,855,slm,TOWNSIM_CALIB_0,0,evasive,EVADIR_IZQUIERDA,3,23.538319800140794,False,-146.33041381835938,60.23557662963867,-30.021926879882812,,,,73.6,False,,,"{""telemetry"": 0.5, ""graph"": 152.3}",False,,,,,0.011,2.37,0.219,False,0.011,3.74,0.219,False,0.014,8.25,0.219,False
173.301,856,slm,TOWNSIM_CALIB_0,0,reactive,MANTENER_RUMBO,3,23.02239962799328,False,-146.1494598388672,60.75649642944336,-30.007234573364258,,,,74.58,False,,,"{""telemetry"": 1.0, ""graph"": 154.3}",False,,,,,0.0,,0.015,False,0.0,,0.015,False,0.0,,0.015,False
173.512,857,slm,TOWNSIM_CALIB_0,0,reactive,MANTENER_RUMBO,3,22.515126338239444,False,-145.95689392089844,61.322593688964844,-30.006662368774414,,,,73.85,False,,,"{""telemetry"": 1.0, ""graph"": 163.5}",False,,,,,0.0,,0.0,False,0.0,,0.0,False,0.0,,0.0,False
173.686,858,slm,TOWNSIM_CALIB_0,0,reactive,MANTENER_RUMBO,3,22.04860361712647,False,-145.82095336914062,61.733131408691406,-29.993772506713867,,,,73.79,False,,,"{""telemetry"": 1.0, ""graph"": 135.6}",False,,,,,0.0,,0.0,False,0.0,,0.0,False,0.0,,0.0,False
173.885,859,slm,TOWNSIM_CALIB_0,0,reactive,MANTENER_RUMBO,3,21.581789279478464,False,-145.6706085205078,62.20284652709961,-29.98370933532715,,,,74.45,False,,,"{""telemetry"": 0.5, ""graph"": 133.5}",False,,,,,0.0,,0.0,False,0.0,,0.0,False,0.0,,0.0,False
174.108,860,slm,TOWNSIM_CALIB_0,0,reactive,MANTENER_RUMBO,3,21.10664304414757,False,-145.51498413085938,62.705101013183594,-29.97356414794922,,,,75.5,False,,,"{""telemetry"": 1.0, ""graph"": 154.5}",False,,,,,0.008,16.64,0.16,False,0.008,6.47,0.16,False,0.013,5.89,0.16,False
174.312,861,slm,TOWNSIM_CALIB_0,0,reactive,MANTENER_RUMBO,3,20.617882855822007,False,-145.36398315429688,63.206111907958984,-29.957014083862305,,,,76.79,False,,,"{""telemetry"": 3.5, ""graph"": 154.0}",False,,,,,0.0,,0.028,False,0.0,,0.028,False,0.0,,0.028,False
174.498,862,slm,TOWNSIM_CALIB_0,0,reactive,MANTENER_RUMBO,3,20.139193970588853,False,-145.2282257080078,63.66886520385742,-29.944704055786133,,,,78.13,False,,,"{""telemetry"": 1.5, ""graph"": 141.5}",False,,,,,0.0,,0.006,False,0.0,,0.006,False,0.0,,0.006,False
174.707,863,slm,TOWNSIM_CALIB_0,0,reactive,MANTENER_RUMBO,3,19.64798584378157,False,-145.07632446289062,64.1982192993164,-29.933380126953125,,,,79.72,False,,,"{""telemetry"": 1.0, ""graph"": 149.7}",False,,,,,0.006,17.25,0.262,False,0.009,13.66,0.262,False,0.012,11.14,0.262,False
174.916,864,slm,TOWNSIM_CALIB_0,0,reactive,MANTENER_RUMBO,3,19.159894154946144,False,-144.92776489257812,64.72599792480469,-29.924304962158203,,,,81.33,False,,,"{""telemetry"": 1.5, ""graph"": 156.5}",False,,,,,0.0,,0.121,False,0.0,,0.121,False,0.0,,0.121,False
175.096,865,slm,TOWNSIM_CALIB_0,0,reactive,MANTENER_RUMBO,3,18.661561754500607,False,-144.80126953125,65.18096923828125,-29.91787338256836,,,,82.71,False,,,"{""telemetry"": 1.0, ""graph"": 135.4}",False,,,,,0.0,,0.101,False,0.0,,0.101,False,0.0,,0.101,False
175.307,866,slm,TOWNSIM_CALIB_0,0,reactive,MANTENER_RUMBO,3,18.16904617736282,False,-144.65814208984375,65.70077514648438,-29.911785125732422,,,,84.29,False,,,"{""telemetry"": 1.0, ""graph"": 142.6}",False,,,,,0.0,,0.124,False,0.0,,0.124,False,0.0,,0.124,False
175.517,867,slm,TOWNSIM_CALIB_0,0,reactive,MANTENER_RUMBO,3,17.66857237532699,False,-144.502197265625,66.27002716064453,-29.90635871887207,,,,86.01,False,,,"{""telemetry"": 1.5, ""graph"": 153.0}",False,,,,,0.006,8.87,0.158,False,0.009,19.94,0.158,False,0.015,12.93,0.158,False
175.715,868,slm,TOWNSIM_CALIB_0,0,reactive,MANTENER_RUMBO,3,17.168505706897133,False,-144.3677215576172,66.76310729980469,-29.902490615844727,,,,87.5,False,,,"{""telemetry"": 1.5, ""graph"": 149.5}",False,,,,,0.008,8.51,0.261,False,0.008,8.5,0.261,False,0.014,10.16,0.261,False
175.9,869,slm,TOWNSIM_CALIB_0,0,reactive,MANTENER_RUMBO,3,16.66943035442687,False,-144.22561645507812,67.28887176513672,-29.899049758911133,,,,89.09,False,,,"{""telemetry"": 1.0, ""graph"": 133.1}",False,,,,,0.0,,0.024,False,0.0,,0.024,False,0.0,,0.024,False
176.099,870,slm,TOWNSIM_CALIB_0,0,reactive,MANTENER_RUMBO,3,16.172091511267872,False,-144.08351135253906,67.81568908691406,-29.89617156982422,,,,90.67,False,,,"{""telemetry"": 1.0, ""graph"": 130.5}",False,,,,,0.0,,0.042,False,0.0,,0.042,False,0.0,,0.042,False
176.304,871,slm,TOWNSIM_CALIB_0,0,reactive,MANTENER_RUMBO,3,15.67710449364973,False,-143.9435272216797,68.33551025390625,-29.893774032592773,,,,92.23,False,,,"{""telemetry"": 2.0, ""graph"": 132.4}",False,,,,,0.0,,0.018,False,0.0,,0.018,False,0.0,,0.018,False
176.499,872,slm,TOWNSIM_CALIB_0,0,reactive,MANTENER_RUMBO,3,15.184893473471066,False,-143.80142211914062,68.86380004882812,-29.89171028137207,,,,93.81,False,,,"{""telemetry"": 3.0, ""graph"": 125.0}",False,,,,,0.0,,0.02,False,0.0,,0.02,False,0.0,,0.02,False
176.726,873,slm,TOWNSIM_CALIB_0,0,reactive,MANTENER_RUMBO,3,14.6960585040272,False,-143.6428680419922,69.454345703125,-29.88401222229004,,,,95.47,False,,,"{""telemetry"": 1.0, ""graph"": 152.5}",False,,,,,0.0,,0.0,False,0.0,,0.0,False,0.0,,0.0,False
176.927,874,slm,TOWNSIM_CALIB_0,0,deliberative,FRENAR,3,14.223235644919276,False,-143.53347778320312,69.90410614013672,-29.87694549560547,,,,96.49,False,,,"{""telemetry"": 1.0, ""graph"": 152.5}",True,1743.7,False,False,True,0.01,4.01,0.254,False,0.008,1.29,0.254,False,0.002,0.54,0.254,False
177.101,875,slm,TOWNSIM_CALIB_0,0,deliberative,FRENAR,3,13.742553250416758,False,-143.43740844726562,70.42550659179688,-29.87474822998047,,,,98.2,False,,,"{""telemetry"": 1.0, ""graph"": 125.0}",True,1743.7,False,False,True,0.0,,0.0,False,0.0,,0.0,False,0.0,,0.0,False
177.303,876,slm,TOWNSIM_CALIB_0,0,deliberative,FRENAR,3,13.270916381592238,False,-143.37457275390625,70.89777374267578,-29.91585922241211,,,,99.65,False,,,"{""telemetry"": 1.0, ""graph"": 126.1}",True,1743.7,False,False,True,0.0,,0.0,False,0.0,,0.0,False,0.0,,0.0,False
177.499,877,slm,TOWNSIM_CALIB_0,0,deliberative,FRENAR,3,12.882502465709399,False,-143.3302764892578,71.29322814941406,-29.998897552490234,,,,100.04,False,,,"{""telemetry"": 1.0, ""graph"": 120.0}",True,1743.7,False,False,True,0.0,,0.0,False,0.0,,0.0,False,0.0,,0.0,False
177.746,878,slm,TOWNSIM_CALIB_0,0,deliberative,FRENAR,3,12.572714222993973,False,-143.29310607910156,71.64590454101562,-30.07128143310547,,,,100.07,False,,,"{""telemetry"": 1.5, ""graph"": 165.5}",True,1743.7,False,False,True,0.0,,0.0,False,0.0,,0.0,False,0.0,,0.0,False
177.908,879,slm,TOWNSIM_CALIB_0,0,deliberative,FRENAR,3,12.334554311358373,False,-143.2726287841797,71.84297180175781,-30.10248565673828,,,,100.03,False,,,"{""telemetry"": 1.0, ""graph"": 126.5}",True,1743.7,False,False,True,0.0,,0.0,False,0.0,,0.0,False,0.0,,0.0,False
178.11,880,slm,TOWNSIM_CALIB_0,0,deliberative,FRENAR,3,12.153828410338972,False,-143.25393676757812,72.02243041992188,-30.122661590576172,,,,99.99,False,,,"{""telemetry"": 1.5, ""graph"": 126.4}",True,1743.7,False,False,True,0.0,,0.0,False,0.0,,0.0,False,0.0,,0.0,False
178.335,881,slm,TOWNSIM_CALIB_0,0,deliberative,FRENAR,3,12.01784697647945,False,-143.23904418945312,72.16446685791016,-30.132246017456055,,,,99.96,False,,,"{""telemetry"": 1.5, ""graph"": 149.6}",True,1743.7,False,False,True,0.0,,0.0,False,0.0,,0.0,False,0.0,,0.0,False
178.512,882,slm,TOWNSIM_CALIB_0,0,deliberative,FRENAR,3,11.91592574062113,False,-143.2291259765625,72.25881958007812,-30.135162353515625,,,,99.94,False,,,"{""telemetry"": 1.0, ""graph"": 125.9}",True,1743.7,False,False,True,0.0,,0.0,False,0.0,,0.0,False,0.0,,0.0,False
178.723,883,slm,TOWNSIM_CALIB_0,0,deliberative,MANTENER_RUMBO,3,11.839794551204259,False,-143.2211151123047,72.33454132080078,-30.135311126708984,,,,99.93,False,,,"{""telemetry"": 1.5, ""graph"": 134.2}",True,1752.9,False,False,True,0.0,,0.0,False,0.0,,0.0,False,0.0,,0.0,False
178.918,884,slm,TOWNSIM_CALIB_0,0,reactive,MANTENER_RUMBO,3,11.782976225756238,False,-143.2151336669922,72.39138793945312,-30.130678176879883,,,,99.88,False,,,"{""telemetry"": 2.5, ""graph"": 127.6}",False,,,,,0.0,,0.0,False,0.0,,0.0,False,0.0,,0.0,False
179.165,885,slm,TOWNSIM_CALIB_0,0,deliberative,FRENAR,3,11.720058744438273,False,-143.2201385498047,72.49142456054688,-30.17760467529297,,,,100.17,False,,,"{""telemetry"": 2.0, ""graph"": 173.0}",True,1752.9,False,False,True,0.151,0.36,0.293,False,0.13,0.11,0.293,False,0.134,0.42,0.293,False
179.332,886,slm,TOWNSIM_CALIB_0,0,deliberative,FRENAR,3,11.57569360925078,False,-143.24256896972656,72.66175842285156,-30.254602432250977,,,,100.71,False,,,"{""telemetry"": 1.5, ""graph"": 139.1}",True,1752.9,False,False,True,0.0,,0.0,False,0.0,,0.0,False,0.0,,0.0,False
179.531,887,slm,TOWNSIM_CALIB_0,0,deliberative,FRENAR,3,11.360687154761862,False,-143.27525329589844,72.88542938232422,-30.24774742126465,,,,101.08,False,,,"{""telemetry"": 1.5, ""graph"": 137.5}",True,1752.9,False,False,True,0.0,,0.0,False,0.0,,0.0,False,0.0,,0.0,False
179.744,888,slm,TOWNSIM_CALIB_0,0,deliberative,FRENAR,3,11.150494999977878,False,-143.30612182617188,73.09008026123047,-30.24844741821289,,,,101.24,False,,,"{""telemetry"": 1.0, ""graph"": 149.1}",True,1752.9,False,False,True,0.0,,0.0,False,0.0,,0.0,False,0.0,,0.0,False
179.934,889,slm,TOWNSIM_CALIB_0,0,deliberative,FRENAR,3,10.976420848270253,False,-143.3282012939453,73.23477935791016,-30.253870010375977,,,,101.3,False,,,"{""telemetry"": 1.0, ""graph"": 137.1}",True,1752.9,False,False,True,0.0,,0.044,False,0.0,,0.044,False,0.0,,0.044,False
180.125,890,slm,TOWNSIM_CALIB_0,0,deliberative,FRENAR,3,10.840209583031573,False,-143.34791564941406,73.36336517333984,-30.257339477539062,,,,101.32,False,,,"{""telemetry"": 1.0, ""graph"": 126.7}",True,1752.9,False,False,True,0.0,,0.0,False,0.0,,0.0,False,0.0,,0.0,False
180.336,891,slm,TOWNSIM_CALIB_0,0,deliberative,FRENAR,3,10.737570608894414,False,-143.36282348632812,73.4606704711914,-30.25755500793457,,,,101.33,False,,,"{""telemetry"": 1.5, ""graph"": 135.9}",True,1752.9,False,False,True,0.0,,0.0,False,0.0,,0.0,False,0.0,,0.0,False
180.537,892,slm,TOWNSIM_CALIB_0,0,deliberative,FRENAR,3,10.65875008355269,False,-143.3741455078125,73.53453826904297,-30.255739212036133,,,,101.34,False,,,"{""telemetry"": 1.0, ""graph"": 136.5}",True,1752.9,False,False,True,0.0,,0.0,False,0.0,,0.0,False,0.0,,0.0,False
180.743,893,slm,TOWNSIM_CALIB_0,0,deliberative,FRENAR,3,10.599593069222168,False,-143.38235473632812,73.58802795410156,-30.253087997436523,,,,101.34,False,,,"{""telemetry"": 1.0, ""graph"": 140.0}",True,1752.9,False,False,True,0.0,,0.0,False,0.0,,0.0,False,0.0,,0.0,False
180.948,894,slm,TOWNSIM_CALIB_0,0,deliberative,FRENAR,3,10.55533149602643,False,-143.38864135742188,73.62904357910156,-30.25008201599121,,,,101.34,False,,,"{""telemetry"": 1.5, ""graph"": 143.0}",True,1752.9,False,False,True,0.0,,0.0,False,0.0,,0.0,False,0.0,,0.0,False
181.14,895,slm,TOWNSIM_CALIB_0,0,deliberative,PERDER_ALTURA,3,10.522258472783419,False,-143.39288330078125,73.6567153930664,-30.24749183654785,,,,101.34,False,,,"{""telemetry"": 1.0, ""graph"": 132.6}",True,1926.5,False,False,True,0.0,,0.0,False,0.0,,0.0,False,0.0,,0.0,False
181.379,896,slm,TOWNSIM_CALIB_0,0,reactive,MANTENER_RUMBO,3,10.496311507872099,False,-143.39683532714844,73.68278503417969,-30.229761123657227,,,,101.34,False,,,"{""telemetry"": 1.0, ""graph"": 155.1}",False,,,,,0.0,,0.0,False,0.0,,0.0,False,0.0,,0.0,False
181.567,897,slm,TOWNSIM_CALIB_0,0,reactive,MANTENER_RUMBO,3,10.472165665901075,False,-143.4013671875,73.7093734741211,-30.09921646118164,,,,101.35,False,,,"{""telemetry"": 1.0, ""graph"": 142.0}",False,,,,,0.0,,0.0,False,0.0,,0.0,False,0.0,,0.0,False
181.809,898,slm,TOWNSIM_CALIB_0,0,deliberative,FRENAR,3,10.404781287484623,False,-143.42417907714844,73.82620239257812,-30.099206924438477,,,,101.66,False,,,"{""telemetry"": 1.0, ""graph"": 182.5}",True,1926.5,False,False,True,0.036,0.58,0.212,False,0.01,0.23,0.212,False,0.011,0.65,0.212,False
181.978,899,slm,TOWNSIM_CALIB_0,0,deliberative,FRENAR,3,10.224587059344087,False,-143.46656799316406,74.03956604003906,-30.181291580200195,,,,102.11,False,,,"{""telemetry"": 1.0, ""graph"": 150.5}",True,1926.5,False,False,True,0.0,,0.002,False,0.0,,0.002,False,0.0,,0.002,False
182.192,900,slm,TOWNSIM_CALIB_0,0,deliberative,FRENAR,3,9.974646116921742,False,-143.514892578125,74.28244018554688,-30.182165145874023,,,,102.37,False,,,"{""telemetry"": 1.0, ""graph"": 163.0}",True,1926.5,False,False,True,0.0,,0.097,False,0.0,,0.097,False,0.0,,0.097,False
182.387,901,slm,TOWNSIM_CALIB_0,0,deliberative,FRENAR,3,9.739105604352424,False,-143.5603790283203,74.5107421875,-30.19862937927246,,,,102.5,False,,,"{""telemetry"": 1.0, ""graph"": 156.6}",True,1926.5,False,False,True,0.0,,0.0,False,0.0,,0.0,False,0.0,,0.0,False
182.574,902,slm,TOWNSIM_CALIB_0,0,deliberative,FRENAR,3,9.542482921165796,False,-143.59375,74.67822265625,-30.216093063354492,,,,102.55,False,,,"{""telemetry"": 1.0, ""graph"": 141.9}",True,1926.5,False,False,True,0.004,62.73,0.298,False,0.0,54.4,0.299,False,0.0,72.01,0.253,False
182.783,903,slm,TOWNSIM_CALIB_0,0,deliberative,FRENAR,3,9.389109038798157,False,-143.62242126464844,74.82221984863281,-30.229150772094727,,,,102.57,False,,,"{""telemetry"": 1.0, ""graph"": 149.2}",True,1926.5,False,False,True,0.0,,0.0,False,0.0,,0.0,False,0.0,,0.0,False
182.967,904,slm,TOWNSIM_CALIB_0,0,deliberative,FRENAR,3,9.27211989332413,False,-143.64175415039062,74.91934967041016,-30.23551368713379,,,,102.58,False,,,"{""telemetry"": 1.0, ""graph"": 131.5}",True,1926.5,False,False,True,0.0,,0.0,False,0.0,,0.0,False,0.0,,0.0,False
183.185,905,slm,TOWNSIM_CALIB_0,0,deliberative,FRENAR,3,9.18503062957505,False,-143.658447265625,75.00323486328125,-30.23888397216797,,,,102.58,False,,,"{""telemetry"": 1.5, ""graph"": 148.0}",True,1926.5,False,False,True,0.0,,0.0,False,0.0,,0.0,False,0.0,,0.0,False
183.388,906,slm,TOWNSIM_CALIB_0,0,deliberative,FRENAR,3,9.120263147795121,False,-143.6693572998047,75.05818939208984,-30.239839553833008,,,,102.59,False,,,"{""telemetry"": 1.0, ""graph"": 149.6}",True,1926.5,False,False,True,0.0,,0.0,False,0.0,,0.0,False,0.0,,0.0,False
183.576,907,slm,TOWNSIM_CALIB_0,0,deliberative,MANTENER_RUMBO,3,9.070105105914825,False,-143.67796325683594,75.101318359375,-30.23978614807129,,,,102.59,False,,,"{""telemetry"": 1.5, ""graph"": 135.3}",True,1657.5,False,False,True,0.0,,0.0,False,0.0,,0.0,False,0.0,,0.0,False
183.794,908,slm,TOWNSIM_CALIB_0,0,reactive,MANTENER_RUMBO,3,9.032661229920794,False,-143.68548583984375,75.13926696777344,-30.23582649230957,,,,102.61,False,,,"{""telemetry"": 1.0, ""graph"": 152.5}",False,,,,,0.0,,0.0,False,0.0,,0.0,False,0.0,,0.0,False
183.995,909,slm,TOWNSIM_CALIB_0,0,deliberative,FRENAR,3,8.985268532459017,False,-143.69961547851562,75.20499420166016,-30.2830867767334,,,,102.84,False,,,"{""telemetry"": 1.0, ""graph"": 151.5}",True,1657.5,False,False,True,0.11,0.39,0.308,False,0.049,0.14,0.308,False,0.141,0.41,0.308,False
184.198,910,slm,TOWNSIM_CALIB_0,0,deliberative,FRENAR,3,8.849590059348557,False,-143.74195861816406,75.39645385742188,-30.38029670715332,,,,103.28,False,,,"{""telemetry"": 0.5, ""graph"": 154.2}",True,1657.5,False,False,True,0.0,,0.0,False,0.0,,0.0,False,0.0,,0.0,False
184.398,911,slm,TOWNSIM_CALIB_0,0,deliberative,FRENAR,3,8.641904513324008,False,-143.78306579589844,75.58174896240234,-30.365955352783203,,,,103.49,False,,,"{""telemetry"": 1.0, ""graph"": 151.6}",True,1657.5,False,False,True,0.0,,0.063,False,0.0,,0.063,False,0.0,,0.063,False
184.593,912,slm,TOWNSIM_CALIB_0,0,deliberative,FRENAR,3,8.437001809445123,False,-143.82861328125,75.78694152832031,-30.354108810424805,,,,103.61,False,,,"{""telemetry"": 1.0, ""graph"": 145.5}",True,1657.5,False,False,True,0.0,,0.0,False,0.0,,0.0,False,0.0,,0.0,False
184.798,913,slm,TOWNSIM_CALIB_0,0,deliberative,FRENAR,3,8.267113944611305,False,-143.86077880859375,75.93192291259766,-30.350990295410156,,,,103.65,False,,,"{""telemetry"": 1.0, ""graph"": 148.4}",True,1657.5,False,False,True,0.0,,0.037,False,0.0,,0.037,False,0.0,,0.037,False
185.012,914,slm,TOWNSIM_CALIB_0,0,deliberative,FRENAR,3,8.134151177419948,False,-143.8902130126953,76.0645751953125,-30.346309661865234,,,,103.67,False,,,"{""telemetry"": 2.0, ""graph"": 160.0}",True,1657.5,False,False,True,0.0,,0.0,False,0.0,,0.0,False,0.0,,0.0,False
185.182,915,slm,TOWNSIM_CALIB_0,0,deliberative,FRENAR,3,8.033785312331977,False,-143.9072723388672,76.14138793945312,-30.34151840209961,,,,103.68,False,,,"{""telemetry"": 1.0, ""graph"": 129.5}",True,1657.5,False,False,True,0.0,,0.0,False,0.0,,0.0,False,0.0,,0.0,False
185.413,916,slm,TOWNSIM_CALIB_0,0,deliberative,FRENAR,3,7.956627291688992,False,-143.9242706298828,76.21794891357422,-30.334556579589844,,,,103.68,False,,,"{""telemetry"": 1.0, ""graph"": 159.1}",True,1657.5,False,False,True,0.0,,0.0,False,0.0,,0.0,False,0.0,,0.0,False
185.611,917,slm,TOWNSIM_CALIB_0,0,deliberative,FRENAR,3,7.897911434858755,False,-143.93544006347656,76.26828002929688,-30.32843589782715,,,,103.68,False,,,"{""telemetry"": 2.0, ""graph"": 153.5}",True,1657.5,False,False,True,0.0,,0.0,False,0.0,,0.0,False,0.0,,0.0,False
185.814,918,slm,TOWNSIM_CALIB_0,0,deliberative,MANTENER_RUMBO,3,7.855247703262141,False,-143.94374084472656,76.30592346191406,-30.322830200195312,,,,103.68,False,,,"{""telemetry"": 1.0, ""graph"": 156.5}",True,1724.6,False,False,True,0.0,,0.0,False,0.0,,0.0,False,0.0,,0.0,False
186.005,919,slm,TOWNSIM_CALIB_0,0,reactive,MANTENER_RUMBO,3,7.822767082556227,False,-143.94972229003906,76.33268737792969,-30.314783096313477,,,,103.7,False,,,"{""telemetry"": 1.5, ""graph"": 145.0}",False,,,,,0.0,,0.0,False,0.0,,0.0,False,0.0,,0.0,False
186.217,920,slm,TOWNSIM_CALIB_0,0,deliberative,FRENAR,3,7.7796088829318855,False,-143.96473693847656,76.3960952758789,-30.343849182128906,,,,103.9,False,,,"{""telemetry"": 1.0, ""graph"": 155.5}",True,1724.6,False,False,True,0.102,0.33,0.242,False,0.056,0.11,0.242,False,0.125,0.43,0.242,False
186.408,921,slm,TOWNSIM_CALIB_0,0,deliberative,FRENAR,3,7.647949252897994,False,-144.0070037841797,76.57100677490234,-30.416765213012695,,,,104.27,False,,,"{""telemetry"": 1.0, ""graph"": 146.0}",True,1724.6,False,False,True,0.0,,0.0,False,0.0,,0.0,False,0.0,,0.0,False
186.641,922,slm,TOWNSIM_CALIB_0,0,deliberative,FRENAR,3,7.4454657676848734,False,-144.0609130859375,76.7933349609375,-30.395219802856445,,,,104.48,False,,,"{""telemetry"": 1.0, ""graph"": 177.0}",True,1724.6,False,False,True,0.0,,0.007,False,0.0,,0.007,False,0.0,,0.007,False
186.818,923,slm,TOWNSIM_CALIB_0,0,deliberative,FRENAR,3,7.244464885967819,False,-144.10345458984375,76.96893310546875,-30.388139724731445,,,,104.57,False,,,"{""telemetry"": 1.0, ""graph"": 152.4}",True,1724.6,False,False,True,0.0,,0.0,False,0.0,,0.0,False,0.0,,0.0,False
187.014,924,slm,TOWNSIM_CALIB_0,0,deliberative,FRENAR,3,7.0747568538170045,False,-144.13870239257812,77.11439514160156,-30.38681983947754,,,,104.6,False,,,"{""telemetry"": 2.0, ""graph"": 146.0}",True,1724.6,False,False,True,0.0,,0.0,False,0.0,,0.0,False,0.0,,0.0,False
187.214,925,slm,TOWNSIM_CALIB_0,0,deliberative,FRENAR,3,6.94168775314066,False,-144.16746520996094,77.23307800292969,-30.384321212768555,,,,104.62,False,,,"{""telemetry"": 1.0, ""graph"": 144.3}",True,1724.6,False,False,True,0.0,,0.0,False,0.0,,0.0,False,0.0,,0.0,False
187.407,926,slm,TOWNSIM_CALIB_0,0,deliberative,FRENAR,3,6.841255195268221,False,-144.18844604492188,77.31973266601562,-30.38026237487793,,,,104.63,False,,,"{""telemetry"": 0.5, ""graph"": 136.7}",True,1724.6,False,False,True,0.0,,0.0,False,0.0,,0.0,False,0.0,,0.0,False
187.662,927,slm,TOWNSIM_CALIB_0,0,deliberative,FRENAR,3,6.763999763708491,False,-144.2086181640625,77.40301513671875,-30.373756408691406,,,,104.63,False,,,"{""telemetry"": 1.0, ""graph"": 191.0}",True,1724.6,False,False,True,0.0,,0.0,False,0.0,,0.0,False,0.0,,0.0,False
187.817,928,slm,TOWNSIM_CALIB_0,0,deliberative,FRENAR,3,6.705960109921431,False,-144.2179412841797,77.44136047363281,-30.36966323852539,,,,104.63,False,,,"{""telemetry"": 2.0, ""graph"": 142.0}",True,1724.6,False,False,True,0.0,,0.0,False,0.0,,0.0,False,0.0,,0.0,False
188.014,929,slm,TOWNSIM_CALIB_0,0,deliberative,FRENAR,3,6.66246123501359,False,-144.226806640625,77.47809600830078,-30.36492156982422,,,,104.63,False,,,"{""telemetry"": 1.5, ""graph"": 137.8}",True,1724.6,False,False,True,0.0,,0.0,False,0.0,,0.0,False,0.0,,0.0,False
188.236,930,slm,TOWNSIM_CALIB_0,0,deliberative,MANTENER_RUMBO,3,6.630333438635672,False,-144.2345428466797,77.50994110107422,-30.35996437072754,,,,104.63,False,,,"{""telemetry"": 1.5, ""graph"": 159.8}",True,1907.1,False,False,True,0.0,,0.0,False,0.0,,0.0,False,0.0,,0.0,False
188.437,931,slm,TOWNSIM_CALIB_0,0,reactive,MANTENER_RUMBO,3,6.605918461087855,False,-144.239990234375,77.53221893310547,-30.353822708129883,,,,104.65,False,,,"{""telemetry"": 1.0, ""graph"": 159.6}",False,,,,,0.0,,0.0,False,0.0,,0.0,False,0.0,,0.0,False
188.618,932,slm,TOWNSIM_CALIB_0,0,reactive,MANTENER_RUMBO,3,6.567543826065123,False,-144.25534057617188,77.59192657470703,-30.398752212524414,,,,104.83,False,,,"{""telemetry"": 1.0, ""graph"": 138.0}",False,,,,,0.0,,0.0,False,0.0,,0.0,False,0.0,,0.0,False
188.812,933,slm,TOWNSIM_CALIB_0,0,reactive,MANTENER_RUMBO,3,6.442259102237009,False,-144.297119140625,77.752685546875,-30.4854793548584,,,,105.15,False,,,"{""telemetry"": 1.0, ""graph"": 131.0}",False,,,,,0.0,,0.0,False,0.0,,0.0,False,0.0,,0.0,False
189.027,934,slm,TOWNSIM_CALIB_0,0,reactive,MANTENER_RUMBO,3,6.2189242776420155,False,-144.36753845214844,78.02314758300781,-30.5509090423584,,,,105.55,False,,,"{""telemetry"": 1.0, ""graph"": 144.5}",False,,,,,0.0,,0.0,False,0.0,,0.0,False,0.0,,0.0,False
189.216,935,slm,TOWNSIM_CALIB_0,0,reactive,MANTENER_RUMBO,3,5.912948602925363,False,-144.44830322265625,78.33296966552734,-30.578445434570312,,,,105.92,False,,,"{""telemetry"": 1.0, ""graph"": 132.6}",False,,,,,0.0,,0.0,False,0.0,,0.0,False,0.0,,0.0,False
189.442,936,slm,TOWNSIM_CALIB_0,0,reactive,MANTENER_RUMBO,3,5.54013717877673,False,-144.5621795654297,78.76958465576172,-30.58475685119629,,,,106.38,False,,,"{""telemetry"": 1.0, ""graph"": 155.4}",False,,,,,0.0,,0.0,False,0.0,,0.0,False,0.0,,0.0,False
189.633,937,slm,TOWNSIM_CALIB_0,0,reactive,MANTENER_RUMBO,3,5.122334986808969,False,-144.6587677001953,79.13994598388672,-30.57758903503418,,,,106.73,False,,,"{""telemetry"": 1.0, ""graph"": 145.5}",False,,,,,0.0,,0.01,False,0.0,,0.01,False,0.0,,0.01,False
189.821,938,slm,TOWNSIM_CALIB_0,0,reactive,MANTENER_RUMBO,3,4.660063783394214,False,-144.7844696044922,79.62191772460938,-30.55930519104004,,,,107.15,False,,,"{""telemetry"": 1.0, ""graph"": 132.5}",False,,,,,0.0,,0.0,False,0.0,,0.0,False,0.0,,0.0,False
190.045,939,slm,TOWNSIM_CALIB_0,0,reactive,MANTENER_RUMBO,3,4.16949311139046,False,-144.9169464111328,80.12320709228516,-30.523221969604492,,,,107.48,False,,,"{""telemetry"": 1.5, ""graph"": 152.0}",False,,,,,0.0,,0.072,False,0.0,,0.072,False,0.0,,0.072,False
190.248,940,slm,TOWNSIM_CALIB_0,0,reactive,MANTENER_RUMBO,3,3.666485508689672,False,-145.05450439453125,80.62850952148438,-30.48461151123047,,,,107.73,False,,,"{""telemetry"": 1.0, ""graph"": 155.4}",False,,,,,0.0,,0.018,False,0.0,,0.018,False,0.0,,0.018,False
190.461,941,slm,TOWNSIM_CALIB_0,0,reactive,MANTENER_RUMBO,4,146.3973382929264,False,-145.2177276611328,81.21060180664062,-30.43994140625,,,,107.98,False,,,"{""telemetry"": 1.0, ""graph"": 167.5}",False,,,,,0.0,,0.0,False,0.0,,0.0,False,0.0,,0.0,False
190.63,942,slm,TOWNSIM_CALIB_0,0,reactive,MANTENER_RUMBO,4,146.53474602355874,False,-145.34593200683594,81.656494140625,-30.411865234375,,,,108.06,False,,,"{""telemetry"": 1.0, ""graph"": 135.5}",False,,,,,0.0,,0.0,False,0.0,,0.0,False,0.0,,0.0,False
190.84,943,slm,TOWNSIM_CALIB_0,0,reactive,MANTENER_RUMBO,4,146.67104635817037,False,-145.492919921875,82.15812683105469,-30.412260055541992,,,,106.73,False,,,"{""telemetry"": 1.0, ""graph"": 143.6}",False,,,,,0.0,,0.0,False,0.0,,0.0,False,0.0,,0.0,False
191.008,944,slm,TOWNSIM_CALIB_0,0,reactive,MANTENER_RUMBO,4,146.79312956004125,False,-145.6222686767578,82.59339141845703,-30.431255340576172,,,,103.6,False,,,"{""telemetry"": 1.0, ""graph"": 110.7}",False,,,,,0.0,,0.0,False,0.0,,0.0,False,0.0,,0.0,False
191.184,945,slm,TOWNSIM_CALIB_0,0,reactive,MANTENER_RUMBO,4,146.89830521664243,False,-145.7140350341797,82.90022277832031,-30.45088768005371,,,,99.98,False,,,"{""telemetry"": 1.0, ""graph"": 84.4}",False,,,,,0.0,,0.0,False,0.0,,0.0,False,0.0,,0.0,False
191.384,946,slm,TOWNSIM_CALIB_0,0,reactive,MANTENER_RUMBO,4,146.9835299639682,False,-145.79550170898438,83.17243957519531,-30.462358474731445,,,,95.7,False,,,"{""telemetry"": 1.0, ""graph"": 82.9}",False,,,,,0.0,,0.0,False,0.0,,0.0,False,0.0,,0.0,False
191.6,947,slm,TOWNSIM_CALIB_0,0,reactive,MANTENER_RUMBO,4,147.05083784383794,False,-145.8647003173828,83.40399169921875,-30.448753356933594,,,,90.41,False,,,"{""telemetry"": 1.0, ""graph"": 97.0}",False,,,,,0.0,,0.0,False,0.0,,0.0,False,0.0,,0.0,False
191.792,948,slm,TOWNSIM_CALIB_0,0,reactive,MANTENER_RUMBO,4,147.10322911088372,False,-145.91180419921875,83.56282806396484,-30.423856735229492,,,,84.96,False,,,"{""telemetry"": 1.0, ""graph"": 87.5}",False,,,,,0.0,,0.0,False,0.0,,0.0,False,0.0,,0.0,False
192.018,949,slm,TOWNSIM_CALIB_0,0,reactive,MANTENER_RUMBO,4,147.1428560103637,False,-145.9516143798828,83.69879150390625,-30.389596939086914,,,,78.53,False,,,"{""telemetry"": 2.0, ""graph"": 111.0}",False,,,,,0.0,,0.0,False,0.0,,0.0,False,0.0,,0.0,False
192.213,950,slm,TOWNSIM_CALIB_0,0,reactive,MANTENER_RUMBO,4,147.17354080469357,False,-145.98007202148438,83.79818725585938,-30.363004684448242,,,,72.71,False,,,"{""telemetry"": 1.0, ""graph"": 105.1}",False,,,,,0.0,,0.0,False,0.0,,0.0,False,0.0,,0.0,False
192.401,951,slm,TOWNSIM_CALIB_0,0,reactive,MANTENER_RUMBO,4,147.1963842532866,False,-145.99908447265625,83.86634826660156,-30.35456085205078,,,,67.97,False,,,"{""telemetry"": 0.5, ""graph"": 92.2}",False,,,,,0.0,,0.0,False,0.0,,0.0,False,0.0,,0.0,False
192.595,952,slm,TOWNSIM_CALIB_0,0,reactive,MANTENER_RUMBO,4,147.21283375029932,False,-146.01400756835938,83.92218780517578,-30.346193313598633,,,,63.38,False,,,"{""telemetry"": 1.0, ""graph"": 84.5}",False,,,,,0.0,,0.0,False,0.0,,0.0,False,0.0,,0.0,False
192.813,953,slm,TOWNSIM_CALIB_0,0,reactive,MANTENER_RUMBO,4,147.22478688146094,False,-146.0256805419922,83.9682846069336,-30.337936401367188,,,,58.84,False,,,"{""telemetry"": 1.0, ""graph"": 101.8}",False,,,,,0.0,,0.0,False,0.0,,0.0,False,0.0,,0.0,False
193.008,954,slm,TOWNSIM_CALIB_0,0,reactive,MANTENER_RUMBO,4,147.23316169660305,False,-146.03292846679688,83.99910736083984,-30.33152198791504,,,,55.08,False,,,"{""telemetry"": 1.0, ""graph"": 94.0}",False,,,,,0.0,,0.0,False,0.0,,0.0,False,0.0,,0.0,False
193.217,955,slm,TOWNSIM_CALIB_0,0,reactive,MANTENER_RUMBO,4,147.23894064612088,False,-146.0382080078125,84.02344512939453,-30.32571792602539,,,,51.38,False,,,"{""telemetry"": 1.0, ""graph"": 101.6}",False,,,,,0.0,,0.0,False,0.0,,0.0,False,0.0,,0.0,False
193.407,956,slm,TOWNSIM_CALIB_0,0,reactive,MANTENER_RUMBO,4,147.24280873113184,False,-146.04151916503906,84.04020690917969,-30.321163177490234,,,,48.16,False,,,"{""telemetry"": 1.0, ""graph"": 89.6}",False,,,,,0.0,,0.0,False,0.0,,0.0,False,0.0,,0.0,False
193.614,957,slm,TOWNSIM_CALIB_0,0,reactive,MANTENER_RUMBO,4,147.24536457690076,False,-146.04380798339844,84.05325317382812,-30.317129135131836,,,,45.0,False,,,"{""telemetry"": 1.0, ""graph"": 95.0}",False,,,,,0.0,,0.0,False,0.0,,0.0,False,0.0,,0.0,False
193.814,958,slm,TOWNSIM_CALIB_0,0,reactive,MANTENER_RUMBO,4,147.24707358579641,False,-146.0452423095703,84.06285858154297,-30.313743591308594,,,,42.02,False,,,"{""telemetry"": 0.5, ""graph"": 93.5}",False,,,,,0.0,,0.0,False,0.0,,0.0,False,0.0,,0.0,False
194.023,959,slm,TOWNSIM_CALIB_0,0,reactive,MANTENER_RUMBO,4,147.24805000321442,False,-146.0463104248047,84.07019805908203,-30.310771942138672,,,,39.17,False,,,"{""telemetry"": 1.0, ""graph"": 101.5}",False,,,,,0.0,,0.0,False,0.0,,0.0,False,0.0,,0.0,False
194.222,960,slm,TOWNSIM_CALIB_0,0,reactive,MANTENER_RUMBO,4,147.24905305495795,False,-146.04685974121094,84.07544708251953,-30.302785873413086,,,,36.68,False,,,"{""telemetry"": 2.5, ""graph"": 97.5}",False,,,,,0.0,,0.0,False,0.0,,0.0,False,0.0,,0.0,False
194.428,961,slm,TOWNSIM_CALIB_0,0,reactive,MANTENER_RUMBO,4,147.24429624558317,False,-146.03530883789062,84.08837890625,-30.276994705200195,,,,34.31,False,,,"{""telemetry"": 1.0, ""graph"": 102.3}",False,,,,,0.0,,0.0,False,0.0,,0.0,False,0.0,,0.0,False
194.628,962,slm,TOWNSIM_CALIB_0,0,reactive,MANTENER_RUMBO,4,147.2168833513526,False,-145.99447631835938,84.12136840820312,-30.26446533203125,,,,32.05,False,,,"{""telemetry"": 1.0, ""graph"": 101.4}",False,,,,,0.0,,0.0,False,0.0,,0.0,False,0.0,,0.0,False
194.822,963,slm,TOWNSIM_CALIB_0,0,reactive,MANTENER_RUMBO,4,147.15396011881845,False,-145.92054748535156,84.1753158569336,-30.268693923950195,,,,30.0,False,,,"{""telemetry"": 0.5, ""graph"": 95.1}",False,,,,,0.0,,0.0,False,0.0,,0.0,False,0.0,,0.0,False
195.018,964,slm,TOWNSIM_CALIB_0,0,reactive,MANTENER_RUMBO,4,147.0507811922623,False,-145.80569458007812,84.25370025634766,-30.271991729736328,,,,27.97,False,,,"{""telemetry"": 1.0, ""graph"": 88.0}",False,,,,,0.0,,0.0,False,0.0,,0.0,False,0.0,,0.0,False
195.228,965,slm,TOWNSIM_CALIB_0,0,reactive,MANTENER_RUMBO,4,146.9090532889333,False,-145.64547729492188,84.35589599609375,-30.287702560424805,,,,25.77,False,,,"{""telemetry"": 1.5, ""graph"": 96.0}",False,,,,,0.0,,0.0,False,0.0,,0.0,False,0.0,,0.0,False
195.438,966,slm,TOWNSIM_CALIB_0,0,reactive,MANTENER_RUMBO,4,146.71806748844818,False,-145.42994689941406,84.4857406616211,-30.29485321044922,,,,23.46,False,,,"{""telemetry"": 1.0, ""graph"": 105.4}",False,,,,,0.0,,0.0,False,0.0,,0.0,False,0.0,,0.0,False
195.654,967,slm,TOWNSIM_CALIB_0,0,reactive,MANTENER_RUMBO,4,146.49436730164032,False,-145.17288208007812,84.63241577148438,-30.27989387512207,,,,21.36,False,,,"{""telemetry"": 1.0, ""graph"": 119.0}",False,,,,,0.0,,0.0,False,0.0,,0.0,False,0.0,,0.0,False
195.91,968,slm,TOWNSIM_CALIB_0,0,reactive,MANTENER_RUMBO,4,146.24164283757236,False,-144.93240356445312,84.76070404052734,-30.2553653717041,,,,19.66,False,,,"{""telemetry"": 1.5, ""graph"": 173.1}",False,,,,,0.0,,0.0,False,0.0,,0.0,False,0.0,,0.0,False
196.111,969,slm,TOWNSIM_CALIB_0,0,reactive,MANTENER_RUMBO,4,145.9762677294799,False,-144.63223266601562,84.90836334228516,-30.251798629760742,,,,17.7,False,,,"{""telemetry"": 0.5, ""graph"": 173.0}",False,,,,,0.0,,0.0,False,0.0,,0.0,False,0.0,,0.0,False
196.289,970,slm,TOWNSIM_CALIB_0,0,reactive,MANTENER_RUMBO,4,145.6703682012333,False,-144.34471130371094,85.03948211669922,-30.255224227905273,,,,15.86,False,,,"{""telemetry"": 1.0, ""graph"": 150.0}",False,,,,,0.0,,0.0,False,0.0,,0.0,False,0.0,,0.0,False
196.439,971,slm,TOWNSIM_CALIB_0,0,reactive,MANTENER_RUMBO,4,145.3294242221896,False,-143.9913330078125,85.19196319580078,-30.257158279418945,,,,13.75,False,,,"{""telemetry"": 1.0, ""graph"": 97.0}",False,,,,,0.0,,0.0,False,0.0,,0.0,False,0.0,,0.0,False
196.66,972,slm,TOWNSIM_CALIB_0,0,reactive,MANTENER_RUMBO,4,144.95864902195547,False,-143.58477783203125,85.36019897460938,-30.245075225830078,,,,11.67,False,,,"{""telemetry"": 1.0, ""graph"": 118.0}",False,,,,,0.0,,0.0,False,0.0,,0.0,False,0.0,,0.0,False
196.891,973,slm,TOWNSIM_CALIB_0,0,reactive,MANTENER_RUMBO,4,144.5775688465919,False,-143.22813415527344,85.49844360351562,-30.233366012573242,,,,10.07,False,,,"{""telemetry"": 0.5, ""graph"": 146.4}",False,,,,,0.0,,0.0,False,0.0,,0.0,False,0.0,,0.0,False
197.063,974,slm,TOWNSIM_CALIB_0,0,reactive,MANTENER_RUMBO,4,144.17530452622026,False,-142.77252197265625,85.65662384033203,-30.226547241210938,,,,7.98,False,,,"{""telemetry"": 1.5, ""graph"": 117.5}",False,,,,,0.0,,0.0,False,0.0,,0.0,False,0.0,,0.0,False
197.327,975,slm,TOWNSIM_CALIB_0,0,evasive,EVADIR_IZQUIERDA,4,143.75056587056733,False,-142.3632049560547,85.78453063964844,-30.221824645996094,,,,6.16,False,,,"{""telemetry"": 1.0, ""graph"": 180.1}",False,,,,,0.011,4.2,0.169,False,0.009,5.57,0.169,False,0.014,9.36,0.169,False
197.451,976,slm,TOWNSIM_CALIB_0,0,reactive,MANTENER_RUMBO,4,143.31205318000207,False,-141.9237060546875,85.91131591796875,-30.21565818786621,,,,4.15,False,,,"{""telemetry"": 1.5, ""graph"": 101.7}",False,,,,,0.0,,0.0,False,0.0,,0.0,False,0.0,,0.0,False
197.678,977,slm,TOWNSIM_CALIB_0,0,reactive,MANTENER_RUMBO,4,142.85897453113452,False,-141.44024658203125,86.04026794433594,-30.21464729309082,,,,1.86,False,,,"{""telemetry"": 1.9, ""graph"": 127.5}",False,,,,,0.0,,0.0,False,0.0,,0.0,False,0.0,,0.0,False
197.914,978,slm,TOWNSIM_CALIB_0,0,reactive,MANTENER_RUMBO,4,142.43654913678117,False,-141.02638244628906,86.13667297363281,-30.19974708557129,,,,0.33,False,,,"{""telemetry"": 0.0, ""graph"": 164.1}",False,,,,,0.0,,0.0,False,0.0,,0.0,False,0.0,,0.0,False
198.118,979,slm,TOWNSIM_CALIB_0,0,reactive,MANTENER_RUMBO,4,142.01255192371076,False,-140.5866241455078,86.2186508178711,-30.192310333251953,,,,-1.36,False,,,"{""telemetry"": 2.0, ""graph"": 165.5}",False,,,,,0.0,,0.0,False,0.0,,0.0,False,0.0,,0.0,False
198.346,980,slm,TOWNSIM_CALIB_0,0,reactive,MANTENER_RUMBO,4,141.56311589567989,False,-140.13308715820312,86.28561401367188,-30.1876277923584,,,,-3.03,False,,,"{""telemetry"": 0.5, ""graph"": 193.1}",False,,,,,0.0,,0.022,False,0.0,,0.022,False,0.0,,0.022,False
198.553,981,slm,TOWNSIM_CALIB_0,0,reactive,MANTENER_RUMBO,4,141.09979418449646,False,-139.6449432373047,86.3395767211914,-30.18558120727539,,,,-4.63,False,,,"{""telemetry"": 1.0, ""graph"": 197.1}",False,,,,,0.009,15.1,0.166,False,0.007,9.41,0.166,False,0.007,5.2,0.166,False
198.759,982,slm,TOWNSIM_CALIB_0,0,reactive,MANTENER_RUMBO,4,140.61738097715016,False,-139.14588928222656,86.3765640258789,-30.183837890625,,,,-6.12,False,,,"{""telemetry"": 1.5, ""graph"": 203.0}",False,,,,,0.0,,0.018,False,0.0,,0.018,False,0.0,,0.018,False
198.979,983,slm,TOWNSIM_CALIB_0,0,evasive,EVADIR_DERECHA,4,140.09583554120925,False,-138.59286499023438,86.39771270751953,-30.183088302612305,,,,-7.57,False,,,"{""telemetry"": 1.0, ""graph"": 216.6}",False,,,,,0.011,13.04,0.232,False,0.009,7.78,0.232,False,0.009,3.66,0.232,False
199.167,984,slm,TOWNSIM_CALIB_0,0,reactive,MANTENER_RUMBO,4,139.5359344322048,False,-138.0823516845703,86.40080261230469,-30.18081283569336,,,,-8.74,False,,,"{""telemetry"": 1.0, ""graph"": 185.7}",False,,,,,0.0,,0.05,False,0.0,,0.05,False,0.0,,0.05,False
199.37,985,slm,TOWNSIM_CALIB_0,0,reactive,MANTENER_RUMBO,4,138.99134127341273,False,-137.55271911621094,86.39131927490234,-30.19025421142578,,,,-8.0,False,,,"{""telemetry"": 1.5, ""graph"": 176.6}",False,,,,,0.0,,0.0,False,0.0,,0.0,False,0.0,,0.0,False
199.611,986,slm,TOWNSIM_CALIB_0,0,reactive,MANTENER_RUMBO,4,138.50785746975535,False,-136.9573211669922,86.36431884765625,-30.187702178955078,,,,-7.75,False,,,"{""telemetry"": 1.0, ""graph"": 217.5}",False,,,,,0.0,,0.0,False,0.0,,0.0,False,0.0,,0.0,False
199.791,987,slm,TOWNSIM_CALIB_0,0,reactive,MANTENER_RUMBO,4,137.97507091942745,False,-136.51290893554688,86.33155059814453,-30.189531326293945,,,,-8.18,False,,,"{""telemetry"": 1.5, ""graph"": 174.4}",False,,,,,0.0,,0.0,False,0.0,,0.0,False,0.0,,0.0,False
200.039,988,slm,TOWNSIM_CALIB_0,0,reactive,MANTENER_RUMBO,4,137.4487066687071,False,-135.9399871826172,86.27735900878906,-30.191679000854492,,,,-8.99,False,,,"{""telemetry"": 0.5, ""graph"": 211.9}",False,,,,,0.01,15.38,0.368,False,0.007,5.05,0.368,False,0.006,6.63,0.368,False
200.225,989,slm,TOWNSIM_CALIB_0,0,reactive,MANTENER_RUMBO,4,136.89779213834615,False,-135.4608917236328,86.22469329833984,-30.192480087280273,,,,-9.75,False,,,"{""telemetry"": 1.0, ""graph"": 180.4}",False,,,,,0.0,,0.081,False,0.0,,0.081,False,0.0,,0.081,False
200.432,990,slm,TOWNSIM_CALIB_0,0,reactive,MANTENER_RUMBO,4,136.364709502577,False,-134.92376708984375,86.16006469726562,-30.192581176757812,,,,-10.61,False,,,"{""telemetry"": 0.5, ""graph"": 186.1}",False,,,,,0.0,,0.062,False,0.0,,0.062,False,0.0,,0.062,False
200.626,991,slm,TOWNSIM_CALIB_0,0,reactive,MANTENER_RUMBO,4,135.82161099350634,False,-134.37777709960938,86.09007263183594,-30.192176818847656,,,,-11.5,False,,,"{""telemetry"": 1.0, ""graph"": 177.3}",False,,,,,0.0,,0.062,False,0.0,,0.062,False,0.0,,0.062,False
200.834,992,slm,TOWNSIM_CALIB_0,0,reactive,MANTENER_RUMBO,4,135.2709003759966,False,-133.8085174560547,86.01372528076172,-30.191577911376953,,,,-12.4,False,,,"{""telemetry"": 1.0, ""graph"": 184.0}",False,,,,,0.0,,0.067,False,0.0,,0.067,False,0.0,,0.067,False
201.051,993,slm,TOWNSIM_CALIB_0,0,reactive,MANTENER_RUMBO,4,134.7228653884783,False,-133.25064086914062,85.93360137939453,-30.191556930541992,,,,-13.17,False,,,"{""telemetry"": 1.0, ""graph"": 199.6}",False,,,,,0.0,,0.043,False,0.0,,0.043,False,0.0,,0.043,False
201.245,994,slm,TOWNSIM_CALIB_0,0,reactive,MANTENER_RUMBO,4,134.16219372097333,False,-132.67210388183594,85.84245300292969,-30.191537857055664,,,,-13.9,False,,,"{""telemetry"": 1.0, ""graph"": 189.6}",False,,,,,0.0,,0.105,False,0.0,,0.105,False,0.0,,0.105,False
201.454,995,slm,TOWNSIM_CALIB_0,0,reactive,MANTENER_RUMBO,4,133.5560004261702,False,-132.09906005859375,85.74471282958984,-30.19137954711914,,,,-14.57,False,,,"{""telemetry"": 1.0, ""graph"": 184.1}",False,,,,,0.01,7.53,0.384,False,0.008,7.87,0.384,False,0.009,14.84,0.384,False
201.655,996,slm,TOWNSIM_CALIB_0,0,reactive,MANTENER_RUMBO,4,132.99786776296395,False,-131.5322723388672,85.6402587890625,-30.19161033630371,,,,-15.1,False,,,"{""telemetry"": 1.0, ""graph"": 182.1}",False,,,,,0.0,,0.068,False,0.0,,0.068,False,0.0,,0.068,False
201.854,997,slm,TOWNSIM_CALIB_0,0,reactive,MANTENER_RUMBO,4,132.4465530307648,False,-130.9726104736328,85.52872467041016,-30.1917667388916,,,,-15.52,False,,,"{""telemetry"": 1.0, ""graph"": 180.1}",False,,,,,0.009,9.24,0.3,False,0.008,11.03,0.3,False,0.008,15.76,0.3,False
202.07,998,slm,TOWNSIM_CALIB_0,0,reactive,MANTENER_RUMBO,4,131.87720689156487,False,-130.38641357421875,85.40325164794922,-30.191946029663086,,,,-15.82,False,,,"{""telemetry"": 1.5, ""graph"": 193.0}",False,,,,,0.01,14.86,0.477,False,0.008,15.08,0.477,False,0.009,10.7,0.477,False
202.253,999,slm,TOWNSIM_CALIB_0,0,reactive,MANTENER_RUMBO,4,131.32420734399935,False,-129.8849639892578,85.28926849365234,-30.191892623901367,,,,-16.0,False,,,"{""telemetry"": 1.0, ""graph"": 175.5}",False,,,,,0.01,10.79,0.314,False,0.007,16.77,0.314,False,0.009,19.79,0.314,False
202.461,1000,slm,TOWNSIM_CALIB_0,0,reactive,MANTENER_RUMBO,4,130.76234696501302,False,-129.297607421875,85.14949798583984,-30.191646575927734,,,,-16.17,False,,,"{""telemetry"": 0.5, ""graph"": 184.1}",False,,,,,0.01,10.3,0.247,False,0.008,17.06,0.247,False,0.009,18.82,0.247,False
202.669,1001,slm,TOWNSIM_CALIB_0,0,reactive,MANTENER_RUMBO,4,130.19151826976974,False,-128.70159912109375,85.00140380859375,-30.19137954711914,,,,-16.21,False,,,"{""telemetry"": 1.5, ""graph"": 189.5}",False,,,,,0.01,13.06,0.314,False,0.007,7.38,0.314,False,0.008,7.4,0.314,False
202.841,1002,slm,TOWNSIM_CALIB_0,0,reactive,MANTENER_RUMBO,4,129.63786281334117,False,-128.207763671875,84.8743896484375,-30.191049575805664,,,,-16.19,False,,,"{""telemetry"": 1.5, ""graph"": 160.5}",False,,,,,0.01,9.77,0.183,False,0.008,18.19,0.183,False,0.008,18.88,0.183,False
203.048,1003,slm,TOWNSIM_CALIB_0,0,reactive,MANTENER_RUMBO,4,129.06745148851186,False,-127.62911987304688,84.72137451171875,-30.19058609008789,,,,-16.12,False,,,"{""telemetry"": 1.0, ""graph"": 165.8}",False,,,,,0.0,,0.13,False,0.0,,0.13,False,0.0,,0.13,False
203.266,1004,slm,TOWNSIM_CALIB_0,0,reactive,MANTENER_RUMBO,4,128.50627037167453,False,-127.04254913330078,84.56259155273438,-30.190059661865234,,,,-15.9,False,,,"{""telemetry"": 1.0, ""graph"": 182.3}",False,,,,,0.01,8.19,0.199,False,0.008,10.05,0.199,False,0.009,14.04,0.199,False
203.481,1005,slm,TOWNSIM_CALIB_0,0,reactive,MANTENER_RUMBO,4,127.94580067512564,False,-126.41410064697266,84.38932037353516,-30.189470291137695,,,,-15.56,False,,,"{""telemetry"": 1.5, ""graph"": 195.6}",False,,,,,0.01,9.15,0.153,False,0.007,18.5,0.153,False,0.008,19.87,0.153,False
203.634,1006,slm,TOWNSIM_CALIB_0,0,reactive,MANTENER_RUMBO,4,127.38605987806532,False,-125.95597076416016,84.26146697998047,-30.188955307006836,,,,-15.28,False,,,"{""telemetry"": 0.5, ""graph"": 148.0}",False,,,,,0.0,,0.011,False,0.0,,0.011,False,0.0,,0.011,False
203.86,1007,slm,TOWNSIM_CALIB_0,0,reactive,MANTENER_RUMBO,4,126.81857541221727,False,-125.37960815429688,84.09962463378906,-30.18830680847168,,,,-14.79,False,,,"{""telemetry"": 1.0, ""graph"": 171.6}",False,,,,,0.01,8.26,0.286,False,0.008,13.26,0.286,False,0.009,16.2,0.286,False
204.05,1008,slm,TOWNSIM_CALIB_0,0,reactive,MANTENER_RUMBO,4,126.2520075818942,False,-124.80400848388672,83.93822479248047,-30.187658309936523,,,,-14.22,False,,,"{""telemetry"": 1.0, ""graph"": 160.5}",False,,,,,0.0,,0.085,False,0.0,,0.085,False,0.0,,0.085,False
204.274,1009,slm,TOWNSIM_CALIB_0,0,reactive,MANTENER_RUMBO,4,125.69484369222789,False,-124.20370483398438,83.77043151855469,-30.186981201171875,,,,-13.57,False,,,"{""telemetry"": 2.0, ""graph"": 180.4}",False,,,,,0.008,13.82,0.163,False,0.006,23.37,0.163,False,0.009,18.17,0.163,False
204.464,1010,slm,TOWNSIM_CALIB_0,0,reactive,MANTENER_RUMBO,4,125.13003099128791,False,-123.68016815185547,83.62567138671875,-30.186498641967773,,,,-12.9,False,,,"{""telemetry"": 1.0, ""graph"": 171.1}",False,,,,,0.007,8.48,0.3,False,0.008,12.61,0.3,False,0.009,18.12,0.3,False
204.694,1011,slm,TOWNSIM_CALIB_0,0,reactive,MANTENER_RUMBO,4,124.58287804882328,False,-123.06444549560547,83.45880889892578,-30.185941696166992,,,,-12.04,False,,,"{""telemetry"": 1.0, ""graph"": 200.2}",False,,,,,0.009,13.8,0.276,False,0.007,11.28,0.277,False,0.009,14.36,0.277,False
204.909,1012,slm,TOWNSIM_CALIB_0,0,reactive,MANTENER_RUMBO,4,124.01970116579915,False,-122.46622467041016,83.30000305175781,-30.185400009155273,,,,-11.17,False,,,"{""telemetry"": 1.0, ""graph"": 211.6}",False,,,,,0.0,,0.064,False,0.0,,0.064,False,0.0,,0.064,False
205.076,1013,slm,TOWNSIM_CALIB_0,0,reactive,MANTENER_RUMBO,4,123.43201035478351,False,-121.97787475585938,83.17242431640625,-30.184974670410156,,,,-10.43,False,,,"{""telemetry"": 1.0, ""graph"": 163.9}",False,,,,,0.01,14.3,0.303,False,0.007,22.66,0.296,False,0.008,16.06,0.301,False
205.272,1014,slm,TOWNSIM_CALIB_0,0,reactive,MANTENER_RUMBO,4,122.87012804684501,False,-121.45613098144531,83.03984069824219,-30.184825897216797,,,,-9.56,False,,,"{""telemetry"": 1.0, ""graph"": 158.0}",False,,,,,0.008,4.86,0.161,False,0.007,11.37,0.161,False,0.009,14.56,0.161,False
205.49,1015,slm,TOWNSIM_CALIB_0,0,reactive,MANTENER_RUMBO,4,122.31694736549143,False,-120.8254165649414,82.88729858398438,-30.18472671508789,,,,-8.44,False,,,"{""telemetry"": 1.0, ""graph"": 172.9}",False,,,,,0.0,,0.024,False,0.0,,0.024,False,0.0,,0.024,False
205.707,1016,slm,TOWNSIM_CALIB_0,0,reactive,MANTENER_RUMBO,4,121.76415950954018,False,-120.25370025634766,82.7559814453125,-30.184480667114258,,,,-7.39,False,,,"{""telemetry"": 1.5, ""graph"": 189.1}",False,,,,,0.0,,0.056,False,0.0,,0.056,False,0.0,,0.056,False
205.902,1017,slm,TOWNSIM_CALIB_0,0,reactive,MANTENER_RUMBO,4,121.20305868022575,False,-119.69044494628906,82.63184356689453,-30.184097290039062,,,,-6.35,False,,,"{""telemetry"": 0.3, ""graph"": 183.6}",False,,,,,0.0,,0.01,False,0.0,,0.009,False,0.0,,0.01,False
206.075,1018,slm,TOWNSIM_CALIB_0,0,reactive,MANTENER_RUMBO,4,120.64232330045864,False,-119.2116470336914,82.5294418334961,-30.183683395385742,,,,-5.46,False,,,"{""telemetry"": 1.7, ""graph"": 154.5}",False,,,,,0.0,,0.002,False,0.0,,0.002,False,0.0,,0.002,False
206.271,1019,slm,TOWNSIM_CALIB_0,0,reactive,MANTENER_RUMBO,4,120.08187848513555,False,-118.64884948730469,82.41193389892578,-30.18317222595215,,,,-4.4,False,,,"{""telemetry"": 1.0, ""graph"": 149.6}",False,,,,,0.0,,0.002,False,0.0,,0.002,False,0.0,,0.002,False
206.48,1020,slm,TOWNSIM_CALIB_0,0,reactive,MANTENER_RUMBO,4,119.53824527367713,False,-118.09445190429688,82.2984619140625,-30.182668685913086,,,,-3.37,False,,,"{""telemetry"": 1.5, ""graph"": 156.6}",False,,,,,0.0,,0.002,False,0.0,,0.002,False,0.0,,0.002,False
206.696,1021,slm,TOWNSIM_CALIB_0,0,reactive,MANTENER_RUMBO,4,118.98633931671448,False,-117.53165435791016,82.18499755859375,-30.182157516479492,,,,-2.31,False,,,"{""telemetry"": 1.5, ""graph"": 170.9}",False,,,,,0.0,,0.013,False,0.0,,0.013,False,0.0,,0.013,False
206.883,1022,slm,TOWNSIM_CALIB_0,0,reactive,MANTENER_RUMBO,4,118.44289188100382,False,-116.98565673828125,82.07610321044922,-30.18166160583496,,,,-1.29,False,,,"{""telemetry"": 1.5, ""graph"": 156.4}",False,,,,,0.0,,0.014,False,0.0,,0.014,False,0.0,,0.014,False
207.093,1023,slm,TOWNSIM_CALIB_0,0,reactive,MANTENER_RUMBO,4,117.88282941699707,False,-116.41445922851562,81.96314239501953,-30.181142807006836,,,,-0.22,False,,,"{""telemetry"": 1.0, ""graph"": 165.4}",False,,,,,0.0,,0.049,False,0.0,,0.049,False,0.0,,0.049,False
207.286,1024,slm,TOWNSIM_CALIB_0,0,reactive,MANTENER_RUMBO,4,117.32288093169397,False,-115.86006164550781,81.8541259765625,-30.180639266967773,,,,0.82,False,,,"{""telemetry"": 1.0, ""graph"": 156.8}",False,,,,,0.0,,0.015,False,0.0,,0.015,False,0.0,,0.015,False
207.487,1025,slm,TOWNSIM_CALIB_0,0,reactive,MANTENER_RUMBO,4,116.7630520343571,False,-115.3140640258789,81.74717712402344,-30.180143356323242,,,,1.84,False,,,"{""telemetry"": 1.0, ""graph"": 156.0}",False,,,,,0.0,,0.015,False,0.0,,0.015,False,0.0,,0.015,False
207.681,1026,slm,TOWNSIM_CALIB_0,0,reactive,MANTENER_RUMBO,4,116.21169649367374,False,-114.76806640625,81.64055633544922,-30.17964744567871,,,,2.86,False,,,"{""telemetry"": 1.5, ""graph"": 148.9}",False,,,,,0.0,,0.012,False,0.0,,0.012,False,0.0,,0.012,False
207.876,1027,slm,TOWNSIM_CALIB_0,0,reactive,MANTENER_RUMBO,4,115.66047077731639,False,-114.2220687866211,81.53407287597656,-30.17915153503418,,,,3.89,False,,,"{""telemetry"": 1.5, ""graph"": 141.6}",False,,,,,0.0,,0.019,False,0.0,,0.019,False,0.0,,0.019,False
208.07,1028,slm,TOWNSIM_CALIB_0,0,reactive,MANTENER_RUMBO,4,115.10101475803228,False,-113.66763305664062,81.42631530761719,-30.178647994995117,,,,4.92,False,,,"{""telemetry"": 1.0, ""graph"": 134.2}",False,,,,,0.0,,0.034,False,0.0,,0.034,False,0.0,,0.034,False
208.301,1029,slm,TOWNSIM_CALIB_0,0,reactive,MANTENER_RUMBO,4,114.54966824479224,False,-113.04547119140625,81.30549621582031,-30.178083419799805,,,,6.09,False,,,"{""telemetry"": 1.0, ""graph"": 164.1}",False,,,,,0.0,,0.059,False,0.0,,0.059,False,0.0,,0.059,False
208.522,1030,slm,TOWNSIM_CALIB_0,0,reactive,MANTENER_RUMBO,4,113.99832718729621,False,-112.46534729003906,81.19284057617188,-30.17755699157715,,,,7.17,False,,,"{""telemetry"": 1.5, ""graph"": 183.2}",False,,,,,0.0,,0.109,False,0.0,,0.109,False,0.0,,0.109,False
208.705,1031,slm,TOWNSIM_CALIB_0,0,reactive,MANTENER_RUMBO,4,113.44712320027604,False,-111.96089172363281,81.09487915039062,-30.177099227905273,,,,8.12,False,,,"{""telemetry"": 1.5, ""graph"": 165.8}",False,,,,,0.001,16.39,0.538,False,0.007,18.51,0.538,False,0.008,15.82,0.538,False
208.913,1032,slm,TOWNSIM_CALIB_0,0,reactive,MANTENER_RUMBO,4,112.88770990322432,False,-111.38076782226562,80.98222351074219,-30.176572799682617,,,,9.2,False,,,"{""telemetry"": 1.0, ""graph"": 172.7}",False,,,,,0.0,,0.083,False,0.0,,0.083,False,0.0,,0.083,False
209.112,1033,slm,TOWNSIM_CALIB_0,0,reactive,MANTENER_RUMBO,4,112.32844207220677,False,-110.80905151367188,80.87120056152344,-30.176006317138672,,,,10.27,False,,,"{""telemetry"": 1.0, ""graph"": 168.4}",False,,,,,0.003,21.78,0.403,False,0.007,20.96,0.404,False,0.008,14.56,0.404,False
209.298,1034,slm,TOWNSIM_CALIB_0,0,reactive,MANTENER_RUMBO,4,111.73594610232534,False,-110.27937316894531,80.76849365234375,-30.175556182861328,,,,11.25,False,,,"{""telemetry"": 2.5, ""graph"": 138.6}",False,,,,,0.0,,0.037,False,0.0,,0.037,False,0.0,,0.037,False
209.534,1035,slm,TOWNSIM_CALIB_0,0,reactive,MANTENER_RUMBO,4,111.18471893000745,False,-109.68157196044922,80.66998291015625,-30.187456130981445,,,,12.21,False,,,"{""telemetry"": 1.5, ""graph"": 173.1}",False,,,,,0.0,,0.145,False,0.0,,0.145,False,0.0,,0.145,False
209.723,1036,slm,TOWNSIM_CALIB_0,0,reactive,MANTENER_RUMBO,4,110.63126666191948,False,-109.14989471435547,80.61705780029297,-30.203535079956055,,,,13.04,False,,,"{""telemetry"": 1.0, ""graph"": 161.0}",False,,,,,0.0,,0.048,False,0.0,,0.048,False,0.0,,0.048,False
209.923,1037,slm,TOWNSIM_CALIB_0,0,deliberative,FRENAR,4,110.07510919335692,False,-108.60009002685547,80.59664916992188,-30.216510772705078,,,,13.87,False,,,"{""telemetry"": 1.0, ""graph"": 160.1}",True,1907.1,False,False,True,0.002,17.51,0.267,False,0.008,3.2,0.267,False,0.011,5.88,0.267,False
210.166,1038,slm,TOWNSIM_CALIB_0,0,deliberative,FRENAR,4,109.51658673792342,False,-107.9332504272461,80.61343383789062,-30.231477737426758,,,,15.37,False,,,"{""telemetry"": 2.0, ""graph"": 200.8}",True,1907.1,False,False,True,0.002,12.73,0.194,False,0.01,6.75,0.194,False,0.018,1.19,0.194,False
210.324,1039,slm,TOWNSIM_CALIB_0,0,deliberative,FRENAR,4,108.96897320713201,False,-107.50114440917969,80.64278411865234,-30.30308723449707,,,,16.12,False,,,"{""telemetry"": 0.5, ""graph"": 153.6}",True,1907.1,False,False,True,0.0,,0.0,False,0.0,,0.0,False,0.0,,0.0,False
210.539,1040,slm,TOWNSIM_CALIB_0,0,deliberative,FRENAR,4,108.49927590107306,False,-107.06278228759766,80.67900848388672,-30.421886444091797,,,,16.3,False,,,"{""telemetry"": 0.4, ""graph"": 156.0}",True,1907.1,False,False,True,0.0,,0.0,False,0.0,,0.0,False,0.0,,0.0,False
210.728,1041,slm,TOWNSIM_CALIB_0,0,deliberative,FRENAR,4,108.15333805353077,False,-106.77308654785156,80.70431518554688,-30.497507095336914,,,,16.27,False,,,"{""telemetry"": 1.5, ""graph"": 142.0}",True,1907.1,False,False,True,0.0,,0.0,False,0.0,,0.0,False,0.0,,0.0,False
210.939,1042,slm,TOWNSIM_CALIB_0,0,deliberative,FRENAR,4,107.88538824691278,False,-106.51636505126953,80.72703552246094,-30.55213165283203,,,,16.21,False,,,"{""telemetry"": 1.0, ""graph"": 151.5}",True,1907.1,False,False,True,0.0,,0.0,False,0.0,,0.0,False,0.0,,0.0,False
211.145,1043,slm,TOWNSIM_CALIB_0,0,deliberative,FRENAR,4,107.68050602399529,False,-106.33075714111328,80.7434310913086,-30.57789421081543,,,,16.17,False,,,"{""telemetry"": 1.0, ""graph"": 156.5}",True,1907.1,False,False,True,0.0,,0.0,False,0.0,,0.0,False,0.0,,0.0,False
211.363,1044,slm,TOWNSIM_CALIB_0,0,deliberative,FRENAR,4,107.521164212429,False,-106.18163299560547,80.75655364990234,-30.57021141052246,,,,16.14,False,,,"{""telemetry"": 1.0, ""graph"": 173.1}",True,1907.1,False,False,True,0.0,,0.0,False,0.0,,0.0,False,0.0,,0.0,False
211.542,1045,slm,TOWNSIM_CALIB_0,0,deliberative,FRENAR,4,107.40059138405708,False,-106.0851058959961,80.76498413085938,-30.55562400817871,,,,16.13,False,,,"{""telemetry"": 2.5, ""graph"": 146.5}",True,1907.1,False,False,True,0.0,,0.0,False,0.0,,0.0,False,0.0,,0.0,False
211.772,1046,slm,TOWNSIM_CALIB_0,0,deliberative,MANTENER_RUMBO,4,107.31140977567648,False,-105.99656677246094,80.77271270751953,-30.533002853393555,,,,16.12,False,,,"{""telemetry"": 1.5, ""graph"": 178.4}",True,1823.4,False,False,True,0.0,,0.0,False,0.0,,0.0,False,0.0,,0.0,False
211.95,1047,slm,TOWNSIM_CALIB_0,0,reactive,MANTENER_RUMBO,4,107.2444304455382,False,-105.94454193115234,80.77738952636719,-30.51058578491211,,,,16.07,False,,,"{""telemetry"": 1.0, ""graph"": 155.1}",False,,,,,0.0,,0.0,False,0.0,,0.0,False,0.0,,0.0,False
212.156,1048,slm,TOWNSIM_CALIB_0,0,girar_90,GIRAR_90,4,107.17353111421397,False,-105.85563659667969,80.79475402832031,-30.532398223876953,,,,16.14,False,,,"{""telemetry"": 1.0, ""graph"": 160.0}",False,,,,,0.031,0.38,0.365,True,0.029,0.13,0.365,True,0.028,0.43,0.365,True
212.373,1049,slm,TOWNSIM_CALIB_0,0,evasive,GIRAR_90,4,107.02329987998495,False,-105.64971923828125,80.84729766845703,-30.592775344848633,,,,16.63,False,,,"{""telemetry"": 1.5, ""graph"": 175.2}",False,,,,,0.0,,0.0,False,0.0,,0.0,False,0.0,,0.0,False
212.577,1050,slm,TOWNSIM_CALIB_0,0,deliberative,FRENAR,4,106.80628610405789,False,-105.43666076660156,80.90420532226562,-30.58638572692871,,,,18.61,False,,,"{""telemetry"": 1.0, ""graph"": 177.4}",True,1823.4,False,False,True,0.15,0.29,0.192,False,0.205,0.23,0.192,False,0.049,0.65,0.192,False
212.701,1051,slm,TOWNSIM_CALIB_0,0,deliberative,FRENAR,4,106.59068820865366,False,-105.24815368652344,80.9551010131836,-30.59907341003418,,,,21.02,False,,,"{""telemetry"": 1.5, ""graph"": 99.6}",True,1823.4,False,False,True,0.0,,0.0,False,0.0,,0.0,False,0.0,,0.0,False
212.971,1052,slm,TOWNSIM_CALIB_0,0,deliberative,FRENAR,4,106.41431291363672,False,-105.08572387695312,80.99906921386719,-30.615623474121094,,,,22.47,False,,,"{""telemetry"": 1.0, ""graph"": 168.4}",True,1823.4,False,False,True,0.006,1.28,0.2,False,0.004,11.98,0.2,False,0.0,22.04,0.2,False
213.155,1053,slm,TOWNSIM_CALIB_0,0,deliberative,FRENAR,4,106.27393810727153,False,-104.96009063720703,81.03312683105469,-30.627153396606445,,,,23.1,False,,,"{""telemetry"": 2.0, ""graph"": 149.4}",True,1823.4,False,False,True,0.0,,0.0,False,0.0,,0.0,False,0.0,,0.0,False
213.38,1054,slm,TOWNSIM_CALIB_0,0,deliberative,FRENAR,4,106.16807376655235,False,-104.85858154296875,81.06060791015625,-30.634050369262695,,,,23.39,False,,,"{""telemetry"": 1.5, ""graph"": 172.9}",True,1823.4,False,False,True,0.0,,0.0,False,0.0,,0.0,False,0.0,,0.0,False
213.552,1055,slm,TOWNSIM_CALIB_0,0,deliberative,FRENAR,4,106.08683167199632,False,-104.79569244384766,81.07763671875,-30.636865615844727,,,,23.49,False,,,"{""telemetry"": 3.0, ""graph"": 143.1}",True,1823.4,False,False,True,0.0,,0.0,False,0.0,,0.0,False,0.0,,0.0,False
213.772,1056,slm,TOWNSIM_CALIB_0,0,deliberative,FRENAR,4,106.02669128928446,False,-104.73848724365234,81.0931167602539,-30.63827133178711,,,,23.55,False,,,"{""telemetry"": 2.0, ""graph"": 161.5}",True,1823.4,False,False,True,0.0,,0.0,False,0.0,,0.0,False,0.0,,0.0,False
213.968,1057,slm,TOWNSIM_CALIB_0,0,deliberative,FRENAR,4,105.98092982618641,False,-104.69901275634766,81.10379028320312,-30.63848876953125,,,,23.57,False,,,"{""telemetry"": 1.0, ""graph"": 156.5}",True,1823.4,False,False,True,0.0,,0.0,False,0.0,,0.0,False,0.0,,0.0,False
214.164,1058,slm,TOWNSIM_CALIB_0,0,deliberative,FRENAR,4,105.94720234608785,False,-104.67179107666016,81.11115264892578,-30.63821029663086,,,,23.58,False,,,"{""telemetry"": 1.0, ""graph"": 152.7}",True,1823.4,False,False,True,0.0,,0.147,False,0.0,,0.147,False,0.0,,0.147,False
214.382,1059,slm,TOWNSIM_CALIB_0,0,deliberative,MANTENER_RUMBO,4,105.92192442127725,False,-104.64698028564453,81.11785888671875,-30.63756561279297,,,,23.59,False,,,"{""telemetry"": 1.5, ""graph"": 169.1}",True,1733.2,False,False,True,0.0,,0.0,False,0.0,,0.0,False,0.0,,0.0,False
214.556,1060,slm,TOWNSIM_CALIB_0,0,reactive,MANTENER_RUMBO,4,105.90297968115225,False,-104.63170623779297,81.12203979492188,-30.633892059326172,,,,23.57,False,,,"{""telemetry"": 1.0, ""graph"": 141.6}",False,,,,,0.0,,0.0,False,0.0,,0.0,False,0.0,,0.0,False
214.781,1061,slm,TOWNSIM_CALIB_0,0,girar_90,GIRAR_90,4,105.87037576973154,False,-104.57328796386719,81.1453857421875,-30.6663761138916,,,,23.46,False,,,"{""telemetry"": 1.5, ""graph"": 163.5}",False,,,,,0.027,0.42,0.445,True,0.026,0.11,0.445,True,0.025,0.4,0.445,True
214.992,1062,slm,TOWNSIM_CALIB_0,0,evasive,GIRAR_90,4,105.75160884144414,False,-104.39763641357422,81.22042846679688,-30.735618591308594,,,,23.05,False,,,"{""telemetry"": 1.0, ""graph"": 174.5}",False,,,,,0.0,,0.0,False,0.0,,0.0,False,0.0,,0.0,False
215.161,1063,slm,TOWNSIM_CALIB_0,0,evasive,GIRAR_90,4,105.56038893583316,False,-104.2314224243164,81.29203033447266,-30.727880477905273,,,,21.37,False,,,"{""telemetry"": 1.0, ""graph"": 141.5}",False,,,,,0.0,,0.0,False,0.0,,0.0,False,0.0,,0.0,False
215.344,1064,slm,TOWNSIM_CALIB_0,0,evasive,GIRAR_90,4,105.36938854807936,False,-104.03060913085938,81.37896728515625,-30.73826026916504,,,,18.36,False,,,"{""telemetry"": 1.5, ""graph"": 121.5}",False,,,,,0.0,,0.0,False,0.0,,0.0,False,0.0,,0.0,False
215.519,1065,slm,TOWNSIM_CALIB_0,0,evasive,GIRAR_90,4,105.20991817467294,False,-103.90864562988281,81.43193817138672,-30.749536514282227,,,,15.93,False,,,"{""telemetry"": 1.0, ""graph"": 96.0}",False,,,,,0.0,,0.0,False,0.0,,0.0,False,0.0,,0.0,False
215.726,1066,slm,TOWNSIM_CALIB_0,0,evasive,GIRAR_90,4,105.08649656387765,False,-103.78949737548828,81.48371887207031,-30.759479522705078,,,,12.82,False,,,"{""telemetry"": 1.5, ""graph"": 101.4}",False,,,,,0.0,,0.0,False,0.0,,0.0,False,0.0,,0.0,False
215.931,1067,slm,TOWNSIM_CALIB_0,0,reactive,MANTENER_RUMBO,4,104.98928555987045,False,-103.70480346679688,81.52054595947266,-30.76459503173828,,,,9.85,False,,,"{""telemetry"": 2.5, ""graph"": 104.1}",False,,,,,0.0,,0.0,False,0.0,,0.0,False,0.0,,0.0,False
216.11,1068,slm,TOWNSIM_CALIB_0,0,reactive,MANTENER_RUMBO,4,104.91808227140436,False,-103.64653778076172,81.54586029052734,-30.760597229003906,,,,7.44,False,,,"{""telemetry"": 1.0, ""graph"": 83.0}",False,,,,,0.0,,0.0,False,0.0,,0.0,False,0.0,,0.0,False
216.365,1069,slm,TOWNSIM_CALIB_0,0,reactive,MANTENER_RUMBO,4,104.84631709848513,False,-103.55864715576172,81.57264709472656,-30.745952606201172,,,,6.25,False,,,"{""telemetry"": 1.0, ""graph"": 136.1}",False,,,,,0.0,,0.0,False,0.0,,0.0,False,0.0,,0.0,False
216.589,1070,slm,TOWNSIM_CALIB_0,0,reactive,MANTENER_RUMBO,4,104.69354279760537,False,-103.34984588623047,81.61372375488281,-30.77057456970215,,,,5.92,False,,,"{""telemetry"": 1.0, ""graph"": 158.5}",False,,,,,0.0,,0.0,False,0.0,,0.0,False,0.0,,0.0,False
216.796,1071,slm,TOWNSIM_CALIB_0,0,reactive,MANTENER_RUMBO,4,104.46394178770409,False,-103.0901870727539,81.65625,-30.765687942504883,,,,6.22,False,,,"{""telemetry"": 0.5, ""graph"": 165.1}",False,,,,,0.0,,0.0,False,0.0,,0.0,False,0.0,,0.0,False
216.991,1072,slm,TOWNSIM_CALIB_0,0,reactive,MANTENER_RUMBO,4,104.15846345914697,False,-102.75688171386719,81.70390319824219,-30.74636459350586,,,,6.79,False,,,"{""telemetry"": 1.2, ""graph"": 157.1}",False,,,,,0.0,,0.0,False,0.0,,0.0,False,0.0,,0.0,False
217.195,1073,slm,TOWNSIM_CALIB_0,0,reactive,MANTENER_RUMBO,4,103.78897455758073,False,-102.37139892578125,81.75407409667969,-30.712366104125977,,,,7.48,False,,,"{""telemetry"": 1.0, ""graph"": 160.5}",False,,,,,0.0,,0.0,False,0.0,,0.0,False,0.0,,0.0,False
217.418,1074,slm,TOWNSIM_CALIB_0,0,reactive,MANTENER_RUMBO,4,103.3746961237496,False,-101.89320373535156,81.81227111816406,-30.663143157958984,,,,8.3,False,,,"{""telemetry"": 1.5, ""graph"": 181.4}",False,,,,,0.0,,0.0,False,0.0,,0.0,False,0.0,,0.0,False
217.605,1075,slm,TOWNSIM_CALIB_0,0,reactive,MANTENER_RUMBO,4,102.92871559199672,False,-101.48334503173828,81.86002349853516,-30.619075775146484,,,,8.98,False,,,"{""telemetry"": 1.5, ""graph"": 167.0}",False,,,,,0.0,,0.014,False,0.0,,0.014,False,0.0,,0.014,False
217.799,1076,slm,TOWNSIM_CALIB_0,0,reactive,MANTENER_RUMBO,4,102.44648538504855,False,-100.97730255126953,81.91720581054688,-30.564598083496094,,,,9.79,False,,,"{""telemetry"": 1.0, ""graph"": 160.1}",False,,,,,0.0,,0.0,False,0.0,,0.0,False,0.0,,0.0,False
218.005,1077,slm,TOWNSIM_CALIB_0,0,reactive,MANTENER_RUMBO,4,101.93409579330591,False,-100.5132827758789,81.96843719482422,-30.515377044677734,,,,10.52,False,,,"{""telemetry"": 1.5, ""graph"": 163.7}",False,,,,,0.0,,0.029,False,0.0,,0.029,False,0.0,,0.029,False
218.183,1078,slm,TOWNSIM_CALIB_0,0,reactive,MANTENER_RUMBO,4,101.42054727208084,False,-99.99659729003906,82.02458953857422,-30.463254928588867,,,,11.29,False,,,"{""telemetry"": 1.0, ""graph"": 141.5}",False,,,,,0.0,,0.0,False,0.0,,0.0,False,0.0,,0.0,False
218.405,1079,slm,TOWNSIM_CALIB_0,0,evasive,EVADIR_IZQUIERDA,4,100.8782619255036,False,-99.47683715820312,82.08367156982422,-30.424543380737305,,,,11.98,False,,,"{""telemetry"": 1.5, ""graph"": 161.5}",False,,,,,0.009,3.07,0.18,False,0.008,4.1,0.18,False,0.009,10.53,0.18,False
218.591,1080,slm,TOWNSIM_CALIB_0,0,evasive,EVADIR_IZQUIERDA,4,100.32629845227092,False,-98.94934844970703,82.15087127685547,-30.387441635131836,,,,12.6,False,,,"{""telemetry"": 0.0, ""graph"": 147.0}",False,,,,,0.006,4.19,0.154,False,0.009,4.83,0.154,False,0.01,11.09,0.154,False
218.803,1081,slm,TOWNSIM_CALIB_0,0,reactive,MANTENER_RUMBO,4,99.7868058403653,False,-98.35218811035156,82.23574829101562,-30.372074127197266,,,,11.64,False,,,"{""telemetry"": 1.0, ""graph"": 157.0}",False,,,,,0.0,,0.0,False,0.0,,0.0,False,0.0,,0.0,False
219.014,1082,slm,TOWNSIM_CALIB_0,0,reactive,MANTENER_RUMBO,4,99.29376380001516,False,-97.90205383300781,82.30479431152344,-30.370189666748047,,,,9.67,False,,,"{""telemetry"": 1.0, ""graph"": 166.1}",False,,,,,0.0,,0.006,False,0.0,,0.006,False,0.0,,0.006,False
219.216,1083,slm,TOWNSIM_CALIB_0,0,reactive,MANTENER_RUMBO,4,98.84207408112043,False,-97.41497039794922,82.38350677490234,-30.320871353149414,,,,8.44,False,,,"{""telemetry"": 1.0, ""graph"": 166.5}",False,,,,,0.0,,0.0,False,0.0,,0.0,False,0.0,,0.0,False
219.423,1084,slm,TOWNSIM_CALIB_0,0,deliberative,FRENAR,4,98.3824283657915,False,-96.96321868896484,82.4598159790039,-30.286081314086914,,,,8.13,False,,,"{""telemetry"": 0.5, ""graph"": 172.1}",True,1733.2,False,False,True,0.009,2.12,0.3,False,0.003,0.8,0.3,False,0.008,2.84,0.3,False
219.618,1085,slm,TOWNSIM_CALIB_0,0,deliberative,FRENAR,4,97.90900127925589,False,-96.4906234741211,82.5418701171875,-30.2546329498291,,,,8.16,False,,,"{""telemetry"": 1.0, ""graph"": 165.2}",True,1733.2,False,False,True,0.007,26.81,0.196,False,0.006,11.72,0.196,False,0.009,19.19,0.196,False
219.8,1086,slm,TOWNSIM_CALIB_0,0,deliberative,FRENAR,4,97.42589641368957,False,-96.05098724365234,82.619384765625,-30.2880916595459,,,,8.18,False,,,"{""telemetry"": 1.5, ""graph"": 146.0}",True,1733.2,False,False,True,0.0,,0.0,False,0.0,,0.0,False,0.0,,0.0,False
219.998,1087,slm,TOWNSIM_CALIB_0,0,deliberative,FRENAR,4,97.02421419274827,False,-95.68572998046875,82.6842269897461,-30.365657806396484,,,,8.19,False,,,"{""telemetry"": 1.0, ""graph"": 142.5}",True,1733.2,False,False,True,0.0,,0.0,False,0.0,,0.0,False,0.0,,0.0,False
220.184,1088,slm,TOWNSIM_CALIB_0,0,deliberative,FRENAR,4,96.70221514178361,False,-95.40576171875,82.7341079711914,-30.426992416381836,,,,8.21,False,,,"{""telemetry"": 1.0, ""graph"": 127.0}",True,1733.2,False,False,True,0.0,,0.0,False,0.0,,0.0,False,0.0,,0.0,False
220.424,1089,slm,TOWNSIM_CALIB_0,0,deliberative,FRENAR,4,96.4567896656241,False,-95.1399917602539,82.78155517578125,-30.473825454711914,,,,8.23,False,,,"{""telemetry"": 1.0, ""graph"": 165.6}",True,1733.2,False,False,True,0.0,,0.0,False,0.0,,0.0,False,0.0,,0.0,False
220.599,1090,slm,TOWNSIM_CALIB_0,0,deliberative,FRENAR,4,96.2692624611836,False,-95.00230407714844,82.80619812011719,-30.49150848388672,,,,8.24,False,,,"{""telemetry"": 1.0, ""graph"": 137.5}",True,1733.2,False,False,True,0.0,,0.0,False,0.0,,0.0,False,0.0,,0.0,False
220.824,1091,slm,TOWNSIM_CALIB_0,0,deliberative,FRENAR,4,96.12538361435348,False,-94.85494995117188,82.83258819580078,-30.504573822021484,,,,8.25,False,,,"{""telemetry"": 1.0, ""graph"": 162.5}",True,1733.2,False,False,True,0.0,,0.0,False,0.0,,0.0,False,0.0,,0.0,False
221.0,1092,slm,TOWNSIM_CALIB_0,0,deliberative,FRENAR,4,96.01880729103733,False,-94.76960754394531,82.84786987304688,-30.509122848510742,,,,8.25,False,,,"{""telemetry"": 1.0, ""graph"": 136.7}",True,1733.2,False,False,True,0.0,,0.0,False,0.0,,0.0,False,0.0,,0.0,False
221.221,1093,slm,TOWNSIM_CALIB_0,0,deliberative,MANTENER_RUMBO,4,95.93875326999186,False,-94.6911392211914,82.86194610595703,-30.511173248291016,,,,8.25,False,,,"{""telemetry"": 1.0, ""graph"": 156.1}",True,1780.8,False,False,True,0.0,,0.0,False,0.0,,0.0,False,0.0,,0.0,False
221.415,1094,slm,TOWNSIM_CALIB_0,0,reactive,MANTENER_RUMBO,4,95.87869274334214,False,-94.63951110839844,82.8712158203125,-30.507305145263672,,,,8.27,False,,,"{""telemetry"": 0.5, ""graph"": 149.6}",False,,,,,0.0,,0.0,False,0.0,,0.0,False,0.0,,0.0,False
221.649,1095,slm,TOWNSIM_CALIB_0,0,reactive,MANTENER_RUMBO,4,95.81302892813883,False,-94.53923797607422,82.88724517822266,-30.53847312927246,,,,8.36,False,,,"{""telemetry"": 1.0, ""graph"": 181.0}",False,,,,,0.0,,0.032,False,0.0,,0.032,False,0.0,,0.032,False
221.822,1096,slm,TOWNSIM_CALIB_0,0,reactive,MANTENER_RUMBO,4,95.66157657935838,False,-94.34908294677734,82.91577911376953,-30.604415893554688,,,,8.49,False,,,"{""telemetry"": 1.0, ""graph"": 153.5}",False,,,,,0.0,,0.0,False,0.0,,0.0,False,0.0,,0.0,False
222.032,1097,slm,TOWNSIM_CALIB_0,0,reactive,MANTENER_RUMBO,4,95.42030428935043,False,-94.07853698730469,82.95573425292969,-30.646297454833984,,,,8.63,False,,,"{""telemetry"": 0.5, ""graph"": 162.0}",False,,,,,0.0,,0.0,False,0.0,,0.0,False,0.0,,0.0,False
222.23,1098,slm,TOWNSIM_CALIB_0,0,reactive,MANTENER_RUMBO,4,95.09675809863514,False,-93.72815704345703,83.00712585449219,-30.660367965698242,,,,8.78,False,,,"{""telemetry"": 1.5, ""graph"": 156.3}",False,,,,,0.0,,0.0,False,0.0,,0.0,False,0.0,,0.0,False
222.429,1099,slm,TOWNSIM_CALIB_0,0,reactive,MANTENER_RUMBO,4,94.71516660948284,False,-93.31965637207031,83.06680297851562,-30.65321159362793,,,,8.94,False,,,"{""telemetry"": 1.0, ""graph"": 154.9}",False,,,,,0.0,,0.0,False,0.0,,0.0,False,0.0,,0.0,False
222.641,1100,slm,TOWNSIM_CALIB_0,0,reactive,MANTENER_RUMBO,4,94.28468493285733,False,-92.88025665283203,83.13084411621094,-30.633729934692383,,,,9.09,False,,,"{""telemetry"": 1.5, ""graph"": 164.5}",False,,,,,0.0,,0.0,False,0.0,,0.0,False,0.0,,0.0,False
222.839,1101,slm,TOWNSIM_CALIB_0,0,reactive,MANTENER_RUMBO,4,93.80937594932345,False,-92.37859344482422,83.2038345336914,-30.605260848999023,,,,9.25,False,,,"{""telemetry"": 1.0, ""graph"": 161.1}",False,,,,,0.0,,0.0,False,0.0,,0.0,False,0.0,,0.0,False
223.024,1102,slm,TOWNSIM_CALIB_0,0,reactive,MANTENER_RUMBO,4,93.31272451627703,False,-91.91223907470703,83.27159881591797,-30.576292037963867,,,,9.4,False,,,"{""telemetry"": 1.0, ""graph"": 145.1}",False,,,,,0.0,,0.0,False,0.0,,0.0,False,0.0,,0.0,False
223.24,1103,slm,TOWNSIM_CALIB_0,0,reactive,MANTENER_RUMBO,4,92.7869664225065,False,-91.39759063720703,83.3463134765625,-30.543243408203125,,,,9.55,False,,,"{""telemetry"": 1.0, ""graph"": 159.3}",False,,,,,0.0,,0.029,False,0.0,,0.029,False,0.0,,0.029,False
223.437,1104,slm,TOWNSIM_CALIB_0,0,reactive,MANTENER_RUMBO,4,92.25328824814017,False,-90.86930084228516,83.4229507446289,-30.506969451904297,,,,9.7,False,,,"{""telemetry"": 1.5, ""graph"": 154.7}",False,,,,,0.0,,0.041,False,0.0,,0.041,False,0.0,,0.041,False
223.659,1105,slm,TOWNSIM_CALIB_0,0,reactive,MANTENER_RUMBO,4,91.70906394235821,False,-90.26563262939453,83.51158905029297,-30.447996139526367,,,,9.75,False,,,"{""telemetry"": 1.0, ""graph"": 175.2}",False,,,,,0.0,,0.139,False,0.0,,0.139,False,0.0,,0.139,False
223.852,1106,slm,TOWNSIM_CALIB_0,0,reactive,MANTENER_RUMBO,4,91.14882582861324,False,-89.72077178955078,83.59397888183594,-30.39680290222168,,,,9.71,False,,,"{""telemetry"": 1.0, ""graph"": 167.0}",False,,,,,0.0,,0.126,False,0.0,,0.126,False,0.0,,0.126,False
224.051,1107,slm,TOWNSIM_CALIB_0,0,reactive,MANTENER_RUMBO,4,90.59079419629495,False,-89.17901611328125,83.67815399169922,-30.348682403564453,,,,9.65,False,,,"{""telemetry"": 1.0, ""graph"": 165.0}",False,,,,,0.0,,0.115,False,0.0,,0.115,False,0.0,,0.115,False
224.245,1108,slm,TOWNSIM_CALIB_0,0,deliberative,FRENAR,4,90.01956742489455,False,-88.65892028808594,83.76073455810547,-30.30538558959961,,,,9.57,False,,,"{""telemetry"": 1.0, ""graph"": 156.9}",True,1780.8,False,False,True,0.008,11.26,0.162,False,0.008,2.83,0.162,False,0.009,5.97,0.162,False
224.441,1109,slm,TOWNSIM_CALIB_0,0,deliberative,FRENAR,4,89.46194917429014,False,-88.02519226074219,83.86319732666016,-30.270721435546875,,,,9.38,False,,,"{""telemetry"": 1.0, ""graph"": 151.5}",True,1780.8,False,False,True,0.0,,0.0,False,0.0,,0.0,False,0.0,,0.0,False
224.651,1110,slm,TOWNSIM_CALIB_0,0,deliberative,FRENAR,4,88.9154554150442,False,-87.54174041748047,83.94227600097656,-30.335058212280273,,,,9.28,False,,,"{""telemetry"": 1.0, ""graph"": 159.5}",True,1780.8,False,False,True,0.029,0.37,0.3,False,0.028,0.13,0.3,False,0.027,0.38,0.3,False
224.863,1111,slm,TOWNSIM_CALIB_0,0,deliberative,FRENAR,4,88.45269862608278,False,-87.0771713256836,84.01861572265625,-30.460872650146484,,,,9.21,False,,,"{""telemetry"": 3.0, ""graph"": 168.5}",True,1780.8,False,False,True,0.0,,0.0,False,0.0,,0.0,False,0.0,,0.0,False
225.035,1112,slm,TOWNSIM_CALIB_0,0,deliberative,FRENAR,4,88.10530041409187,False,-86.80119323730469,84.06407165527344,-30.53388023376465,,,,9.19,False,,,"{""telemetry"": 1.0, ""graph"": 140.7}",True,1780.8,False,False,True,0.0,,0.0,False,0.0,,0.0,False,0.0,,0.0,False
225.26,1113,slm,TOWNSIM_CALIB_0,0,deliberative,FRENAR,4,87.83122971693354,False,-86.54354858398438,84.10652923583984,-30.589914321899414,,,,9.18,False,,,"{""telemetry"": 1.5, ""graph"": 164.0}",True,1780.8,False,False,True,0.0,,0.09,False,0.0,,0.09,False,0.0,,0.09,False
225.458,1114,slm,TOWNSIM_CALIB_0,0,deliberative,FRENAR,4,87.61874818259473,False,-86.34141540527344,84.13985443115234,-30.62261962890625,,,,9.18,False,,,"{""telemetry"": 1.5, ""graph"": 159.5}",True,1780.8,False,False,True,0.0,,0.0,False,0.0,,0.0,False,0.0,,0.0,False
225.65,1115,slm,TOWNSIM_CALIB_0,0,deliberative,FRENAR,4,87.46042243048197,False,-86.20248413085938,84.16277313232422,-30.63515281677246,,,,9.18,False,,,"{""telemetry"": 0.5, ""graph"": 151.6}",True,1780.8,False,False,True,0.0,,0.0,False,0.0,,0.0,False,0.0,,0.0,False
225.854,1116,slm,TOWNSIM_CALIB_0,0,deliberative,FRENAR,4,87.33953850840953,False,-86.09164428710938,84.1810531616211,-30.621458053588867,,,,9.18,False,,,"{""telemetry"": 1.0, ""graph"": 153.0}",True,1780.8,False,False,True,0.0,,0.0,False,0.0,,0.0,False,0.0,,0.0,False
226.047,1117,slm,TOWNSIM_CALIB_0,0,deliberative,FRENAR,4,87.2467042432677,False,-86.01634979248047,84.19347381591797,-30.604032516479492,,,,9.18,False,,,"{""telemetry"": 1.0, ""graph"": 145.0}",True,1780.8,False,False,True,0.0,,0.0,False,0.0,,0.0,False,0.0,,0.0,False
226.265,1118,slm,TOWNSIM_CALIB_0,0,deliberative,GANAR_ALTURA,4,87.17812914748374,False,-85.9505615234375,84.20433044433594,-30.58255386352539,,,,9.18,False,,,"{""telemetry"": 1.0, ""graph"": 160.9}",True,1874.7,False,False,True,0.0,,0.0,False,0.0,,0.0,False,0.0,,0.0,False
226.457,1119,slm,TOWNSIM_CALIB_0,0,evasive,GANAR_ALTURA,4,87.12620117033833,False,-85.90717315673828,84.21147918701172,-30.567853927612305,,,,9.16,False,,,"{""telemetry"": 1.0, ""graph"": 151.7}",False,,,,,0.0,,0.0,False,0.0,,0.0,False,0.0,,0.0,False
226.665,1120,slm,TOWNSIM_CALIB_0,0,evasive,GANAR_ALTURA,4,87.08802543512397,False,-85.87057495117188,84.21746063232422,-30.55387306213379,,,,8.82,False,,,"{""telemetry"": 1.0, ""graph"": 158.0}",False,,,,,0.0,,0.0,False,0.0,,0.0,False,0.0,,0.0,False
226.881,1121,slm,TOWNSIM_CALIB_0,0,evasive,GANAR_ALTURA,4,87.0602213115941,False,-85.8485336303711,84.22077941894531,-30.547529220581055,,,,8.34,False,,,"{""telemetry"": 1.0, ""graph"": 172.0}",False,,,,,0.002,12.8,0.542,False,0.001,15.25,0.542,False,0.0,82.01,0.542,False
227.069,1122,slm,TOWNSIM_CALIB_0,0,evasive,GANAR_ALTURA,4,87.04265663622797,False,-85.835205078125,84.22225189208984,-30.544958114624023,,,,7.78,False,,,"{""telemetry"": 1.0, ""graph"": 158.0}",False,,,,,0.002,40.01,0.223,False,0.001,13.07,0.223,False,0.0,50.39,0.223,False
227.262,1123,slm,TOWNSIM_CALIB_0,0,evasive,GANAR_ALTURA,4,87.03395880887399,False,-85.82942199707031,84.22200012207031,-30.544631958007812,,,,7.19,False,,,"{""telemetry"": 1.0, ""graph"": 149.0}",False,,,,,0.0,,0.143,False,0.0,,0.143,False,0.0,,0.143,False
227.489,1124,slm,TOWNSIM_CALIB_0,0,reactive,MANTENER_RUMBO,4,87.03327920469974,False,-85.8313217163086,84.21977233886719,-30.545978546142578,,,,6.46,False,,,"{""telemetry"": 1.5, ""graph"": 175.0}",False,,,,,0.002,30.04,0.193,False,0.001,8.86,0.193,False,0.0,21.62,0.193,False
227.675,1125,slm,TOWNSIM_CALIB_0,0,reactive,MANTENER_RUMBO,4,87.0391224754793,False,-85.83848571777344,84.21671295166016,-30.54355239868164,,,,5.84,False,,,"{""telemetry"": 1.0, ""graph"": 160.5}",False,,,,,0.002,24.73,0.273,False,0.001,5.87,0.273,False,0.0,12.59,0.273,False
227.886,1126,slm,TOWNSIM_CALIB_0,0,deliberative,FRENAR,4,87.02917574006916,False,-85.80043029785156,84.21830749511719,-30.572919845581055,,,,5.21,False,,,"{""telemetry"": 1.0, ""graph"": 169.2}",True,1874.7,False,False,True,0.028,0.37,0.268,False,0.029,0.11,0.268,False,0.029,0.38,0.268,False
228.064,1127,slm,TOWNSIM_CALIB_0,0,deliberative,FRENAR,4,86.92205238784335,False,-85.66023254394531,84.23113250732422,-30.640438079833984,,,,4.67,False,,,"{""telemetry"": 1.0, ""graph"": 146.2}",True,1874.7,False,False,True,0.0,,0.0,False,0.0,,0.0,False,0.0,,0.0,False
228.281,1128,slm,TOWNSIM_CALIB_0,0,deliberative,FRENAR,4,86.73842060168994,False,-85.47003173828125,84.24955749511719,-30.626821517944336,,,,4.39,False,,,"{""telemetry"": 1.0, ""graph"": 162.5}",True,1874.7,False,False,True,0.0,,0.086,False,0.0,,0.086,False,0.0,,0.086,False
228.45,1129,slm,TOWNSIM_CALIB_0,0,deliberative,FRENAR,4,86.55155378975326,False,-85.29878997802734,84.26648712158203,-30.622615814208984,,,,4.25,False,,,"{""telemetry"": 1.0, ""graph"": 129.4}",True,1874.7,False,False,True,0.0,,0.0,False,0.0,,0.0,False,0.0,,0.0,False
228.676,1130,slm,TOWNSIM_CALIB_0,0,deliberative,FRENAR,4,86.39368170465951,False,-85.1388931274414,84.28241729736328,-30.62582778930664,,,,4.19,False,,,"{""telemetry"": 2.0, ""graph"": 154.0}",True,1874.7,False,False,True,0.0,,0.0,False,0.0,,0.0,False,0.0,,0.0,False
228.866,1131,slm,TOWNSIM_CALIB_0,0,deliberative,FRENAR,4,86.26889745420377,False,-85.03173065185547,84.2931137084961,-30.627403259277344,,,,4.16,False,,,"{""telemetry"": 1.5, ""graph"": 143.0}",True,1874.7,False,False,True,0.0,,0.0,False,0.0,,0.0,False,0.0,,0.0,False
229.088,1132,slm,TOWNSIM_CALIB_0,0,deliberative,FRENAR,4,86.17292206701447,False,-84.93578338623047,84.30271911621094,-30.62674903869629,,,,4.15,False,,,"{""telemetry"": 1.0, ""graph"": 163.5}",True,1874.7,False,False,True,0.0,,0.0,False,0.0,,0.0,False,0.0,,0.0,False
229.278,1133,slm,TOWNSIM_CALIB_0,0,deliberative,FRENAR,4,86.10007182937733,False,-84.87459564208984,84.30885314941406,-30.62483024597168,,,,4.14,False,,,"{""telemetry"": 2.0, ""graph"": 151.0}",True,1874.7,False,False,True,0.0,,0.0,False,0.0,,0.0,False,0.0,,0.0,False
229.465,1134,slm,TOWNSIM_CALIB_0,0,deliberative,FRENAR,4,86.04442879167625,False,-84.82707977294922,84.3136215209961,-30.622310638427734,,,,4.14,False,,,"{""telemetry"": 1.5, ""graph"": 136.1}",True,1874.7,False,False,True,0.0,,0.0,False,0.0,,0.0,False,0.0,,0.0,False
229.719,1135,slm,TOWNSIM_CALIB_0,0,deliberative,FRENAR,4,86.00333359708132,False,-84.78462982177734,84.31786346435547,-30.619121551513672,,,,4.14,False,,,"{""telemetry"": 2.0, ""graph"": 189.0}",True,1874.7,False,False,True,0.002,10.57,0.177,False,0.003,4.14,0.177,False,0.002,10.02,0.177,False
229.892,1136,slm,TOWNSIM_CALIB_0,0,deliberative,MANTENER_RUMBO,4,85.97249035522334,False,-84.75867462158203,84.32047271728516,-30.616580963134766,,,,4.14,False,,,"{""telemetry"": 1.0, ""graph"": 161.5}",True,1845.1,False,False,True,0.0,,0.0,False,0.0,,0.0,False,0.0,,0.0,False
230.073,1137,slm,TOWNSIM_CALIB_0,0,reactive,MANTENER_RUMBO,4,85.94936616086581,False,-84.73954772949219,84.32238006591797,-30.611608505249023,,,,4.14,False,,,"{""telemetry"": 1.0, ""graph"": 141.6}",False,,,,,0.0,,0.0,False,0.0,,0.0,False,0.0,,0.0,False
230.3,1138,slm,TOWNSIM_CALIB_0,0,reactive,MANTENER_RUMBO,4,85.91244267783779,False,-84.66699981689453,84.32809448242188,-30.645734786987305,,,,3.94,False,,,"{""telemetry"": 1.0, ""graph"": 166.6}",False,,,,,0.0,,0.0,False,0.0,,0.0,False,0.0,,0.0,False
230.498,1139,slm,TOWNSIM_CALIB_0,0,reactive,MANTENER_RUMBO,4,85.78137959926208,False,-84.49208068847656,84.34104919433594,-30.716188430786133,,,,3.64,False,,,"{""telemetry"": 1.5, ""graph"": 162.2}",False,,,,,0.0,,0.0,False,0.0,,0.0,False,0.0,,0.0,False
230.7,1140,slm,TOWNSIM_CALIB_0,0,reactive,MANTENER_RUMBO,4,85.55120748093739,False,-84.2296371459961,84.36026000976562,-30.758384704589844,,,,3.29,False,,,"{""telemetry"": 2.0, ""graph"": 162.0}",False,,,,,0.0,,0.0,False,0.0,,0.0,False,0.0,,0.0,False
230.906,1141,slm,TOWNSIM_CALIB_0,0,reactive,MANTENER_RUMBO,4,85.24341776055384,False,-83.89340209960938,84.38475036621094,-30.76902961730957,,,,2.93,False,,,"{""telemetry"": 1.0, ""graph"": 167.5}",False,,,,,0.0,,0.0,False,0.0,,0.0,False,0.0,,0.0,False
231.104,1142,slm,TOWNSIM_CALIB_0,0,reactive,MANTENER_RUMBO,4,84.87045317422925,False,-83.49173736572266,84.41397094726562,-30.75684928894043,,,,2.55,False,,,"{""telemetry"": 1.0, ""graph"": 165.0}",False,,,,,0.0,,0.0,False,0.0,,0.0,False,0.0,,0.0,False
231.308,1143,slm,TOWNSIM_CALIB_0,0,reactive,MANTENER_RUMBO,4,84.43945580934611,False,-83.04981231689453,84.44609069824219,-30.73091697692871,,,,2.18,False,,,"{""telemetry"": 3.0, ""graph"": 164.4}",False,,,,,0.0,,0.0,False,0.0,,0.0,False,0.0,,0.0,False
231.519,1144,slm,TOWNSIM_CALIB_0,0,reactive,MANTENER_RUMBO,4,83.96808342694365,False,-82.53571319580078,84.48348236083984,-30.694181442260742,,,,1.77,False,,,"{""telemetry"": 3.0, ""graph"": 173.5}",False,,,,,0.0,,0.0,False,0.0,,0.0,False,0.0,,0.0,False
231.712,1145,slm,TOWNSIM_CALIB_0,0,reactive,MANTENER_RUMBO,4,83.47400268770285,False,-82.05427551269531,84.51850891113281,-30.65730857849121,,,,1.41,False,,,"{""telemetry"": 1.5, ""graph"": 166.0}",False,,,,,0.0,,0.0,False,0.0,,0.0,False,0.0,,0.0,False
231.93,1146,slm,TOWNSIM_CALIB_0,0,reactive,MANTENER_RUMBO,4,82.94983916404186,False,-81.5550537109375,84.55487823486328,-30.61822509765625,,,,1.05,False,,,"{""telemetry"": 1.5, ""graph"": 183.2}",False,,,,,0.0,,0.025,False,0.0,,0.025,False,0.0,,0.025,False
232.118,1147,slm,TOWNSIM_CALIB_0,0,reactive,MANTENER_RUMBO,4,82.42514756366927,False,-81.00123596191406,84.59526062011719,-30.574691772460938,,,,0.66,False,,,"{""telemetry"": 1.0, ""graph"": 170.0}",False,,,,,0.0,,0.0,False,0.0,,0.0,False,0.0,,0.0,False
232.302,1148,slm,TOWNSIM_CALIB_0,0,reactive,MANTENER_RUMBO,4,81.87190640708808,False,-80.48616027832031,84.63286590576172,-30.534358978271484,,,,0.3,False,,,"{""telemetry"": 1.0, ""graph"": 153.1}",False,,,,,0.0,,0.0,False,0.0,,0.0,False,0.0,,0.0,False
232.52,1149,slm,TOWNSIM_CALIB_0,0,reactive,MANTENER_RUMBO,4,81.31778854615104,False,-79.93839263916016,84.67288970947266,-30.491737365722656,,,,-0.08,False,,,"{""telemetry"": 2.0, ""graph"": 168.5}",False,,,,,0.0,,0.079,False,0.0,,0.079,False,0.0,,0.079,False
232.769,1150,slm,TOWNSIM_CALIB_0,0,reactive,MANTENER_RUMBO,4,80.74842912595639,False,-79.2562255859375,84.72281646728516,-30.439058303833008,,,,-0.54,False,,,"{""telemetry"": 1.0, ""graph"": 217.0}",False,,,,,0.0,,0.0,False,0.0,,0.0,False,0.0,,0.0,False
233.026,1151,slm,TOWNSIM_CALIB_0,0,reactive,MANTENER_RUMBO,4,80.1395368430414,False,-78.61956024169922,84.76953887939453,-30.390222549438477,,,,-0.97,False,,,"{""telemetry"": 1.5, ""graph"": 252.6}",False,,,,,0.0,,0.139,False,0.0,,0.139,False,0.0,,0.139,False
233.246,1152,slm,TOWNSIM_CALIB_0,0,reactive,MANTENER_RUMBO,4,79.43124881314104,False,-77.9443359375,84.81903839111328,-30.338747024536133,,,,-1.42,False,,,"{""telemetry"": 1.0, ""graph"": 215.1}",False,,,,,0.011,10.42,0.162,False,0.008,4.79,0.162,False,0.008,8.85,0.162,False
233.453,1153,slm,TOWNSIM_CALIB_0,0,reactive,MANTENER_RUMBO,4,78.80615607858788,False,-77.33576965332031,84.86389923095703,-30.292551040649414,,,,-1.82,False,,,"{""telemetry"": 1.0, ""graph"": 203.1}",False,,,,,0.011,11.08,0.242,False,0.008,5.58,0.242,False,0.008,9.02,0.242,False
233.643,1154,slm,TOWNSIM_CALIB_0,0,reactive,MANTENER_RUMBO,4,78.22257438054378,False,-76.76031494140625,84.90608215332031,-30.253114700317383,,,,-2.2,False,,,"{""telemetry"": 1.0, ""graph"": 187.1}",False,,,,,0.01,10.02,0.292,False,0.007,7.73,0.292,False,0.007,13.91,0.292,False
233.843,1155,slm,TOWNSIM_CALIB_0,0,reactive,MANTENER_RUMBO,4,77.61126804644324,False,-76.19207000732422,84.942626953125,-30.235010147094727,,,,-2.52,False,,,"{""telemetry"": 0.5, ""graph"": 175.0}",False,,,,,0.0,,0.004,False,0.0,,0.004,False,0.0,,0.004,False
234.053,1156,slm,TOWNSIM_CALIB_0,0,reactive,MANTENER_RUMBO,4,77.02463926340967,False,-75.59610748291016,84.96929931640625,-30.236583709716797,,,,-2.82,False,,,"{""telemetry"": 1.5, ""graph"": 182.6}",False,,,,,0.0,,0.074,False,0.0,,0.074,False,0.0,,0.074,False
234.232,1157,slm,TOWNSIM_CALIB_0,0,reactive,MANTENER_RUMBO,4,76.44561485005535,False,-75.06940460205078,84.98316192626953,-30.238798141479492,,,,-3.07,False,,,"{""telemetry"": 1.0, ""graph"": 161.5}",False,,,,,0.0,,0.088,False,0.0,,0.088,False,0.0,,0.088,False
234.466,1158,slm,TOWNSIM_CALIB_0,0,reactive,MANTENER_RUMBO,4,75.85697101024819,False,-74.42770385742188,84.98970794677734,-30.24063491821289,,,,-3.36,False,,,"{""telemetry"": 1.5, ""graph"": 193.1}",False,,,,,0.0,,0.092,False,0.0,,0.092,False,0.0,,0.092,False
234.654,1159,slm,TOWNSIM_CALIB_0,0,reactive,MANTENER_RUMBO,4,75.2764611877548,False,-73.85577392578125,84.98799896240234,-30.241653442382812,,,,-3.62,False,,,"{""telemetry"": 1.5, ""graph"": 179.4}",False,,,,,0.0,,0.111,False,0.0,,0.111,False,0.0,,0.111,False
234.84,1160,slm,TOWNSIM_CALIB_0,0,reactive,MANTENER_RUMBO,4,74.70422027160083,False,-73.30110168457031,84.98115539550781,-30.242246627807617,,,,-3.87,False,,,"{""telemetry"": 1.0, ""graph"": 164.5}",False,,,,,0.0,,0.056,False,0.0,,0.056,False,0.0,,0.056,False
235.064,1161,slm,TOWNSIM_CALIB_0,0,reactive,MANTENER_RUMBO,4,74.11403784677952,False,-72.65789031982422,84.96841430664062,-30.242603302001953,,,,-4.16,False,,,"{""telemetry"": 2.5, ""graph"": 185.5}",False,,,,,0.0,,0.025,False,0.0,,0.025,False,0.0,,0.025,False
235.241,1162,slm,TOWNSIM_CALIB_0,0,reactive,MANTENER_RUMBO,4,73.52361122010369,False,-72.10273742675781,84.95431518554688,-30.242694854736328,,,,-4.4,False,,,"{""telemetry"": 2.0, ""graph"": 160.9}",False,,,,,0.0,,0.002,False,0.0,,0.002,False,0.0,,0.002,False
235.472,1163,slm,TOWNSIM_CALIB_0,0,reactive,MANTENER_RUMBO,4,72.89779388066222,False,-71.44148254394531,84.93477630615234,-30.242631912231445,,,,-4.7,False,,,"{""telemetry"": 1.0, ""graph"": 176.1}",False,,,,,0.0,,0.001,False,0.0,,0.001,False,0.0,,0.001,False
235.68,1164,slm,TOWNSIM_CALIB_0,0,reactive,MANTENER_RUMBO,4,72.31567168514634,False,-70.84175109863281,84.9151611328125,-30.242462158203125,,,,-4.97,False,,,"{""telemetry"": 1.0, ""graph"": 182.5}",False,,,,,0.0,,0.023,False,0.0,,0.023,False,0.0,,0.023,False
235.854,1165,slm,TOWNSIM_CALIB_0,0,reactive,MANTENER_RUMBO,4,71.7335512886003,False,-70.32139587402344,84.89703369140625,-30.24224281311035,,,,-5.19,False,,,"{""telemetry"": 1.0, ""graph"": 154.9}",False,,,,,0.0,,0.023,False,0.0,,0.022,False,0.0,,0.023,False
236.076,1166,slm,TOWNSIM_CALIB_0,0,reactive,MANTENER_RUMBO,4,71.15143404997245,False,-69.74812316894531,84.87433624267578,-30.242206573486328,,,,-5.35,False,,,"{""telemetry"": 1.0, ""graph"": 176.2}",False,,,,,0.0,,0.017,False,0.0,,0.017,False,0.0,,0.017,False
236.248,1167,slm,TOWNSIM_CALIB_0,0,reactive,MANTENER_RUMBO,4,70.56049964405982,False,-69.19248962402344,84.84748077392578,-30.242206573486328,,,,-5.44,False,,,"{""telemetry"": 1.5, ""graph"": 147.1}",False,,,,,0.0,,0.003,False,0.0,,0.003,False,0.0,,0.003,False
236.465,1168,slm,TOWNSIM_CALIB_0,0,reactive,MANTENER_RUMBO,4,69.97839252065204,False,-68.56629943847656,84.81155395507812,-30.242094039916992,,,,-5.5,False,,,"{""telemetry"": 2.0, ""graph"": 161.0}",False,,,,,0.01,10.73,0.3,False,0.007,18.62,0.3,False,0.008,18.74,0.3,False
236.666,1169,slm,TOWNSIM_CALIB_0,0,reactive,MANTENER_RUMBO,4,69.39629986145695,False,-68.01078033447266,84.77542877197266,-30.241853713989258,,,,-5.55,False,,,"{""telemetry"": 2.0, ""graph"": 161.0}",False,,,,,0.0,,0.0,False,0.0,,0.0,False,0.0,,0.0,False
236.88,1170,slm,TOWNSIM_CALIB_0,0,reactive,MANTENER_RUMBO,4,68.81468662268745,False,-67.3763198852539,84.73033905029297,-30.241458892822266,,,,-5.59,False,,,"{""telemetry"": 1.5, ""graph"": 173.9}",False,,,,,0.0,,0.001,False,0.0,,0.001,False,0.0,,0.001,False
237.083,1171,slm,TOWNSIM_CALIB_0,0,reactive,MANTENER_RUMBO,4,68.2243360126476,False,-66.77710723876953,84.68492126464844,-30.241069793701172,,,,-5.63,False,,,"{""telemetry"": 1.5, ""graph"": 175.5}",False,,,,,0.01,11.3,0.3,False,0.007,19.95,0.3,False,0.007,19.46,0.3,False
237.259,1172,slm,TOWNSIM_CALIB_0,0,reactive,MANTENER_RUMBO,4,67.6340190094093,False,-66.2483901977539,84.64311981201172,-30.240615844726562,,,,-5.67,False,,,"{""telemetry"": 1.0, ""graph"": 149.5}",False,,,,,0.01,11.09,0.3,False,0.007,18.24,0.3,False,0.008,18.21,0.3,False
237.48,1173,slm,TOWNSIM_CALIB_0,0,reactive,MANTENER_RUMBO,4,67.04373956628115,False,-65.60511779785156,84.59064483642578,-30.24005889892578,,,,-5.71,False,,,"{""telemetry"": 2.0, ""graph"": 168.5}",False,,,,,0.0,,0.0,False,0.0,,0.0,False,0.0,,0.0,False
237.671,1174,slm,TOWNSIM_CALIB_0,0,reactive,MANTENER_RUMBO,4,66.45350105066504,False,-65.04996490478516,84.54425811767578,-30.239578247070312,,,,-5.74,False,,,"{""telemetry"": 1.5, ""graph"": 158.1}",False,,,,,0.0,,0.009,False,0.0,,0.008,False,0.0,,0.009,False
237.871,1175,slm,TOWNSIM_CALIB_0,0,reactive,MANTENER_RUMBO,4,65.87211442921087,False,-64.45075225830078,84.49333953857422,-30.239059448242188,,,,-5.77,False,,,"{""telemetry"": 1.5, ""graph"": 157.0}",False,,,,,0.0,,0.006,False,0.0,,0.006,False,0.0,,0.006,False
238.074,1176,slm,TOWNSIM_CALIB_0,0,reactive,MANTENER_RUMBO,4,65.28196509965001,False,-63.90445327758789,84.44595336914062,-30.23858642578125,,,,-5.7,False,,,"{""telemetry"": 1.0, ""graph"": 159.0}",False,,,,,0.0,,0.126,False,0.0,,0.126,False,0.0,,0.126,False
238.263,1177,slm,TOWNSIM_CALIB_0,0,reactive,MANTENER_RUMBO,4,64.69209056839638,False,-63.314369201660156,84.39318084716797,-30.238075256347656,,,,-5.56,False,,,"{""telemetry"": 1.0, ""graph"": 146.5}",False,,,,,0.0,,0.074,False,0.0,,0.073,False,0.0,,0.074,False
238.485,1178,slm,TOWNSIM_CALIB_0,0,reactive,MANTENER_RUMBO,4,64.11134825350558,False,-62.65412521362305,84.33231353759766,-30.237503051757812,,,,-5.36,False,,,"{""telemetry"": 1.0, ""graph"": 166.1}",False,,,,,0.0,,0.02,False,0.0,,0.02,False,0.0,,0.02,False
238.685,1179,slm,TOWNSIM_CALIB_0,0,reactive,MANTENER_RUMBO,4,63.53090361443593,False,-62.07329177856445,84.2774658203125,-30.23699951171875,,,,-5.17,False,,,"{""telemetry"": 1.5, ""graph"": 165.3}",False,,,,,0.0,,0.019,False,0.0,,0.019,False,0.0,,0.019,False
238.892,1180,slm,TOWNSIM_CALIB_0,0,reactive,MANTENER_RUMBO,4,62.94189418834448,False,-61.492698669433594,84.22171020507812,-30.236495971679688,,,,-4.97,False,,,"{""telemetry"": 1.5, ""graph"": 170.5}",False,,,,,0.0,,0.035,False,0.0,,0.035,False,0.0,,0.035,False
239.098,1181,slm,TOWNSIM_CALIB_0,0,reactive,MANTENER_RUMBO,4,62.353074784798736,False,-60.876930236816406,84.1617202758789,-30.2359619140625,,,,-4.76,False,,,"{""telemetry"": 1.5, ""graph"": 175.0}",False,,,,,0.0,,0.07,False,0.0,,0.069,False,0.0,,0.07,False
239.28,1182,slm,TOWNSIM_CALIB_0,0,reactive,MANTENER_RUMBO,4,61.77321549933471,False,-60.33174133300781,84.10812377929688,-30.235488891601562,,,,-4.56,False,,,"{""telemetry"": 1.5, ""graph"": 156.0}",False,,,,,0.0,,0.033,False,0.0,,0.033,False,0.0,,0.034,False
239.509,1183,slm,TOWNSIM_CALIB_0,0,reactive,MANTENER_RUMBO,4,61.19357141789738,False,-59.760250091552734,84.05239868164062,-30.23499298095703,,,,-4.27,False,,,"{""telemetry"": 1.5, ""graph"": 183.4}",False,,,,,0.0,,0.13,False,0.0,,0.13,False,0.0,,0.13,False
239.702,1184,slm,TOWNSIM_CALIB_0,0,reactive,MANTENER_RUMBO,4,60.61417597763124,False,-59.15386199951172,83.9948501586914,-30.234466552734375,,,,-3.89,False,,,"{""telemetry"": 1.0, ""graph"": 174.0}",False,,,,,0.006,11.61,0.261,False,0.007,15.91,0.262,False,0.008,15.71,0.262,False
239.893,1185,slm,TOWNSIM_CALIB_0,0,reactive,MANTENER_RUMBO,4,60.02630175008791,False,-58.57405090332031,83.9415283203125,-30.233963012695312,,,,-3.5,False,,,"{""telemetry"": 1.5, ""graph"": 163.1}",False,,,,,0.0,,0.003,False,0.0,,0.003,False,0.0,,0.003,False
240.082,1186,slm,TOWNSIM_CALIB_0,0,reactive,MANTENER_RUMBO,4,59.44745588708411,False,-58.04716491699219,83.89429473876953,-30.233505249023438,,,,-3.14,False,,,"{""telemetry"": 1.5, ""graph"": 151.2}",False,,,,,0.0,,0.022,False,0.0,,0.022,False,0.0,,0.022,False
240.273,1187,slm,TOWNSIM_CALIB_0,0,reactive,MANTENER_RUMBO,4,58.86875272439497,False,-57.48523712158203,83.84491729736328,-30.233016967773438,,,,-2.75,False,,,"{""telemetry"": 1.5, ""graph"": 141.5}",False,,,,,0.0,,0.006,False,0.0,,0.005,False,0.0,,0.006,False
240.516,1188,slm,TOWNSIM_CALIB_0,0,reactive,MANTENER_RUMBO,4,58.28157608900877,False,-56.78302764892578,83.78428649902344,-30.232406616210938,,,,-2.26,False,,,"{""telemetry"": 1.0, ""graph"": 182.9}",False,,,,,0.0,,0.036,False,0.0,,0.035,False,0.0,,0.036,False
240.698,1189,slm,TOWNSIM_CALIB_0,0,reactive,MANTENER_RUMBO,4,57.70321316162413,False,-56.256370544433594,83.73942565917969,-30.231948852539062,,,,-1.89,False,,,"{""telemetry"": 1.5, ""graph"": 163.5}",False,,,,,0.0,,0.102,False,0.0,,0.101,False,0.0,,0.102,False
240.879,1190,slm,TOWNSIM_CALIB_0,0,reactive,MANTENER_RUMBO,4,57.1161409729504,False,-55.70344543457031,83.69278717041016,-30.231468200683594,,,,-1.5,False,,,"{""telemetry"": 1.0, ""graph"": 142.5}",False,,,,,0.0,,0.006,False,0.0,,0.006,False,0.0,,0.006,False
241.078,1191,slm,TOWNSIM_CALIB_0,0,reactive,MANTENER_RUMBO,4,56.53811775799403,False,-55.14192199707031,83.64566040039062,-30.230979919433594,,,,-1.1,False,,,"{""telemetry"": 2.0, ""graph"": 140.0}",False,,,,,0.0,,0.017,False,0.0,,0.017,False,0.0,,0.017,False
241.319,1192,slm,TOWNSIM_CALIB_0,0,reactive,MANTENER_RUMBO,4,55.95141676401265,False,-54.466339111328125,83.58926391601562,-30.230392456054688,,,,-0.63,False,,,"{""telemetry"": 1.0, ""graph"": 179.7}",False,,,,,0.0,,0.035,False,0.0,,0.034,False,0.0,,0.035,False
241.519,1193,slm,TOWNSIM_CALIB_0,0,reactive,MANTENER_RUMBO,4,55.37353874739466,False,-53.87849426269531,83.54019165039062,-30.229881286621094,,,,-0.21,False,,,"{""telemetry"": 2.0, ""graph"": 177.3}",False,,,,,0.0,,0.07,False,0.0,,0.068,False,0.0,,0.07,False
241.696,1194,slm,TOWNSIM_CALIB_0,0,reactive,MANTENER_RUMBO,4,54.786974402584704,False,-53.35206604003906,83.49642944335938,-30.22942352294922,,,,0.16,False,,,"{""telemetry"": 1.0, ""graph"": 154.4}",False,,,,,0.0,,0.095,False,0.0,,0.095,False,0.0,,0.095,False
241.897,1195,slm,TOWNSIM_CALIB_0,0,reactive,MANTENER_RUMBO,4,54.20922311079423,False,-52.77299499511719,83.44859313964844,-30.228919982910156,,,,0.57,False,,,"{""telemetry"": 1.6, ""graph"": 153.0}",False,,,,,0.0,,0.057,False,0.0,,0.057,False,0.0,,0.057,False
242.117,1196,slm,TOWNSIM_CALIB_0,0,reactive,MANTENER_RUMBO,4,53.622790601605764,False,-52.150054931640625,83.39713287353516,-30.228378295898438,,,,1.01,False,,,"{""telemetry"": 2.5, ""graph"": 170.5}",False,,,,,0.0,,0.069,False,0.0,,0.068,False,0.0,,0.069,False
242.332,1197,slm,TOWNSIM_CALIB_0,0,reactive,MANTENER_RUMBO,4,53.03643383134178,False,-51.535888671875,83.34639739990234,-30.22784423828125,,,,1.44,False,,,"{""telemetry"": 1.5, ""graph"": 184.4}",False,,,,,0.0,,0.067,False,0.0,,0.067,False,0.0,,0.068,False
242.515,1198,slm,TOWNSIM_CALIB_0,0,reactive,MANTENER_RUMBO,4,52.45890517715206,False,-50.991912841796875,83.30146026611328,-30.227371215820312,,,,1.83,False,,,"{""telemetry"": 1.0, ""graph"": 167.0}",False,,,,,0.0,,0.109,False,0.0,,0.109,False,0.0,,0.11,False
242.715,1199,slm,TOWNSIM_CALIB_0,0,reactive,MANTENER_RUMBO,4,51.88145501916568,False,-50.42161560058594,83.25434875488281,-30.22687530517578,,,,2.23,False,,,"{""telemetry"": 1.5, ""graph"": 164.0}",False,,,,,0.0,,0.008,False,0.0,,0.008,False,0.0,,0.009,False
242.932,1200,slm,TOWNSIM_CALIB_0,0,reactive,MANTENER_RUMBO,4,51.304086007911074,False,-49.81622314453125,83.20433807373047,-30.226348876953125,,,,2.66,False,,,"{""telemetry"": 1.0, ""graph"": 181.1}",False,,,,,0.0,,0.073,False,0.0,,0.071,False,0.0,,0.074,False
243.119,1201,slm,TOWNSIM_CALIB_0,0,reactive,MANTENER_RUMBO,4,50.718055562741014,False,-49.25469970703125,83.15772247314453,-30.225860595703125,,,,3.05,False,,,"{""telemetry"": 1.5, ""graph"": 165.7}",False,,,,,0.0,,0.062,False,0.0,,0.061,False,0.0,,0.062,False
243.316,1202,slm,TOWNSIM_CALIB_0,0,reactive,MANTENER_RUMBO,4,50.140875430119145,False,-48.69317626953125,83.11084747314453,-30.225372314453125,,,,3.45,False,,,"{""telemetry"": 1.0, ""graph"": 162.5}",False,,,,,0.0,,0.056,False,0.0,,0.055,False,0.0,,0.056,False
243.509,1203,slm,TOWNSIM_CALIB_0,0,reactive,MANTENER_RUMBO,4,49.56378656106082,False,-48.114105224609375,83.06250762939453,-30.224868774414062,,,,3.86,False,,,"{""telemetry"": 0.5, ""graph"": 153.5}",False,,,,,0.0,,0.044,False,0.0,,0.043,False,0.0,,0.045,False
243.735,1204,slm,TOWNSIM_CALIB_0,0,reactive,MANTENER_RUMBO,4,48.93434294732471,False,-47.46484375,83.00830841064453,-30.22430419921875,,,,4.31,False,,,"{""telemetry"": 1.6, ""graph"": 161.9}",False,,,,,0.0,,0.047,False,0.0,,0.046,False,0.0,,0.047,False
243.931,1205,slm,TOWNSIM_CALIB_0,0,reactive,MANTENER_RUMBO,4,48.34866981593764,False,-46.894405364990234,82.96070098876953,-30.22380828857422,,,,4.72,False,,,"{""telemetry"": 2.0, ""graph"": 156.4}",False,,,,,0.0,,0.022,False,0.0,,0.022,False,0.0,,0.022,False
244.122,1206,slm,TOWNSIM_CALIB_0,0,reactive,MANTENER_RUMBO,4,47.780376297662976,False,-46.34141540527344,82.91455841064453,-30.22332763671875,,,,5.11,False,,,"{""telemetry"": 1.0, ""graph"": 145.7}",False,,,,,0.0,,0.032,False,0.0,,0.031,False,0.0,,0.032,False
244.313,1207,slm,TOWNSIM_CALIB_0,0,reactive,MANTENER_RUMBO,4,47.19470396143453,False,-45.770870208740234,82.86695098876953,-30.22283172607422,,,,5.51,False,,,"{""telemetry"": 1.0, ""graph"": 137.1}",False,,,,,0.0,,0.026,False,0.0,,0.026,False,0.0,,0.026,False
244.513,1208,slm,TOWNSIM_CALIB_0,0,reactive,MANTENER_RUMBO,4,46.609144444037184,False,-45.20032501220703,82.81934356689453,-30.222335815429688,,,,5.91,False,,,"{""telemetry"": 1.5, ""graph"": 134.6}",False,,,,,0.0,,0.048,False,0.0,,0.047,False,0.0,,0.048,False
244.743,1209,slm,TOWNSIM_CALIB_0,0,reactive,MANTENER_RUMBO,4,46.032439115047616,False,-44.5595588684082,82.76587677001953,-30.221778869628906,,,,6.36,False,,,"{""telemetry"": 1.5, ""graph"": 163.5}",False,,,,,0.0,,0.04,False,0.0,,0.04,False,0.0,,0.04,False
244.946,1210,slm,TOWNSIM_CALIB_0,0,reactive,MANTENER_RUMBO,4,45.45585176621295,False,-43.96268081665039,82.71607208251953,-30.22126007080078,,,,6.78,False,,,"{""telemetry"": 1.0, ""graph"": 165.1}",False,,,,,0.0,,0.088,False,0.0,,0.087,False,0.0,,0.088,False
245.123,1211,slm,TOWNSIM_CALIB_0,0,reactive,MANTENER_RUMBO,4,44.87065359600152,False,-43.45357894897461,82.67359161376953,-30.22081756591797,,,,7.14,False,,,"{""telemetry"": 1.5, ""graph"": 140.0}",False,,,,,0.0,,0.082,False,0.0,,0.082,False,0.0,,0.083,False
245.347,1212,slm,TOWNSIM_CALIB_0,0,reactive,MANTENER_RUMBO,4,44.29431805189878,False,-42.795257568359375,82.61865997314453,-30.220245361328125,,,,7.61,False,,,"{""telemetry"": 1.5, ""graph"": 162.1}",False,,,,,0.0,,0.029,False,0.0,,0.029,False,0.0,,0.029,False
245.543,1213,slm,TOWNSIM_CALIB_0,0,reactive,MANTENER_RUMBO,4,43.70938562554774,False,-42.22471237182617,82.57105255126953,-30.219749450683594,,,,8.01,False,,,"{""telemetry"": 1.0, ""graph"": 156.8}",False,,,,,0.0,,0.05,False,0.0,,0.05,False,0.0,,0.051,False
245.737,1214,slm,TOWNSIM_CALIB_0,0,reactive,MANTENER_RUMBO,4,43.12460760844205,False,-41.671722412109375,82.52450561523438,-30.219268798828125,,,,8.4,False,,,"{""telemetry"": 1.0, ""graph"": 149.6}",False,,,,,0.0,,0.02,False,0.0,,0.02,False,0.0,,0.02,False
245.937,1215,slm,TOWNSIM_CALIB_0,0,reactive,MANTENER_RUMBO,4,42.54871771728039,False,-41.0484504699707,82.47196197509766,-30.218727111816406,,,,8.84,False,,,"{""telemetry"": 1.5, ""graph"": 147.0}",False,,,,,0.0,,0.067,False,0.0,,0.067,False,0.0,,0.067,False
246.129,1216,slm,TOWNSIM_CALIB_0,0,reactive,MANTENER_RUMBO,4,41.9640437560664,False,-40.49522018432617,82.42533874511719,-30.218246459960938,,,,9.23,False,,,"{""telemetry"": 1.0, ""graph"": 138.0}",False,,,,,0.0,,0.029,False,0.0,,0.029,False,0.0,,0.029,False
246.397,1217,slm,TOWNSIM_CALIB_0,0,reactive,MANTENER_RUMBO,4,41.37949051129706,False,-39.80148696899414,82.36687469482422,-30.21764373779297,,,,9.72,False,,,"{""telemetry"": 1.5, ""graph"": 203.0}",False,,,,,0.0,,0.118,False,0.0,,0.118,False,0.0,,0.118,False
246.569,1218,slm,TOWNSIM_CALIB_0,0,reactive,MANTENER_RUMBO,4,40.795106872670814,False,-39.23947525024414,82.31951141357422,-30.21715545654297,,,,10.11,False,,,"{""telemetry"": 1.0, ""graph"": 168.5}",False,,,,,0.007,18.62,0.326,False,0.007,20.81,0.326,False,0.007,16.37,0.326,False
246.75,1219,slm,TOWNSIM_CALIB_0,0,reactive,MANTENER_RUMBO,4,40.184745991878614,False,-38.73015213012695,82.2765884399414,-30.216712951660156,,,,10.47,False,,,"{""telemetry"": 2.4, ""graph"": 137.4}",False,,,,,0.0,,0.109,False,0.0,,0.109,False,0.0,,0.109,False
246.964,1220,slm,TOWNSIM_CALIB_0,0,reactive,MANTENER_RUMBO,4,39.60073264956588,False,-38.089107513427734,82.22256469726562,-30.216156005859375,,,,10.92,False,,,"{""telemetry"": 1.5, ""graph"": 149.1}",False,,,,,0.0,,0.03,False,0.0,,0.03,False,0.0,,0.03,False
247.191,1221,slm,TOWNSIM_CALIB_0,0,reactive,MANTENER_RUMBO,4,38.9820642079295,False,-37.43050003051758,82.16706085205078,-30.21558380126953,,,,11.39,False,,,"{""telemetry"": 1.5, ""graph"": 160.5}",False,,,,,0.0,,0.023,False,0.0,,0.023,False,0.0,,0.023,False
247.377,1222,slm,TOWNSIM_CALIB_0,0,reactive,MANTENER_RUMBO,4,38.39845906606934,False,-36.886051177978516,82.12117767333984,-30.215110778808594,,,,11.77,False,,,"{""telemetry"": 2.0, ""graph"": 145.1}",False,,,,,0.0,,0.029,False,0.0,,0.03,False,0.0,,0.03,False
247.572,1223,slm,TOWNSIM_CALIB_0,0,reactive,MANTENER_RUMBO,4,37.8237491039077,False,-36.32392883300781,82.07381439208984,-30.214622497558594,,,,12.17,False,,,"{""telemetry"": 1.0, ""graph"": 138.5}",False,,,,,0.0,,0.021,False,0.0,,0.021,False,0.0,,0.021,False
247.788,1224,slm,TOWNSIM_CALIB_0,0,reactive,MANTENER_RUMBO,4,37.249026403475455,False,-35.70017623901367,82.02127075195312,-30.214080810546875,,,,12.61,False,,,"{""telemetry"": 2.0, ""graph"": 152.5}",False,,,,,0.0,,0.053,False,0.0,,0.053,False,0.0,,0.053,False
248.002,1225,slm,TOWNSIM_CALIB_0,0,reactive,MANTENER_RUMBO,4,36.66582671964137,False,-35.102779388427734,81.970947265625,-30.21356201171875,,,,13.03,False,,,"{""telemetry"": 2.5, ""graph"": 165.0}",False,,,,,0.0,,0.075,False,0.0,,0.075,False,0.0,,0.075,False
248.195,1226,slm,TOWNSIM_CALIB_0,0,reactive,MANTENER_RUMBO,4,36.09156991639505,False,-34.522953033447266,81.92210388183594,-30.213058471679688,,,,13.44,False,,,"{""telemetry"": 1.5, ""graph"": 156.7}",False,,,,,0.007,21.31,0.224,False,0.007,18.97,0.224,False,0.008,13.95,0.224,False
248.385,1227,slm,TOWNSIM_CALIB_0,0,reactive,MANTENER_RUMBO,4,35.517561263247536,False,-33.969482421875,81.87548065185547,-30.21257781982422,,,,13.83,False,,,"{""telemetry"": 1.0, ""graph"": 146.6}",False,,,,,0.0,,0.041,False,0.0,,0.042,False,0.0,,0.042,False
248.603,1228,slm,TOWNSIM_CALIB_0,0,reactive,MANTENER_RUMBO,4,34.93512190206506,False,-33.336944580078125,81.82219696044922,-30.21202850341797,,,,14.27,False,,,"{""telemetry"": 1.5, ""graph"": 162.5}",False,,,,,0.0,,0.03,False,0.0,,0.03,False,0.0,,0.03,False
248.776,1229,slm,TOWNSIM_CALIB_0,0,reactive,MANTENER_RUMBO,4,34.361651293767416,False,-32.82740020751953,81.7792739868164,-30.211585998535156,,,,14.63,False,,,"{""telemetry"": 1.0, ""graph"": 134.8}",False,,,,,0.0,,0.08,False,0.0,,0.08,False,0.0,,0.08,False
248.987,1230,slm,TOWNSIM_CALIB_0,0,reactive,MANTENER_RUMBO,4,33.779778337558525,False,-32.20353698730469,81.72673034667969,-30.211044311523438,,,,15.07,False,,,"{""telemetry"": 1.0, ""graph"": 144.4}",False,,,,,0.0,,0.007,False,0.0,,0.007,False,0.0,,0.007,False
249.172,1231,slm,TOWNSIM_CALIB_0,0,reactive,MANTENER_RUMBO,4,33.20668214917613,False,-31.68505096435547,81.68306732177734,-30.210594177246094,,,,15.44,False,,,"{""telemetry"": 3.5, ""graph"": 124.5}",False,,,,,0.0,,0.016,False,0.0,,0.016,False,0.0,,0.016,False
249.377,1232,slm,TOWNSIM_CALIB_0,0,reactive,MANTENER_RUMBO,4,32.63395596472826,False,-31.078649520874023,81.63200378417969,-30.210067749023438,,,,15.86,False,,,"{""telemetry"": 1.0, ""graph"": 130.1}",False,,,,,0.0,,0.013,False,0.0,,0.013,False,0.0,,0.013,False
249.597,1233,slm,TOWNSIM_CALIB_0,0,reactive,MANTENER_RUMBO,4,32.06148397293094,False,-30.472204208374023,81.58094024658203,-30.20954132080078,,,,16.29,False,,,"{""telemetry"": 0.5, ""graph"": 150.2}",False,,,,,0.0,,0.025,False,0.0,,0.025,False,0.0,,0.025,False
249.807,1234,slm,TOWNSIM_CALIB_0,0,reactive,MANTENER_RUMBO,4,31.489366146475287,False,-29.865758895874023,81.52987670898438,-30.209014892578125,,,,16.72,False,,,"{""telemetry"": 2.0, ""graph"": 156.5}",False,,,,,0.0,,0.019,False,0.0,,0.019,False,0.0,,0.019,False
249.988,1235,slm,TOWNSIM_CALIB_0,0,reactive,MANTENER_RUMBO,4,30.908962340647445,False,-29.3383731842041,81.4854736328125,-30.20855712890625,,,,17.09,False,,,"{""telemetry"": 1.0, ""graph"": 137.5}",False,,,,,0.0,,0.009,False,0.0,,0.009,False,0.0,,0.009,False
250.198,1236,slm,TOWNSIM_CALIB_0,0,reactive,MANTENER_RUMBO,4,30.337494337673476,False,-28.714214324951172,81.43292999267578,-30.20801544189453,,,,17.53,False,,,"{""telemetry"": 1.0, ""graph"": 146.0}",False,,,,,0.0,,0.024,False,0.0,,0.024,False,0.0,,0.024,False
250.391,1237,slm,TOWNSIM_CALIB_0,0,reactive,MANTENER_RUMBO,4,29.766444491188835,False,-28.17796516418457,81.38778686523438,-30.207550048828125,,,,17.91,False,,,"{""telemetry"": 1.5, ""graph"": 136.5}",False,,,,,0.0,,0.017,False,0.0,,0.017,False,0.0,,0.017,False
250.606,1238,slm,TOWNSIM_CALIB_0,0,reactive,MANTENER_RUMBO,4,29.19583733773584,False,-27.571386337280273,81.33672332763672,-30.20702362060547,,,,18.33,False,,,"{""telemetry"": 1.0, ""graph"": 149.5}",False,,,,,0.0,,0.018,False,0.0,,0.018,False,0.0,,0.018,False
250.833,1239,slm,TOWNSIM_CALIB_0,0,evasive,EVADIR_IZQUIERDA,4,28.58243801874899,False,-26.95622444152832,81.28512573242188,-30.203716278076172,,,,18.71,False,,,"{""telemetry"": 1.0, ""graph"": 160.3}",False,,,,,0.01,2.11,0.161,False,0.009,3.92,0.161,False,0.01,9.8,0.161,False
251.051,1240,slm,TOWNSIM_CALIB_0,0,deliberative,FRENAR,4,28.00627378412061,False,-26.34715461730957,81.25251770019531,-30.201120376586914,,,,19.23,False,,,"{""telemetry"": 1.0, ""graph"": 176.7}",True,1845.1,False,False,True,0.0,2.7,0.19,False,0.001,0.77,0.19,False,0.002,0.74,0.19,False
251.216,1241,slm,TOWNSIM_CALIB_0,0,deliberative,FRENAR,4,27.451459779644964,False,-25.837358474731445,81.25437927246094,-30.22718048095703,,,,18.9,False,,,"{""telemetry"": 1.0, ""graph"": 140.5}",True,1845.1,False,False,True,0.0,,0.0,False,0.0,,0.0,False,0.0,,0.0,False
251.428,1242,slm,TOWNSIM_CALIB_0,0,deliberative,FRENAR,4,26.960740889805145,False,-25.353607177734375,81.27518463134766,-30.321943283081055,,,,18.36,False,,,"{""telemetry"": 1.0, ""graph"": 151.1}",True,1845.1,False,False,True,0.0,,0.0,False,0.0,,0.0,False,0.0,,0.0,False
251.634,1243,slm,TOWNSIM_CALIB_0,0,deliberative,FRENAR,4,26.562163999658626,False,-25.014890670776367,81.29468536376953,-30.40498924255371,,,,17.92,False,,,"{""telemetry"": 1.5, ""graph"": 155.5}",True,1845.1,False,False,True,0.003,1.99,0.29,False,0.002,4.58,0.29,False,0.002,17.16,0.29,False
251.828,1244,slm,TOWNSIM_CALIB_0,0,deliberative,FRENAR,4,26.251732991169522,False,-24.721223831176758,81.3128433227539,-30.46726417541504,,,,17.62,False,,,"{""telemetry"": 1.5, ""graph"": 146.0}",True,1845.1,False,False,True,0.0,,0.0,False,0.0,,0.0,False,0.0,,0.0,False
252.046,1245,slm,TOWNSIM_CALIB_0,0,deliberative,FRENAR,4,26.00128778450562,False,-24.490575790405273,81.3273696899414,-30.5035343170166,,,,17.45,False,,,"{""telemetry"": 1.5, ""graph"": 148.0}",True,1845.1,False,False,True,0.0,,0.0,False,0.0,,0.0,False,0.0,,0.0,False
252.283,1246,slm,TOWNSIM_CALIB_0,0,deliberative,FRENAR,4,25.82364886064801,False,-24.31305694580078,81.3385009765625,-30.51347541809082,,,,17.36,False,,,"{""telemetry"": 1.0, ""graph"": 184.6}",True,1845.1,False,False,True,0.0,,0.0,False,0.0,,0.0,False,0.0,,0.0,False
252.457,1247,slm,TOWNSIM_CALIB_0,0,deliberative,FRENAR,4,25.69037713655666,False,-24.20595359802246,81.34517669677734,-30.490436553955078,,,,17.32,False,,,"{""telemetry"": 1.0, ""graph"": 157.6}",True,1845.1,False,False,True,0.0,,0.0,False,0.0,,0.0,False,0.0,,0.0,False
252.637,1248,slm,TOWNSIM_CALIB_0,0,deliberative,FRENAR,4,25.58681601128861,False,-24.11911964416504,81.35055541992188,-30.465213775634766,,,,17.3,False,,,"{""telemetry"": 1.0, ""graph"": 136.0}",True,1845.1,False,False,True,0.0,,0.0,False,0.0,,0.0,False,0.0,,0.0,False
252.847,1249,slm,TOWNSIM_CALIB_0,0,deliberative,FRENAR,4,25.508893564844808,False,-24.048202514648438,81.35492706298828,-30.45550537109375,,,,17.28,False,,,"{""telemetry"": 1.5, ""graph"": 143.5}",True,1845.1,False,False,True,0.0,,0.0,False,0.0,,0.0,False,0.0,,0.0,False
253.064,1250,slm,TOWNSIM_CALIB_0,0,deliberative,MANTENER_RUMBO,4,25.451105523872318,False,-23.994245529174805,81.35823822021484,-30.447736740112305,,,,17.27,False,,,"{""telemetry"": 1.0, ""graph"": 159.2}",True,1948.5,False,False,True,0.0,,0.0,False,0.0,,0.0,False,0.0,,0.0,False
253.265,1251,slm,TOWNSIM_CALIB_0,0,deliberative,FRENAR,4,25.408508378323795,False,-23.958621978759766,81.3604736328125,-30.43886375427246,,,,17.24,False,,,"{""telemetry"": 1.0, ""graph"": 158.5}",True,1948.5,False,False,True,0.003,7.9,0.2,False,0.003,2.93,0.2,False,0.002,14.4,0.2,False
253.494,1252,slm,TOWNSIM_CALIB_0,0,deliberative,FRENAR,4,25.357146495748594,False,-23.872831344604492,81.37928771972656,-30.46163558959961,,,,17.33,False,,,"{""telemetry"": 1.0, ""graph"": 187.4}",True,1948.5,False,False,True,0.0,0.71,0.877,True,0.0,0.18,0.877,True,0.0,0.52,0.877,True
253.664,1253,slm,TOWNSIM_CALIB_0,0,deliberative,FRENAR,4,25.246693718133734,False,-23.761314392089844,81.40895080566406,-30.45198631286621,,,,17.41,False,,,"{""telemetry"": 1.0, ""graph"": 155.7}",True,1948.5,False,False,True,0.0,,0.0,False,0.0,,0.0,False,0.0,,0.0,False
253.867,1254,slm,TOWNSIM_CALIB_0,0,deliberative,FRENAR,4,25.12484318949986,False,-23.651391983032227,81.43926239013672,-30.449783325195312,,,,17.45,False,,,"{""telemetry"": 1.5, ""graph"": 156.0}",True,1948.5,False,False,True,0.0,,0.0,False,0.0,,0.0,False,0.0,,0.0,False
254.059,1255,slm,TOWNSIM_CALIB_0,0,deliberative,FRENAR,4,25.02150576454352,False,-23.561487197875977,81.46434783935547,-30.45088768005371,,,,17.46,False,,,"{""telemetry"": 1.5, ""graph"": 146.5}",True,1948.5,False,False,True,0.0,,0.0,False,0.0,,0.0,False,0.0,,0.0,False
254.287,1256,slm,TOWNSIM_CALIB_0,0,deliberative,FRENAR,4,24.93818588407439,False,-23.480955123901367,81.48693084716797,-30.451614379882812,,,,17.46,False,,,"{""telemetry"": 1.5, ""graph"": 172.2}",True,1948.5,False,False,True,0.0,,0.0,False,0.0,,0.0,False,0.0,,0.0,False
254.502,1257,slm,TOWNSIM_CALIB_0,0,deliberative,FRENAR,4,24.87509118786293,False,-23.42769432067871,81.50189971923828,-30.451244354248047,,,,17.47,False,,,"{""telemetry"": 1.5, ""graph"": 185.1}",True,1948.5,False,False,True,0.0,,0.137,False,0.0,,0.137,False,0.0,,0.137,False
254.673,1258,slm,TOWNSIM_CALIB_0,0,deliberative,FRENAR,4,24.827184977820473,False,-23.388334274291992,81.5129623413086,-30.450302124023438,,,,17.47,False,,,"{""telemetry"": 1.5, ""graph"": 156.1}",True,1948.5,False,False,True,0.0,,0.0,False,0.0,,0.0,False,0.0,,0.0,False
254.857,1259,slm,TOWNSIM_CALIB_0,0,deliberative,FRENAR,4,24.791058474660076,False,-23.35875129699707,81.52130126953125,-30.44908332824707,,,,17.47,False,,,"{""telemetry"": 1.0, ""graph"": 138.5}",True,1948.5,False,False,True,0.0,,0.0,False,0.0,,0.0,False,0.0,,0.0,False
255.075,1260,slm,TOWNSIM_CALIB_0,0,deliberative,MANTENER_RUMBO,4,24.76356844291942,False,-23.333341598510742,81.5284423828125,-30.447593688964844,,,,17.47,False,,,"{""telemetry"": 1.0, ""graph"": 155.2}",True,1720.1,False,False,True,0.0,,0.0,False,0.0,,0.0,False,0.0,,0.0,False
255.253,1261,slm,TOWNSIM_CALIB_0,0,reactive,MANTENER_RUMBO,4,24.743282551623782,False,-23.316612243652344,81.53314971923828,-30.44384002685547,,,,17.47,False,,,"{""telemetry"": 1.0, ""graph"": 132.5}",False,,,,,0.0,,0.0,False,0.0,,0.0,False,0.0,,0.0,False
255.471,1262,slm,TOWNSIM_CALIB_0,0,reactive,MANTENER_RUMBO,4,24.70846712228939,False,-23.248245239257812,81.5542221069336,-30.493083953857422,,,,17.57,False,,,"{""telemetry"": 1.0, ""graph"": 149.0}",False,,,,,0.0,,0.0,False,0.0,,0.0,False,0.0,,0.0,False
255.661,1263,slm,TOWNSIM_CALIB_0,0,reactive,MANTENER_RUMBO,4,24.580072989406414,False,-23.096275329589844,81.60175323486328,-30.57247543334961,,,,17.73,False,,,"{""telemetry"": 1.0, ""graph"": 136.0}",False,,,,,0.0,,0.0,False,0.0,,0.0,False,0.0,,0.0,False
255.876,1264,slm,TOWNSIM_CALIB_0,0,reactive,MANTENER_RUMBO,4,24.35748836780771,False,-22.83308982849121,81.6843490600586,-30.633405685424805,,,,17.93,False,,,"{""telemetry"": 2.5, ""graph"": 149.0}",False,,,,,0.0,,0.0,False,0.0,,0.0,False,0.0,,0.0,False
256.066,1265,slm,TOWNSIM_CALIB_0,0,reactive,MANTENER_RUMBO,4,24.054805611215478,False,-22.527437210083008,81.78038024902344,-30.6571102142334,,,,18.11,False,,,"{""telemetry"": 1.0, ""graph"": 138.0}",False,,,,,0.0,,0.0,False,0.0,,0.0,False,0.0,,0.0,False
256.262,1266,slm,TOWNSIM_CALIB_0,0,reactive,MANTENER_RUMBO,4,23.681058269443,False,-22.181428909301758,81.8891372680664,-30.65959930419922,,,,18.3,False,,,"{""telemetry"": 3.5, ""graph"": 130.0}",False,,,,,0.0,,0.0,False,0.0,,0.0,False,0.0,,0.0,False
256.483,1267,slm,TOWNSIM_CALIB_0,0,reactive,MANTENER_RUMBO,4,23.26159903790946,False,-21.696706771850586,82.04150390625,-30.645187377929688,,,,18.53,False,,,"{""telemetry"": 1.0, ""graph"": 151.7}",False,,,,,0.0,,0.0,False,0.0,,0.0,False,0.0,,0.0,False
256.683,1268,slm,TOWNSIM_CALIB_0,0,reactive,MANTENER_RUMBO,4,22.80328999200896,False,-21.231998443603516,82.18762969970703,-30.623220443725586,,,,18.74,False,,,"{""telemetry"": 1.5, ""graph"": 151.5}",False,,,,,0.0,,0.0,False,0.0,,0.0,False,0.0,,0.0,False
256.892,1269,slm,TOWNSIM_CALIB_0,0,reactive,MANTENER_RUMBO,4,22.308242236938188,False,-20.756319046020508,82.33718872070312,-30.597362518310547,,,,18.95,False,,,"{""telemetry"": 1.5, ""graph"": 158.1}",False,,,,,0.0,,0.0,False,0.0,,0.0,False,0.0,,0.0,False
257.092,1270,slm,TOWNSIM_CALIB_0,0,reactive,MANTENER_RUMBO,4,21.7988136055974,False,-20.23142433166504,82.502197265625,-30.56719970703125,,,,19.16,False,,,"{""telemetry"": 1.5, ""graph"": 157.0}",False,,,,,0.0,,0.0,False,0.0,,0.0,False,0.0,,0.0,False
257.303,1271,slm,TOWNSIM_CALIB_0,0,reactive,MANTENER_RUMBO,4,21.273482908209743,False,-19.71505355834961,82.66452026367188,-30.536928176879883,,,,19.37,False,,,"{""telemetry"": 1.0, ""graph"": 166.5}",False,,,,,0.0,,0.0,False,0.0,,0.0,False,0.0,,0.0,False
257.502,1272,slm,TOWNSIM_CALIB_0,0,reactive,MANTENER_RUMBO,4,20.72833327025225,False,-19.220497131347656,82.81993865966797,-30.507810592651367,,,,19.56,False,,,"{""telemetry"": 1.5, ""graph"": 163.5}",False,,,,,0.0,,0.052,False,0.0,,0.052,False,0.0,,0.052,False
257.685,1273,slm,TOWNSIM_CALIB_0,0,reactive,MANTENER_RUMBO,4,20.182874676671116,False,-18.67025375366211,82.99286651611328,-30.474706649780273,,,,19.77,False,,,"{""telemetry"": 1.0, ""graph"": 145.5}",False,,,,,0.0,,0.0,False,0.0,,0.0,False,0.0,,0.0,False
257.913,1274,slm,TOWNSIM_CALIB_0,0,evasive,EVADIR_IZQUIERDA,4,19.62320970156154,False,-18.098129272460938,83.17463684082031,-30.436145782470703,,,,19.83,False,,,"{""telemetry"": 1.0, ""graph"": 171.9}",False,,,,,0.008,4.18,0.453,False,0.008,5.66,0.453,False,0.009,16.11,0.453,False
258.102,1275,slm,TOWNSIM_CALIB_0,0,evasive,EVADIR_IZQUIERDA,4,19.06847626669254,False,-17.59707260131836,83.33744049072266,-30.402721405029297,,,,19.74,False,,,"{""telemetry"": 1.0, ""graph"": 160.1}",False,,,,,0.008,2.9,0.234,False,0.008,6.3,0.234,False,0.009,15.66,0.234,False
258.299,1276,slm,TOWNSIM_CALIB_0,0,reactive,MANTENER_RUMBO,4,18.51498772297608,False,-17.056358337402344,83.51664733886719,-30.395740509033203,,,,18.29,False,,,"{""telemetry"": 1.5, ""graph"": 155.3}",False,,,,,0.0,,0.0,False,0.0,,0.0,False,0.0,,0.0,False
258.459,1277,slm,TOWNSIM_CALIB_0,0,reactive,MANTENER_RUMBO,4,18.013828521977928,False,-16.5606746673584,83.6832504272461,-30.394756317138672,,,,15.95,False,,,"{""telemetry"": 1.0, ""graph"": 114.5}",False,,,,,0.0,,0.0,False,0.0,,0.0,False,0.0,,0.0,False
258.687,1278,slm,TOWNSIM_CALIB_0,0,reactive,MANTENER_RUMBO,4,17.5643593573836,False,-16.177757263183594,83.81169891357422,-30.367523193359375,,,,14.66,False,,,"{""telemetry"": 2.0, ""graph"": 140.5}",False,,,,,0.0,,0.0,False,0.0,,0.0,False,0.0,,0.0,False
258.898,1279,slm,TOWNSIM_CALIB_0,0,reactive,MANTENER_RUMBO,4,17.109776540428626,False,-15.711709022521973,83.96524047851562,-30.343263626098633,,,,13.66,False,,,"{""telemetry"": 1.0, ""graph"": 150.5}",False,,,,,0.0,,0.0,False,0.0,,0.0,False,0.0,,0.0,False
259.132,1280,slm,TOWNSIM_CALIB_0,0,reactive,MANTENER_RUMBO,4,16.636856750202067,False,-15.208809852600098,84.12767028808594,-30.31989288330078,,,,12.9,False,,,"{""telemetry"": 1.5, ""graph"": 181.1}",False,,,,,0.006,23.1,0.299,False,0.006,13.9,0.3,False,0.008,13.93,0.3,False
259.297,1281,slm,TOWNSIM_CALIB_0,0,reactive,MANTENER_RUMBO,4,16.15853561048715,False,-14.758479118347168,84.2710189819336,-30.298358917236328,,,,12.35,False,,,"{""telemetry"": 1.0, ""graph"": 145.0}",False,,,,,0.0,,0.0,False,0.0,,0.0,False,0.0,,0.0,False
259.515,1282,slm,TOWNSIM_CALIB_0,0,reactive,MANTENER_RUMBO,4,15.648513088322698,False,-14.21688175201416,84.44163513183594,-30.271535873413086,,,,11.76,False,,,"{""telemetry"": 1.5, ""graph"": 161.6}",False,,,,,0.0,,0.0,False,0.0,,0.0,False,0.0,,0.0,False
259.705,1283,slm,TOWNSIM_CALIB_0,0,reactive,MANTENER_RUMBO,4,15.125304452516561,False,-13.747628211975098,84.58831024169922,-30.250577926635742,,,,11.29,False,,,"{""telemetry"": 1.0, ""graph"": 151.3}",False,,,,,0.0,,0.043,False,0.0,,0.043,False,0.0,,0.043,False
259.939,1284,slm,TOWNSIM_CALIB_0,0,evasive,EVADIR_IZQUIERDA,4,14.599980343128294,False,-13.156153678894043,84.76702117919922,-30.251239776611328,,,,10.67,False,,,"{""telemetry"": 1.0, ""graph"": 183.4}",False,,,,,0.011,10.39,0.383,False,0.01,5.57,0.383,False,0.011,1.67,0.383,True
260.138,1285,slm,TOWNSIM_CALIB_0,0,reactive,MANTENER_RUMBO,4,14.0664957767593,False,-12.611583709716797,84.92068481445312,-30.25362205505371,,,,9.83,False,,,"{""telemetry"": 1.0, ""graph"": 181.0}",False,,,,,0.0,,0.015,False,0.0,,0.015,False,0.0,,0.015,False
260.304,1286,slm,TOWNSIM_CALIB_0,0,reactive,MANTENER_RUMBO,4,13.529407313504432,False,-12.149054527282715,85.0438461303711,-30.271472930908203,,,,8.34,False,,,"{""telemetry"": 1.0, ""graph"": 146.0}",False,,,,,0.0,,0.0,False,0.0,,0.0,False,0.0,,0.0,False
260.505,1287,slm,TOWNSIM_CALIB_0,0,reactive,MANTENER_RUMBO,4,13.026046771834425,False,-11.632720947265625,85.17306518554688,-30.272233963012695,,,,7.06,False,,,"{""telemetry"": 1.0, ""graph"": 144.2}",False,,,,,0.0,,0.0,False,0.0,,0.0,False,0.0,,0.0,False
260.716,1288,slm,TOWNSIM_CALIB_0,0,reactive,MANTENER_RUMBO,4,12.536001456379465,False,-11.120243072509766,85.28974914550781,-30.274761199951172,,,,6.05,False,,,"{""telemetry"": 1.5, ""graph"": 153.0}",False,,,,,0.0,,0.0,False,0.0,,0.0,False,0.0,,0.0,False
260.917,1289,slm,TOWNSIM_CALIB_0,0,reactive,MANTENER_RUMBO,4,12.028626029338595,False,-10.649150848388672,85.38850402832031,-30.277463912963867,,,,5.26,False,,,"{""telemetry"": 2.0, ""graph"": 153.0}",False,,,,,0.0,,0.058,False,0.0,,0.058,False,0.0,,0.058,False
261.134,1290,slm,TOWNSIM_CALIB_0,0,reactive,MANTENER_RUMBO,4,11.51670428140345,False,-10.095020294189453,85.49700927734375,-30.279708862304688,,,,4.41,False,,,"{""telemetry"": 2.0, ""graph"": 168.5}",False,,,,,0.01,6.23,0.287,False,0.009,6.69,0.287,False,0.011,13.41,0.287,False
261.355,1291,slm,TOWNSIM_CALIB_0,0,reactive,MANTENER_RUMBO,4,10.986471288098917,False,-9.496101379394531,85.60774993896484,-30.281063079833984,,,,3.56,False,,,"{""telemetry"": 1.5, ""graph"": 188.5}",False,,,,,0.0,,0.08,False,0.0,,0.08,False,0.0,,0.08,False
261.538,1292,slm,TOWNSIM_CALIB_0,0,reactive,MANTENER_RUMBO,4,10.45631784549737,False,-9.011064529418945,85.69392395019531,-30.28158950805664,,,,2.9,False,,,"{""telemetry"": 1.0, ""graph"": 171.1}",False,,,,,0.0,,0.057,False,0.0,,0.057,False,0.0,,0.057,False
261.743,1293,slm,TOWNSIM_CALIB_0,0,reactive,MANTENER_RUMBO,4,9.912672401790493,False,-8.412346839904785,85.7972412109375,-30.28181266784668,,,,2.09,False,,,"{""telemetry"": 2.0, ""graph"": 172.9}",False,,,,,0.0,,0.074,False,0.0,,0.074,False,0.0,,0.074,False
261.939,1294,slm,TOWNSIM_CALIB_0,0,reactive,MANTENER_RUMBO,4,9.373852172168647,False,-7.892245769500732,85.8849868774414,-30.281755447387695,,,,1.4,False,,,"{""telemetry"": 1.0, ""graph"": 168.1}",False,,,,,0.0,,0.103,False,0.0,,0.103,False,0.0,,0.103,False
262.167,1295,slm,TOWNSIM_CALIB_0,0,evasive,EVADIR_DERECHA,4,8.833523344587567,False,-7.258960723876953,85.99003601074219,-30.28150749206543,,,,0.57,False,,,"{""telemetry"": 1.5, ""graph"": 195.4}",False,,,,,0.011,3.73,0.16,False,0.008,4.21,0.16,False,0.009,15.11,0.16,False
262.349,1296,slm,TOWNSIM_CALIB_0,0,reactive,MANTENER_RUMBO,4,8.285026503995976,False,-6.750461578369141,86.07330322265625,-30.281326293945312,,,,0.02,False,,,"{""telemetry"": 0.5, ""graph"": 177.1}",False,,,,,0.009,16.59,0.254,False,0.007,5.57,0.254,False,0.01,5.67,0.254,False
262.519,1297,slm,TOWNSIM_CALIB_0,0,reactive,MANTENER_RUMBO,4,7.7564177911698104,False,-6.246937274932861,86.15252685546875,-30.300579071044922,,,,0.88,False,,,"{""telemetry"": 1.0, ""graph"": 144.6}",False,,,,,0.0,,0.0,False,0.0,,0.0,False,0.0,,0.0,False
262.73,1298,slm,TOWNSIM_CALIB_0,0,reactive,MANTENER_RUMBO,4,7.264377130381035,False,-5.722421646118164,86.22530364990234,-30.30204963684082,,,,1.46,False,,,"{""telemetry"": 1.0, ""graph"": 154.0}",False,,,,,0.0,,0.0,False,0.0,,0.0,False,0.0,,0.0,False
262.941,1299,slm,TOWNSIM_CALIB_0,0,reactive,MANTENER_RUMBO,4,6.7804635238629585,False,-5.1811394691467285,86.2840347290039,-30.300992965698242,,,,1.22,False,,,"{""telemetry"": 1.0, ""graph"": 163.0}",False,,,,,0.0,,0.0,False,0.0,,0.0,False,0.0,,0.0,False
263.171,1300,slm,TOWNSIM_CALIB_0,0,evasive,EVADIR_DERECHA,4,6.289180055799866,False,-4.652256011962891,86.3287124633789,-30.282306671142578,,,,0.62,False,,,"{""telemetry"": 1.5, ""graph"": 191.0}",False,,,,,0.008,20.25,0.274,False,0.005,7.43,0.274,False,0.004,2.27,0.274,False
263.391,1301,slm,TOWNSIM_CALIB_0,0,evasive,EVADIR_IZQUIERDA,4,5.788938574038423,False,-4.088757514953613,86.36662292480469,-30.265127182006836,,,,0.03,False,,,"{""telemetry"": 1.7, ""graph"": 209.1}",False,,,,,0.01,3.72,0.176,False,0.009,5.32,0.176,False,0.012,10.2,0.176,False
263.55,1302,slm,TOWNSIM_CALIB_0,0,reactive,MANTENER_RUMBO,4,5.264263713039548,False,-3.6098358631134033,86.3932876586914,-30.28447914123535,,,,0.81,False,,,"{""telemetry"": 1.0, ""graph"": 156.6}",False,,,,,0.0,,0.0,False,0.0,,0.0,False,0.0,,0.0,False
263.777,1303,slm,TOWNSIM_CALIB_0,0,reactive,MANTENER_RUMBO,4,4.804779489701384,False,-3.128204345703125,86.41647338867188,-30.31028175354004,,,,0.2,False,,,"{""telemetry"": 1.5, ""graph"": 177.5}",False,,,,,0.0,,0.12,False,0.0,,0.12,False,0.0,,0.12,False
263.951,1304,slm,TOWNSIM_CALIB_0,0,reactive,MANTENER_RUMBO,4,4.399965751378836,False,-2.710428237915039,86.43350219726562,-30.305322647094727,,,,-0.69,False,,,"{""telemetry"": 1.0, ""graph"": 150.0}",False,,,,,0.0,,0.0,False,0.0,,0.0,False,0.0,,0.0,False
264.168,1305,slm,TOWNSIM_CALIB_0,0,reactive,MANTENER_RUMBO,4,3.99850994412514,False,-2.2254531383514404,86.44853973388672,-30.289461135864258,,,,-1.73,False,,,"{""telemetry"": 1.0, ""graph"": 165.0}",False,,,,,0.0,,0.0,False,0.0,,0.0,False,0.0,,0.0,False
264.363,1306,slm,TOWNSIM_CALIB_0,0,reactive,MANTENER_RUMBO,4,3.5800229569773947,False,-1.7877159118652344,86.45793151855469,-30.27669334411621,,,,-2.63,False,,,"{""telemetry"": 1.0, ""graph"": 158.0}",False,,,,,0.0,,0.007,False,0.0,,0.006,False,0.0,,0.007,False
264.556,1307,slm,TOWNSIM_CALIB_0,0,reactive,MANTENER_RUMBO,5,66.56398559923352,False,-1.2756434679031372,86.46430206298828,-30.275089263916016,,,,-3.66,False,,,"{""telemetry"": 1.0, ""graph"": 150.8}",False,,,,,0.0,,0.0,False,0.0,,0.0,False,0.0,,0.0,False
264.753,1308,slm,TOWNSIM_CALIB_0,0,reactive,MANTENER_RUMBO,5,66.55997855795226,False,-0.8302869200706482,86.46560668945312,-30.27345085144043,,,,-4.64,False,,,"{""telemetry"": 1.5, ""graph"": 145.5}",False,,,,,0.0,,0.0,False,0.0,,0.0,False,0.0,,0.0,False
264.92,1309,slm,TOWNSIM_CALIB_0,0,reactive,MANTENER_RUMBO,5,66.523384046352,False,-0.36244234442710876,86.46403503417969,-30.160076141357422,,,,-6.64,False,,,"{""telemetry"": 1.0, ""graph"": 110.5}",False,,,,,0.0,,0.0,False,0.0,,0.0,False,0.0,,0.0,False
265.098,1310,slm,TOWNSIM_CALIB_0,0,reactive,MANTENER_RUMBO,5,66.4645329163892,False,-0.024208106100559235,86.46076202392578,-30.059892654418945,,,,-9.02,False,,,"{""telemetry"": 1.0, ""graph"": 88.0}",False,,,,,0.0,,0.0,False,0.0,,0.0,False,0.0,,0.0,False
265.324,1311,slm,TOWNSIM_CALIB_0,0,reactive,MANTENER_RUMBO,5,66.41192216222306,False,0.31240034103393555,86.45584106445312,-29.943754196166992,,,,-12.34,False,,,"{""telemetry"": 1.0, ""graph"": 111.5}",False,,,,,0.0,,0.0,False,0.0,,0.0,False,0.0,,0.0,False
265.521,1312,slm,TOWNSIM_CALIB_0,0,reactive,MANTENER_RUMBO,5,66.356905463899,False,0.5500814914703369,86.45167541503906,-29.806270599365234,,,,-15.92,False,,,"{""telemetry"": 2.0, ""graph"": 107.0}",False,,,,,0.0,,0.0,False,0.0,,0.0,False,0.0,,0.0,False
265.706,1313,slm,TOWNSIM_CALIB_0,0,reactive,MANTENER_RUMBO,5,66.2886973772652,False,0.7245174646377563,86.44795227050781,-29.666006088256836,,,,-19.73,False,,,"{""telemetry"": 1.0, ""graph"": 91.0}",False,,,,,0.0,,0.0,False,0.0,,0.0,False,0.0,,0.0,False
265.917,1314,slm,TOWNSIM_CALIB_0,0,reactive,MANTENER_RUMBO,5,66.21693002656436,False,0.8817827701568604,86.44367980957031,-29.497825622558594,,,,-24.38,False,,,"{""telemetry"": 1.0, ""graph"": 100.5}",False,,,,,0.0,,0.0,False,0.0,,0.0,False,0.0,,0.0,False
266.119,1315,slm,TOWNSIM_CALIB_0,0,reactive,MANTENER_RUMBO,5,66.14102646326043,False,0.9975900650024414,86.43965148925781,-29.335634231567383,,,,-28.89,False,,,"{""telemetry"": 1.5, ""graph"": 101.0}",False,,,,,0.0,,0.0,False,0.0,,0.0,False,0.0,,0.0,False
266.325,1316,slm,TOWNSIM_CALIB_0,0,reactive,MANTENER_RUMBO,5,66.06654928702002,False,1.0932512283325195,86.43544006347656,-29.16458511352539,,,,-33.68,False,,,"{""telemetry"": 1.5, ""graph"": 105.0}",False,,,,,0.0,,0.0,False,0.0,,0.0,False,0.0,,0.0,False
266.526,1317,slm,TOWNSIM_CALIB_0,0,reactive,MANTENER_RUMBO,5,65.9930020564552,False,1.1648672819137573,86.4314956665039,-29.037790298461914,,,,-37.97,False,,,"{""telemetry"": 1.0, ""graph"": 104.9}",False,,,,,0.0,,0.0,False,0.0,,0.0,False,0.0,,0.0,False
266.715,1318,slm,TOWNSIM_CALIB_0,0,reactive,MANTENER_RUMBO,5,65.97380138037867,False,1.2144956588745117,86.42854309082031,-29.03428840637207,,,,-41.64,False,,,"{""telemetry"": 1.0, ""graph"": 92.0}",False,,,,,0.0,,0.0,False,0.0,,0.0,False,0.0,,0.0,False
266.927,1319,slm,TOWNSIM_CALIB_0,0,reactive,MANTENER_RUMBO,5,65.9722506839342,False,1.2552605867385864,86.42650604248047,-29.032949447631836,,,,-45.18,False,,,"{""telemetry"": 0.5, ""graph"": 103.5}",False,,,,,0.0,,0.0,False,0.0,,0.0,False,0.0,,0.0,False
267.12,1320,slm,TOWNSIM_CALIB_0,0,reactive,MANTENER_RUMBO,5,65.97102563059147,False,1.2832493782043457,86.42552185058594,-29.031484603881836,,,,-48.09,False,,,"{""telemetry"": 1.0, ""graph"": 94.5}",False,,,,,0.0,,0.0,False,0.0,,0.0,False,0.0,,0.0,False
267.336,1321,slm,TOWNSIM_CALIB_0,0,reactive,MANTENER_RUMBO,5,65.97029842185627,False,1.3060238361358643,86.4251708984375,-29.030027389526367,,,,-51.28,False,,,"{""telemetry"": 1.0, ""graph"": 109.3}",False,,,,,0.0,,0.0,False,0.0,,0.0,False,0.0,,0.0,False
267.534,1322,slm,TOWNSIM_CALIB_0,0,reactive,MANTENER_RUMBO,5,65.97026871910073,False,1.3214224576950073,86.4254150390625,-29.01702308654785,,,,-54.21,False,,,"{""telemetry"": 1.0, ""graph"": 106.0}",False,,,,,0.0,,0.0,False,0.0,,0.0,False,0.0,,0.0,False
267.738,1323,slm,TOWNSIM_CALIB_0,0,reactive,MANTENER_RUMBO,5,65.93116085329348,False,1.340544581413269,86.41679382324219,-28.89156723022461,,,,-56.9,False,,,"{""telemetry"": 2.5, ""graph"": 107.0}",False,,,,,0.0,,0.0,False,0.0,,0.0,False,0.0,,0.0,False
267.937,1324,slm,TOWNSIM_CALIB_0,0,reactive,MANTENER_RUMBO,5,65.84765425454003,False,1.381574273109436,86.37300872802734,-28.753231048583984,,,,-59.55,False,,,"{""telemetry"": 1.0, ""graph"": 105.4}",False,,,,,0.0,,0.0,False,0.0,,0.0,False,0.0,,0.0,False
268.14,1325,slm,TOWNSIM_CALIB_0,0,reactive,MANTENER_RUMBO,5,65.73137476159003,False,1.450045108795166,86.28219604492188,-28.631290435791016,,,,-61.93,False,,,"{""telemetry"": 1.0, ""graph"": 107.5}",False,,,,,0.0,,0.0,False,0.0,,0.0,False,0.0,,0.0,False
268.356,1326,slm,TOWNSIM_CALIB_0,0,reactive,MANTENER_RUMBO,5,65.56331442931337,False,1.5468249320983887,86.13909912109375,-28.497379302978516,,,,-64.24,False,,,"{""telemetry"": 1.0, ""graph"": 106.9}",False,,,,,0.0,,0.0,False,0.0,,0.0,False,0.0,,0.0,False
268.555,1327,slm,TOWNSIM_CALIB_0,0,reactive,MANTENER_RUMBO,5,65.3644286793098,False,1.6562918424606323,85.96284484863281,-28.36063003540039,,,,-66.38,False,,,"{""telemetry"": 1.0, ""graph"": 104.0}",False,,,,,0.0,,0.0,False,0.0,,0.0,False,0.0,,0.0,False
268.753,1328,slm,TOWNSIM_CALIB_0,0,reactive,MANTENER_RUMBO,5,65.11562906007143,False,1.7876718044281006,85.73538970947266,-28.225845336914062,,,,-68.53,False,,,"{""telemetry"": 1.0, ""graph"": 101.5}",False,,,,,0.0,,0.0,False,0.0,,0.0,False,0.0,,0.0,False
268.964,1329,slm,TOWNSIM_CALIB_0,0,reactive,MANTENER_RUMBO,5,64.82857268741799,False,1.9393489360809326,85.45528411865234,-28.06418228149414,,,,-70.69,False,,,"{""telemetry"": 1.0, ""graph"": 110.5}",False,,,,,0.0,,0.0,False,0.0,,0.0,False,0.0,,0.0,False
269.19,1330,slm,TOWNSIM_CALIB_0,0,reactive,MANTENER_RUMBO,5,64.50712717573083,False,2.1119890213012695,85.10981750488281,-27.891096115112305,,,,-73.05,False,,,"{""telemetry"": 0.5, ""graph"": 134.9}",False,,,,,0.0,,0.0,False,0.0,,0.0,False,0.0,,0.0,False
269.41,1331,slm,TOWNSIM_CALIB_0,0,reactive,MANTENER_RUMBO,5,64.14451550773538,False,2.249671220779419,84.81842803955078,-27.75708770751953,,,,-74.8,False,,,"{""telemetry"": 1.5, ""graph"": 153.0}",False,,,,,0.0,,0.0,False,0.0,,0.0,False,0.0,,0.0,False
269.566,1332,slm,TOWNSIM_CALIB_0,0,reactive,MANTENER_RUMBO,5,63.75721088279904,False,2.4187142848968506,84.43680572509766,-27.588659286499023,,,,-76.83,False,,,"{""telemetry"": 1.0, ""graph"": 106.0}",False,,,,,0.0,,0.0,False,0.0,,0.0,False,0.0,,0.0,False
269.833,1333,slm,TOWNSIM_CALIB_0,0,reactive,MANTENER_RUMBO,5,63.33730357547722,False,2.5826234817504883,84.03144073486328,-27.422809600830078,,,,-78.79,False,,,"{""telemetry"": 1.0, ""graph"": 173.0}",False,,,,,0.0,,0.053,False,0.0,,0.053,False,0.0,,0.053,False
269.979,1334,slm,TOWNSIM_CALIB_0,0,reactive,MANTENER_RUMBO,5,62.900373375772794,False,2.7500803470611572,83.58174133300781,-27.249073028564453,,,,-80.82,False,,,"{""telemetry"": 1.5, ""graph"": 116.0}",False,,,,,0.0,,0.0,False,0.0,,0.0,False,0.0,,0.0,False
270.195,1335,slm,TOWNSIM_CALIB_0,0,reactive,MANTENER_RUMBO,5,62.4448407233692,False,2.9140639305114746,83.11115264892578,-27.075199127197266,,,,-82.84,False,,,"{""telemetry"": 2.5, ""graph"": 129.6}",False,,,,,0.0,,0.0,False,0.0,,0.0,False,0.0,,0.0,False
270.426,1336,slm,TOWNSIM_CALIB_0,0,reactive,MANTENER_RUMBO,5,61.97516937609245,False,3.038527250289917,82.73731231689453,-26.940399169921875,,,,-84.36,False,,,"{""telemetry"": 2.0, ""graph"": 159.6}",False,,,,,0.0,,0.113,False,0.0,,0.113,False,0.0,,0.113,False
270.632,1337,slm,TOWNSIM_CALIB_0,0,reactive,MANTENER_RUMBO,5,61.49321374799263,False,3.1867172718048096,82.25585174560547,-26.766155242919922,,,,-86.17,False,,,"{""telemetry"": 1.0, ""graph"": 166.0}",False,,,,,0.0,,0.004,False,0.0,,0.004,False,0.0,,0.004,False
270.835,1338,slm,TOWNSIM_CALIB_0,0,reactive,MANTENER_RUMBO,5,60.99263943107936,False,3.320173740386963,81.753173828125,-26.592132568359375,,,,-87.96,False,,,"{""telemetry"": 2.0, ""graph"": 165.0}",False,,,,,0.012,13.12,0.264,False,0.007,17.02,0.264,False,0.006,8.83,0.264,False
271.065,1339,slm,TOWNSIM_CALIB_0,0,reactive,MANTENER_RUMBO,5,60.488514350328465,False,3.443434238433838,81.20748901367188,-26.409189224243164,,,,-89.83,False,,,"{""telemetry"": 1.0, ""graph"": 195.0}",False,,,,,0.014,6.29,0.668,False,0.008,4.94,0.668,False,0.011,14.93,0.668,False
271.261,1340,slm,TOWNSIM_CALIB_0,0,evasive,EVADIR_IZQUIERDA,5,59.96709479786309,False,3.5404701232910156,80.71202850341797,-26.24692726135254,,,,-91.48,False,,,"{""telemetry"": 1.0, ""graph"": 190.4}",False,,,,,0.012,3.74,0.456,False,0.009,6.41,0.456,False,0.015,9.93,0.456,False
271.445,1341,slm,TOWNSIM_CALIB_0,0,reactive,MANTENER_RUMBO,5,59.43819835733636,False,3.6216537952423096,80.2488784790039,-26.097597122192383,,,,-93.14,False,,,"{""telemetry"": 1.0, ""graph"": 171.7}",False,,,,,0.021,7.02,0.702,False,0.008,4.62,0.702,False,0.0,13.74,0.702,False
271.579,1342,slm,TOWNSIM_CALIB_0,0,reactive,MANTENER_RUMBO,5,58.930886138729406,False,3.6993956565856934,79.74900817871094,-25.945968627929688,,,,-95.35,False,,,"{""telemetry"": 1.0, ""graph"": 105.0}",False,,,,,0.0,,0.0,False,0.0,,0.0,False,0.0,,0.0,False
271.837,1343,slm,TOWNSIM_CALIB_0,0,reactive,MANTENER_RUMBO,5,58.43296729986734,False,3.7589271068573,79.25548553466797,-25.780418395996094,,,,-97.07,False,,,"{""telemetry"": 1.0, ""graph"": 161.4}",False,,,,,0.0,,0.0,False,0.0,,0.0,False,0.0,,0.0,False
272.057,1344,slm,TOWNSIM_CALIB_0,0,reactive,MANTENER_RUMBO,5,57.94296059277743,False,3.7962679862976074,78.72574615478516,-25.608915328979492,,,,-98.76,False,,,"{""telemetry"": 2.0, ""graph"": 179.0}",False,,,,,0.0,,0.0,False,0.0,,0.0,False,0.0,,0.0,False
272.267,1345,slm,TOWNSIM_CALIB_0,0,reactive,MANTENER_RUMBO,5,57.442365321397205,False,3.8075478076934814,78.27002716064453,-25.467130661010742,,,,-100.01,False,,,"{""telemetry"": 0.5, ""graph"": 189.9}",False,,,,,0.0,,0.01,False,0.0,,0.01,False,0.0,,0.01,False
272.464,1346,slm,TOWNSIM_CALIB_0,0,reactive,MANTENER_RUMBO,5,56.91964940830099,False,3.8001880645751953,77.75577545166016,-25.31018829345703,,,,-101.27,False,,,"{""telemetry"": 1.0, ""graph"": 184.9}",False,,,,,0.012,4.74,0.451,False,0.009,6.99,0.451,False,0.008,11.15,0.451,False
272.679,1347,slm,TOWNSIM_CALIB_0,0,evasive,EVADIR_DERECHA,5,56.38355379826296,False,3.7715792655944824,77.20532989501953,-25.145971298217773,,,,-102.43,False,,,"{""telemetry"": 1.0, ""graph"": 197.4}",False,,,,,0.012,10.62,0.367,False,0.009,5.6,0.367,False,0.008,1.98,0.367,True
272.862,1348,slm,TOWNSIM_CALIB_0,0,evasive,EVADIR_DERECHA,5,55.844204214688155,False,3.729081869125366,76.70150756835938,-24.99585723876953,,,,-103.33,False,,,"{""telemetry"": 1.0, ""graph"": 178.6}",False,,,,,0.011,3.01,0.425,False,0.009,4.59,0.425,False,0.009,11.23,0.425,False
273.058,1349,slm,TOWNSIM_CALIB_0,0,reactive,MANTENER_RUMBO,5,55.26057510720546,False,3.671048879623413,76.16681671142578,-24.850069046020508,,,,-102.37,False,,,"{""telemetry"": 1.0, ""graph"": 158.5}",False,,,,,0.0,,0.0,False,0.0,,0.0,False,0.0,,0.0,False
273.222,1350,slm,TOWNSIM_CALIB_0,0,reactive,MANTENER_RUMBO,5,54.77587146994228,False,3.6102311611175537,75.6873550415039,-24.704410552978516,,,,-100.2,False,,,"{""telemetry"": 1.0, ""graph"": 121.6}",False,,,,,0.0,,0.0,False,0.0,,0.0,False,0.0,,0.0,False
273.492,1351,slm,TOWNSIM_CALIB_0,0,reactive,MANTENER_RUMBO,5,54.306936280464875,False,3.5448858737945557,75.23424530029297,-24.53744888305664,,,,-99.32,False,,,"{""telemetry"": 1.0, ""graph"": 190.1}",False,,,,,0.0,,0.0,False,0.0,,0.0,False,0.0,,0.0,False
273.676,1352,slm,TOWNSIM_CALIB_0,0,reactive,MANTENER_RUMBO,5,53.842159453567405,False,3.474844217300415,74.79808044433594,-24.390268325805664,,,,-99.31,False,,,"{""telemetry"": 1.0, ""graph"": 172.6}",False,,,,,0.0,,0.0,False,0.0,,0.0,False,0.0,,0.0,False
273.903,1353,slm,TOWNSIM_CALIB_0,0,reactive,MANTENER_RUMBO,5,53.35162103329908,False,3.390903949737549,74.31039428710938,-24.23381233215332,,,,-99.67,False,,,"{""telemetry"": 1.5, ""graph"": 196.4}",False,,,,,0.0,,0.031,False,0.0,,0.031,False,0.0,,0.031,False
274.07,1354,slm,TOWNSIM_CALIB_0,0,reactive,MANTENER_RUMBO,5,52.84665558197585,False,3.3045036792755127,73.83052825927734,-24.084434509277344,,,,-100.15,False,,,"{""telemetry"": 1.0, ""graph"": 164.4}",False,,,,,0.0,,0.0,False,0.0,,0.0,False,0.0,,0.0,False
274.249,1355,slm,TOWNSIM_CALIB_0,0,reactive,MANTENER_RUMBO,5,52.323095962769834,False,3.2213175296783447,73.38134765625,-23.947505950927734,,,,-100.64,False,,,"{""telemetry"": 1.0, ""graph"": 140.9}",False,,,,,0.0,,0.0,False,0.0,,0.0,False,0.0,,0.0,False
274.477,1356,slm,TOWNSIM_CALIB_0,0,reactive,MANTENER_RUMBO,5,51.77681108459687,False,3.1161699295043945,72.82505798339844,-23.780929565429688,,,,-101.26,False,,,"{""telemetry"": 1.0, ""graph"": 167.5}",False,,,,,0.0,,0.138,False,0.0,,0.138,False,0.0,,0.138,False
274.67,1357,slm,TOWNSIM_CALIB_0,0,reactive,MANTENER_RUMBO,5,51.21937444318616,False,3.008701801300049,72.26519012451172,-23.61587905883789,,,,-101.89,False,,,"{""telemetry"": 1.0, ""graph"": 158.6}",False,,,,,0.0,,0.0,False,0.0,,0.0,False,0.0,,0.0,False
274.886,1358,slm,TOWNSIM_CALIB_0,0,reactive,MANTENER_RUMBO,5,50.65378072034135,False,2.893609046936035,71.67198944091797,-23.443151473999023,,,,-102.55,False,,,"{""telemetry"": 3.0, ""graph"": 169.8}",False,,,,,0.0,,0.0,False,0.0,,0.0,False,0.0,,0.0,False
275.142,1359,slm,TOWNSIM_CALIB_0,0,evasive,EVADIR_DERECHA,5,50.048021821552574,False,2.7763442993164062,71.07209014892578,-23.270158767700195,,,,-103.21,False,,,"{""telemetry"": 1.5, ""graph"": 211.5}",False,,,,,0.014,5.59,0.258,False,0.009,3.81,0.258,False,0.01,8.09,0.258,False
275.326,1360,slm,TOWNSIM_CALIB_0,0,reactive,MANTENER_RUMBO,5,49.437627009252004,False,2.6676185131073,70.51873779296875,-23.11180877685547,,,,-103.64,False,,,"{""telemetry"": 1.0, ""graph"": 180.4}",False,,,,,0.0,,0.0,False,0.0,,0.0,False,0.0,,0.0,False
275.547,1361,slm,TOWNSIM_CALIB_0,0,reactive,MANTENER_RUMBO,5,48.87395585683912,False,2.5442309379577637,69.89868927001953,-22.94296646118164,,,,-102.45,False,,,"{""telemetry"": 1.0, ""graph"": 197.7}",False,,,,,0.0,,0.0,False,0.0,,0.0,False,0.0,,0.0,False
275.691,1362,slm,TOWNSIM_CALIB_0,0,reactive,MANTENER_RUMBO,5,48.34854880004846,False,2.4698214530944824,69.5338134765625,-22.826234817504883,,,,-102.04,False,,,"{""telemetry"": 1.0, ""graph"": 139.5}",False,,,,,0.0,,0.0,False,0.0,,0.0,False,0.0,,0.0,False
275.933,1363,slm,TOWNSIM_CALIB_0,0,reactive,MANTENER_RUMBO,5,47.78723857109361,False,2.342478036880493,68.92948150634766,-22.63764762878418,,,,-101.93,False,,,"{""telemetry"": 2.0, ""graph"": 165.0}",False,,,,,0.0,,0.0,False,0.0,,0.0,False,0.0,,0.0,False
276.123,1364,slm,TOWNSIM_CALIB_0,0,reactive,MANTENER_RUMBO,5,47.25848459707747,False,2.245783567428589,68.4838638305664,-22.502349853515625,,,,-102.04,False,,,"{""telemetry"": 1.0, ""graph"": 154.0}",False,,,,,0.0,,0.014,False,0.0,,0.014,False,0.0,,0.014,False
276.342,1365,slm,TOWNSIM_CALIB_0,0,deliberative,FRENAR,5,46.71136992786578,False,2.123861789703369,67.93315124511719,-22.33806610107422,,,,-102.26,False,,,"{""telemetry"": 0.5, ""graph"": 172.4}",True,1720.1,False,False,True,0.014,4.34,0.374,False,0.009,2.8,0.374,False,0.007,8.84,0.374,False
276.54,1366,slm,TOWNSIM_CALIB_0,0,deliberative,FRENAR,5,46.16320787235714,False,1.9985603094100952,67.37252044677734,-22.180728912353516,,,,-102.43,False,,,"{""telemetry"": 1.5, ""graph"": 167.5}",True,1720.1,False,False,True,0.013,4.83,0.561,False,0.01,7.56,0.561,False,0.011,10.19,0.561,False
276.729,1367,slm,TOWNSIM_CALIB_0,0,deliberative,FRENAR,5,45.65855917142045,False,1.889270305633545,66.88292694091797,-22.19513702392578,,,,-102.51,False,,,"{""telemetry"": 0.5, ""graph"": 156.0}",True,1720.1,False,False,True,0.0,,0.0,False,0.0,,0.0,False,0.0,,0.0,False
276.933,1368,slm,TOWNSIM_CALIB_0,0,deliberative,FRENAR,5,45.34062810352356,False,1.8022029399871826,66.49256134033203,-22.316102981567383,,,,-102.55,False,,,"{""telemetry"": 1.0, ""graph"": 159.2}",True,1720.1,False,False,True,0.0,,0.0,False,0.0,,0.0,False,0.0,,0.0,False
277.133,1369,slm,TOWNSIM_CALIB_0,0,deliberative,FRENAR,5,45.10329762867524,False,1.737618327140808,66.20294952392578,-22.40620231628418,,,,-102.57,False,,,"{""telemetry"": 1.0, ""graph"": 157.0}",True,1720.1,False,False,True,0.0,,0.0,False,0.0,,0.0,False,0.0,,0.0,False
277.344,1370,slm,TOWNSIM_CALIB_0,0,deliberative,FRENAR,5,44.9169087625373,False,1.6866618394851685,65.97443389892578,-22.46685791015625,,,,-102.57,False,,,"{""telemetry"": 1.5, ""graph"": 166.5}",True,1720.1,False,False,True,0.0,,0.0,False,0.0,,0.0,False,0.0,,0.0,False
277.548,1371,slm,TOWNSIM_CALIB_0,0,deliberative,FRENAR,5,44.772966203582435,False,1.6482815742492676,65.80229949951172,-22.504310607910156,,,,-102.58,False,,,"{""telemetry"": 2.0, ""graph"": 168.5}",True,1720.1,False,False,True,0.0,,0.0,False,0.0,,0.0,False,0.0,,0.0,False
277.754,1372,slm,TOWNSIM_CALIB_0,0,deliberative,FRENAR,5,44.65982769473862,False,1.6192307472229004,65.67202758789062,-22.527511596679688,,,,-102.58,False,,,"{""telemetry"": 2.0, ""graph"": 172.5}",True,1720.1,False,False,True,0.0,,0.0,False,0.0,,0.0,False,0.0,,0.0,False
277.932,1373,slm,TOWNSIM_CALIB_0,0,deliberative,FRENAR,5,44.57339571554221,False,1.600431203842163,65.58771514892578,-22.540122985839844,,,,-102.58,False,,,"{""telemetry"": 1.0, ""graph"": 148.8}",True,1720.1,False,False,True,0.0,,0.0,False,0.0,,0.0,False,0.0,,0.0,False
278.143,1374,slm,TOWNSIM_CALIB_0,0,deliberative,MANTENER_RUMBO,5,44.5036387369661,False,1.5837886333465576,65.51305389404297,-22.549724578857422,,,,-102.58,False,,,"{""telemetry"": 2.0, ""graph"": 143.0}",True,1758.7,False,False,True,0.0,,0.0,False,0.0,,0.0,False,0.0,,0.0,False
278.366,1375,slm,TOWNSIM_CALIB_0,0,reactive,MANTENER_RUMBO,5,44.455855286988054,False,1.5714926719665527,65.4578857421875,-22.547161102294922,,,,-102.57,False,,,"{""telemetry"": 1.0, ""graph"": 166.4}",False,,,,,0.0,,0.06,False,0.0,,0.06,False,0.0,,0.06,False
278.571,1376,slm,TOWNSIM_CALIB_0,0,reactive,MANTENER_RUMBO,5,44.373904488970865,False,1.5531220436096191,65.37550354003906,-22.456073760986328,,,,-102.41,False,,,"{""telemetry"": 1.0, ""graph"": 168.0}",False,,,,,0.0,,0.096,False,0.0,,0.096,False,0.0,,0.096,False
278.759,1377,slm,TOWNSIM_CALIB_0,0,reactive,MANTENER_RUMBO,5,44.22017966204449,False,1.513375997543335,65.19728088378906,-22.37810516357422,,,,-102.16,False,,,"{""telemetry"": 1.0, ""graph"": 155.5}",False,,,,,0.0,,0.0,False,0.0,,0.0,False,0.0,,0.0,False
278.973,1378,slm,TOWNSIM_CALIB_0,0,reactive,MANTENER_RUMBO,5,43.979087003743444,False,1.4592455625534058,64.95462799072266,-22.28834342956543,,,,-101.9,False,,,"{""telemetry"": 1.5, ""graph"": 167.5}",False,,,,,0.0,,0.004,False,0.0,,0.004,False,0.0,,0.004,False
279.158,1379,slm,TOWNSIM_CALIB_0,0,reactive,MANTENER_RUMBO,5,43.65981503818657,False,1.3848586082458496,64.62116241455078,-22.165205001831055,,,,-101.61,False,,,"{""telemetry"": 1.0, ""graph"": 151.1}",False,,,,,0.0,,0.0,False,0.0,,0.0,False,0.0,,0.0,False
279.372,1380,slm,TOWNSIM_CALIB_0,0,reactive,MANTENER_RUMBO,5,43.26841811778393,False,1.291601538658142,64.2032241821289,-22.013792037963867,,,,-101.29,False,,,"{""telemetry"": 1.5, ""graph"": 163.4}",False,,,,,0.0,,0.0,False,0.0,,0.0,False,0.0,,0.0,False
279.555,1381,slm,TOWNSIM_CALIB_0,0,reactive,MANTENER_RUMBO,5,42.82582892834636,False,1.2052810192108154,63.81648254394531,-21.878292083740234,,,,-101.02,False,,,"{""telemetry"": 1.5, ""graph"": 144.2}",False,,,,,0.0,,0.0,False,0.0,,0.0,False,0.0,,0.0,False
279.759,1382,slm,TOWNSIM_CALIB_0,0,reactive,MANTENER_RUMBO,5,42.36055292509367,False,1.094933271408081,63.3222541809082,-21.71149444580078,,,,-100.7,False,,,"{""telemetry"": 1.0, ""graph"": 147.0}",False,,,,,0.0,,0.0,False,0.0,,0.0,False,0.0,,0.0,False
279.973,1383,slm,TOWNSIM_CALIB_0,0,reactive,MANTENER_RUMBO,5,41.85418449587082,False,0.9763597249984741,62.79140090942383,-21.53908920288086,,,,-100.38,False,,,"{""telemetry"": 1.0, ""graph"": 160.0}",False,,,,,0.0,,0.0,False,0.0,,0.0,False,0.0,,0.0,False
280.153,1384,slm,TOWNSIM_CALIB_0,0,reactive,MANTENER_RUMBO,5,41.33623143483289,False,0.8757677674293518,62.3411979675293,-21.397262573242188,,,,-100.11,False,,,"{""telemetry"": 2.0, ""graph"": 136.5}",False,,,,,0.0,,0.0,False,0.0,,0.0,False,0.0,,0.0,False
280.361,1385,slm,TOWNSIM_CALIB_0,0,reactive,MANTENER_RUMBO,5,40.796611165385734,False,0.7546254992485046,61.79924011230469,-21.230728149414062,,,,-99.8,False,,,"{""telemetry"": 1.5, ""graph"": 145.0}",False,,,,,0.0,,0.0,False,0.0,,0.0,False,0.0,,0.0,False
280.561,1386,slm,TOWNSIM_CALIB_0,0,reactive,MANTENER_RUMBO,5,40.263653856617516,False,0.6328002214431763,61.2542839050293,-21.065052032470703,,,,-99.48,False,,,"{""telemetry"": 1.0, ""graph"": 143.5}",False,,,,,0.0,,0.0,False,0.0,,0.0,False,0.0,,0.0,False
280.796,1387,slm,TOWNSIM_CALIB_0,0,evasive,EVADIR_IZQUIERDA,5,39.70410284341896,False,0.5047298669815063,60.67009353637695,-20.87897491455078,,,,-99.05,False,,,"{""telemetry"": 1.0, ""graph"": 176.0}",False,,,,,0.006,2.19,0.469,True,0.01,7.53,0.469,False,0.015,8.91,0.469,False
280.985,1388,slm,TOWNSIM_CALIB_0,0,reactive,MANTENER_RUMBO,5,39.13954774651897,False,0.39482396841049194,60.14653396606445,-20.715600967407227,,,,-98.67,False,,,"{""telemetry"": 1.5, ""graph"": 164.0}",False,,,,,0.011,6.55,0.719,False,0.009,11.15,0.719,False,0.013,10.97,0.719,False
281.168,1389,slm,TOWNSIM_CALIB_0,0,reactive,MANTENER_RUMBO,5,38.587522265786966,False,0.2869056761264801,59.61101150512695,-20.562423706054688,,,,-99.69,False,,,"{""telemetry"": 1.5, ""graph"": 146.0}",False,,,,,0.0,,0.0,False,0.0,,0.0,False,0.0,,0.0,False
281.371,1390,slm,TOWNSIM_CALIB_0,0,reactive,MANTENER_RUMBO,5,38.064523738722215,False,0.18811742961406708,59.102012634277344,-20.3919620513916,,,,-100.21,False,,,"{""telemetry"": 2.0, ""graph"": 146.4}",False,,,,,0.0,,0.0,False,0.0,,0.0,False,0.0,,0.0,False
281.574,1391,slm,TOWNSIM_CALIB_0,0,reactive,MANTENER_RUMBO,5,37.55270485773308,False,0.09304343163967133,58.59053039550781,-20.225133895874023,,,,-100.07,False,,,"{""telemetry"": 2.0, ""graph"": 148.6}",False,,,,,0.0,,0.0,False,0.0,,0.0,False,0.0,,0.0,False
281.794,1392,slm,TOWNSIM_CALIB_0,0,reactive,MANTENER_RUMBO,5,37.03532369156693,False,-0.000778950285166502,58.067203521728516,-20.06043815612793,,,,-99.63,False,,,"{""telemetry"": 1.0, ""graph"": 167.0}",False,,,,,0.0,,0.025,False,0.0,,0.025,False,0.0,,0.025,False
282.002,1393,slm,TOWNSIM_CALIB_0,0,evasive,EVADIR_IZQUIERDA,5,36.501036391705966,False,-0.09605531394481659,57.52412796020508,-19.89365005493164,,,,-98.96,False,,,"{""telemetry"": 0.5, ""graph"": 174.9}",False,,,,,0.014,7.98,0.571,False,0.011,4.55,0.571,False,0.017,3.2,0.571,False
282.185,1394,slm,TOWNSIM_CALIB_0,0,reactive,MANTENER_RUMBO,5,35.959333262967725,False,-0.1906903237104416,56.98060989379883,-19.729202270507812,,,,-98.36,False,,,"{""telemetry"": 0.5, ""graph"": 155.0}",False,,,,,0.0,,0.0,False,0.0,,0.0,False,0.0,,0.0,False
282.39,1395,slm,TOWNSIM_CALIB_0,0,reactive,MANTENER_RUMBO,5,35.43349084518333,False,-0.2798156440258026,56.464962005615234,-19.5826416015625,,,,-99.22,False,,,"{""telemetry"": 1.5, ""graph"": 158.6}",False,,,,,0.0,,0.0,False,0.0,,0.0,False,0.0,,0.0,False
282.614,1396,slm,TOWNSIM_CALIB_0,0,reactive,MANTENER_RUMBO,5,34.925773694064596,False,-0.373655766248703,55.91252899169922,-19.400962829589844,,,,-99.41,False,,,"{""telemetry"": 1.5, ""graph"": 180.6}",False,,,,,0.0,,0.0,False,0.0,,0.0,False,0.0,,0.0,False
282.801,1397,slm,TOWNSIM_CALIB_0,0,reactive,MANTENER_RUMBO,5,34.42828251240939,False,-0.45243531465530396,55.43795394897461,-19.249042510986328,,,,-98.95,False,,,"{""telemetry"": 1.0, ""graph"": 167.5}",False,,,,,0.0,,0.0,False,0.0,,0.0,False,0.0,,0.0,False
283.023,1398,slm,TOWNSIM_CALIB_0,0,reactive,MANTENER_RUMBO,5,33.917168415071394,False,-0.5353288054466248,54.9292106628418,-19.090776443481445,,,,-98.22,False,,,"{""telemetry"": 1.0, ""graph"": 186.6}",False,,,,,0.0,,0.017,False,0.0,,0.017,False,0.0,,0.017,False
283.22,1399,slm,TOWNSIM_CALIB_0,0,reactive,MANTENER_RUMBO,5,33.39679491845826,False,-0.6201857328414917,54.40077209472656,-18.929901123046875,,,,-97.35,False,,,"{""telemetry"": 1.0, ""graph"": 182.1}",False,,,,,0.005,6.71,0.395,False,0.01,6.65,0.395,False,0.016,8.23,0.395,False
283.427,1400,slm,TOWNSIM_CALIB_0,0,reactive,MANTENER_RUMBO,5,32.876183767927685,False,-0.7031838297843933,53.87849044799805,-18.773529052734375,,,,-96.45,False,,,"{""telemetry"": 1.0, ""graph"": 187.4}",False,,,,,0.01,5.97,0.315,False,0.011,5.01,0.315,False,0.017,7.26,0.315,False
283.647,1401,slm,TOWNSIM_CALIB_0,0,reactive,MANTENER_RUMBO,5,32.34154385259434,False,-0.7932015061378479,53.30778121948242,-18.604923248291016,,,,-95.46,False,,,"{""telemetry"": 1.0, ""graph"": 205.8}",False,,,,,0.007,6.12,0.328,False,0.011,5.7,0.328,False,0.018,7.08,0.328,False
283.834,1402,slm,TOWNSIM_CALIB_0,0,reactive,MANTENER_RUMBO,5,31.778422710492645,False,-0.8798692226409912,52.75548553466797,-18.443408966064453,,,,-94.5,False,,,"{""telemetry"": 1.0, ""graph"": 180.0}",False,,,,,0.006,6.32,0.327,False,0.01,7.66,0.327,False,0.016,7.47,0.327,False
284.033,1403,slm,TOWNSIM_CALIB_0,0,reactive,MANTENER_RUMBO,5,31.22859448624086,False,-0.9669417142868042,52.198768615722656,-18.281879425048828,,,,-93.53,False,,,"{""telemetry"": 1.0, ""graph"": 174.6}",False,,,,,0.011,5.94,0.305,False,0.011,8.95,0.305,False,0.018,7.55,0.305,False
284.256,1404,slm,TOWNSIM_CALIB_0,0,reactive,MANTENER_RUMBO,5,30.6935135810522,False,-1.0608829259872437,51.596885681152344,-18.108295440673828,,,,-92.49,False,,,"{""telemetry"": 1.0, ""graph"": 195.4}",False,,,,,0.012,6.83,0.541,False,0.01,9.4,0.541,False,0.018,7.06,0.541,False
284.433,1405,slm,TOWNSIM_CALIB_0,0,reactive,MANTENER_RUMBO,5,30.1497841054108,False,-1.1381022930145264,51.10158157348633,-17.966053009033203,,,,-91.64,False,,,"{""telemetry"": 1.0, ""graph"": 171.1}",False,,,,,0.008,5.68,0.561,False,0.009,10.71,0.561,False,0.017,8.0,0.561,False
284.628,1406,slm,TOWNSIM_CALIB_0,0,reactive,MANTENER_RUMBO,5,29.606218082592346,False,-1.2247028350830078,50.545860290527344,-17.80695915222168,,,,-90.68,False,,,"{""telemetry"": 1.0, ""graph"": 164.5}",False,,,,,0.007,6.45,0.378,False,0.01,15.99,0.377,False,0.017,7.71,0.378,False
284.821,1407,slm,TOWNSIM_CALIB_0,0,reactive,MANTENER_RUMBO,5,29.0634209632216,False,-1.3115041255950928,49.988800048828125,-17.647966384887695,,,,-89.73,False,,,"{""telemetry"": 1.5, ""graph"": 155.0}",False,,,,,0.011,5.72,0.265,False,0.01,15.29,0.262,False,0.018,7.77,0.265,False
285.026,1408,slm,TOWNSIM_CALIB_0,0,reactive,MANTENER_RUMBO,5,28.52986465834293,False,-1.3971624374389648,49.439205169677734,-17.491382598876953,,,,-88.79,False,,,"{""telemetry"": 1.5, ""graph"": 158.8}",False,,,,,0.0,,0.08,False,0.0,,0.078,False,0.0,,0.08,False
285.205,1409,slm,TOWNSIM_CALIB_0,0,reactive,MANTENER_RUMBO,5,27.989727588439578,False,-1.482972264289856,48.888885498046875,-17.33479881286621,,,,-87.85,False,,,"{""telemetry"": 1.0, ""graph"": 137.0}",False,,,,,0.0,,0.044,False,0.0,,0.043,False,0.0,,0.044,False
285.439,1410,slm,TOWNSIM_CALIB_0,0,reactive,MANTENER_RUMBO,5,27.451406552834463,False,-1.5834743976593018,48.24472427368164,-17.151716232299805,,,,-86.75,False,,,"{""telemetry"": 1.5, ""graph"": 169.6}",False,,,,,0.0,,0.044,False,0.0,,0.042,False,0.0,,0.044,False
285.668,1411,slm,TOWNSIM_CALIB_0,0,reactive,MANTENER_RUMBO,5,26.915181929404167,False,-1.673536777496338,47.667911529541016,-16.987905502319336,,,,-85.77,False,,,"{""telemetry"": 2.0, ""graph"": 196.5}",False,,,,,0.0,,0.018,False,0.0,,0.018,False,0.0,,0.018,False
285.854,1412,slm,TOWNSIM_CALIB_0,0,reactive,MANTENER_RUMBO,5,26.389236534791696,False,-1.7637165784835815,47.090728759765625,-16.824094772338867,,,,-84.78,False,,,"{""telemetry"": 1.5, ""graph"": 181.0}",False,,,,,0.0,,0.033,False,0.0,,0.032,False,0.0,,0.034,False
286.041,1413,slm,TOWNSIM_CALIB_0,0,reactive,MANTENER_RUMBO,5,25.857876044513862,False,-1.846031665802002,46.56425476074219,-16.67473793029785,,,,-83.89,False,,,"{""telemetry"": 1.0, ""graph"": 167.0}",False,,,,,0.0,,0.042,False,0.0,,0.039,False,0.0,,0.042,False
286.231,1414,slm,TOWNSIM_CALIB_0,0,reactive,MANTENER_RUMBO,5,25.337174909350473,False,-1.9324145317077637,46.01205825805664,-16.51815414428711,,,,-82.95,False,,,"{""telemetry"": 1.0, ""graph"": 155.1}",False,,,,,0.0,,0.001,False,0.0,,0.001,False,0.0,,0.001,False
286.426,1415,slm,TOWNSIM_CALIB_0,0,reactive,MANTENER_RUMBO,5,24.811601518701565,False,-2.0188753604888916,45.4597053527832,-16.361570358276367,,,,-82.01,False,,,"{""telemetry"": 1.0, ""graph"": 148.8}",False,,,,,0.0,,0.009,False,0.0,,0.009,False,0.0,,0.009,False
286.629,1416,slm,TOWNSIM_CALIB_0,0,reactive,MANTENER_RUMBO,5,24.297023666413402,False,-2.106736898422241,44.89876174926758,-16.202577590942383,,,,-81.05,False,,,"{""telemetry"": 1.0, ""graph"": 150.5}",False,,,,,0.0,,0.019,False,0.0,,0.019,False,0.0,,0.02,False
286.869,1417,slm,TOWNSIM_CALIB_0,0,reactive,MANTENER_RUMBO,5,23.778125198781982,False,-2.2046804428100586,44.269805908203125,-16.021020889282227,,,,-80.02,False,,,"{""telemetry"": 1.0, ""graph"": 189.4}",False,,,,,0.0,,0.033,False,0.0,,0.033,False,0.0,,0.033,False
287.046,1418,slm,TOWNSIM_CALIB_0,0,reactive,MANTENER_RUMBO,5,23.25821878241306,False,-2.2694408893585205,43.769020080566406,-15.874076843261719,,,,-79.31,False,,,"{""telemetry"": 1.0, ""graph"": 164.0}",False,,,,,0.0,,0.105,False,0.0,,0.105,False,0.0,,0.105,False
287.243,1419,slm,TOWNSIM_CALIB_0,0,reactive,MANTENER_RUMBO,5,22.743131488997623,False,-2.3128292560577393,43.208168029785156,-15.714579582214355,,,,-78.53,False,,,"{""telemetry"": 1.0, ""graph"": 158.9}",False,,,,,0.0,,0.107,False,0.0,,0.107,False,0.0,,0.107,False
287.475,1420,slm,TOWNSIM_CALIB_0,0,reactive,MANTENER_RUMBO,5,22.197844934456075,False,-2.3256757259368896,42.569454193115234,-15.532669067382812,,,,-77.65,False,,,"{""telemetry"": 1.5, ""graph"": 174.1}",False,,,,,0.0,,0.033,False,0.0,,0.033,False,0.0,,0.033,False
287.685,1421,slm,TOWNSIM_CALIB_0,0,reactive,MANTENER_RUMBO,5,21.682465263542078,False,-2.309083938598633,41.98064422607422,-15.364226341247559,,,,-76.87,False,,,"{""telemetry"": 1.0, ""graph"": 183.1}",False,,,,,0.0,,0.106,False,0.0,,0.106,False,0.0,,0.106,False
287.889,1422,slm,TOWNSIM_CALIB_0,0,reactive,MANTENER_RUMBO,5,21.17617986360148,False,-2.268444538116455,41.39105987548828,-15.197158813476562,,,,-76.2,False,,,"{""telemetry"": 0.5, ""graph"": 186.1}",False,,,,,0.012,6.85,0.218,False,0.011,13.88,0.215,False,0.024,7.29,0.218,False
288.116,1423,slm,TOWNSIM_CALIB_0,0,reactive,MANTENER_RUMBO,5,20.664203767553435,False,-2.201702117919922,40.766876220703125,-15.019966125488281,,,,-75.56,False,,,"{""telemetry"": 2.0, ""graph"": 211.4}",False,,,,,0.0,,0.115,False,0.0,,0.115,False,0.0,,0.115,False
288.284,1424,slm,TOWNSIM_CALIB_0,0,evasive,EVADIR_IZQUIERDA,5,20.123913332701957,False,-2.1369669437408447,40.287933349609375,-14.883639335632324,,,,-75.09,False,,,"{""telemetry"": 1.0, ""graph"": 164.0}",False,,,,,0.013,10.16,0.199,False,0.012,9.08,0.199,False,0.024,3.71,0.199,False
288.502,1425,slm,TOWNSIM_CALIB_0,0,evasive,EVADIR_IZQUIERDA,5,19.617359573628264,False,-2.0376408100128174,39.655860900878906,-14.704090118408203,,,,-74.56,False,,,"{""telemetry"": 1.0, ""graph"": 178.6}",False,,,,,0.013,12.21,0.394,False,0.012,8.73,0.394,False,0.024,4.16,0.394,False
288.689,1426,slm,TOWNSIM_CALIB_0,0,reactive,MANTENER_RUMBO,5,19.132066338404215,False,-1.9428645372390747,39.115779876708984,-14.57115364074707,,,,-75.71,False,,,"{""telemetry"": 1.0, ""graph"": 164.5}",False,,,,,0.0,,0.0,False,0.0,,0.0,False,0.0,,0.0,False
288.839,1427,slm,TOWNSIM_CALIB_0,0,reactive,MANTENER_RUMBO,5,18.707378889454514,False,-1.8546799421310425,38.64738464355469,-14.443352699279785,,,,-77.81,False,,,"{""telemetry"": 1.0, ""graph"": 113.0}",False,,,,,0.0,,0.0,False,0.0,,0.0,False,0.0,,0.0,False
289.061,1428,slm,TOWNSIM_CALIB_0,0,reactive,MANTENER_RUMBO,5,18.290010955684753,False,-1.774613618850708,38.24415969848633,-14.297367095947266,,,,-78.87,False,,,"{""telemetry"": 1.0, ""graph"": 134.1}",False,,,,,0.0,,0.0,False,0.0,,0.0,False,0.0,,0.0,False
289.256,1429,slm,TOWNSIM_CALIB_0,0,reactive,MANTENER_RUMBO,5,17.87421883668907,False,-1.68015718460083,37.79145431518555,-14.143877983093262,,,,-79.29,False,,,"{""telemetry"": 1.5, ""graph"": 126.4}",False,,,,,0.0,,0.0,False,0.0,,0.0,False,0.0,,0.0,False
289.486,1430,slm,TOWNSIM_CALIB_0,0,reactive,MANTENER_RUMBO,5,17.460539298869882,False,-1.569886565208435,37.282196044921875,-13.980499267578125,,,,-79.36,False,,,"{""telemetry"": 0.5, ""graph"": 156.4}",False,,,,,0.0,,0.026,False,0.0,,0.026,False,0.0,,0.026,False
289.662,1431,slm,TOWNSIM_CALIB_0,0,reactive,MANTENER_RUMBO,5,17.032495044896322,False,-1.4657148122787476,36.81257247924805,-13.834583282470703,,,,-79.27,False,,,"{""telemetry"": 2.0, ""graph"": 130.0}",False,,,,,0.0,,0.0,False,0.0,,0.0,False,0.0,,0.0,False
289.86,1432,slm,TOWNSIM_CALIB_0,0,reactive,MANTENER_RUMBO,5,16.598871676019634,False,-1.3458503484725952,36.28083801269531,-13.67308235168457,,,,-79.1,False,,,"{""telemetry"": 2.0, ""graph"": 125.8}",False,,,,,0.0,,0.0,False,0.0,,0.0,False,0.0,,0.0,False
290.091,1433,slm,TOWNSIM_CALIB_0,0,reactive,MANTENER_RUMBO,5,16.170126277946903,False,-1.2121702432632446,35.694908142089844,-13.498556137084961,,,,-78.89,False,,,"{""telemetry"": 1.0, ""graph"": 156.4}",False,,,,,0.0,,0.0,False,0.0,,0.0,False,0.0,,0.0,False
290.312,1434,slm,TOWNSIM_CALIB_0,0,deliberative,FRENAR,5,15.736933357913134,False,-1.0936834812164307,35.179779052734375,-13.347384452819824,,,,-78.7,False,,,"{""telemetry"": 1.0, ""graph"": 175.4}",True,1758.7,False,False,True,0.015,5.32,0.211,False,0.015,1.75,0.211,False,0.022,4.09,0.211,False
290.496,1435,slm,TOWNSIM_CALIB_0,0,deliberative,FRENAR,5,15.28361602059596,False,-0.955758810043335,34.58355712890625,-13.178997993469238,,,,-78.47,False,,,"{""telemetry"": 1.5, ""graph"": 143.7}",True,1758.7,False,False,True,0.0,,0.0,False,0.0,,0.0,False,0.0,,0.0,False
290.705,1436,slm,TOWNSIM_CALIB_0,0,deliberative,FRENAR,5,14.946877550159952,False,-0.8374285697937012,34.074066162109375,-13.18148136138916,,,,-78.37,False,,,"{""telemetry"": 1.0, ""graph"": 151.5}",True,1758.7,False,False,True,0.0,,0.0,False,0.0,,0.0,False,0.0,,0.0,False
290.89,1437,slm,TOWNSIM_CALIB_0,0,deliberative,FRENAR,5,14.841075372995423,False,-0.7519000768661499,33.70660400390625,-13.295748710632324,,,,-78.31,False,,,"{""telemetry"": 1.0, ""graph"": 135.5}",True,1758.7,False,False,True,0.0,,0.0,False,0.0,,0.0,False,0.0,,0.0,False
291.091,1438,slm,TOWNSIM_CALIB_0,0,deliberative,FRENAR,5,14.78958784565567,False,-0.6823886632919312,33.40834045410156,-13.391812324523926,,,,-78.27,False,,,"{""telemetry"": 1.5, ""graph"": 134.0}",True,1758.7,False,False,True,0.0,,0.0,False,0.0,,0.0,False,0.0,,0.0,False
291.306,1439,slm,TOWNSIM_CALIB_0,0,deliberative,FRENAR,5,14.748563319376258,False,-0.6228650212287903,33.15325927734375,-13.462236404418945,,,,-78.25,False,,,"{""telemetry"": 1.0, ""graph"": 148.0}",True,1758.7,False,False,True,0.0,,0.0,False,0.0,,0.0,False,0.0,,0.0,False
291.521,1440,slm,TOWNSIM_CALIB_0,0,deliberative,FRENAR,5,14.711301910445355,False,-0.5804232954978943,32.9715576171875,-13.503003120422363,,,,-78.24,False,,,"{""telemetry"": 1.0, ""graph"": 161.5}",True,1758.7,False,False,True,0.0,,0.0,False,0.0,,0.0,False,0.0,,0.0,False
291.704,1441,slm,TOWNSIM_CALIB_0,0,deliberative,FRENAR,5,14.679576566480709,False,-0.5524734854698181,32.85198211669922,-13.52511978149414,,,,-78.23,False,,,"{""telemetry"": 1.0, ""graph"": 142.3}",True,1758.7,False,False,True,0.0,,0.0,False,0.0,,0.0,False,0.0,,0.0,False
291.911,1442,slm,TOWNSIM_CALIB_0,0,deliberative,FRENAR,5,14.652926159189619,False,-0.5294874310493469,32.75368118286133,-13.540447235107422,,,,-78.23,False,,,"{""telemetry"": 1.0, ""graph"": 148.2}",True,1758.7,False,False,True,0.0,,0.0,False,0.0,,0.0,False,0.0,,0.0,False
292.114,1443,slm,TOWNSIM_CALIB_0,0,deliberative,MANTENER_RUMBO,5,14.631888884207992,False,-0.5118005275726318,32.67807388305664,-13.550500869750977,,,,-78.23,False,,,"{""telemetry"": 1.0, ""graph"": 150.6}",True,1770.6,False,False,True,0.0,,0.0,False,0.0,,0.0,False,0.0,,0.0,False
292.321,1444,slm,TOWNSIM_CALIB_0,0,deliberative,FRENAR,5,14.61515106960759,False,-0.499612420797348,32.62595748901367,-13.552759170532227,,,,-78.23,False,,,"{""telemetry"": 2.0, ""graph"": 154.0}",True,1770.6,False,False,True,0.004,6.62,0.3,False,0.004,2.18,0.3,False,0.003,6.51,0.3,False
292.524,1445,slm,TOWNSIM_CALIB_0,0,deliberative,FRENAR,5,14.544540408475777,False,-0.4819224178791046,32.54669952392578,-13.477948188781738,,,,-78.45,False,,,"{""telemetry"": 1.0, ""graph"": 156.1}",True,1770.6,False,False,True,0.022,0.43,0.326,False,0.027,0.11,0.326,False,0.028,0.35,0.326,False
292.766,1446,slm,TOWNSIM_CALIB_0,0,deliberative,FRENAR,5,14.460604725362224,False,-0.4497275650501251,32.396568298339844,-13.457932472229004,,,,-78.62,False,,,"{""telemetry"": 1.0, ""graph"": 197.5}",True,1770.6,False,False,True,0.0,,0.039,False,0.0,,0.039,False,0.0,,0.039,False
292.952,1447,slm,TOWNSIM_CALIB_0,0,deliberative,FRENAR,5,14.411094720142911,False,-0.42216119170188904,32.26719284057617,-13.462010383605957,,,,-78.68,False,,,"{""telemetry"": 1.5, ""graph"": 182.0}",True,1770.6,False,False,True,0.0,,0.0,False,0.0,,0.0,False,0.0,,0.0,False
293.17,1448,slm,TOWNSIM_CALIB_0,0,deliberative,FRENAR,5,14.375354063773324,False,-0.40086933970451355,32.1671142578125,-13.4678316116333,,,,-78.71,False,,,"{""telemetry"": 1.5, ""graph"": 198.0}",True,1770.6,False,False,True,0.0,,0.038,False,0.0,,0.038,False,0.0,,0.038,False
293.337,1449,slm,TOWNSIM_CALIB_0,0,deliberative,FRENAR,5,14.348709496391638,False,-0.3856878876686096,32.0957145690918,-13.471576690673828,,,,-78.72,False,,,"{""telemetry"": 2.2, ""graph"": 163.1}",True,1770.6,False,False,True,0.0,,0.0,False,0.0,,0.0,False,0.0,,0.0,False
293.52,1450,slm,TOWNSIM_CALIB_0,0,deliberative,FRENAR,5,14.32845861851303,False,-0.3742094933986664,32.04172134399414,-13.473701477050781,,,,-78.72,False,,,"{""telemetry"": 1.0, ""graph"": 144.9}",True,1770.6,False,False,True,0.0,,0.0,False,0.0,,0.0,False,0.0,,0.0,False
293.712,1451,slm,TOWNSIM_CALIB_0,0,deliberative,FRENAR,5,14.312283237525907,False,-0.36461207270622253,31.99656867980957,-13.474817276000977,,,,-78.73,False,,,"{""telemetry"": 1.0, ""graph"": 135.5}",True,1770.6,False,False,True,0.0,,0.0,False,0.0,,0.0,False,0.0,,0.0,False
293.944,1452,slm,TOWNSIM_CALIB_0,0,deliberative,FRENAR,5,14.299476235930868,False,-0.35684022307395935,31.96000099182129,-13.475160598754883,,,,-78.73,False,,,"{""telemetry"": 1.0, ""graph"": 166.0}",True,1770.6,False,False,True,0.001,11.44,0.3,False,0.002,3.83,0.3,False,0.002,11.75,0.3,False
294.136,1453,slm,TOWNSIM_CALIB_0,0,deliberative,MANTENER_RUMBO,5,14.289547979802496,False,-0.3509405553340912,31.932235717773438,-13.474990844726562,,,,-78.73,False,,,"{""telemetry"": 1.5, ""graph"": 156.5}",True,1681.5,False,False,True,0.0,,0.0,False,0.0,,0.0,False,0.0,,0.0,False
294.359,1454,slm,TOWNSIM_CALIB_0,0,reactive,MANTENER_RUMBO,5,14.281971354121293,False,-0.3466911315917969,31.912212371826172,-13.464827537536621,,,,-78.76,False,,,"{""telemetry"": 1.0, ""graph"": 177.5}",False,,,,,0.0,,0.15,False,0.0,,0.15,False,0.0,,0.15,False
294.542,1455,slm,TOWNSIM_CALIB_0,0,deliberative,FRENAR,5,14.221939592568386,False,-0.33721426129341125,31.865543365478516,-13.403542518615723,,,,-79.01,False,,,"{""telemetry"": 1.5, ""graph"": 159.3}",True,1681.5,False,False,True,0.023,0.4,0.299,False,0.026,0.11,0.299,False,0.028,0.35,0.299,False
294.73,1456,slm,TOWNSIM_CALIB_0,0,deliberative,FRENAR,5,14.135470480377894,False,-0.306324303150177,31.71121597290039,-13.352739334106445,,,,-79.46,False,,,"{""telemetry"": 1.0, ""graph"": 144.6}",True,1681.5,False,False,True,0.0,,0.0,False,0.0,,0.0,False,0.0,,0.0,False
294.97,1457,slm,TOWNSIM_CALIB_0,0,deliberative,FRENAR,5,14.02809620666949,False,-0.2604089677333832,31.481374740600586,-13.329185485839844,,,,-79.73,False,,,"{""telemetry"": 1.0, ""graph"": 168.5}",True,1681.5,False,False,True,0.0,,0.046,False,0.0,,0.046,False,0.0,,0.046,False
295.158,1458,slm,TOWNSIM_CALIB_0,0,deliberative,FRENAR,5,13.970570835730033,False,-0.2205498069524765,31.281911849975586,-13.342342376708984,,,,-79.84,False,,,"{""telemetry"": 1.0, ""graph"": 155.5}",True,1681.5,False,False,True,0.0,,0.0,False,0.0,,0.0,False,0.0,,0.0,False
295.379,1459,slm,TOWNSIM_CALIB_0,0,deliberative,FRENAR,5,13.936129525125503,False,-0.18800035119056702,31.11909294128418,-13.358595848083496,,,,-79.89,False,,,"{""telemetry"": 1.5, ""graph"": 173.1}",True,1681.5,False,False,True,0.0,,0.037,False,0.0,,0.035,False,0.0,,0.037,False
295.563,1460,slm,TOWNSIM_CALIB_0,0,deliberative,FRENAR,5,13.909455352023024,False,-0.16637253761291504,31.01095199584961,-13.368192672729492,,,,-79.9,False,,,"{""telemetry"": 1.0, ""graph"": 142.5}",True,1681.5,False,False,True,0.0,,0.0,False,0.0,,0.0,False,0.0,,0.0,False
295.778,1461,slm,TOWNSIM_CALIB_0,0,deliberative,FRENAR,5,13.889396533079235,False,-0.14776544272899628,30.917930603027344,-13.374494552612305,,,,-79.91,False,,,"{""telemetry"": 1.0, ""graph"": 156.0}",True,1681.5,False,False,True,0.0,,0.0,False,0.0,,0.0,False,0.0,,0.0,False
295.989,1462,slm,TOWNSIM_CALIB_0,0,deliberative,FRENAR,5,13.87317105163196,False,-0.1339549869298935,30.848905563354492,-13.377628326416016,,,,-79.92,False,,,"{""telemetry"": 1.0, ""graph"": 164.2}",True,1681.5,False,False,True,0.0,,0.0,False,0.0,,0.0,False,0.0,,0.0,False
296.157,1463,slm,TOWNSIM_CALIB_0,0,deliberative,FRENAR,5,13.860188493854098,False,-0.12541945278644562,30.806251525878906,-13.3787841796875,,,,-79.92,False,,,"{""telemetry"": 1.0, ""graph"": 131.5}",True,1681.5,False,False,True,0.0,,0.0,False,0.0,,0.0,False,0.0,,0.0,False
296.374,1464,slm,TOWNSIM_CALIB_0,0,deliberative,MANTENER_RUMBO,5,13.850056817729847,False,-0.11745831370353699,30.766468048095703,-13.379236221313477,,,,-79.92,False,,,"{""telemetry"": 1.5, ""graph"": 146.6}",True,1712.5,False,False,True,0.0,,0.0,False,0.0,,0.0,False,0.0,,0.0,False
296.573,1465,slm,TOWNSIM_CALIB_0,0,reactive,MANTENER_RUMBO,5,13.842074689176311,False,-0.11181676387786865,30.738248825073242,-13.373139381408691,,,,-79.93,False,,,"{""telemetry"": 1.0, ""graph"": 144.0}",False,,,,,0.0,,0.0,False,0.0,,0.0,False,0.0,,0.0,False
296.803,1466,slm,TOWNSIM_CALIB_0,0,deliberative,FRENAR,5,13.775984224677599,False,-0.10113749653100967,30.680984497070312,-13.291133880615234,,,,-80.25,False,,,"{""telemetry"": 1.0, ""graph"": 172.0}",True,1712.5,False,False,True,0.111,0.41,0.178,False,0.098,0.11,0.178,False,0.099,0.36,0.178,False
296.981,1467,slm,TOWNSIM_CALIB_0,0,deliberative,FRENAR,5,13.677825328673627,False,-0.07325287908315659,30.5261173248291,-13.223418235778809,,,,-80.73,False,,,"{""telemetry"": 1.0, ""graph"": 149.1}",True,1712.5,False,False,True,0.0,,0.0,False,0.0,,0.0,False,0.0,,0.0,False
297.201,1468,slm,TOWNSIM_CALIB_0,0,deliberative,FRENAR,5,13.576615299888017,False,-0.03475632146000862,30.31110954284668,-13.189350128173828,,,,-81.01,False,,,"{""telemetry"": 1.5, ""graph"": 167.5}",True,1712.5,False,False,True,0.13,0.36,0.299,False,0.161,0.09,0.299,False,0.149,0.31,0.299,False
297.392,1469,slm,TOWNSIM_CALIB_0,0,deliberative,FRENAR,5,13.523493189871202,False,0.0002855591010302305,30.115318298339844,-13.191776275634766,,,,-81.14,False,,,"{""telemetry"": 1.0, ""graph"": 156.8}",True,1712.5,False,False,True,0.0,,0.0,False,0.0,,0.0,False,0.0,,0.0,False
297.605,1470,slm,TOWNSIM_CALIB_0,0,deliberative,FRENAR,5,13.49447087943463,False,0.02774965949356556,29.961902618408203,-13.199378967285156,,,,-81.2,False,,,"{""telemetry"": 1.0, ""graph"": 168.5}",True,1712.5,False,False,True,0.0,,0.093,False,0.0,,0.093,False,0.0,,0.093,False
297.786,1471,slm,TOWNSIM_CALIB_0,0,deliberative,FRENAR,5,13.473148766456378,False,0.04853210598230362,29.84585189819336,-13.203965187072754,,,,-81.22,False,,,"{""telemetry"": 1.0, ""graph"": 148.0}",True,1712.5,False,False,True,0.0,,0.0,False,0.0,,0.0,False,0.0,,0.0,False
297.977,1472,slm,TOWNSIM_CALIB_0,0,deliberative,FRENAR,5,13.455471508730557,False,0.0645243376493454,29.756572723388672,-13.205506324768066,,,,-81.23,False,,,"{""telemetry"": 2.0, ""graph"": 136.0}",True,1712.5,False,False,True,0.0,,0.0,False,0.0,,0.0,False,0.0,,0.0,False
298.205,1473,slm,TOWNSIM_CALIB_0,0,deliberative,FRENAR,5,13.441370031874412,False,0.07818333804607391,29.680335998535156,-13.204901695251465,,,,-81.23,False,,,"{""telemetry"": 1.5, ""graph"": 163.7}",True,1712.5,False,False,True,0.0,,0.0,False,0.0,,0.0,False,0.0,,0.0,False
298.404,1474,slm,TOWNSIM_CALIB_0,0,deliberative,FRENAR,5,13.429360691925254,False,0.08721033483743668,29.62996482849121,-13.203295707702637,,,,-81.23,False,,,"{""telemetry"": 1.0, ""graph"": 161.0}",True,1712.5,False,False,True,0.0,,0.0,False,0.0,,0.0,False,0.0,,0.0,False
298.606,1475,slm,TOWNSIM_CALIB_0,0,deliberative,MANTENER_RUMBO,5,13.419734104207908,False,0.09401676058769226,29.59198570251465,-13.20130443572998,,,,-81.23,False,,,"{""telemetry"": 1.5, ""graph"": 161.1}",True,1706.4,False,False,True,0.0,,0.0,False,0.0,,0.0,False,0.0,,0.0,False
298.797,1476,slm,TOWNSIM_CALIB_0,0,reactive,MANTENER_RUMBO,5,13.411869311836947,False,0.09919270873069763,29.563081741333008,-13.194207191467285,,,,-81.25,False,,,"{""telemetry"": 1.0, ""graph"": 152.0}",False,,,,,0.0,,0.0,False,0.0,,0.0,False,0.0,,0.0,False
299.028,1477,slm,TOWNSIM_CALIB_0,0,deliberative,FRENAR,5,13.350717834532896,False,0.10830267518758774,29.50765037536621,-13.122614860534668,,,,-81.58,False,,,"{""telemetry"": 1.5, ""graph"": 179.9}",True,1706.4,False,False,True,0.103,0.41,0.337,False,0.131,0.12,0.337,False,0.12,0.37,0.337,False
299.197,1478,slm,TOWNSIM_CALIB_0,0,deliberative,FRENAR,5,13.275149709903255,False,0.13232965767383575,29.354475021362305,-13.066792488098145,,,,-82.12,False,,,"{""telemetry"": 0.5, ""graph"": 149.1}",True,1706.4,False,False,True,0.0,,0.0,False,0.0,,0.0,False,0.0,,0.0,False
299.419,1479,slm,TOWNSIM_CALIB_0,0,deliberative,FRENAR,5,13.201257323349667,False,0.1652725785970688,29.142818450927734,-13.042564392089844,,,,-82.44,False,,,"{""telemetry"": 2.0, ""graph"": 168.0}",True,1706.4,False,False,True,0.127,0.45,0.33,False,0.184,0.13,0.33,False,0.203,0.41,0.33,False
299.611,1480,slm,TOWNSIM_CALIB_0,0,deliberative,FRENAR,5,13.174444278864694,False,0.19590948522090912,28.94584846496582,-13.052996635437012,,,,-82.59,False,,,"{""telemetry"": 1.0, ""graph"": 159.9}",True,1706.4,False,False,True,0.0,,0.0,False,0.0,,0.0,False,0.0,,0.0,False
299.803,1481,slm,TOWNSIM_CALIB_0,0,deliberative,FRENAR,5,13.167085000586338,False,0.2193337082862854,28.7952880859375,-13.066915512084961,,,,-82.65,False,,,"{""telemetry"": 1.0, ""graph"": 150.0}",True,1706.4,False,False,True,0.0,,0.0,False,0.0,,0.0,False,0.0,,0.0,False
300.025,1482,slm,TOWNSIM_CALIB_0,0,deliberative,FRENAR,5,13.163334272172838,False,0.23993533849716187,28.662927627563477,-13.078042984008789,,,,-82.67,False,,,"{""telemetry"": 1.0, ""graph"": 170.8}",True,1706.4,False,False,True,0.0,,0.0,False,0.0,,0.0,False,0.0,,0.0,False
300.214,1483,slm,TOWNSIM_CALIB_0,0,deliberative,FRENAR,5,13.159606914492032,False,0.25374776124954224,28.57421112060547,-13.083582878112793,,,,-82.68,False,,,"{""telemetry"": 1.0, ""graph"": 157.9}",True,1706.4,False,False,True,0.0,,0.0,False,0.0,,0.0,False,0.0,,0.0,False
300.414,1484,slm,TOWNSIM_CALIB_0,0,deliberative,FRENAR,5,13.155601396608363,False,0.2642287313938141,28.506908416748047,-13.086368560791016,,,,-82.69,False,,,"{""telemetry"": 1.5, ""graph"": 155.6}",True,1706.4,False,False,True,0.0,,0.0,False,0.0,,0.0,False,0.0,,0.0,False
300.629,1485,slm,TOWNSIM_CALIB_0,0,deliberative,FRENAR,5,13.151715024501568,False,0.27287372946739197,28.451417922973633,-13.087560653686523,,,,-82.69,False,,,"{""telemetry"": 1.0, ""graph"": 168.5}",True,1706.4,False,False,True,0.0,,0.0,False,0.0,,0.0,False,0.0,,0.0,False
300.827,1486,slm,TOWNSIM_CALIB_0,0,deliberative,MANTENER_RUMBO,5,13.14819544430874,False,0.27850833535194397,28.415252685546875,-13.087701797485352,,,,-82.69,False,,,"{""telemetry"": 1.0, ""graph"": 164.5}",True,1765.4,False,False,True,0.0,,0.0,False,0.0,,0.0,False,0.0,,0.0,False
301.014,1487,slm,TOWNSIM_CALIB_0,0,reactive,MANTENER_RUMBO,5,13.14513312219156,False,0.28295350074768066,28.386680603027344,-13.081657409667969,,,,-82.73,False,,,"{""telemetry"": 1.0, ""graph"": 150.0}",False,,,,,0.0,,0.0,False,0.0,,0.0,False,0.0,,0.0,False
301.264,1488,slm,TOWNSIM_CALIB_0,0,deliberative,FRENAR,5,13.084940467091426,False,0.2919815480709076,28.321468353271484,-12.99970531463623,,,,-83.42,False,,,"{""telemetry"": 1.5, ""graph"": 199.1}",True,1765.4,False,False,True,0.095,0.45,0.163,False,0.115,0.13,0.163,False,0.121,0.41,0.163,False
301.448,1489,slm,TOWNSIM_CALIB_0,0,deliberative,FRENAR,5,13.0099181157594,False,0.31463536620140076,28.14823341369629,-12.934264183044434,,,,-84.45,False,,,"{""telemetry"": 1.5, ""graph"": 179.3}",True,1765.4,False,False,True,0.0,,0.0,False,0.0,,0.0,False,0.0,,0.0,False
301.65,1490,slm,TOWNSIM_CALIB_0,0,deliberative,FRENAR,5,12.950810113297546,False,0.3378286361694336,27.969511032104492,-12.918585777282715,,,,-84.91,False,,,"{""telemetry"": 1.5, ""graph"": 164.4}",True,1765.4,False,False,True,0.121,0.37,0.199,False,0.183,0.13,0.199,False,0.209,0.35,0.199,False
301.849,1491,slm,TOWNSIM_CALIB_0,0,deliberative,FRENAR,5,12.945154832989713,False,0.364990234375,27.760318756103516,-12.930951118469238,,,,-85.19,False,,,"{""telemetry"": 1.0, ""graph"": 164.0}",True,1765.4,False,False,True,0.0,,0.0,False,0.0,,0.0,False,0.0,,0.0,False
302.07,1492,slm,TOWNSIM_CALIB_0,0,deliberative,FRENAR,5,12.953813240001187,False,0.3838317394256592,27.61536979675293,-12.94473934173584,,,,-85.29,False,,,"{""telemetry"": 1.0, ""graph"": 182.6}",True,1765.4,False,False,True,0.0,,0.079,False,0.0,,0.079,False,0.0,,0.079,False
302.262,1493,slm,TOWNSIM_CALIB_0,0,deliberative,FRENAR,5,12.962027193109499,False,0.40056276321411133,27.486801147460938,-12.955628395080566,,,,-85.34,False,,,"{""telemetry"": 1.0, ""graph"": 173.5}",True,1765.4,False,False,True,0.0,,0.0,False,0.0,,0.0,False,0.0,,0.0,False
302.47,1494,slm,TOWNSIM_CALIB_0,0,deliberative,FRENAR,5,12.967483992506796,False,0.4120332598686218,27.398723602294922,-12.961151123046875,,,,-85.36,False,,,"{""telemetry"": 1.5, ""graph"": 179.9}",True,1765.4,False,False,True,0.0,,0.0,False,0.0,,0.0,False,0.0,,0.0,False
302.654,1495,slm,TOWNSIM_CALIB_0,0,deliberative,FRENAR,5,12.970508532676428,False,0.4198485314846039,27.3387508392334,-12.963701248168945,,,,-85.36,False,,,"{""telemetry"": 2.0, ""graph"": 161.0}",True,1765.4,False,False,True,0.0,,0.0,False,0.0,,0.0,False,0.0,,0.0,False
302.848,1496,slm,TOWNSIM_CALIB_0,0,deliberative,FRENAR,5,12.971956531374598,False,0.42611080408096313,27.290712356567383,-12.96490478515625,,,,-85.37,False,,,"{""telemetry"": 1.5, ""graph"": 155.0}",True,1765.4,False,False,True,0.0,,0.0,False,0.0,,0.0,False,0.0,,0.0,False
303.073,1497,slm,TOWNSIM_CALIB_0,0,deliberative,MANTENER_RUMBO,5,12.972467064424638,False,0.4314800798892975,27.24953842163086,-12.965239524841309,,,,-85.37,False,,,"{""telemetry"": 1.0, ""graph"": 178.5}",True,1725.3,False,False,True,0.0,,0.0,False,0.0,,0.0,False,0.0,,0.0,False
303.288,1498,slm,TOWNSIM_CALIB_0,0,reactive,MANTENER_RUMBO,5,12.972455637908253,False,0.43499472737312317,27.222579956054688,-12.951030731201172,,,,-85.66,False,,,"{""telemetry"": 1.0, ""graph"": 192.0}",False,,,,,0.0,,0.001,False,0.0,,0.001,False,0.0,,0.001,False
303.405,1499,slm,TOWNSIM_CALIB_0,0,reactive,MANTENER_RUMBO,5,12.889700460652259,False,0.4379692077636719,27.199283599853516,-12.814132690429688,,,,-88.25,False,,,"{""telemetry"": 1.0, ""graph"": 106.6}",False,,,,,0.0,,0.0,False,0.0,,0.0,False,0.0,,0.0,False
303.591,1500,slm,TOWNSIM_CALIB_0,0,reactive,MANTENER_RUMBO,5,12.72455302747981,False,0.440411239862442,27.17877960205078,-12.685235023498535,,,,-91.91,False,,,"{""telemetry"": 2.0, ""graph"": 90.3}",False,,,,,0.0,,0.0,False,0.0,,0.0,False,0.0,,0.0,False
303.799,1501,slm,TOWNSIM_CALIB_0,0,reactive,MANTENER_RUMBO,5,12.685561673170675,False,0.4424695074558258,27.16022300720215,-12.681153297424316,,,,-96.88,False,,,"{""telemetry"": 1.9, ""graph"": 97.0}",False,,,,,0.0,,0.0,False,0.0,,0.0,False,0.0,,0.0,False
304.014,1502,slm,TOWNSIM_CALIB_0,0,reactive,MANTENER_RUMBO,5,12.69487919043598,False,0.4439338743686676,27.145727157592773,-12.690790176391602,,,,-102.8,False,,,"{""telemetry"": 1.6, ""graph"": 110.6}",False,,,,,0.0,,0.0,False,0.0,,0.0,False,0.0,,0.0,False
304.222,1503,slm,TOWNSIM_CALIB_0,0,reactive,MANTENER_RUMBO,5,12.702613289533106,False,0.44461873173713684,27.135263442993164,-12.697427749633789,,,,-108.83,False,,,"{""telemetry"": 0.5, ""graph"": 118.0}",False,,,,,0.0,,0.0,False,0.0,,0.0,False,0.0,,0.0,False
304.419,1504,slm,TOWNSIM_CALIB_0,0,reactive,MANTENER_RUMBO,5,12.708008172507437,False,0.44441142678260803,27.12772560119629,-12.700339317321777,,,,-114.53,False,,,"{""telemetry"": 1.0, ""graph"": 112.6}",False,,,,,0.0,,0.0,False,0.0,,0.0,False,0.0,,0.0,False
304.604,1505,slm,TOWNSIM_CALIB_0,0,reactive,MANTENER_RUMBO,5,12.707719648626398,False,0.4437424838542938,27.122522354125977,-12.699302673339844,,,,-119.4,False,,,"{""telemetry"": 2.0, ""graph"": 94.0}",False,,,,,0.0,,0.0,False,0.0,,0.0,False,0.0,,0.0,False
304.815,1506,slm,TOWNSIM_CALIB_0,0,reactive,MANTENER_RUMBO,5,12.706529696789595,False,0.4428752362728119,27.11804962158203,-12.698192596435547,,,,-124.35,False,,,"{""telemetry"": 1.0, ""graph"": 89.5}",False,,,,,0.0,,0.0,False,0.0,,0.0,False,0.0,,0.0,False
305.035,1507,slm,TOWNSIM_CALIB_0,0,reactive,MANTENER_RUMBO,5,12.705541350894029,False,0.4420902132987976,27.114788055419922,-12.697158813476562,,,,-128.78,False,,,"{""telemetry"": 1.0, ""graph"": 108.0}",False,,,,,0.0,,0.0,False,0.0,,0.0,False,0.0,,0.0,False
305.224,1508,slm,TOWNSIM_CALIB_0,0,reactive,MANTENER_RUMBO,5,12.70463470726148,False,0.44151008129119873,27.112674713134766,-12.696331024169922,,,,-132.64,False,,,"{""telemetry"": 0.5, ""graph"": 96.0}",False,,,,,0.0,,0.0,False,0.0,,0.0,False,0.0,,0.0,False
305.443,1509,slm,TOWNSIM_CALIB_0,0,reactive,MANTENER_RUMBO,5,12.703790900680557,False,0.4409830570220947,27.110944747924805,-12.69544792175293,,,,-136.7,False,,,"{""telemetry"": 1.0, ""graph"": 112.9}",False,,,,,0.0,,0.0,False,0.0,,0.0,False,0.0,,0.0,False
305.634,1510,slm,TOWNSIM_CALIB_0,0,reactive,MANTENER_RUMBO,5,12.703005733088732,False,0.4406174421310425,27.109853744506836,-12.694743156433105,,,,-140.13,False,,,"{""telemetry"": 1.0, ""graph"": 103.0}",False,,,,,0.0,,0.0,False,0.0,,0.0,False,0.0,,0.0,False
305.832,1511,slm,TOWNSIM_CALIB_0,0,reactive,MANTENER_RUMBO,5,12.702274685456203,False,0.4403175413608551,27.109024047851562,-12.694034576416016,,,,-143.43,False,,,"{""telemetry"": 1.5, ""graph"": 98.5}",False,,,,,0.0,,0.0,False,0.0,,0.0,False,0.0,,0.0,False
306.048,1512,slm,TOWNSIM_CALIB_0,0,reactive,MANTENER_RUMBO,5,12.7015614121879,False,0.4400606155395508,27.108369827270508,-12.693288803100586,,,,-146.75,False,,,"{""telemetry"": 1.0, ""graph"": 112.0}",False,,,,,0.0,,0.0,False,0.0,,0.0,False,0.0,,0.0,False
306.236,1513,slm,TOWNSIM_CALIB_0,0,reactive,MANTENER_RUMBO,5,12.70089274827094,False,0.439888060092926,27.10795783996582,-12.692665100097656,,,,-149.49,False,,,"{""telemetry"": 1.0, ""graph"": 99.5}",False,,,,,0.0,,0.0,False,0.0,,0.0,False,0.0,,0.0,False
306.463,1514,slm,TOWNSIM_CALIB_0,0,reactive,MANTENER_RUMBO,5,12.700236141629722,False,0.4393826127052307,27.107406616210938,-12.671857833862305,,,,-152.46,False,,,"{""telemetry"": 1.0, ""graph"": 124.6}",False,,,,,0.0,,0.0,False,0.0,,0.0,False,0.0,,0.0,False
306.659,1515,slm,TOWNSIM_CALIB_0,0,reactive,MANTENER_RUMBO,5,12.61457016143327,False,0.42766261100769043,27.100854873657227,-12.537389755249023,,,,-155.04,False,,,"{""telemetry"": 1.0, ""graph"": 119.0}",False,,,,,0.0,,0.0,False,0.0,,0.0,False,0.0,,0.0,False
306.853,1516,slm,TOWNSIM_CALIB_0,0,reactive,MANTENER_RUMBO,5,12.46857800598286,False,0.3772946894168854,27.074607849121094,-12.406941413879395,,,,-157.64,False,,,"{""telemetry"": 1.0, ""graph"": 111.1}",False,,,,,0.0,,0.0,False,0.0,,0.0,False,0.0,,0.0,False
307.038,1517,slm,TOWNSIM_CALIB_0,0,reactive,MANTENER_RUMBO,5,12.338854810139287,False,0.2850586473941803,27.029325485229492,-12.287367820739746,,,,-160.02,False,,,"{""telemetry"": 1.0, ""graph"": 94.5}",False,,,,,0.0,,0.0,False,0.0,,0.0,False,0.0,,0.0,False
307.26,1518,slm,TOWNSIM_CALIB_0,0,reactive,MANTENER_RUMBO,5,12.205768613238284,False,0.12186295539140701,26.954761505126953,-12.140729904174805,,,,-162.83,False,,,"{""telemetry"": 1.0, ""graph"": 115.1}",False,,,,,0.0,,0.0,False,0.0,,0.0,False,0.0,,0.0,False
307.445,1519,slm,TOWNSIM_CALIB_0,0,reactive,MANTENER_RUMBO,5,12.06858447339841,False,-0.07135885953903198,26.871843338012695,-12.003741264343262,,,,-165.34,False,,,"{""telemetry"": 1.0, ""graph"": 98.9}",False,,,,,0.0,,0.0,False,0.0,,0.0,False,0.0,,0.0,False
307.675,1520,slm,TOWNSIM_CALIB_0,0,reactive,MANTENER_RUMBO,5,11.910198158293289,False,-0.3301334083080292,26.766002655029297,-11.821610450744629,,,,-168.72,False,,,"{""telemetry"": 1.0, ""graph"": 127.0}",False,,,,,0.0,,0.0,False,0.0,,0.0,False,0.0,,0.0,False
307.862,1521,slm,TOWNSIM_CALIB_0,0,reactive,MANTENER_RUMBO,5,11.760750593555182,False,-0.5294930338859558,26.68795394897461,-11.668610572814941,,,,-172.5,False,,,"{""telemetry"": 0.5, ""graph"": 113.0}",False,,,,,0.0,,0.0,False,0.0,,0.0,False,0.0,,0.0,False
308.076,1522,slm,TOWNSIM_CALIB_0,0,reactive,MANTENER_RUMBO,5,11.612240242741368,False,-0.7249548435211182,26.61460304260254,-11.507759094238281,,,,-178.03,False,,,"{""telemetry"": 2.0, ""graph"": 123.6}",False,,,,,0.0,,0.0,False,0.0,,0.0,False,0.0,,0.0,False
308.245,1523,slm,TOWNSIM_CALIB_0,0,deliberative,GANAR_ALTURA,5,11.472656523658745,False,-0.8582041263580322,26.566335678100586,-11.371923446655273,,,,176.56,False,,,"{""telemetry"": 1.0, ""graph"": 91.7}",True,1725.3,False,False,True,0.0,,0.0,False,0.0,,0.0,False,0.0,,0.0,False
308.458,1524,slm,TOWNSIM_CALIB_0,0,evasive,GANAR_ALTURA,5,11.329348664949606,False,-0.9900743961334229,26.52019691467285,-11.236482620239258,,,,169.47,False,,,"{""telemetry"": 1.5, ""graph"": 104.0}",False,,,,,0.0,,0.0,False,0.0,,0.0,False,0.0,,0.0,False
308.672,1525,slm,TOWNSIM_CALIB_0,0,evasive,GANAR_ALTURA,5,11.305537303974653,False,-1.0813941955566406,26.489105224609375,-11.242851257324219,,,,161.55,False,,,"{""telemetry"": 1.0, ""graph"": 115.5}",False,,,,,0.0,,0.0,False,0.0,,0.0,False,0.0,,0.0,False
308.856,1526,slm,TOWNSIM_CALIB_0,0,evasive,GANAR_ALTURA,5,11.327631912671038,False,-1.1346540451049805,26.469911575317383,-11.253835678100586,,,,154.1,False,,,"{""telemetry"": 1.0, ""graph"": 99.0}",False,,,,,0.0,,0.0,False,0.0,,0.0,False,0.0,,0.0,False
309.064,1527,slm,TOWNSIM_CALIB_0,0,evasive,GANAR_ALTURA,5,11.342090367295533,False,-1.1706455945968628,26.453140258789062,-11.260791778564453,,,,145.32,False,,,"{""telemetry"": 1.0, ""graph"": 106.0}",False,,,,,0.0,,0.0,False,0.0,,0.0,False,0.0,,0.0,False
309.293,1528,slm,TOWNSIM_CALIB_0,0,evasive,GANAR_ALTURA,5,11.34968788474426,False,-1.1842809915542603,26.437437057495117,-11.264068603515625,,,,135.59,False,,,"{""telemetry"": 1.5, ""graph"": 132.0}",False,,,,,0.0,,0.0,False,0.0,,0.0,False,0.0,,0.0,False
309.458,1529,slm,TOWNSIM_CALIB_0,0,evasive,GANAR_ALTURA,5,11.352743524001355,False,-1.180773377418518,26.425640106201172,-11.265005111694336,,,,128.27,False,,,"{""telemetry"": 1.0, ""graph"": 96.5}",False,,,,,0.0,,0.0,False,0.0,,0.0,False,0.0,,0.0,False
309.667,1530,slm,TOWNSIM_CALIB_0,0,evasive,GANAR_ALTURA,5,11.353290081456253,False,-1.1653106212615967,26.40997314453125,-11.265514373779297,,,,119.22,False,,,"{""telemetry"": 1.0, ""graph"": 103.5}",False,,,,,0.0,,0.0,False,0.0,,0.0,False,0.0,,0.0,False
309.874,1531,slm,TOWNSIM_CALIB_0,0,evasive,GANAR_ALTURA,5,11.352780298276139,False,-1.1426732540130615,26.393108367919922,-11.26594066619873,,,,110.15,False,,,"{""telemetry"": 1.0, ""graph"": 109.5}",False,,,,,0.0,,0.0,False,0.0,,0.0,False,0.0,,0.0,False
310.078,1532,slm,TOWNSIM_CALIB_0,0,reactive,MANTENER_RUMBO,5,11.352054692249116,False,-1.1181997060775757,26.37643051147461,-11.266486167907715,,,,101.33,False,,,"{""telemetry"": 1.0, ""graph"": 111.5}",False,,,,,0.0,,0.0,False,0.0,,0.0,False,0.0,,0.0,False
310.287,1533,slm,TOWNSIM_CALIB_0,0,reactive,MANTENER_RUMBO,5,11.351388816442917,False,-1.094227910041809,26.360458374023438,-11.266667366027832,,,,93.27,False,,,"{""telemetry"": 1.0, ""graph"": 118.6}",False,,,,,0.0,,0.0,False,0.0,,0.0,False,0.0,,0.0,False
310.471,1534,slm,TOWNSIM_CALIB_0,0,reactive,MANTENER_RUMBO,5,11.350040507992308,False,-1.0754579305648804,26.348051071166992,-11.266318321228027,,,,87.63,False,,,"{""telemetry"": 1.0, ""graph"": 101.1}",False,,,,,0.0,,0.0,False,0.0,,0.0,False,0.0,,0.0,False
310.683,1535,slm,TOWNSIM_CALIB_0,0,reactive,MANTENER_RUMBO,5,11.348854971359208,False,-1.0583958625793457,26.336822509765625,-11.265889167785645,,,,82.59,False,,,"{""telemetry"": 1.0, ""graph"": 112.5}",False,,,,,0.0,,0.0,False,0.0,,0.0,False,0.0,,0.0,False
310.874,1536,slm,TOWNSIM_CALIB_0,0,reactive,MANTENER_RUMBO,5,11.347819856788767,False,-1.0466506481170654,26.32908058166504,-11.265442848205566,,,,78.81,False,,,"{""telemetry"": 0.5, ""graph"": 102.0}",False,,,,,0.0,,0.0,False,0.0,,0.0,False,0.0,,0.0,False
311.075,1537,slm,TOWNSIM_CALIB_0,0,reactive,MANTENER_RUMBO,5,11.34688710830243,False,-1.0374581813812256,26.322959899902344,-11.264924049377441,,,,75.55,False,,,"{""telemetry"": 0.5, ""graph"": 101.5}",False,,,,,0.0,,0.0,False,0.0,,0.0,False,0.0,,0.0,False
311.296,1538,slm,TOWNSIM_CALIB_0,0,reactive,MANTENER_RUMBO,5,11.346043434930056,False,-1.0298904180526733,26.31816864013672,-11.249194145202637,,,,72.58,False,,,"{""telemetry"": 1.0, ""graph"": 119.5}",False,,,,,0.0,,0.0,False,0.0,,0.0,False,0.0,,0.0,False
311.494,1539,slm,TOWNSIM_CALIB_0,0,reactive,MANTENER_RUMBO,5,11.26656686491211,False,-1.0201690196990967,26.328184127807617,-11.120616912841797,,,,70.02,False,,,"{""telemetry"": 1.0, ""graph"": 115.5}",False,,,,,0.0,,0.0,False,0.0,,0.0,False,0.0,,0.0,False
311.685,1540,slm,TOWNSIM_CALIB_0,0,reactive,MANTENER_RUMBO,5,11.128948921531105,False,-0.9983614087104797,26.381040573120117,-10.998714447021484,,,,67.72,False,,,"{""telemetry"": 1.0, ""graph"": 105.5}",False,,,,,0.0,,0.0,False,0.0,,0.0,False,0.0,,0.0,False
311.885,1541,slm,TOWNSIM_CALIB_0,0,reactive,MANTENER_RUMBO,5,10.999017464026428,False,-0.956618070602417,26.49114227294922,-10.881345748901367,,,,65.53,False,,,"{""telemetry"": 1.0, ""graph"": 103.5}",False,,,,,0.0,,0.0,False,0.0,,0.0,False,0.0,,0.0,False
312.098,1542,slm,TOWNSIM_CALIB_0,0,reactive,MANTENER_RUMBO,5,10.865100730629367,False,-0.8879739046096802,26.667333602905273,-10.752203941345215,,,,63.4,False,,,"{""telemetry"": 1.0, ""graph"": 114.8}",False,,,,,0.0,,0.0,False,0.0,,0.0,False,0.0,,0.0,False
312.33,1543,slm,TOWNSIM_CALIB_0,0,reactive,MANTENER_RUMBO,5,10.72063918777677,False,-0.7831718921661377,26.920551300048828,-10.596778869628906,,,,61.1,False,,,"{""telemetry"": 1.0, ""graph"": 146.2}",False,,,,,0.0,,0.0,False,0.0,,0.0,False,0.0,,0.0,False
312.551,1544,slm,TOWNSIM_CALIB_0,0,reactive,MANTENER_RUMBO,5,10.56701016335438,False,-0.6838737726211548,27.148487091064453,-10.47614860534668,,,,59.36,False,,,"{""telemetry"": 1.0, ""graph"": 165.1}",False,,,,,0.0,,0.0,False,0.0,,0.0,False,0.0,,0.0,False
312.693,1545,slm,TOWNSIM_CALIB_0,0,reactive,MANTENER_RUMBO,5,10.40654724760349,False,-0.5446155071258545,27.45235252380371,-10.321089744567871,,,,57.18,False,,,"{""telemetry"": 1.0, ""graph"": 106.5}",False,,,,,0.0,,0.0,False,0.0,,0.0,False,0.0,,0.0,False
312.892,1546,slm,TOWNSIM_CALIB_0,0,reactive,MANTENER_RUMBO,5,10.244762861383943,False,-0.38393646478652954,27.781129837036133,-10.1614351272583,,,,54.75,False,,,"{""telemetry"": 1.5, ""graph"": 102.5}",False,,,,,0.0,,0.0,False,0.0,,0.0,False,0.0,,0.0,False
313.09,1547,slm,TOWNSIM_CALIB_0,0,reactive,MANTENER_RUMBO,5,10.096766621706816,False,-0.2216065376996994,28.096725463867188,-10.013331413269043,,,,52.02,False,,,"{""telemetry"": 0.5, ""graph"": 100.0}",False,,,,,0.0,,0.0,False,0.0,,0.0,False,0.0,,0.0,False
313.29,1548,slm,TOWNSIM_CALIB_0,0,reactive,MANTENER_RUMBO,5,9.984945763335244,False,-0.07127543538808823,28.378190994262695,-9.883183479309082,,,,48.57,False,,,"{""telemetry"": 0.5, ""graph"": 100.0}",False,,,,,0.0,,0.0,False,0.0,,0.0,False,0.0,,0.0,False
313.491,1549,slm,TOWNSIM_CALIB_0,0,reactive,MANTENER_RUMBO,5,9.889302082351264,False,0.0603032149374485,28.617372512817383,-9.756301879882812,,,,44.1,False,,,"{""telemetry"": 1.0, ""graph"": 98.4}",False,,,,,0.0,,0.0,False,0.0,,0.0,False,0.0,,0.0,False
313.722,1550,slm,TOWNSIM_CALIB_0,0,reactive,MANTENER_RUMBO,5,9.794258748533911,False,0.17877215147018433,28.827266693115234,-9.60704517364502,,,,38.13,False,,,"{""telemetry"": 1.0, ""graph"": 128.2}",False,,,,,0.0,,0.0,False,0.0,,0.0,False,0.0,,0.0,False
313.893,1551,slm,TOWNSIM_CALIB_0,0,reactive,MANTENER_RUMBO,5,9.685540625402021,False,0.250849187374115,28.952295303344727,-9.487271308898926,,,,32.57,False,,,"{""telemetry"": 0.5, ""graph"": 98.0}",False,,,,,0.0,,0.0,False,0.0,,0.0,False,0.0,,0.0,False
314.103,1552,slm,TOWNSIM_CALIB_0,0,reactive,MANTENER_RUMBO,5,9.656072618551335,False,0.31168004870414734,29.05414390563965,-9.487208366394043,,,,24.98,False,,,"{""telemetry"": 1.0, ""graph"": 105.5}",False,,,,,0.0,,0.0,False,0.0,,0.0,False,0.0,,0.0,False
314.316,1553,slm,TOWNSIM_CALIB_0,0,reactive,MANTENER_RUMBO,5,9.692397788623898,False,0.35739272832870483,29.123992919921875,-9.506153106689453,,,,16.4,False,,,"{""telemetry"": 1.0, ""graph"": 117.5}",False,,,,,0.0,,0.0,False,0.0,,0.0,False,0.0,,0.0,False
314.519,1554,slm,TOWNSIM_CALIB_0,0,reactive,MANTENER_RUMBO,5,9.717009242796856,False,0.38781920075416565,29.161235809326172,-9.516336441040039,,,,7.86,False,,,"{""telemetry"": 2.0, ""graph"": 116.8}",False,,,,,0.0,,0.0,False,0.0,,0.0,False,0.0,,0.0,False
314.706,1555,slm,TOWNSIM_CALIB_0,0,reactive,MANTENER_RUMBO,5,9.729624723453373,False,0.40438127517700195,29.172256469726562,-9.519915580749512,,,,0.3,False,,,"{""telemetry"": 1.0, ""graph"": 89.5}",False,,,,,0.0,,0.0,False,0.0,,0.0,False,0.0,,0.0,False
314.931,1556,slm,TOWNSIM_CALIB_0,0,reactive,MANTENER_RUMBO,5,9.729863636473903,False,0.4142313003540039,29.169198989868164,-9.51852035522461,,,,-7.62,False,,,"{""telemetry"": 1.5, ""graph"": 113.0}",False,,,,,0.0,,0.0,False,0.0,,0.0,False,0.0,,0.0,False
315.111,1557,slm,TOWNSIM_CALIB_0,0,reactive,MANTENER_RUMBO,5,9.727630559021913,False,0.4184843599796295,29.163419723510742,-9.517382621765137,,,,-13.5,False,,,"{""telemetry"": 2.0, ""graph"": 91.0}",False,,,,,0.0,,0.0,False,0.0,,0.0,False,0.0,,0.0,False
315.327,1558,slm,TOWNSIM_CALIB_0,0,reactive,MANTENER_RUMBO,5,9.725332002558986,False,0.42154833674430847,29.15688133239746,-9.516180992126465,,,,-19.79,False,,,"{""telemetry"": 1.0, ""graph"": 106.5}",False,,,,,0.0,,0.0,False,0.0,,0.0,False,0.0,,0.0,False
315.536,1559,slm,TOWNSIM_CALIB_0,0,reactive,MANTENER_RUMBO,5,9.723266137823158,False,0.4235060214996338,29.15167808532715,-9.515140533447266,,,,-25.63,False,,,"{""telemetry"": 1.0, ""graph"": 114.6}",False,,,,,0.0,,0.0,False,0.0,,0.0,False,0.0,,0.0,False
315.719,1560,slm,TOWNSIM_CALIB_0,0,reactive,MANTENER_RUMBO,5,9.721532867882567,False,0.42474502325057983,29.148117065429688,-9.514291763305664,,,,-30.68,False,,,"{""telemetry"": 1.0, ""graph"": 95.0}",False,,,,,0.0,,0.0,False,0.0,,0.0,False,0.0,,0.0,False
315.928,1561,slm,TOWNSIM_CALIB_0,0,reactive,MANTENER_RUMBO,5,9.720074653642584,False,0.42576953768730164,29.145145416259766,-9.513383865356445,,,,-35.83,False,,,"{""telemetry"": 1.5, ""graph"": 102.0}",False,,,,,0.0,,0.0,False,0.0,,0.0,False,0.0,,0.0,False
316.158,1562,slm,TOWNSIM_CALIB_0,0,reactive,MANTENER_RUMBO,5,9.718843821278675,False,0.4265604615211487,29.142913818359375,-9.512492179870605,,,,-40.69,False,,,"{""telemetry"": 1.0, ""graph"": 131.4}",False,,,,,0.0,,0.0,False,0.0,,0.0,False,0.0,,0.0,False
316.326,1563,slm,TOWNSIM_CALIB_0,0,reactive,MANTENER_RUMBO,5,9.717776854927784,False,0.42700985074043274,29.141704559326172,-9.51190185546875,,,,-44.34,False,,,"{""telemetry"": 1.5, ""graph"": 97.5}",False,,,,,0.0,,0.0,False,0.0,,0.0,False,0.0,,0.0,False
316.538,1564,slm,TOWNSIM_CALIB_0,0,deliberative,PERDER_ALTURA,5,9.716878329151408,False,0.42745745182037354,29.14057159423828,-9.511151313781738,,,,-48.71,False,,,"{""telemetry"": 1.0, ""graph"": 108.9}",True,1725.3,False,False,True,0.0,,0.0,False,0.0,,0.0,False,0.0,,0.0,False
316.754,1565,slm,TOWNSIM_CALIB_0,0,evasive,PERDER_ALTURA,5,9.716029057769328,False,0.4279928207397461,29.139507293701172,-9.492910385131836,,,,-52.51,False,,,"{""telemetry"": 1.0, ""graph"": 122.5}",False,,,,,0.0,,0.0,False,0.0,,0.0,False,0.0,,0.0,False
317.005,1566,slm,TOWNSIM_CALIB_0,0,evasive,PERDER_ALTURA,5,9.636149445154155,False,0.43519312143325806,29.13025665283203,-9.348396301269531,,,,-53.33,False,,,"{""telemetry"": 1.5, ""graph"": 171.6}",False,,,,,0.0,,0.0,False,0.0,,0.0,False,0.0,,0.0,False
317.204,1567,slm,TOWNSIM_CALIB_0,0,evasive,PERDER_ALTURA,5,9.461923338808527,False,0.46137797832489014,29.09752082824707,-9.183189392089844,,,,-52.32,False,,,"{""telemetry"": 2.0, ""graph"": 167.9}",False,,,,,0.0,,0.0,False,0.0,,0.0,False,0.0,,0.0,False
317.422,1568,slm,TOWNSIM_CALIB_0,0,evasive,PERDER_ALTURA,5,9.287957321786912,False,0.5076117515563965,29.04000473022461,-9.018733978271484,,,,-51.06,False,,,"{""telemetry"": 1.5, ""graph"": 185.5}",False,,,,,0.002,8.25,0.242,False,0.004,4.46,0.242,False,0.009,11.89,0.242,False
317.615,1569,slm,TOWNSIM_CALIB_0,0,deliberative,FRENAR,5,9.108137849266146,False,0.5718609094619751,28.960214614868164,-8.851790428161621,,,,-50.45,False,,,"{""telemetry"": 1.5, ""graph"": 176.4}",True,1725.3,False,False,True,0.009,5.6,0.208,False,0.007,1.98,0.208,False,0.009,6.38,0.208,False
317.814,1570,slm,TOWNSIM_CALIB_0,0,deliberative,FRENAR,5,8.929341592683201,False,0.6526370048522949,28.859994888305664,-8.68962574005127,,,,-50.53,False,,,"{""telemetry"": 1.0, ""graph"": 174.7}",True,1725.3,False,False,True,0.008,6.12,0.153,False,0.007,2.37,0.153,False,0.01,7.88,0.153,False
318.0,1571,slm,TOWNSIM_CALIB_0,0,deliberative,FRENAR,5,8.837482582724464,False,0.738385796546936,28.753679275512695,-8.664400100708008,,,,-50.66,False,,,"{""telemetry"": 1.0, ""graph"": 159.4}",True,1725.3,False,False,True,0.0,,0.0,False,0.0,,0.0,False,0.0,,0.0,False
318.21,1572,slm,TOWNSIM_CALIB_0,0,deliberative,FRENAR,5,8.832031938572712,False,0.8055225610733032,28.670467376708984,-8.671338081359863,,,,-50.72,False,,,"{""telemetry"": 1.5, ""graph"": 167.0}",True,1725.3,False,False,True,0.0,,0.025,False,0.0,,0.025,False,0.0,,0.025,False
318.431,1573,slm,TOWNSIM_CALIB_0,0,deliberative,FRENAR,5,8.832178939867658,False,0.8676650524139404,28.593448638916016,-8.678523063659668,,,,-50.74,False,,,"{""telemetry"": 1.0, ""graph"": 188.5}",True,1725.3,False,False,True,0.0,,0.0,False,0.0,,0.0,False,0.0,,0.0,False
318.639,1574,slm,TOWNSIM_CALIB_0,0,deliberative,FRENAR,5,8.832532854590905,False,0.9076803922653198,28.543855667114258,-8.682405471801758,,,,-50.75,False,,,"{""telemetry"": 2.0, ""graph"": 192.0}",True,1725.3,False,False,True,0.0,,0.0,False,0.0,,0.0,False,0.0,,0.0,False
318.845,1575,slm,TOWNSIM_CALIB_0,0,deliberative,FRENAR,5,8.832470009765466,False,0.9401183128356934,28.503652572631836,-8.684814453125,,,,-50.76,False,,,"{""telemetry"": 1.0, ""graph"": 198.5}",True,1725.3,False,False,True,0.0,,0.0,False,0.0,,0.0,False,0.0,,0.0,False
319.043,1576,slm,TOWNSIM_CALIB_0,0,deliberative,FRENAR,5,8.832077340192646,False,0.9623324275016785,28.47612762451172,-8.685980796813965,,,,-50.76,False,,,"{""telemetry"": 1.5, ""graph"": 194.2}",True,1725.3,False,False,True,0.0,,0.0,False,0.0,,0.0,False,0.0,,0.0,False
319.279,1577,slm,TOWNSIM_CALIB_0,0,deliberative,FRENAR,5,8.831509530635396,False,0.9793808460235596,28.454998016357422,-8.68653678894043,,,,-50.76,False,,,"{""telemetry"": 1.5, ""graph"": 229.6}",True,1725.3,False,False,True,0.0,,0.001,False,0.0,,0.001,False,0.0,,0.001,False
319.477,1578,slm,TOWNSIM_CALIB_0,0,deliberative,MANTENER_RUMBO,5,8.830764043403168,False,0.9942150115966797,28.436613082885742,-8.686704635620117,,,,-50.76,False,,,"{""telemetry"": 1.5, ""graph"": 193.1}",True,1775.0,False,False,True,0.0,,0.0,False,0.0,,0.0,False,0.0,,0.0,False
319.702,1579,slm,TOWNSIM_CALIB_0,0,reactive,MANTENER_RUMBO,5,8.830097129106015,False,1.004259467124939,28.424165725708008,-8.681168556213379,,,,-51.26,False,,,"{""telemetry"": 1.0, ""graph"": 218.5}",False,,,,,0.0,,0.0,False,0.0,,0.0,False,0.0,,0.0,False
319.82,1580,slm,TOWNSIM_CALIB_0,0,reactive,MANTENER_RUMBO,5,8.816587571350805,False,1.0110610723495483,28.41587257385254,-8.667784690856934,,,,-54.09,False,,,"{""telemetry"": 1.0, ""graph"": 113.5}",False,,,,,0.0,,0.0,False,0.0,,0.0,False,0.0,,0.0,False
320.043,1581,slm,TOWNSIM_CALIB_0,0,reactive,MANTENER_RUMBO,5,8.80574506261708,False,1.0168955326080322,28.409423828125,-8.659850120544434,,,,-58.86,False,,,"{""telemetry"": 1.0, ""graph"": 125.5}",False,,,,,0.0,,0.0,False,0.0,,0.0,False,0.0,,0.0,False
320.245,1582,slm,TOWNSIM_CALIB_0,0,reactive,MANTENER_RUMBO,5,8.801239137264945,False,1.0208935737609863,28.40603256225586,-8.657430648803711,,,,-63.63,False,,,"{""telemetry"": 2.0, ""graph"": 124.4}",False,,,,,0.0,,0.0,False,0.0,,0.0,False,0.0,,0.0,False
320.421,1583,slm,TOWNSIM_CALIB_0,0,reactive,MANTENER_RUMBO,5,8.80018624527811,False,1.0239660739898682,28.4044189453125,-8.654869079589844,,,,-67.99,False,,,"{""telemetry"": 1.0, ""graph"": 100.6}",False,,,,,0.0,,0.0,False,0.0,,0.0,False,0.0,,0.0,False
320.629,1584,slm,TOWNSIM_CALIB_0,0,reactive,MANTENER_RUMBO,5,8.794087908385535,False,1.0268478393554688,28.40359115600586,-8.647769927978516,,,,-72.43,False,,,"{""telemetry"": 1.0, ""graph"": 107.0}",False,,,,,0.0,,0.0,False,0.0,,0.0,False,0.0,,0.0,False
320.838,1585,slm,TOWNSIM_CALIB_0,0,reactive,MANTENER_RUMBO,5,8.78825016086,False,1.029058814048767,28.403221130371094,-8.642047882080078,,,,-76.55,False,,,"{""telemetry"": 1.0, ""graph"": 114.5}",False,,,,,0.0,,0.0,False,0.0,,0.0,False,0.0,,0.0,False
321.014,1586,slm,TOWNSIM_CALIB_0,0,reactive,MANTENER_RUMBO,5,8.783524387041176,False,1.0305085182189941,28.403064727783203,-8.638015747070312,,,,-79.93,False,,,"{""telemetry"": 1.0, ""graph"": 88.9}",False,,,,,0.0,,0.0,False,0.0,,0.0,False,0.0,,0.0,False
321.218,1587,slm,TOWNSIM_CALIB_0,0,reactive,MANTENER_RUMBO,5,8.77957550025907,False,1.03176748752594,28.402936935424805,-8.634089469909668,,,,-83.42,False,,,"{""telemetry"": 1.5, ""graph"": 90.5}",False,,,,,0.0,,0.0,False,0.0,,0.0,False,0.0,,0.0,False
321.43,1588,slm,TOWNSIM_CALIB_0,0,reactive,MANTENER_RUMBO,5,8.776258968790064,False,1.0327461957931519,28.402896881103516,-8.630684852600098,,,,-86.66,False,,,"{""telemetry"": 0.5, ""graph"": 101.6}",False,,,,,0.0,,0.0,False,0.0,,0.0,False,0.0,,0.0,False
321.648,1589,slm,TOWNSIM_CALIB_0,0,reactive,MANTENER_RUMBO,5,8.773490666311917,False,1.0334936380386353,28.402896881103516,-8.627748489379883,,,,-89.66,False,,,"{""telemetry"": 1.0, ""graph"": 118.5}",False,,,,,0.0,,0.0,False,0.0,,0.0,False,0.0,,0.0,False
321.853,1590,slm,TOWNSIM_CALIB_0,0,reactive,MANTENER_RUMBO,5,8.771181331845302,False,1.033996820449829,28.402599334716797,-8.60923957824707,,,,-92.31,False,,,"{""telemetry"": 1.0, ""graph"": 121.3}",False,,,,,0.0,,0.0,False,0.0,,0.0,False,0.0,,0.0,False
322.029,1591,slm,TOWNSIM_CALIB_0,0,reactive,MANTENER_RUMBO,5,8.6888907447481,False,1.0341218709945679,28.39188575744629,-8.493020057678223,,,,-94.66,False,,,"{""telemetry"": 1.0, ""graph"": 96.5}",False,,,,,0.0,,0.0,False,0.0,,0.0,False,0.0,,0.0,False
322.252,1592,slm,TOWNSIM_CALIB_0,0,reactive,MANTENER_RUMBO,5,8.549442891785349,False,1.0319151878356934,28.334123611450195,-8.351785659790039,,,,-97.35,False,,,"{""telemetry"": 1.0, ""graph"": 116.5}",False,,,,,0.0,,0.0,False,0.0,,0.0,False,0.0,,0.0,False
322.473,1593,slm,TOWNSIM_CALIB_0,0,reactive,MANTENER_RUMBO,5,8.416121595433138,False,1.0240217447280884,28.218122482299805,-8.212557792663574,,,,-99.92,False,,,"{""telemetry"": 1.0, ""graph"": 136.6}",False,,,,,0.0,,0.0,False,0.0,,0.0,False,0.0,,0.0,False
322.693,1594,slm,TOWNSIM_CALIB_0,0,reactive,MANTENER_RUMBO,5,8.271728010111001,False,1.011349081993103,28.084598541259766,-8.105000495910645,,,,-101.91,False,,,"{""telemetry"": 1.0, ""graph"": 156.0}",False,,,,,0.0,,0.0,False,0.0,,0.0,False,0.0,,0.0,False
322.847,1595,slm,TOWNSIM_CALIB_0,0,reactive,MANTENER_RUMBO,5,8.119490914967352,False,0.9835977554321289,27.857330322265625,-7.962165832519531,,,,-104.48,False,,,"{""telemetry"": 1.0, ""graph"": 108.0}",False,,,,,0.0,,0.0,False,0.0,,0.0,False,0.0,,0.0,False
323.104,1596,slm,TOWNSIM_CALIB_0,0,reactive,MANTENER_RUMBO,5,7.955674428344837,False,0.9322547912597656,27.511703491210938,-7.780608654022217,,,,-107.6,False,,,"{""telemetry"": 1.0, ""graph"": 163.5}",False,,,,,0.0,,0.0,False,0.0,,0.0,False,0.0,,0.0,False
323.325,1597,slm,TOWNSIM_CALIB_0,0,reactive,MANTENER_RUMBO,5,7.789567753941107,False,0.8945693373680115,27.28095054626465,-7.669300556182861,,,,-109.42,False,,,"{""telemetry"": 0.5, ""graph"": 183.9}",False,,,,,0.0,,0.031,False,0.0,,0.031,False,0.0,,0.031,False
323.459,1598,slm,TOWNSIM_CALIB_0,0,reactive,MANTENER_RUMBO,5,7.622774901577355,False,0.8262733221054077,26.91103172302246,-7.497285842895508,,,,-112.3,False,,,"{""telemetry"": 1.0, ""graph"": 115.4}",False,,,,,0.0,,0.0,False,0.0,,0.0,False,0.0,,0.0,False
323.666,1599,slm,TOWNSIM_CALIB_0,0,reactive,MANTENER_RUMBO,5,7.465492437522245,False,0.744390606880188,26.538066864013672,-7.33156156539917,,,,-115.3,False,,,"{""telemetry"": 1.0, ""graph"": 121.6}",False,,,,,0.0,,0.0,False,0.0,,0.0,False,0.0,,0.0,False
323.855,1600,slm,TOWNSIM_CALIB_0,0,reactive,MANTENER_RUMBO,5,7.330526157098625,False,0.6662164926528931,26.221942901611328,-7.1894965171813965,,,,-118.38,False,,,"{""telemetry"": 1.0, ""graph"": 109.0}",False,,,,,0.0,,0.0,False,0.0,,0.0,False,0.0,,0.0,False
324.055,1601,slm,TOWNSIM_CALIB_0,0,reactive,MANTENER_RUMBO,5,7.225543626889362,False,0.5863381028175354,25.924360275268555,-7.049815654754639,,,,-122.45,False,,,"{""telemetry"": 1.0, ""graph"": 106.5}",False,,,,,0.0,,0.0,False,0.0,,0.0,False,0.0,,0.0,False
324.254,1602,slm,TOWNSIM_CALIB_0,0,reactive,MANTENER_RUMBO,5,7.133247767554532,False,0.5182806253433228,25.685741424560547,-6.917759418487549,,,,-127.22,False,,,"{""telemetry"": 1.0, ""graph"": 104.0}",False,,,,,0.0,,0.0,False,0.0,,0.0,False,0.0,,0.0,False
324.445,1603,slm,TOWNSIM_CALIB_0,0,reactive,MANTENER_RUMBO,5,7.040141779556813,False,0.4609655737876892,25.49365234375,-6.780513763427734,,,,-132.72,False,,,"{""telemetry"": 2.0, ""graph"": 93.6}",False,,,,,0.0,,0.0,False,0.0,,0.0,False,0.0,,0.0,False
324.66,1604,slm,TOWNSIM_CALIB_0,0,reactive,MANTENER_RUMBO,5,6.940777898851346,False,0.41166847944259644,25.3348445892334,-6.656501770019531,,,,-138.97,False,,,"{""telemetry"": 2.0, ""graph"": 105.0}",False,,,,,0.0,,0.0,False,0.0,,0.0,False,0.0,,0.0,False
324.847,1605,slm,TOWNSIM_CALIB_0,0,reactive,MANTENER_RUMBO,5,6.942645431336046,False,0.3792329430580139,25.236309051513672,-6.6631364822387695,,,,-145.32,False,,,"{""telemetry"": 1.0, ""graph"": 92.5}",False,,,,,0.0,,0.0,False,0.0,,0.0,False,0.0,,0.0,False
325.076,1606,slm,TOWNSIM_CALIB_0,0,reactive,MANTENER_RUMBO,5,6.978631173425534,False,0.3484695851802826,25.155363082885742,-6.676388263702393,,,,-153.92,False,,,"{""telemetry"": 1.5, ""graph"": 118.7}",False,,,,,0.0,,0.0,False,0.0,,0.0,False,0.0,,0.0,False
325.279,1607,slm,TOWNSIM_CALIB_0,0,deliberative,GIRAR_90,5,7.001096356073933,False,0.3261305093765259,25.11315155029297,-6.681056022644043,,,,-161.35,False,,,"{""telemetry"": 1.0, ""graph"": 121.1}",True,1775.0,False,False,True,0.0,,0.0,False,0.0,,0.0,False,0.0,,0.0,False
325.472,1608,slm,TOWNSIM_CALIB_0,0,evasive,GIRAR_90,5,13.74442708133877,False,0.30829453468322754,25.089134216308594,-6.677892684936523,,,,-167.96,False,,,"{""telemetry"": 1.0, ""graph"": 113.1}",False,,,,,0.0,,0.0,False,0.0,,0.0,False,0.0,,0.0,False
325.659,1609,slm,TOWNSIM_CALIB_0,0,evasive,GIRAR_90,5,13.755191164711198,False,0.2948550879955292,25.074398040771484,-6.662431716918945,,,,-172.62,False,,,"{""telemetry"": 1.5, ""graph"": 97.6}",False,,,,,0.0,,0.0,False,0.0,,0.0,False,0.0,,0.0,False
325.879,1610,slm,TOWNSIM_CALIB_0,0,evasive,GIRAR_90,5,13.757836670829256,False,0.28267744183540344,25.062597274780273,-6.644335746765137,,,,-176.83,False,,,"{""telemetry"": 1.0, ""graph"": 116.6}",False,,,,,0.0,,0.0,False,0.0,,0.0,False,0.0,,0.0,False
326.073,1611,slm,TOWNSIM_CALIB_0,0,evasive,GIRAR_90,5,13.758399703067463,False,0.2749200761318207,25.05556297302246,-6.631751537322998,,,,-179.99,False,,,"{""telemetry"": 1.5, ""graph"": 109.0}",False,,,,,0.0,,0.0,False,0.0,,0.0,False,0.0,,0.0,False
326.261,1612,slm,TOWNSIM_CALIB_0,0,evasive,GIRAR_90,5,13.758167076485497,False,0.2690792679786682,25.050424575805664,-6.62153959274292,,,,177.07,False,,,"{""telemetry"": 1.0, ""graph"": 95.5}",False,,,,,0.0,,0.0,False,0.0,,0.0,False,0.0,,0.0,False
326.477,1613,slm,TOWNSIM_CALIB_0,0,evasive,GIRAR_90,5,13.757554088970886,False,0.26399457454681396,25.04602813720703,-6.611886024475098,,,,173.75,False,,,"{""telemetry"": 1.0, ""graph"": 110.1}",False,,,,,0.0,,0.0,False,0.0,,0.0,False,0.0,,0.0,False
326.678,1614,slm,TOWNSIM_CALIB_0,0,evasive,GIRAR_90,5,13.756738017888589,False,0.2604959011077881,25.043031692504883,-6.604615688323975,,,,170.71,False,,,"{""telemetry"": 2.5, ""graph"": 107.5}",False,,,,,0.0,,0.0,False,0.0,,0.0,False,0.0,,0.0,False
326.899,1615,slm,TOWNSIM_CALIB_0,0,evasive,GIRAR_90,5,13.755858708418373,False,0.2576497197151184,25.040605545043945,-6.59810733795166,,,,167.36,False,,,"{""telemetry"": 1.5, ""graph"": 128.0}",False,,,,,0.0,,0.0,False,0.0,,0.0,False,0.0,,0.0,False
327.075,1616,slm,TOWNSIM_CALIB_0,0,reactive,MANTENER_RUMBO,5,13.754983474546824,False,0.25600430369377136,25.03921127319336,-6.593970775604248,,,,164.79,False,,,"{""telemetry"": 1.0, ""graph"": 103.0}",False,,,,,0.0,,0.0,False,0.0,,0.0,False,0.0,,0.0,False
327.298,1617,slm,TOWNSIM_CALIB_0,0,reactive,MANTENER_RUMBO,5,13.753747490817387,False,0.2543894648551941,25.037843704223633,-6.58295202255249,,,,161.56,False,,,"{""telemetry"": 1.0, ""graph"": 125.1}",False,,,,,0.0,,0.0,False,0.0,,0.0,False,0.0,,0.0,False
327.481,1618,slm,TOWNSIM_CALIB_0,0,reactive,MANTENER_RUMBO,5,13.747610848299464,False,0.2534056603908539,25.037006378173828,-6.569751262664795,,,,158.18,False,,,"{""telemetry"": 1.0, ""graph"": 106.6}",False,,,,,0.0,,0.0,False,0.0,,0.0,False,0.0,,0.0,False
327.668,1619,slm,TOWNSIM_CALIB_0,0,reactive,MANTENER_RUMBO,5,13.742061252246028,False,0.2526649236679077,25.03636360168457,-6.5587077140808105,,,,154.38,False,,,"{""telemetry"": 1.0, ""graph"": 91.0}",False,,,,,0.0,,0.0,False,0.0,,0.0,False,0.0,,0.0,False
327.88,1620,slm,TOWNSIM_CALIB_0,0,reactive,MANTENER_RUMBO,5,13.737461589383827,False,0.2520645260810852,25.03582763671875,-6.548300743103027,,,,150.22,False,,,"{""telemetry"": 1.0, ""graph"": 101.5}",False,,,,,0.0,,0.0,False,0.0,,0.0,False,0.0,,0.0,False
328.096,1621,slm,TOWNSIM_CALIB_0,0,reactive,MANTENER_RUMBO,5,13.73365045825636,False,0.2516336441040039,25.03542709350586,-6.539690971374512,,,,146.24,False,,,"{""telemetry"": 1.0, ""graph"": 116.6}",False,,,,,0.0,,0.0,False,0.0,,0.0,False,0.0,,0.0,False
328.278,1622,slm,TOWNSIM_CALIB_0,0,reactive,MANTENER_RUMBO,5,13.730551785547558,False,0.251377671957016,25.035198211669922,-6.533976078033447,,,,142.95,False,,,"{""telemetry"": 1.0, ""graph"": 96.5}",False,,,,,0.0,,0.0,False,0.0,,0.0,False,0.0,,0.0,False
328.503,1623,slm,TOWNSIM_CALIB_0,0,reactive,MANTENER_RUMBO,5,13.728019996481379,False,0.2511535882949829,25.034969329833984,-6.528038024902344,,,,139.13,False,,,"{""telemetry"": 1.5, ""graph"": 119.5}",False,,,,,0.0,,0.0,False,0.0,,0.0,False,0.0,,0.0,False
328.675,1624,slm,TOWNSIM_CALIB_0,0,reactive,MANTENER_RUMBO,5,13.725879634321057,False,0.25102880597114563,25.03485870361328,-6.5243072509765625,,,,136.25,False,,,"{""telemetry"": 1.0, ""graph"": 90.2}",False,,,,,0.0,,0.0,False,0.0,,0.0,False,0.0,,0.0,False
328.887,1625,slm,TOWNSIM_CALIB_0,0,reactive,MANTENER_RUMBO,5,13.72412445760208,False,0.25091999769210815,25.034725189208984,-6.520443439483643,,,,133.02,False,,,"{""telemetry"": 1.5, ""graph"": 100.0}",False,,,,,0.0,,0.0,False,0.0,,0.0,False,0.0,,0.0,False
329.106,1626,slm,TOWNSIM_CALIB_0,0,reactive,MANTENER_RUMBO,5,13.722692423650948,False,0.2508411109447479,25.03458595275879,-6.517127513885498,,,,130.03,False,,,"{""telemetry"": 1.0, ""graph"": 119.1}",False,,,,,0.0,,0.0,False,0.0,,0.0,False,0.0,,0.0,False
329.301,1627,slm,TOWNSIM_CALIB_0,0,reactive,MANTENER_RUMBO,5,13.721480825654291,False,0.25064826011657715,25.034717559814453,-6.500749588012695,,,,127.51,False,,,"{""telemetry"": 1.0, ""graph"": 112.0}",False,,,,,0.0,,0.0,False,0.0,,0.0,False,0.0,,0.0,False
329.486,1628,slm,TOWNSIM_CALIB_0,0,reactive,MANTENER_RUMBO,5,13.67957933273177,False,0.2438620626926422,25.043193817138672,-6.382145881652832,,,,125.09,False,,,"{""telemetry"": 1.0, ""graph"": 94.9}",False,,,,,0.0,,0.0,False,0.0,,0.0,False,0.0,,0.0,False
329.701,1629,slm,TOWNSIM_CALIB_0,0,reactive,MANTENER_RUMBO,5,13.592363713625732,False,0.2099115550518036,25.08778190612793,-6.245455741882324,,,,122.49,False,,,"{""telemetry"": 1.5, ""graph"": 107.6}",False,,,,,0.0,,0.0,False,0.0,,0.0,False,0.0,,0.0,False
329.911,1630,slm,TOWNSIM_CALIB_0,0,reactive,MANTENER_RUMBO,5,13.476333476898528,False,0.1446758657693863,25.178056716918945,-6.111593723297119,,,,120.04,False,,,"{""telemetry"": 1.0, ""graph"": 116.5}",False,,,,,0.0,,0.0,False,0.0,,0.0,False,0.0,,0.0,False
330.088,1631,slm,TOWNSIM_CALIB_0,0,reactive,MANTENER_RUMBO,5,13.319319106109257,False,0.064338319003582,25.295455932617188,-5.99988317489624,,,,118.03,False,,,"{""telemetry"": 1.0, ""graph"": 92.5}",False,,,,,0.0,,0.0,False,0.0,,0.0,False,0.0,,0.0,False
330.303,1632,slm,TOWNSIM_CALIB_0,0,reactive,MANTENER_RUMBO,5,13.11885693012376,False,-0.05857587605714798,25.4856014251709,-5.854154109954834,,,,115.62,False,,,"{""telemetry"": 0.5, ""graph"": 106.6}",False,,,,,0.0,,0.0,False,0.0,,0.0,False,0.0,,0.0,False
330.532,1633,slm,TOWNSIM_CALIB_0,0,reactive,MANTENER_RUMBO,5,12.871877052470442,False,-0.21965467929840088,25.74970817565918,-5.698606014251709,,,,113.17,False,,,"{""telemetry"": 1.0, ""graph"": 132.0}",False,,,,,0.0,,0.0,False,0.0,,0.0,False,0.0,,0.0,False
330.756,1634,slm,TOWNSIM_CALIB_0,0,reactive,MANTENER_RUMBO,5,12.584954448680426,False,-0.3466241955757141,25.969026565551758,-5.570679664611816,,,,111.48,False,,,"{""telemetry"": 1.0, ""graph"": 154.5}",False,,,,,0.0,,0.0,False,0.0,,0.0,False,0.0,,0.0,False
330.904,1635,slm,TOWNSIM_CALIB_0,0,reactive,MANTENER_RUMBO,5,12.265464332552375,False,-0.5200765132904053,26.28833770751953,-5.407484531402588,,,,109.28,False,,,"{""telemetry"": 1.5, ""graph"": 101.0}",False,,,,,0.0,,0.0,False,0.0,,0.0,False,0.0,,0.0,False
331.121,1636,slm,TOWNSIM_CALIB_0,0,reactive,MANTENER_RUMBO,5,11.918732449199872,False,-0.7054360508918762,26.656414031982422,-5.241368770599365,,,,107.14,False,,,"{""telemetry"": 1.0, ""graph"": 117.0}",False,,,,,0.0,,0.0,False,0.0,,0.0,False,0.0,,0.0,False
331.399,1637,slm,TOWNSIM_CALIB_0,0,reactive,MANTENER_RUMBO,5,11.530679243098776,False,-0.8787351250648499,27.027788162231445,-5.086337089538574,,,,105.24,False,,,"{""telemetry"": 1.0, ""graph"": 193.7}",False,,,,,0.0,,0.106,False,0.0,,0.106,False,0.0,,0.106,False
331.599,1638,slm,TOWNSIM_CALIB_0,0,reactive,MANTENER_RUMBO,5,11.129826711100932,False,-1.0589253902435303,27.438304901123047,-4.924498081207275,,,,103.33,False,,,"{""telemetry"": 0.5, ""graph"": 192.6}",False,,,,,0.0,,0.137,False,0.0,,0.137,False,0.0,,0.137,False
331.793,1639,slm,TOWNSIM_CALIB_0,0,evasive,EVADIR_DERECHA,5,10.705404063354992,False,-1.2334372997283936,27.86663818359375,-4.766382217407227,,,,101.56,False,,,"{""telemetry"": 0.5, ""graph"": 184.5}",False,,,,,0.027,4.47,0.198,False,0.028,3.78,0.198,False,0.016,2.89,0.198,False
331.992,1640,slm,TOWNSIM_CALIB_0,0,deliberative,FRENAR,5,10.265427118379199,False,-1.3930470943450928,28.294998168945312,-4.613631248474121,,,,99.99,False,,,"{""telemetry"": 1.5, ""graph"": 181.5}",True,1775.0,False,False,True,0.03,3.3,0.224,False,0.031,3.01,0.224,False,0.016,4.18,0.224,False
332.199,1641,slm,TOWNSIM_CALIB_0,0,deliberative,FRENAR,5,9.820803110039666,False,-1.5559946298599243,28.770301818847656,-4.4638142585754395,,,,100.14,False,,,"{""telemetry"": 1.0, ""graph"": 188.0}",True,1775.0,False,False,True,0.012,0.73,0.3,False,0.037,0.24,0.3,False,0.026,0.68,0.3,False
332.366,1642,slm,TOWNSIM_CALIB_0,0,deliberative,FRENAR,5,9.46762153997646,False,-1.6631180047988892,29.10610580444336,-4.486364841461182,,,,100.5,False,,,"{""telemetry"": 1.5, ""graph"": 152.0}",True,1775.0,False,False,True,0.0,,0.0,False,0.0,,0.0,False,0.0,,0.0,False
332.593,1643,slm,TOWNSIM_CALIB_0,0,deliberative,FRENAR,5,9.256420958339923,False,-1.7589523792266846,29.41507339477539,-4.570898532867432,,,,100.78,False,,,"{""telemetry"": 1.0, ""graph"": 178.4}",True,1775.0,False,False,True,0.0,,0.022,False,0.0,,0.022,False,0.0,,0.022,False
332.788,1644,slm,TOWNSIM_CALIB_0,0,deliberative,FRENAR,5,9.100052934716789,False,-1.8320493698120117,29.65287971496582,-4.631464004516602,,,,100.92,False,,,"{""telemetry"": 1.5, ""graph"": 171.4}",True,1775.0,False,False,True,0.0,,0.0,False,0.0,,0.0,False,0.0,,0.0,False
332.972,1645,slm,TOWNSIM_CALIB_0,0,deliberative,FRENAR,5,8.980268986257407,False,-1.8790557384490967,29.806201934814453,-4.664238452911377,,,,100.99,False,,,"{""telemetry"": 1.5, ""graph"": 153.9}",True,1775.0,False,False,True,0.0,,0.0,False,0.0,,0.0,False,0.0,,0.0,False
333.196,1646,slm,TOWNSIM_CALIB_0,0,deliberative,FRENAR,5,8.889946301098819,False,-1.9214330911636353,29.944486618041992,-4.688632011413574,,,,101.03,False,,,"{""telemetry"": 2.0, ""graph"": 176.7}",True,1775.0,False,False,True,0.0,,0.0,False,0.0,,0.0,False,0.0,,0.0,False
333.388,1647,slm,TOWNSIM_CALIB_0,0,deliberative,FRENAR,5,8.819284736650983,False,-1.9494303464889526,30.035810470581055,-4.701892852783203,,,,101.05,False,,,"{""telemetry"": 1.0, ""graph"": 166.9}",True,1775.0,False,False,True,0.0,,0.0,False,0.0,,0.0,False,0.0,,0.0,False
333.576,1648,slm,TOWNSIM_CALIB_0,0,deliberative,FRENAR,5,8.767527708638408,False,-1.9696826934814453,30.101850509643555,-4.7100443840026855,,,,101.06,False,,,"{""telemetry"": 1.0, ""graph"": 153.5}",True,1775.0,False,False,True,0.0,,0.0,False,0.0,,0.0,False,0.0,,0.0,False
333.786,1649,slm,TOWNSIM_CALIB_0,0,deliberative,MANTENER_RUMBO,5,8.727933931459953,False,-1.9866245985031128,30.157072067260742,-4.715928554534912,,,,101.06,False,,,"{""telemetry"": 1.5, ""graph"": 161.5}",True,1772.9,False,False,True,0.0,,0.0,False,0.0,,0.0,False,0.0,,0.0,False
333.997,1650,slm,TOWNSIM_CALIB_0,0,reactive,MANTENER_RUMBO,5,8.698231833790498,False,-1.999849557876587,30.200429916381836,-4.70706033706665,,,,100.96,False,,,"{""telemetry"": 1.0, ""graph"": 172.0}",False,,,,,0.0,,0.0,False,0.0,,0.0,False,0.0,,0.0,False
334.211,1651,slm,TOWNSIM_CALIB_0,0,deliberative,FRENAR,5,8.633632860425973,False,-2.014380693435669,30.258710861206055,-4.625926971435547,,,,100.07,False,,,"{""telemetry"": 0.5, ""graph"": 184.2}",True,1772.9,False,False,True,0.152,0.42,0.267,False,0.161,0.12,0.267,False,0.071,0.37,0.267,False
334.4,1652,slm,TOWNSIM_CALIB_0,0,deliberative,FRENAR,5,8.506053478986031,False,-2.0475809574127197,30.414690017700195,-4.544075012207031,,,,98.51,False,,,"{""telemetry"": 1.0, ""graph"": 171.9}",True,1772.9,False,False,True,0.0,,0.0,False,0.0,,0.0,False,0.0,,0.0,False
334.623,1653,slm,TOWNSIM_CALIB_0,0,deliberative,FRENAR,5,8.343537041478264,False,-2.0854904651641846,30.59971809387207,-4.527647972106934,,,,97.71,False,,,"{""telemetry"": 1.0, ""graph"": 193.1}",True,1772.9,False,False,True,0.0,0.65,0.843,True,0.0,0.43,0.843,True,0.128,0.56,0.843,True
334.787,1654,slm,TOWNSIM_CALIB_0,0,deliberative,FRENAR,5,8.213031849997845,False,-2.119800329208374,30.768220901489258,-4.538171291351318,,,,97.33,False,,,"{""telemetry"": 1.0, ""graph"": 156.1}",True,1772.9,False,False,True,0.0,,0.0,False,0.0,,0.0,False,0.0,,0.0,False
335.01,1655,slm,TOWNSIM_CALIB_0,0,deliberative,FRENAR,5,8.107090420056306,False,-2.1510183811187744,30.921730041503906,-4.553083419799805,,,,97.14,False,,,"{""telemetry"": 1.5, ""graph"": 177.4}",True,1772.9,False,False,True,0.0,,0.057,False,0.0,,0.057,False,0.0,,0.057,False
335.204,1656,slm,TOWNSIM_CALIB_0,0,deliberative,FRENAR,5,8.026966982962653,False,-2.17480731010437,31.03870964050293,-4.5634236335754395,,,,97.07,False,,,"{""telemetry"": 1.5, ""graph"": 168.0}",True,1772.9,False,False,True,0.0,,0.0,False,0.0,,0.0,False,0.0,,0.0,False
335.401,1657,slm,TOWNSIM_CALIB_0,0,deliberative,FRENAR,5,7.966491648758385,False,-2.190816879272461,31.117393493652344,-4.56883430480957,,,,97.04,False,,,"{""telemetry"": 1.0, ""graph"": 165.6}",True,1772.9,False,False,True,0.0,,0.0,False,0.0,,0.0,False,0.0,,0.0,False
335.607,1658,slm,TOWNSIM_CALIB_0,0,deliberative,FRENAR,5,7.919722602574824,False,-2.2042319774627686,31.18330192565918,-4.572068691253662,,,,97.03,False,,,"{""telemetry"": 2.5, ""graph"": 169.0}",True,1772.9,False,False,True,0.0,,0.0,False,0.0,,0.0,False,0.0,,0.0,False
335.792,1659,slm,TOWNSIM_CALIB_0,0,deliberative,FRENAR,5,7.88434513306707,False,-2.2130343914031982,31.22653579711914,-4.573428630828857,,,,97.03,False,,,"{""telemetry"": 1.0, ""graph"": 154.0}",True,1772.9,False,False,True,0.0,,0.0,False,0.0,,0.0,False,0.0,,0.0,False
336.004,1660,slm,TOWNSIM_CALIB_0,0,deliberative,FRENAR,5,7.857657601439716,False,-2.220637798309326,31.26387596130371,-4.574028491973877,,,,97.02,False,,,"{""telemetry"": 1.0, ""graph"": 164.0}",True,1772.9,False,False,True,0.0,,0.0,False,0.0,,0.0,False,0.0,,0.0,False
336.213,1661,slm,TOWNSIM_CALIB_0,0,deliberative,MANTENER_RUMBO,5,7.837553790322955,False,-2.22623872756958,31.29137420654297,-4.5740485191345215,,,,97.02,False,,,"{""telemetry"": 1.5, ""graph"": 170.5}",True,1862.9,False,False,True,0.0,,0.0,False,0.0,,0.0,False,0.0,,0.0,False
336.395,1662,slm,TOWNSIM_CALIB_0,0,reactive,MANTENER_RUMBO,5,7.822607212753745,False,-2.2299506664276123,31.309701919555664,-4.567221164703369,,,,96.96,False,,,"{""telemetry"": 1.0, ""graph"": 151.8}",False,,,,,0.0,,0.0,False,0.0,,0.0,False,0.0,,0.0,False
336.64,1663,slm,TOWNSIM_CALIB_0,0,girar_90,GIRAR_90,5,7.768177043722583,False,-2.2379300594329834,31.363582611083984,-4.475930213928223,,,,95.83,False,,,"{""telemetry"": 0.3, ""graph"": 195.5}",False,,,,,0.026,0.93,0.452,True,0.063,0.64,0.452,True,0.0,0.92,0.452,True
336.824,1664,slm,TOWNSIM_CALIB_0,0,evasive,GIRAR_90,5,7.654346170672365,False,-2.254002332687378,31.487606048583984,-4.407154560089111,,,,94.29,False,,,"{""telemetry"": 1.0, ""graph"": 176.9}",False,,,,,0.0,,0.001,False,0.0,,0.001,False,0.0,,0.001,False
336.952,1665,slm,TOWNSIM_CALIB_0,0,evasive,GIRAR_90,5,7.5023382087024,False,-2.2788567543029785,31.683380126953125,-4.38597297668457,,,,91.44,False,,,"{""telemetry"": 1.0, ""graph"": 103.9}",False,,,,,0.0,,0.0,False,0.0,,0.0,False,0.0,,0.0,False
337.193,1666,slm,TOWNSIM_CALIB_0,0,evasive,GIRAR_90,5,7.379954595552312,False,-2.3044002056121826,31.883689880371094,-4.397692680358887,,,,87.83,False,,,"{""telemetry"": 1.0, ""graph"": 143.0}",False,,,,,0.0,,0.0,False,0.0,,0.0,False,0.0,,0.0,False
337.362,1667,slm,TOWNSIM_CALIB_0,0,evasive,GIRAR_90,5,7.285848386040506,False,-2.3190231323242188,31.997730255126953,-4.407567024230957,,,,85.27,False,,,"{""telemetry"": 1.0, ""graph"": 111.0}",False,,,,,0.0,,0.0,False,0.0,,0.0,False,0.0,,0.0,False
337.555,1668,slm,TOWNSIM_CALIB_0,0,evasive,GIRAR_90,5,7.213703966067957,False,-2.3318870067596436,32.09772872924805,-4.415327548980713,,,,82.45,False,,,"{""telemetry"": 3.0, ""graph"": 100.5}",False,,,,,0.0,,0.0,False,0.0,,0.0,False,0.0,,0.0,False
337.745,1669,slm,TOWNSIM_CALIB_0,0,reactive,MANTENER_RUMBO,5,7.1585874360922706,False,-2.341966152191162,32.17595672607422,-4.420018672943115,,,,79.58,False,,,"{""telemetry"": 1.5, ""graph"": 90.0}",False,,,,,0.0,,0.0,False,0.0,,0.0,False,0.0,,0.0,False
337.944,1670,slm,TOWNSIM_CALIB_0,0,reactive,MANTENER_RUMBO,5,7.1163129793117275,False,-2.349863052368164,32.23783493041992,-4.4116740226745605,,,,77.0,False,,,"{""telemetry"": 1.0, ""graph"": 87.5}",False,,,,,0.0,,0.0,False,0.0,,0.0,False,0.0,,0.0,False
338.161,1671,slm,TOWNSIM_CALIB_0,0,reactive,MANTENER_RUMBO,5,7.0275936683886355,False,-2.3490231037139893,32.325340270996094,-4.3058180809021,,,,74.98,False,,,"{""telemetry"": 1.5, ""graph"": 103.0}",False,,,,,0.0,,0.0,False,0.0,,0.0,False,0.0,,0.0,False
338.433,1672,slm,TOWNSIM_CALIB_0,0,reactive,MANTENER_RUMBO,5,6.872524056762605,False,-2.3272714614868164,32.479312896728516,-4.2214226722717285,,,,73.47,False,,,"{""telemetry"": 1.0, ""graph"": 174.1}",False,,,,,0.0,,0.01,False,0.0,,0.01,False,0.0,,0.01,False
338.646,1673,slm,TOWNSIM_CALIB_0,0,reactive,MANTENER_RUMBO,5,6.658453216700454,False,-2.282536268234253,32.717777252197266,-4.10237455368042,,,,72.08,False,,,"{""telemetry"": 0.5, ""graph"": 185.6}",False,,,,,0.0,,0.004,False,0.0,,0.004,False,0.0,,0.004,False
338.846,1674,slm,TOWNSIM_CALIB_0,0,reactive,MANTENER_RUMBO,5,6.379846653248939,False,-2.208737373352051,33.04481506347656,-3.966430902481079,,,,70.71,False,,,"{""telemetry"": 1.0, ""graph"": 184.0}",False,,,,,0.0,,0.0,False,0.0,,0.0,False,0.0,,0.0,False
339.015,1675,slm,TOWNSIM_CALIB_0,0,reactive,MANTENER_RUMBO,5,6.04460784279899,False,-2.133978843688965,33.34813690185547,-3.8479738235473633,,,,69.68,False,,,"{""telemetry"": 1.0, ""graph"": 151.0}",False,,,,,0.0,,0.0,False,0.0,,0.0,False,0.0,,0.0,False
339.228,1676,slm,TOWNSIM_CALIB_0,0,reactive,MANTENER_RUMBO,5,5.665250963835048,False,-2.024287462234497,33.76052474975586,-3.695250988006592,,,,68.54,False,,,"{""telemetry"": 1.0, ""graph"": 163.5}",False,,,,,0.0,,0.0,False,0.0,,0.0,False,0.0,,0.0,False
339.454,1677,slm,TOWNSIM_CALIB_0,0,reactive,MANTENER_RUMBO,5,5.255017057594022,False,-1.8835359811782837,34.2448616027832,-3.5232419967651367,,,,67.41,False,,,"{""telemetry"": 1.0, ""graph"": 187.1}",False,,,,,0.0,,0.0,False,0.0,,0.0,False,0.0,,0.0,False
339.633,1678,slm,TOWNSIM_CALIB_0,0,reactive,MANTENER_RUMBO,5,4.82685054008254,False,-1.7500921487808228,34.675804138183594,-3.375150442123413,,,,66.5,False,,,"{""telemetry"": 1.0, ""graph"": 165.2}",False,,,,,0.0,,0.0,False,0.0,,0.0,False,0.0,,0.0,False
339.829,1679,slm,TOWNSIM_CALIB_0,0,reactive,MANTENER_RUMBO,5,4.394218207325996,False,-1.5982460975646973,35.14599609375,-3.2178962230682373,,,,65.56,False,,,"{""telemetry"": 1.5, ""graph"": 158.8}",False,,,,,0.0,,0.0,False,0.0,,0.0,False,0.0,,0.0,False
340.063,1680,slm,TOWNSIM_CALIB_0,0,deliberative,FRENAR,5,3.97098806033185,False,-1.4215975999832153,35.67564010620117,-3.0451290607452393,,,,64.54,False,,,"{""telemetry"": 1.5, ""graph"": 191.1}",True,1862.9,False,False,True,0.036,1.57,0.248,False,0.045,0.82,0.248,False,0.039,1.98,0.248,False
340.262,1681,slm,TOWNSIM_CALIB_0,0,deliberative,FRENAR,5,3.5725649589275816,False,-1.2575037479400635,36.146018981933594,-2.8998398780822754,,,,63.42,False,,,"{""telemetry"": 3.5, ""graph"": 187.0}",True,1862.9,False,False,True,0.038,2.46,0.5,True,0.045,2.1,0.5,True,0.036,1.4,0.5,True
340.457,1682,slm,TOWNSIM_CALIB_0,0,deliberative,FRENAR,6,9.750078526707153,False,-1.0728110074996948,36.6464729309082,-2.908367395401001,,,,62.51,False,,,"{""telemetry"": 1.0, ""graph"": 182.8}",True,1862.9,False,False,True,0.0,,0.0,False,0.0,,0.0,False,0.0,,0.0,False
340.65,1683,slm,TOWNSIM_CALIB_0,0,deliberative,FRENAR,6,10.134290148567532,False,-0.9451910853385925,36.98487091064453,-3.013561248779297,,,,62.26,False,,,"{""telemetry"": 1.0, ""graph"": 174.1}",True,1862.9,False,False,True,0.0,,0.0,False,0.0,,0.0,False,0.0,,0.0,False
340.853,1684,slm,TOWNSIM_CALIB_0,0,deliberative,FRENAR,6,10.44269084152465,False,-0.8408525586128235,37.26039123535156,-3.0985357761383057,,,,62.2,False,,,"{""telemetry"": 0.4, ""graph"": 177.0}",True,1862.9,False,False,True,0.0,,0.0,False,0.0,,0.0,False,0.0,,0.0,False
341.04,1685,slm,TOWNSIM_CALIB_0,0,deliberative,FRENAR,6,10.67914561671222,False,-0.7664392590522766,37.456844329833984,-3.150269031524658,,,,62.2,False,,,"{""telemetry"": 1.2, ""graph"": 161.1}",True,1862.9,False,False,True,0.0,,0.0,False,0.0,,0.0,False,0.0,,0.0,False
341.26,1686,slm,TOWNSIM_CALIB_0,0,deliberative,FRENAR,6,10.856961604096174,False,-0.7030311822891235,37.62439727783203,-3.1864752769470215,,,,62.21,False,,,"{""telemetry"": 1.0, ""graph"": 179.0}",True,1862.9,False,False,True,0.0,,0.0,False,0.0,,0.0,False,0.0,,0.0,False
341.456,1687,slm,TOWNSIM_CALIB_0,0,deliberative,FRENAR,6,10.987830988216572,False,-0.6597097516059875,37.739017486572266,-3.2066431045532227,,,,62.22,False,,,"{""telemetry"": 2.0, ""graph"": 173.1}",True,1862.9,False,False,True,0.0,,0.0,False,0.0,,0.0,False,0.0,,0.0,False
341.639,1688,slm,TOWNSIM_CALIB_0,0,deliberative,FRENAR,6,11.086788961102986,False,-0.6288112998008728,37.82084655761719,-3.218700408935547,,,,62.22,False,,,"{""telemetry"": 1.0, ""graph"": 155.4}",True,1862.9,False,False,True,0.0,,0.0,False,0.0,,0.0,False,0.0,,0.0,False
341.862,1689,slm,TOWNSIM_CALIB_0,0,deliberative,MANTENER_RUMBO,6,11.160270760670862,False,-0.6011936664581299,37.89406204223633,-3.2278330326080322,,,,62.23,False,,,"{""telemetry"": 0.5, ""graph"": 177.5}",True,1762.2,False,False,True,0.0,,0.0,False,0.0,,0.0,False,0.0,,0.0,False
342.061,1690,slm,TOWNSIM_CALIB_0,0,reactive,MANTENER_RUMBO,6,11.21488266399138,False,-0.5825055241584778,37.9436149597168,-3.2291696071624756,,,,61.76,False,,,"{""telemetry"": 2.5, ""graph"": 173.1}",False,,,,,0.0,,0.0,False,0.0,,0.0,False,0.0,,0.0,False
342.202,1691,slm,TOWNSIM_CALIB_0,0,reactive,MANTENER_RUMBO,6,11.2518496124722,False,-0.5682494640350342,37.98085021972656,-3.215620756149292,,,,57.29,False,,,"{""telemetry"": 1.5, ""graph"": 112.0}",False,,,,,0.0,,0.0,False,0.0,,0.0,False,0.0,,0.0,False
342.41,1692,slm,TOWNSIM_CALIB_0,0,reactive,MANTENER_RUMBO,6,11.279328783269756,False,-0.5565642714500427,38.008270263671875,-3.2072322368621826,,,,50.06,False,,,"{""telemetry"": 1.0, ""graph"": 104.0}",False,,,,,0.0,,0.0,False,0.0,,0.0,False,0.0,,0.0,False
342.614,1693,slm,TOWNSIM_CALIB_0,0,reactive,MANTENER_RUMBO,6,11.29750880204361,False,-0.5465008020401001,38.02580642700195,-3.2037508487701416,,,,41.79,False,,,"{""telemetry"": 1.5, ""graph"": 106.0}",False,,,,,0.0,,0.0,False,0.0,,0.0,False,0.0,,0.0,False
342.822,1694,slm,TOWNSIM_CALIB_0,0,reactive,MANTENER_RUMBO,6,11.308399158049701,False,-0.5372222661972046,38.034461975097656,-3.203155040740967,,,,33.16,False,,,"{""telemetry"": 1.5, ""graph"": 113.0}",False,,,,,0.0,,0.0,False,0.0,,0.0,False,0.0,,0.0,False
343.027,1695,slm,TOWNSIM_CALIB_0,0,reactive,MANTENER_RUMBO,6,11.311830992172766,False,-0.5284109711647034,38.03505325317383,-3.2013559341430664,,,,24.53,False,,,"{""telemetry"": 1.0, ""graph"": 116.5}",False,,,,,0.0,,0.0,False,0.0,,0.0,False,0.0,,0.0,False
343.209,1696,slm,TOWNSIM_CALIB_0,0,reactive,MANTENER_RUMBO,6,11.30773603526167,False,-0.521920382976532,38.03191375732422,-3.1962051391601562,,,,17.57,False,,,"{""telemetry"": 1.0, ""graph"": 96.5}",False,,,,,0.0,,0.0,False,0.0,,0.0,False,0.0,,0.0,False
343.415,1697,slm,TOWNSIM_CALIB_0,0,reactive,MANTENER_RUMBO,6,11.302173307966267,False,-0.5161521434783936,38.02776336669922,-3.1912596225738525,,,,10.47,False,,,"{""telemetry"": 0.5, ""graph"": 102.5}",False,,,,,0.0,,0.0,False,0.0,,0.0,False,0.0,,0.0,False
343.615,1698,slm,TOWNSIM_CALIB_0,0,reactive,MANTENER_RUMBO,6,11.297091898480751,False,-0.5119847655296326,38.02420425415039,-3.1873059272766113,,,,4.28,False,,,"{""telemetry"": 1.0, ""graph"": 99.5}",False,,,,,0.0,,0.0,False,0.0,,0.0,False,0.0,,0.0,False
343.812,1699,slm,TOWNSIM_CALIB_0,0,reactive,MANTENER_RUMBO,6,11.29289304146097,False,-0.5089735388755798,38.021427154541016,-3.1840620040893555,,,,-1.29,False,,,"{""telemetry"": 0.5, ""graph"": 95.6}",False,,,,,0.0,,0.0,False,0.0,,0.0,False,0.0,,0.0,False
344.015,1700,slm,TOWNSIM_CALIB_0,0,reactive,MANTENER_RUMBO,6,11.289631122709848,False,-0.5066953301429749,38.01923751831055,-3.181215524673462,,,,-6.66,False,,,"{""telemetry"": 1.0, ""graph"": 96.5}",False,,,,,0.0,,0.0,False,0.0,,0.0,False,0.0,,0.0,False
344.22,1701,slm,TOWNSIM_CALIB_0,0,reactive,MANTENER_RUMBO,6,11.287140091964202,False,-0.5050662159919739,38.017642974853516,-3.1788227558135986,,,,-11.64,False,,,"{""telemetry"": 1.0, ""graph"": 100.5}",False,,,,,0.0,,0.0,False,0.0,,0.0,False,0.0,,0.0,False
344.43,1702,slm,TOWNSIM_CALIB_0,0,reactive,MANTENER_RUMBO,6,11.285249234673335,False,-0.5038721561431885,38.01646423339844,-3.1767401695251465,,,,-16.41,False,,,"{""telemetry"": 1.5, ""graph"": 107.5}",False,,,,,0.0,,0.0,False,0.0,,0.0,False,0.0,,0.0,False
344.625,1703,slm,TOWNSIM_CALIB_0,0,reactive,MANTENER_RUMBO,6,11.283822775330533,False,-0.5030860304832458,38.01569366455078,-3.175142765045166,,,,-20.7,False,,,"{""telemetry"": 1.0, ""graph"": 101.5}",False,,,,,0.0,,0.0,False,0.0,,0.0,False,0.0,,0.0,False
344.839,1704,slm,TOWNSIM_CALIB_0,0,reactive,MANTENER_RUMBO,6,11.282729077936104,False,-0.5024577975273132,38.01511001586914,-3.173574209213257,,,,-25.14,False,,,"{""telemetry"": 1.5, ""graph"": 113.0}",False,,,,,0.0,,0.0,False,0.0,,0.0,False,0.0,,0.0,False
345.03,1705,slm,TOWNSIM_CALIB_0,0,reactive,MANTENER_RUMBO,6,11.281835878297674,False,-0.5020484328269958,38.01472091674805,-3.1723616123199463,,,,-28.98,False,,,"{""telemetry"": 1.5, ""graph"": 102.7}",False,,,,,0.0,,0.0,False,0.0,,0.0,False,0.0,,0.0,False
345.241,1706,slm,TOWNSIM_CALIB_0,0,reactive,MANTENER_RUMBO,6,11.281242462263563,False,-0.5017224550247192,38.01445388793945,-3.171159267425537,,,,-32.88,False,,,"{""telemetry"": 1.0, ""graph"": 113.5}",False,,,,,0.0,,0.0,False,0.0,,0.0,False,0.0,,0.0,False
345.44,1707,slm,TOWNSIM_CALIB_0,0,reactive,MANTENER_RUMBO,6,11.280684834081397,False,-0.5015022158622742,38.01420593261719,-3.1701784133911133,,,,-36.33,False,,,"{""telemetry"": 1.0, ""graph"": 110.0}",False,,,,,0.0,,0.0,False,0.0,,0.0,False,0.0,,0.0,False
345.643,1708,slm,TOWNSIM_CALIB_0,0,reactive,MANTENER_RUMBO,6,11.280161352829017,False,-0.5013326406478882,38.01402282714844,-3.1692416667938232,,,,-39.78,False,,,"{""telemetry"": 1.0, ""graph"": 112.5}",False,,,,,0.0,,0.0,False,0.0,,0.0,False,0.0,,0.0,False
345.845,1709,slm,TOWNSIM_CALIB_0,0,reactive,MANTENER_RUMBO,6,11.27987147589187,False,-0.5012097358703613,38.01402282714844,-3.1683948040008545,,,,-42.91,False,,,"{""telemetry"": 0.5, ""graph"": 113.1}",False,,,,,0.0,,0.0,False,0.0,,0.0,False,0.0,,0.0,False
346.025,1710,slm,TOWNSIM_CALIB_0,0,reactive,MANTENER_RUMBO,6,11.279638172344319,False,-0.5010728240013123,38.01395797729492,-3.160343647003174,,,,-45.5,False,,,"{""telemetry"": 1.0, ""graph"": 91.5}",False,,,,,0.0,,0.0,False,0.0,,0.0,False,0.0,,0.0,False
346.233,1711,slm,TOWNSIM_CALIB_0,0,reactive,MANTENER_RUMBO,6,11.255427375271703,False,-0.49324581027030945,38.006202697753906,-3.0492401123046875,,,,-48.24,False,,,"{""telemetry"": 0.5, ""graph"": 97.5}",False,,,,,0.0,,0.0,False,0.0,,0.0,False,0.0,,0.0,False
346.438,1712,slm,TOWNSIM_CALIB_0,0,reactive,MANTENER_RUMBO,6,11.199067740400809,False,-0.46052733063697815,37.97226333618164,-2.9173941612243652,,,,-50.71,False,,,"{""telemetry"": 1.0, ""graph"": 100.7}",False,,,,,0.0,,0.0,False,0.0,,0.0,False,0.0,,0.0,False
346.642,1713,slm,TOWNSIM_CALIB_0,0,reactive,MANTENER_RUMBO,6,11.110959546100853,False,-0.39462167024612427,37.90047073364258,-2.793074369430542,,,,-53.02,False,,,"{""telemetry"": 1.5, ""graph"": 101.5}",False,,,,,0.0,,0.0,False,0.0,,0.0,False,0.0,,0.0,False
346.844,1714,slm,TOWNSIM_CALIB_0,0,reactive,MANTENER_RUMBO,6,10.986070309125116,False,-0.2986592948436737,37.79044723510742,-2.6698081493377686,,,,-55.14,False,,,"{""telemetry"": 1.5, ""graph"": 102.0}",False,,,,,0.0,,0.0,False,0.0,,0.0,False,0.0,,0.0,False
347.064,1715,slm,TOWNSIM_CALIB_0,0,deliberative,FRENAR,6,10.826179061375795,False,-0.1671876162290573,37.63114929199219,-2.522674560546875,,,,-57.48,False,,,"{""telemetry"": 1.0, ""graph"": 121.0}",True,1762.2,False,False,True,0.0,,0.0,False,0.0,,0.0,False,0.0,,0.0,False
347.269,1716,slm,TOWNSIM_CALIB_0,0,deliberative,FRENAR,6,10.61936850358876,False,-0.006120369769632816,37.425376892089844,-2.4001424312591553,,,,-59.69,False,,,"{""telemetry"": 1.0, ""graph"": 125.5}",True,1762.2,False,False,True,0.0,,0.0,False,0.0,,0.0,False,0.0,,0.0,False
347.508,1717,slm,TOWNSIM_CALIB_0,0,deliberative,FRENAR,6,10.402396470312814,False,0.12900833785533905,37.24863815307617,-2.3920271396636963,,,,-60.71,False,,,"{""telemetry"": 1.0, ""graph"": 162.4}",True,1762.2,False,False,True,0.0,,0.0,False,0.0,,0.0,False,0.0,,0.0,False
347.747,1718,slm,TOWNSIM_CALIB_0,0,deliberative,FRENAR,6,10.222044584936494,False,0.29137858748435974,37.03507995605469,-2.4147183895111084,,,,-61.34,False,,,"{""telemetry"": 1.0, ""graph"": 199.2}",True,1762.2,False,False,True,0.0,,0.0,False,0.0,,0.0,False,0.0,,0.0,False
347.933,1719,slm,TOWNSIM_CALIB_0,0,deliberative,FRENAR,6,10.078994828428458,False,0.3709801435470581,36.93023681640625,-2.4270756244659424,,,,-61.49,False,,,"{""telemetry"": 1.0, ""graph"": 183.4}",True,1762.2,False,False,True,0.0,,0.005,False,0.0,,0.005,False,0.0,,0.005,False
348.127,1720,slm,TOWNSIM_CALIB_0,0,deliberative,FRENAR,6,9.965392839959963,False,0.45817485451698303,36.81539535522461,-2.437629461288452,,,,-61.58,False,,,"{""telemetry"": 1.0, ""graph"": 161.6}",True,1762.2,False,False,True,0.0,,0.0,False,0.0,,0.0,False,0.0,,0.0,False
348.345,1721,slm,TOWNSIM_CALIB_0,0,deliberative,FRENAR,6,9.884699289708792,False,0.5209336280822754,36.73275375366211,-2.442180633544922,,,,-61.61,False,,,"{""telemetry"": 1.0, ""graph"": 178.4}",True,1762.2,False,False,True,0.0,,0.0,False,0.0,,0.0,False,0.0,,0.0,False
348.525,1722,slm,TOWNSIM_CALIB_0,0,deliberative,FRENAR,6,9.823863084469266,False,0.5621230602264404,36.67855453491211,-2.4434337615966797,,,,-61.62,False,,,"{""telemetry"": 1.0, ""graph"": 157.1}",True,1762.2,False,False,True,0.0,,0.0,False,0.0,,0.0,False,0.0,,0.0,False
348.738,1723,slm,TOWNSIM_CALIB_0,0,deliberative,FRENAR,6,9.77816039937028,False,0.5970959663391113,36.63254165649414,-2.4432339668273926,,,,-61.62,False,,,"{""telemetry"": 2.5, ""graph"": 166.0}",True,1762.2,False,False,True,0.0,,0.0,False,0.0,,0.0,False,0.0,,0.0,False
348.939,1724,slm,TOWNSIM_CALIB_0,0,deliberative,FRENAR,6,9.743891606017952,False,0.6216092109680176,36.60029602050781,-2.442279815673828,,,,-61.63,False,,,"{""telemetry"": 1.5, ""graph"": 165.5}",True,1762.2,False,False,True,0.0,,0.0,False,0.0,,0.0,False,0.0,,0.0,False
349.135,1725,slm,TOWNSIM_CALIB_0,0,deliberative,FRENAR,6,9.716580541859802,False,0.6402236223220825,36.5758171081543,-2.4410009384155273,,,,-61.63,False,,,"{""telemetry"": 1.0, ""graph"": 146.2}",True,1762.2,False,False,True,0.0,,0.0,False,0.0,,0.0,False,0.0,,0.0,False
349.385,1726,slm,TOWNSIM_CALIB_0,0,deliberative,MANTENER_RUMBO,6,9.696797515046914,False,0.6563644409179688,36.55459213256836,-2.4393773078918457,,,,-61.63,False,,,"{""telemetry"": 1.5, ""graph"": 179.1}",True,2255.0,False,False,True,0.0,,0.0,False,0.0,,0.0,False,0.0,,0.0,False
349.58,1727,slm,TOWNSIM_CALIB_0,0,reactive,MANTENER_RUMBO,6,9.682927946679376,False,0.6662229299545288,36.541481018066406,-2.4271175861358643,,,,-61.74,False,,,"{""telemetry"": 0.5, ""graph"": 173.6}",False,,,,,0.0,,0.0,False,0.0,,0.0,False,0.0,,0.0,False
349.794,1728,slm,TOWNSIM_CALIB_0,0,reactive,MANTENER_RUMBO,6,9.64847720606987,False,0.6937645673751831,36.494876861572266,-2.332324504852295,,,,-63.0,False,,,"{""telemetry"": 1.0, ""graph"": 186.0}",False,,,,,0.0,,0.0,False,0.0,,0.0,False,0.0,,0.0,False
349.963,1729,slm,TOWNSIM_CALIB_0,0,reactive,MANTENER_RUMBO,6,9.551373914664078,False,0.7500828504562378,36.39319610595703,-2.2596654891967773,,,,-64.6,False,,,"{""telemetry"": 2.0, ""graph"": 151.0}",False,,,,,0.0,,0.0,False,0.0,,0.0,False,0.0,,0.0,False
350.118,1730,slm,TOWNSIM_CALIB_0,0,reactive,MANTENER_RUMBO,6,9.38228231829469,False,0.8545096516609192,36.20212936401367,-2.1533641815185547,,,,-66.75,False,,,"{""telemetry"": 1.5, ""graph"": 105.1}",False,,,,,0.0,,0.0,False,0.0,,0.0,False,0.0,,0.0,False
350.372,1731,slm,TOWNSIM_CALIB_0,0,reactive,MANTENER_RUMBO,6,9.149894758129003,False,1.0289057493209839,35.88129806518555,-1.9896184206008911,,,,-69.56,False,,,"{""telemetry"": 0.3, ""graph"": 158.6}",False,,,,,0.0,,0.0,False,0.0,,0.0,False,0.0,,0.0,False
350.576,1732,slm,TOWNSIM_CALIB_0,0,reactive,MANTENER_RUMBO,6,8.87339441638396,False,1.1425665616989136,35.67180633544922,-1.8883755207061768,,,,-71.15,False,,,"{""telemetry"": 1.7, ""graph"": 161.1}",False,,,,,0.0,,0.0,False,0.0,,0.0,False,0.0,,0.0,False
350.726,1733,slm,TOWNSIM_CALIB_0,0,reactive,MANTENER_RUMBO,6,8.563505133713724,False,1.3293931484222412,35.32674026489258,-1.7341150045394897,,,,-73.53,False,,,"{""telemetry"": 1.0, ""graph"": 110.0}",False,,,,,0.0,,0.0,False,0.0,,0.0,False,0.0,,0.0,False
350.984,1734,slm,TOWNSIM_CALIB_0,0,reactive,MANTENER_RUMBO,6,8.227307711494218,False,1.4978265762329102,35.00151062011719,-1.6173937320709229,,,,-75.51,False,,,"{""telemetry"": 1.5, ""graph"": 165.5}",False,,,,,0.0,,0.09,False,0.0,,0.09,False,0.0,,0.09,False
351.14,1735,slm,TOWNSIM_CALIB_0,0,reactive,MANTENER_RUMBO,6,7.869829594326284,False,1.7083746194839478,34.555076599121094,-1.4687142372131348,,,,-77.94,False,,,"{""telemetry"": 1.5, ""graph"": 120.6}",False,,,,,0.0,,0.0,False,0.0,,0.0,False,0.0,,0.0,False
351.348,1736,slm,TOWNSIM_CALIB_0,0,reactive,MANTENER_RUMBO,6,7.494531691284798,False,1.8924123048782349,34.12498474121094,-1.3392889499664307,,,,-80.03,False,,,"{""telemetry"": 2.0, ""graph"": 126.0}",False,,,,,0.0,,0.0,False,0.0,,0.0,False,0.0,,0.0,False
351.58,1737,slm,TOWNSIM_CALIB_0,0,reactive,MANTENER_RUMBO,6,7.1167267241342085,False,2.0361227989196777,33.75554275512695,-1.2364946603775024,,,,-81.6,False,,,"{""telemetry"": 1.0, ""graph"": 156.6}",False,,,,,0.0,,0.0,False,0.0,,0.0,False,0.0,,0.0,False
351.75,1738,slm,TOWNSIM_CALIB_0,0,reactive,MANTENER_RUMBO,6,6.740023987613691,False,2.208065986633301,33.252811431884766,-1.10560941696167,,,,-83.75,False,,,"{""telemetry"": 1.0, ""graph"": 125.6}",False,,,,,0.0,,0.0,False,0.0,,0.0,False,0.0,,0.0,False
352.006,1739,slm,TOWNSIM_CALIB_0,0,reactive,MANTENER_RUMBO,6,6.350191954902634,False,2.338054895401001,32.821598052978516,-1.0053086280822754,,,,-85.52,False,,,"{""telemetry"": 0.5, ""graph"": 180.4}",False,,,,,0.0,,0.0,False,0.0,,0.0,False,0.0,,0.0,False
352.202,1740,slm,TOWNSIM_CALIB_0,0,reactive,MANTENER_RUMBO,6,5.964808768832246,False,2.4486331939697266,32.40751266479492,-0.9209455251693726,,,,-87.02,False,,,"{""telemetry"": 1.5, ""graph"": 174.1}",False,,,,,0.0,,0.017,False,0.0,,0.017,False,0.0,,0.017,False
352.435,1741,slm,TOWNSIM_CALIB_0,0,reactive,MANTENER_RUMBO,6,5.581746697772288,False,2.567049741744995,31.884233474731445,-0.8210906982421875,,,,-88.98,False,,,"{""telemetry"": 1.0, ""graph"": 206.0}",False,,,,,0.0,,0.001,False,0.0,,0.001,False,0.0,,0.001,False
352.619,1742,slm,TOWNSIM_CALIB_0,0,reactive,MANTENER_RUMBO,6,5.187160919414339,False,2.6571621894836426,31.411529541015625,-0.7381852865219116,,,,-90.72,False,,,"{""telemetry"": 1.5, ""graph"": 180.6}",False,,,,,0.0,,0.003,False,0.0,,0.003,False,0.0,,0.003,False
352.825,1743,slm,TOWNSIM_CALIB_0,0,reactive,MANTENER_RUMBO,6,4.804212114173206,False,2.73724102973938,30.896923065185547,-0.6715312004089355,,,,-92.52,False,,,"{""telemetry"": 1.0, ""graph"": 178.1}",False,,,,,0.0,,0.054,False,0.0,,0.054,False,0.0,,0.054,False
353.056,1744,slm,TOWNSIM_CALIB_0,0,deliberative,FRENAR,6,4.435045323738749,False,2.8023831844329834,30.348295211791992,-0.6039491891860962,,,,-94.37,False,,,"{""telemetry"": 1.0, ""graph"": 207.1}",True,2255.0,False,False,True,0.024,1.21,0.16,False,0.098,1.06,0.16,False,0.064,1.18,0.16,False
353.235,1745,slm,TOWNSIM_CALIB_0,0,deliberative,FRENAR,6,4.070023169379163,False,2.8446366786956787,29.876625061035156,-0.5502239465713501,,,,-96.06,False,,,"{""telemetry"": 1.0, ""graph"": 176.8}",True,2255.0,False,False,True,0.0,,0.036,False,0.0,,0.036,False,0.0,,0.036,False
353.479,1746,slm,TOWNSIM_CALIB_0,0,deliberative,FRENAR,6,3.754082591793843,False,2.884812593460083,29.284513473510742,-0.6277843713760376,,,,-97.52,False,,,"{""telemetry"": 1.0, ""graph"": 212.1}",True,2255.0,False,False,True,0.0,,0.0,False,0.0,,0.0,False,0.0,,0.0,False
353.683,1747,slm,TOWNSIM_CALIB_0,0,deliberative,FRENAR,6,3.5374663625748775,False,2.904818058013916,28.956832885742188,-0.7108611464500427,,,,-97.8,False,,,"{""telemetry"": 1.0, ""graph"": 200.6}",True,2255.0,False,False,True,0.0,,0.032,False,0.0,,0.032,False,0.0,,0.032,False
353.915,1748,slm,TOWNSIM_CALIB_0,0,deliberative,FRENAR,7,0.0,False,2.9244232177734375,28.630788803100586,-0.7863470911979675,,,,-97.87,False,,,"{""telemetry"": 1.5, ""graph"": 229.1}",True,2255.0,False,False,True,0.0,,0.002,False,0.0,,0.002,False,0.0,,0.002,False
